payment_id,booking_id,customer_id,payment_attempt_time,payment_method,payment_status,payment_error_code,amount,currency,device,country,route_or_destination
PAY000000001,BKG000000001,106611,2013-11-05 13:52:34,apple_pay,success,NONE,256.26,USD,desktop,205,6210
PAY000000002,BKG000000002,908558,2014-01-28 16:18:36,debit_card,success,NONE,300.58,USD,desktop,66,8287
PAY000000003,BKG000000003,982283,2013-02-21 19:15:44,debit_card,success,NONE,595.79,USD,desktop,66,8808
PAY000000004,BKG000000004,631966,2013-04-02 15:13:46,paypal,success,NONE,451.45,USD,desktop,66,885
PAY000000005,BKG000000005,1161448,2014-09-15 13:29:05,paypal,success,NONE,820.65,USD,desktop,66,11814
PAY000000006,BKG000000006,306971,2014-10-19 20:08:46,credit_card,success,NONE,655.45,USD,desktop,66,8576
PAY000000007,BKG000000007,224309,2014-08-15 22:16:00,apple_pay,success,NONE,181.24,USD,desktop,66,12356
PAY000000008,BKG000000008,524376,2014-04-02 06:42:43,paypal,success,NONE,168.93,USD,mobile,205,49500
PAY000000009,BKG000000009,1104451,2014-08-29 00:10:47,credit_card,success,NONE,138.69,USD,mobile,69,23508
PAY000000010,BKG000000010,609673,2014-12-31 00:31:01,apple_pay,success,NONE,369.32,USD,desktop,66,33651
PAY000000011,BKG000000011,98526,2013-07-24 12:26:12,paypal,failed,PAYMENT_PROVIDER_ERROR,440.64,USD,desktop,205,8262
PAY000000012,BKG000000012,222642,2014-10-24 00:42:01,paypal,success,NONE,207.71,USD,desktop,66,263
PAY000000013,BKG000000013,802195,2013-08-21 10:37:13,bank_transfer,success,NONE,213.04,USD,desktop,19,12225
PAY000000014,BKG000000014,670060,2014-11-17 19:35:04,credit_card,success,NONE,496.36,USD,desktop,32,11853
PAY000000015,BKG000000015,842902,2014-07-10 19:29:32,credit_card,success,NONE,583.74,USD,desktop,62,8285
PAY000000016,BKG000000016,706679,2014-08-25 15:23:49,paypal,success,NONE,473.58,USD,desktop,46,22988
PAY000000017,BKG000000017,915398,2014-06-11 09:36:00,apple_pay,success,NONE,352.63,USD,desktop,205,11629
PAY000000018,BKG000000018,1092947,2013-11-27 11:23:13,paypal,success,NONE,162.61,USD,desktop,66,27140
PAY000000019,BKG000000019,603329,2013-08-09 16:28:47,apple_pay,success,NONE,241.72,USD,desktop,66,17704
PAY000000020,BKG000000020,336008,2013-04-02 00:31:01,google_pay,success,NONE,646.15,USD,desktop,149,19799
PAY000000021,BKG000000021,444741,2014-07-25 00:05:22,credit_card,success,NONE,477.09,USD,desktop,46,12233
PAY000000022,BKG000000022,198148,2014-04-19 19:30:43,credit_card,success,NONE,169.98,USD,desktop,66,20207
PAY000000023,BKG000000023,4964,2013-07-18 02:49:35,debit_card,success,NONE,328.85,EUR,desktop,194,11815
PAY000000024,BKG000000024,732749,2014-12-25 21:58:41,apple_pay,success,NONE,187.46,USD,desktop,66,6692
PAY000000025,BKG000000025,367857,2014-09-17 20:40:34,apple_pay,success,NONE,195.24,USD,desktop,182,8815
PAY000000026,BKG000000026,774974,2014-08-17 21:09:20,bank_transfer,failed,CARD_DECLINED,250.8,USD,desktop,46,21149
PAY000000027,BKG000000027,1072034,2013-03-08 14:57:47,paypal,success,NONE,455.18,USD,desktop,205,53943
PAY000000028,BKG000000028,900643,2014-03-28 12:49:08,credit_card,success,NONE,191.81,USD,desktop,66,26943
PAY000000029,BKG000000029,981328,2013-10-29 21:37:09,apple_pay,success,NONE,1520.95,USD,mobile,66,5405
PAY000000030,BKG000000030,661840,2014-05-25 14:27:50,debit_card,success,NONE,230.31,USD,desktop,66,53943
PAY000000031,BKG000000031,883859,2014-09-21 14:48:58,debit_card,success,NONE,309.94,USD,desktop,66,18663
PAY000000032,BKG000000032,884079,2013-05-13 19:56:09,paypal,failed,INSUFFICIENT_FUNDS,215.85,USD,desktop,66,4103
PAY000000033,BKG000000033,1161841,2014-01-12 13:35:50,paypal,success,NONE,1954.13,EUR,desktop,3,8287
PAY000000034,BKG000000034,190781,2014-07-29 15:55:56,apple_pay,success,NONE,212.17,USD,desktop,66,25658
PAY000000035,BKG000000035,578933,2014-02-10 03:06:14,credit_card,success,NONE,207.97,USD,desktop,215,27967
PAY000000036,BKG000000036,609558,2014-07-25 00:01:22,credit_card,success,NONE,100.76,USD,desktop,66,6035
PAY000000037,BKG000000037,38600,2014-11-25 20:17:06,credit_card,success,NONE,469.32,USD,desktop,66,8267
PAY000000038,BKG000000038,575524,2014-09-19 10:12:08,google_pay,success,NONE,408.94,USD,desktop,66,11998
PAY000000039,BKG000000039,570641,2014-11-26 22:13:35,apple_pay,success,NONE,1144.11,USD,desktop,66,42401
PAY000000040,BKG000000040,121164,2014-08-07 19:48:58,credit_card,success,NONE,164.6,USD,desktop,205,8287
PAY000000041,BKG000000041,274256,2014-11-04 15:50:28,credit_card,success,NONE,115.39,USD,desktop,66,26846
PAY000000042,BKG000000042,274256,2014-11-04 17:50:28,bank_transfer,failed,AUTH_TIMEOUT,91.62,USD,desktop,66,26846
PAY000000043,BKG000000043,1012407,2014-08-08 15:30:51,bank_transfer,success,NONE,942.6,USD,desktop,1,20116
PAY000000044,BKG000000044,604144,2014-04-23 13:33:04,paypal,success,NONE,151.02,USD,desktop,205,4803
PAY000000045,BKG000000045,590867,2014-06-18 12:12:06,credit_card,success,NONE,369.0,USD,desktop,3,20863
PAY000000046,BKG000000046,874844,2013-07-11 17:34:50,credit_card,success,NONE,448.23,USD,desktop,69,23117
PAY000000047,BKG000000047,1069920,2013-09-20 17:57:31,bank_transfer,success,NONE,259.93,USD,desktop,66,17563
PAY000000048,BKG000000048,1104419,2014-04-13 20:18:52,credit_card,success,NONE,611.35,USD,desktop,215,12757
PAY000000049,BKG000000049,489682,2014-10-08 09:12:47,apple_pay,success,NONE,184.79,USD,desktop,66,40859
PAY000000050,BKG000000050,418466,2013-09-25 14:45:25,paypal,success,NONE,163.37,USD,desktop,205,11922
PAY000000051,BKG000000051,250183,2013-02-16 08:51:52,credit_card,success,NONE,249.1,USD,desktop,66,12372
PAY000000052,BKG000000052,28616,2013-03-18 16:15:41,google_pay,failed,INSUFFICIENT_FUNDS,247.83,USD,desktop,66,29211
PAY000000053,BKG000000053,401193,2014-12-16 18:01:57,credit_card,success,NONE,181.68,GBP,desktop,77,20430
PAY000000054,BKG000000054,606599,2014-09-18 11:59:31,credit_card,success,NONE,270.73,USD,desktop,133,12737
PAY000000055,BKG000000055,789214,2014-12-11 07:39:41,debit_card,success,NONE,896.74,USD,desktop,218,8746
PAY000000056,BKG000000056,743575,2014-10-11 11:25:16,credit_card,success,NONE,1533.91,USD,desktop,80,9066
PAY000000057,BKG000000057,999757,2014-08-11 12:35:50,credit_card,failed,3DS_FAILED,312.66,EUR,desktop,167,11815
PAY000000058,BKG000000058,503219,2014-06-02 15:20:35,google_pay,success,NONE,254.95,USD,desktop,66,7635
PAY000000059,BKG000000059,503219,2014-06-02 13:39:35,paypal,success,NONE,224.41,USD,desktop,66,7635
PAY000000060,BKG000000060,967169,2014-10-15 16:00:40,credit_card,success,NONE,221.84,USD,mobile,69,23001
PAY000000061,BKG000000061,1053906,2013-07-29 22:31:09,credit_card,success,NONE,108.1,USD,desktop,66,12603
PAY000000062,BKG000000062,1072891,2014-12-09 14:41:06,apple_pay,success,NONE,391.74,USD,desktop,66,11835
PAY000000063,BKG000000063,1136235,2014-12-01 06:56:17,bank_transfer,success,NONE,223.81,USD,desktop,92,12576
PAY000000064,BKG000000064,574121,2013-03-07 18:43:51,credit_card,success,NONE,200.74,USD,desktop,205,43944
PAY000000065,BKG000000065,272278,2014-10-30 16:56:55,apple_pay,failed,INSUFFICIENT_FUNDS,1373.51,USD,desktop,215,8267
PAY000000066,BKG000000066,60391,2013-06-11 18:26:46,apple_pay,success,NONE,418.14,USD,desktop,205,23196
PAY000000067,BKG000000067,973053,2014-03-29 12:01:04,bank_transfer,success,NONE,211.03,USD,desktop,66,12621
PAY000000068,BKG000000068,1035921,2014-07-29 22:12:14,google_pay,success,NONE,804.56,USD,mobile,66,11353
PAY000000069,BKG000000069,565438,2013-11-05 08:31:25,google_pay,success,NONE,190.8,USD,desktop,205,27256
PAY000000070,BKG000000070,278350,2013-11-28 18:48:08,paypal,success,NONE,437.64,USD,desktop,66,22881
PAY000000071,BKG000000071,1056964,2013-01-29 03:39:26,debit_card,success,NONE,342.22,USD,desktop,66,8287
PAY000000072,BKG000000072,181927,2014-06-04 12:00:52,credit_card,failed,PAYMENT_PROVIDER_ERROR,226.4,USD,desktop,66,8797
PAY000000073,BKG000000073,727982,2014-03-01 23:44:07,bank_transfer,success,NONE,190.52,EUR,desktop,3,40859
PAY000000074,BKG000000074,1012467,2014-07-10 00:00:17,debit_card,success,NONE,147.23,USD,desktop,66,14875
PAY000000075,BKG000000075,830287,2013-12-12 13:19:13,credit_card,success,NONE,617.03,USD,desktop,66,23682
PAY000000076,BKG000000076,1023316,2014-05-16 22:38:30,debit_card,success,NONE,613.96,USD,desktop,66,8278
PAY000000077,BKG000000077,815312,2013-05-14 21:17:34,paypal,success,NONE,443.98,USD,desktop,66,8793
PAY000000078,BKG000000078,898239,2014-03-12 08:11:21,bank_transfer,success,NONE,265.64,USD,desktop,66,8277
PAY000000079,BKG000000079,195042,2013-05-15 15:15:20,credit_card,success,NONE,2300.45,USD,desktop,205,12233
PAY000000080,BKG000000080,1130024,2013-11-03 08:56:12,bank_transfer,success,NONE,327.67,USD,desktop,66,50630
PAY000000081,BKG000000081,4263,2014-01-27 20:24:15,credit_card,success,NONE,145.93,EUR,desktop,3,8803
PAY000000082,BKG000000082,477466,2013-04-12 16:37:22,debit_card,success,NONE,110.43,USD,desktop,134,6938
PAY000000083,BKG000000083,648811,2014-07-12 02:41:41,debit_card,success,NONE,456.62,USD,desktop,215,22117
PAY000000084,BKG000000084,107382,2014-03-17 00:35:04,paypal,success,NONE,547.77,USD,desktop,205,11922
PAY000000085,BKG000000085,565105,2014-06-13 18:35:21,credit_card,success,NONE,2441.66,USD,desktop,66,8647
PAY000000086,BKG000000086,1171343,2013-02-23 02:28:58,paypal,success,NONE,265.96,USD,desktop,66,49149
PAY000000087,BKG000000087,367719,2014-08-12 17:58:32,debit_card,success,NONE,1030.47,USD,desktop,66,8250
PAY000000088,BKG000000088,303276,2013-01-10 10:29:50,credit_card,success,NONE,732.58,USD,desktop,205,11986
PAY000000089,BKG000000089,627959,2014-11-13 10:32:05,credit_card,success,NONE,183.29,USD,desktop,66,12132
PAY000000090,BKG000000090,392027,2014-07-30 08:23:05,paypal,success,NONE,618.13,USD,desktop,66,11352
PAY000000091,BKG000000091,662595,2013-03-12 14:56:39,debit_card,success,NONE,2470.86,USD,desktop,66,8230
PAY000000092,BKG000000092,388616,2014-12-07 05:58:38,credit_card,success,NONE,144.93,EUR,desktop,3,20408
PAY000000093,BKG000000093,981341,2014-02-05 21:35:10,bank_transfer,success,NONE,1427.03,USD,desktop,205,8250
PAY000000094,BKG000000094,242071,2014-07-20 22:11:18,debit_card,success,NONE,285.55,USD,desktop,1,21238
PAY000000095,BKG000000095,418586,2014-04-10 13:44:59,apple_pay,success,NONE,354.02,USD,desktop,66,12004
PAY000000096,BKG000000096,106895,2014-11-24 13:39:27,credit_card,success,NONE,323.03,USD,desktop,66,26227
PAY000000097,BKG000000097,711536,2014-07-08 21:47:20,debit_card,success,NONE,250.96,USD,desktop,66,26403
PAY000000098,BKG000000098,674782,2014-11-06 09:23:06,credit_card,failed,CARD_DECLINED,640.18,USD,desktop,66,8253
PAY000000099,BKG000000099,186715,2014-11-03 10:53:56,debit_card,success,NONE,473.27,USD,desktop,66,11923
PAY000000100,BKG000000100,148549,2013-09-18 20:48:05,paypal,success,NONE,156.96,USD,desktop,66,14937
PAY000000101,BKG000000101,826469,2013-09-05 18:54:33,apple_pay,success,NONE,1315.59,USD,desktop,66,8739
PAY000000102,BKG000000102,337400,2014-10-29 19:21:24,paypal,success,NONE,186.37,USD,mobile,66,33082
PAY000000103,BKG000000103,429317,2013-02-06 13:29:34,credit_card,failed,CARD_DECLINED,130.61,USD,desktop,66,12193
PAY000000104,BKG000000104,639363,2014-06-10 11:26:31,google_pay,success,NONE,193.79,USD,desktop,66,18633
PAY000000105,BKG000000105,1029885,2014-12-29 07:33:38,credit_card,success,NONE,1279.13,USD,mobile,154,375
PAY000000106,BKG000000106,768270,2014-07-10 17:16:44,apple_pay,success,NONE,570.42,USD,desktop,66,19520
PAY000000107,BKG000000107,908851,2013-03-12 00:45:29,credit_card,success,NONE,650.78,USD,desktop,66,8250
PAY000000108,BKG000000108,936546,2014-02-02 21:13:50,credit_card,success,NONE,294.77,USD,desktop,205,27082
PAY000000109,BKG000000109,1114220,2014-04-22 20:35:16,paypal,success,NONE,592.02,USD,desktop,66,8267
PAY000000110,BKG000000110,569192,2013-10-21 01:10:46,credit_card,success,NONE,686.13,USD,desktop,182,30787
PAY000000111,BKG000000111,653211,2014-10-08 11:11:17,credit_card,success,NONE,499.89,USD,desktop,66,25860
PAY000000112,BKG000000112,4755,2014-01-29 22:40:00,credit_card,success,NONE,234.58,USD,desktop,66,11334
PAY000000113,BKG000000113,1035543,2013-07-05 14:10:54,credit_card,failed,PAYMENT_PROVIDER_ERROR,419.46,USD,mobile,66,8250
PAY000000114,BKG000000114,278588,2013-11-14 20:49:51,google_pay,success,NONE,174.55,USD,desktop,1,21722
PAY000000115,BKG000000115,214129,2014-12-31 19:56:27,credit_card,success,NONE,918.77,USD,mobile,68,7635
PAY000000116,BKG000000116,623113,2014-03-21 15:44:08,bank_transfer,success,NONE,382.26,EUR,desktop,119,8220
PAY000000117,BKG000000117,876921,2013-05-02 12:53:14,paypal,failed,CARD_DECLINED,445.32,USD,desktop,66,12206
PAY000000118,BKG000000118,1093834,2014-08-13 03:39:31,debit_card,failed,CARD_DECLINED,768.13,USD,desktop,66,12206
PAY000000119,BKG000000119,615972,2014-07-15 23:58:20,debit_card,success,NONE,416.22,USD,desktop,179,18754
PAY000000120,BKG000000120,895270,2014-09-12 21:15:17,credit_card,success,NONE,892.62,USD,desktop,52,18077
PAY000000121,BKG000000121,890850,2014-03-23 15:32:59,credit_card,success,NONE,514.98,USD,desktop,66,5270
PAY000000122,BKG000000122,930533,2014-12-30 17:23:36,debit_card,success,NONE,712.92,USD,desktop,66,11337
PAY000000123,BKG000000123,1139154,2013-10-26 18:20:39,debit_card,success,NONE,653.29,USD,desktop,66,12235
PAY000000124,BKG000000124,930829,2014-09-21 15:45:27,credit_card,success,NONE,198.59,USD,desktop,215,389
PAY000000125,BKG000000125,331760,2014-10-31 11:51:56,credit_card,success,NONE,224.74,USD,desktop,205,25946
PAY000000126,BKG000000126,558607,2014-08-21 00:33:40,credit_card,success,NONE,135.37,USD,desktop,66,25325
PAY000000127,BKG000000127,1138233,2014-08-29 11:49:56,credit_card,success,NONE,223.5,USD,desktop,178,12225
PAY000000128,BKG000000128,804665,2014-08-24 20:27:19,debit_card,success,NONE,331.72,USD,desktop,66,18488
PAY000000129,BKG000000129,278717,2014-06-02 10:22:26,credit_card,success,NONE,432.76,USD,desktop,66,8216
PAY000000130,BKG000000130,359898,2013-11-04 07:26:27,google_pay,success,NONE,470.09,USD,desktop,66,6292
PAY000000131,BKG000000131,566353,2014-07-26 09:28:36,google_pay,success,NONE,503.58,USD,desktop,205,25935
PAY000000132,BKG000000132,503313,2013-09-06 00:43:32,credit_card,success,NONE,386.97,USD,desktop,104,8864
PAY000000133,BKG000000133,214310,2013-05-30 17:26:58,credit_card,success,NONE,508.95,EUR,desktop,66,8819
PAY000000134,BKG000000134,411048,2014-09-01 12:04:53,credit_card,success,NONE,551.8,USD,desktop,66,8864
PAY000000135,BKG000000135,1112952,2014-04-15 09:42:41,credit_card,success,NONE,916.65,USD,desktop,66,20738
PAY000000136,BKG000000136,356743,2014-01-27 22:33:12,debit_card,failed,CARD_DECLINED,696.12,USD,desktop,46,20839
PAY000000137,BKG000000137,605295,2013-01-12 18:20:13,debit_card,success,NONE,887.45,USD,desktop,66,8291
PAY000000138,BKG000000138,696331,2014-11-26 23:40:49,apple_pay,success,NONE,294.37,USD,desktop,66,468
PAY000000139,BKG000000139,945045,2014-09-16 14:44:51,debit_card,success,NONE,564.17,USD,desktop,66,4454
PAY000000140,BKG000000140,233256,2014-08-03 21:06:41,paypal,success,NONE,130.66,EUR,desktop,3,22683
PAY000000141,BKG000000141,699969,2013-03-19 02:38:37,bank_transfer,success,NONE,365.79,EUR,desktop,3,8745
PAY000000142,BKG000000142,1070555,2014-11-05 18:23:02,apple_pay,success,NONE,173.93,USD,desktop,66,12190
PAY000000143,BKG000000143,32617,2014-09-01 20:55:36,credit_card,success,NONE,245.48,USD,desktop,69,45327
PAY000000144,BKG000000144,105725,2014-08-25 13:05:07,debit_card,success,NONE,2258.87,USD,desktop,66,12227
PAY000000145,BKG000000145,766347,2014-02-18 11:37:34,bank_transfer,success,NONE,146.01,USD,desktop,66,8843
PAY000000146,BKG000000146,253645,2014-10-22 14:56:27,bank_transfer,success,NONE,125.59,EUR,desktop,194,23436
PAY000000147,BKG000000147,965554,2013-08-12 17:32:23,credit_card,success,NONE,980.64,GBP,desktop,195,8213
PAY000000148,BKG000000148,623580,2014-09-05 01:44:35,apple_pay,success,NONE,686.39,USD,desktop,66,12826
PAY000000149,BKG000000149,1176672,2014-08-30 18:09:45,debit_card,success,NONE,744.54,EUR,desktop,3,12598
PAY000000150,BKG000000150,598469,2013-06-25 16:59:24,credit_card,success,NONE,296.46,USD,desktop,205,8811
PAY000000151,BKG000000151,156758,2013-02-24 08:21:39,google_pay,success,NONE,1855.67,USD,desktop,66,45093
PAY000000152,BKG000000152,1078696,2014-11-18 17:44:24,debit_card,success,NONE,91.39,USD,desktop,66,8837
PAY000000153,BKG000000153,556881,2014-01-16 07:28:47,paypal,success,NONE,270.63,USD,desktop,66,12153
PAY000000154,BKG000000154,1052510,2014-10-05 12:54:45,debit_card,success,NONE,968.22,USD,desktop,205,8223
PAY000000155,BKG000000155,805468,2014-11-26 16:07:12,credit_card,success,NONE,917.13,USD,desktop,66,5694
PAY000000156,BKG000000156,540356,2014-10-13 12:25:24,paypal,success,NONE,719.49,USD,desktop,66,27494
PAY000000157,BKG000000157,1052013,2014-09-13 03:29:25,paypal,success,NONE,410.29,USD,desktop,205,25814
PAY000000158,BKG000000158,887627,2013-09-10 04:31:45,debit_card,success,NONE,236.79,USD,desktop,66,23507
PAY000000159,BKG000000159,946036,2014-04-07 01:53:14,credit_card,success,NONE,434.64,USD,desktop,69,12051
PAY000000160,BKG000000160,1070285,2014-05-15 20:04:35,credit_card,success,NONE,698.25,GBP,desktop,195,8256
PAY000000161,BKG000000161,754948,2014-12-16 18:39:51,apple_pay,success,NONE,197.87,USD,desktop,66,8267
PAY000000162,BKG000000162,324898,2013-01-29 16:55:48,paypal,success,NONE,451.81,USD,desktop,205,8250
PAY000000163,BKG000000163,835478,2013-02-01 11:38:20,credit_card,success,NONE,188.26,USD,desktop,66,263
PAY000000164,BKG000000164,889304,2014-05-27 08:54:13,credit_card,success,NONE,2435.57,USD,desktop,66,8810
PAY000000165,BKG000000165,1197187,2013-06-29 13:00:45,google_pay,success,NONE,973.25,EUR,desktop,3,8267
PAY000000166,BKG000000166,1001739,2014-03-31 15:49:46,credit_card,success,NONE,154.88,USD,desktop,205,8288
PAY000000167,BKG000000167,42099,2014-06-21 19:27:18,credit_card,success,NONE,330.82,USD,desktop,66,8262
PAY000000168,BKG000000168,1041578,2014-02-16 16:17:23,credit_card,success,NONE,580.7,USD,desktop,68,8268
PAY000000169,BKG000000169,1174323,2014-06-26 22:31:15,debit_card,success,NONE,154.15,USD,desktop,1,8806
PAY000000170,BKG000000170,913184,2014-08-06 14:27:55,paypal,success,NONE,876.54,USD,desktop,66,45463
PAY000000171,BKG000000171,42693,2013-09-30 09:35:39,credit_card,success,NONE,348.66,USD,desktop,66,8743
PAY000000172,BKG000000172,939084,2014-08-04 20:41:06,credit_card,success,NONE,1013.66,USD,mobile,66,16235
PAY000000173,BKG000000173,296154,2014-01-16 17:38:01,credit_card,success,NONE,109.85,USD,mobile,205,52980
PAY000000174,BKG000000174,1178614,2014-12-09 12:42:34,credit_card,success,NONE,1284.74,USD,desktop,182,11439
PAY000000175,BKG000000175,1099846,2013-10-10 12:52:27,paypal,success,NONE,331.77,USD,desktop,66,26499
PAY000000176,BKG000000176,435754,2013-10-31 15:41:40,apple_pay,success,NONE,130.61,USD,desktop,66,8741
PAY000000177,BKG000000177,19315,2014-03-13 21:15:25,credit_card,success,NONE,492.54,EUR,desktop,3,669
PAY000000178,BKG000000178,66683,2014-02-24 03:19:20,debit_card,success,NONE,389.0,USD,desktop,66,8236
PAY000000179,BKG000000179,1111560,2014-09-18 10:02:10,credit_card,success,NONE,653.5,USD,desktop,66,12747
PAY000000180,BKG000000180,1055929,2013-04-14 13:38:57,debit_card,success,NONE,78.66,USD,desktop,66,12603
PAY000000181,BKG000000181,1180097,2014-08-30 00:50:55,credit_card,success,NONE,225.5,USD,desktop,66,17265
PAY000000182,BKG000000182,388519,2014-04-07 16:01:14,debit_card,success,NONE,156.29,USD,desktop,205,20404
PAY000000183,BKG000000183,959857,2014-10-17 13:44:37,credit_card,success,NONE,274.84,USD,desktop,66,8265
PAY000000184,BKG000000184,148427,2014-06-06 18:05:26,bank_transfer,success,NONE,384.26,USD,mobile,69,8289
PAY000000185,BKG000000185,149412,2013-11-02 10:10:48,credit_card,success,NONE,410.8,USD,desktop,66,8283
PAY000000186,BKG000000186,835229,2014-02-15 12:03:57,debit_card,success,NONE,456.7,USD,desktop,66,8250
PAY000000187,BKG000000187,1175100,2013-01-15 01:43:34,paypal,success,NONE,116.0,USD,desktop,66,12947
PAY000000188,BKG000000188,948172,2014-12-02 21:42:42,debit_card,success,NONE,1658.22,USD,desktop,66,4672
PAY000000189,BKG000000189,908418,2014-11-10 17:35:17,credit_card,success,NONE,241.74,USD,desktop,66,12003
PAY000000190,BKG000000190,773774,2013-06-23 11:26:19,apple_pay,success,NONE,152.81,USD,desktop,214,8245
PAY000000191,BKG000000191,192581,2014-09-09 10:28:16,credit_card,success,NONE,889.66,USD,desktop,66,11938
PAY000000192,BKG000000192,860798,2014-11-29 11:30:40,paypal,success,NONE,185.08,USD,mobile,66,27082
PAY000000193,BKG000000193,586794,2013-08-21 22:13:12,debit_card,success,NONE,186.67,USD,desktop,66,27279
PAY000000194,BKG000000194,110601,2013-05-09 14:44:02,credit_card,success,NONE,713.19,USD,desktop,66,8281
PAY000000195,BKG000000195,482911,2014-10-13 14:34:53,paypal,success,NONE,243.36,USD,mobile,66,6499
PAY000000196,BKG000000196,606774,2014-12-06 01:46:31,debit_card,success,NONE,256.25,USD,desktop,133,8745
PAY000000197,BKG000000197,49036,2013-06-05 16:20:32,credit_card,success,NONE,1172.13,USD,mobile,66,32927
PAY000000198,BKG000000198,1090381,2013-04-29 08:31:03,debit_card,success,NONE,218.2,USD,desktop,57,12206
PAY000000199,BKG000000199,192284,2013-06-11 15:40:02,paypal,success,NONE,135.85,USD,desktop,66,16427
PAY000000200,BKG000000200,479241,2013-04-14 20:40:58,debit_card,success,NONE,549.88,USD,desktop,66,3651
PAY000000201,BKG000000201,1134574,2014-12-30 13:46:10,credit_card,success,NONE,876.11,USD,desktop,205,22254
PAY000000202,BKG000000202,1104636,2014-08-07 15:28:58,credit_card,success,NONE,1077.89,USD,desktop,66,14846
PAY000000203,BKG000000203,733381,2013-08-02 15:17:25,apple_pay,success,NONE,230.68,USD,desktop,66,27004
PAY000000204,BKG000000204,936547,2014-05-02 08:35:39,google_pay,success,NONE,333.66,USD,desktop,66,8231
PAY000000205,BKG000000205,800065,2013-07-29 11:16:38,credit_card,success,NONE,93.6,USD,desktop,205,5166
PAY000000206,BKG000000206,1167181,2014-05-27 23:19:13,credit_card,success,NONE,453.1,EUR,desktop,3,8242
PAY000000207,BKG000000207,392382,2014-07-22 15:59:04,credit_card,success,NONE,253.03,USD,desktop,66,8272
PAY000000208,BKG000000208,1058909,2014-11-26 01:51:06,debit_card,success,NONE,470.58,USD,mobile,66,1014
PAY000000209,BKG000000209,586910,2014-10-05 12:49:16,credit_card,success,NONE,154.03,EUR,desktop,70,5497
PAY000000210,BKG000000210,602274,2013-03-31 18:06:36,apple_pay,success,NONE,244.08,USD,desktop,66,8260
PAY000000211,BKG000000211,882993,2014-07-29 18:30:49,credit_card,success,NONE,469.1,USD,mobile,205,8817
PAY000000212,BKG000000212,889648,2014-09-26 23:37:06,credit_card,success,NONE,191.32,USD,desktop,104,8864
PAY000000213,BKG000000213,915247,2013-11-10 13:21:40,credit_card,success,NONE,477.44,USD,desktop,205,12206
PAY000000214,BKG000000214,782063,2014-10-20 16:42:10,credit_card,success,NONE,204.28,USD,desktop,66,21489
PAY000000215,BKG000000215,208049,2014-05-17 00:02:41,paypal,success,NONE,359.47,EUR,desktop,3,8282
PAY000000216,BKG000000216,1134092,2014-05-01 23:44:56,debit_card,success,NONE,1144.34,USD,mobile,215,12206
PAY000000217,BKG000000217,493658,2013-06-25 06:54:39,paypal,success,NONE,183.82,USD,desktop,66,12691
PAY000000218,BKG000000218,586918,2013-11-21 17:39:36,credit_card,success,NONE,1339.7,USD,desktop,46,12233
PAY000000219,BKG000000219,1156675,2014-07-25 04:59:48,paypal,success,NONE,99.71,USD,desktop,66,8254
PAY000000220,BKG000000220,1119493,2014-10-09 20:43:41,apple_pay,success,NONE,509.64,USD,mobile,66,13925
PAY000000221,BKG000000221,1045011,2013-09-05 10:51:24,debit_card,success,NONE,228.99,USD,desktop,66,8271
PAY000000222,BKG000000222,120435,2014-12-30 14:49:04,credit_card,success,NONE,772.76,USD,desktop,66,12402
PAY000000223,BKG000000223,1086858,2013-06-28 20:48:08,paypal,success,NONE,156.62,USD,desktop,52,22322
PAY000000224,BKG000000224,590720,2014-10-12 04:27:10,paypal,success,NONE,115.26,USD,mobile,195,22341
PAY000000225,BKG000000225,543989,2014-08-22 13:55:48,credit_card,success,NONE,240.89,EUR,desktop,3,468
PAY000000226,BKG000000226,358553,2013-07-24 18:35:07,google_pay,failed,AUTH_TIMEOUT,179.32,USD,desktop,205,17442
PAY000000227,BKG000000227,589936,2013-07-22 14:49:47,credit_card,success,NONE,671.81,USD,desktop,85,1645
PAY000000228,BKG000000228,1054688,2013-02-14 18:22:15,google_pay,success,NONE,811.78,GBP,desktop,77,8260
PAY000000229,BKG000000229,208618,2013-09-09 18:13:45,debit_card,success,NONE,943.73,EUR,desktop,119,8279
PAY000000230,BKG000000230,694614,2014-07-14 16:22:33,bank_transfer,success,NONE,228.5,GBP,mobile,66,12217
PAY000000231,BKG000000231,222966,2014-12-03 19:22:32,apple_pay,success,NONE,139.3,USD,desktop,205,8287
PAY000000232,BKG000000232,98329,2014-03-20 18:50:48,credit_card,success,NONE,438.48,USD,desktop,66,24845
PAY000000233,BKG000000233,1018909,2013-11-12 21:40:02,credit_card,success,NONE,414.03,USD,desktop,66,6071
PAY000000234,BKG000000234,173726,2014-01-31 13:55:56,debit_card,success,NONE,233.27,USD,desktop,66,12452
PAY000000235,BKG000000235,1154695,2014-03-21 15:50:03,google_pay,success,NONE,577.34,EUR,desktop,167,8806
PAY000000236,BKG000000236,824811,2014-12-23 16:56:54,credit_card,success,NONE,220.1,USD,desktop,205,21676
PAY000000237,BKG000000237,468182,2014-04-19 19:32:48,credit_card,success,NONE,185.35,USD,mobile,66,21361
PAY000000238,BKG000000238,1185921,2013-11-18 10:00:30,credit_card,success,NONE,448.61,USD,desktop,66,8231
PAY000000239,BKG000000239,1185921,2013-11-18 10:46:30,google_pay,success,NONE,346.82,USD,desktop,66,8231
PAY000000240,BKG000000240,499607,2013-08-15 17:29:47,google_pay,success,NONE,332.44,USD,mobile,205,1901
PAY000000241,BKG000000241,414548,2014-05-05 18:04:57,google_pay,success,NONE,119.65,USD,desktop,66,12951
PAY000000242,BKG000000242,266053,2014-08-31 00:49:19,credit_card,success,NONE,222.63,USD,desktop,66,8235
PAY000000243,BKG000000243,857411,2013-03-12 09:18:55,paypal,success,NONE,195.68,USD,desktop,66,6450
PAY000000244,BKG000000244,976878,2014-03-05 14:43:39,credit_card,success,NONE,206.82,USD,desktop,66,53049
PAY000000245,BKG000000245,776699,2014-04-30 17:19:56,credit_card,success,NONE,155.01,USD,desktop,66,8837
PAY000000246,BKG000000246,112344,2013-12-08 13:45:27,debit_card,failed,INSUFFICIENT_FUNDS,155.05,USD,desktop,66,57394
PAY000000247,BKG000000247,161342,2013-09-12 11:09:26,debit_card,success,NONE,1953.39,USD,desktop,66,8260
PAY000000248,BKG000000248,604295,2014-03-05 14:06:55,credit_card,failed,INSUFFICIENT_FUNDS,1610.97,USD,desktop,66,11853
PAY000000249,BKG000000249,553937,2013-07-20 20:03:27,credit_card,success,NONE,875.53,USD,mobile,66,12008
PAY000000250,BKG000000250,1068159,2014-11-23 18:59:49,debit_card,success,NONE,569.7,USD,desktop,69,45687
PAY000000251,BKG000000251,517843,2013-12-13 10:36:15,credit_card,success,NONE,122.4,USD,desktop,205,235
PAY000000252,BKG000000252,793377,2013-09-19 20:07:01,google_pay,success,NONE,228.09,USD,desktop,66,11353
PAY000000253,BKG000000253,1036410,2014-05-15 22:34:25,credit_card,success,NONE,264.11,USD,desktop,66,8843
PAY000000254,BKG000000254,209635,2013-02-19 06:47:58,credit_card,failed,PAYMENT_PROVIDER_ERROR,135.19,EUR,desktop,12,8240
PAY000000255,BKG000000255,1128148,2013-06-15 15:44:12,credit_card,success,NONE,249.02,USD,desktop,133,8745
PAY000000256,BKG000000256,232998,2014-03-28 13:23:58,paypal,success,NONE,1012.15,GBP,desktop,77,20318
PAY000000257,BKG000000257,1196684,2014-09-24 23:50:19,debit_card,success,NONE,1632.07,USD,mobile,1,12257
PAY000000258,BKG000000258,558971,2014-05-26 11:30:22,credit_card,success,NONE,575.38,USD,desktop,66,8745
PAY000000259,BKG000000259,795243,2014-10-02 14:12:05,credit_card,success,NONE,125.53,USD,desktop,66,12942
PAY000000260,BKG000000260,1154233,2013-04-26 00:33:49,credit_card,success,NONE,162.78,EUR,desktop,3,20113
PAY000000261,BKG000000261,750572,2014-08-28 18:15:23,credit_card,success,NONE,256.31,USD,desktop,69,16905
PAY000000262,BKG000000262,194010,2013-01-21 11:38:54,credit_card,success,NONE,207.76,USD,desktop,66,29250
PAY000000263,BKG000000263,613803,2013-09-24 21:51:46,apple_pay,success,NONE,195.33,USD,desktop,229,406
PAY000000264,BKG000000264,218500,2014-05-23 20:21:33,credit_card,failed,INSUFFICIENT_FUNDS,448.65,USD,mobile,66,8267
PAY000000265,BKG000000265,152971,2013-11-04 13:58:41,paypal,success,NONE,516.51,USD,desktop,66,6064
PAY000000266,BKG000000266,675223,2013-10-26 15:54:18,debit_card,success,NONE,333.49,USD,desktop,66,44284
PAY000000267,BKG000000267,277920,2014-04-09 16:17:19,debit_card,success,NONE,252.83,USD,mobile,66,12654
PAY000000268,BKG000000268,10892,2014-07-05 23:32:49,apple_pay,success,NONE,686.53,EUR,desktop,3,8213
PAY000000269,BKG000000269,647148,2013-12-18 03:09:29,paypal,success,NONE,144.54,USD,desktop,66,13094
PAY000000270,BKG000000270,730114,2013-07-30 15:40:29,debit_card,success,NONE,1588.46,USD,desktop,69,8223
PAY000000271,BKG000000271,1185934,2013-08-23 19:15:43,credit_card,success,NONE,206.33,USD,desktop,154,8814
PAY000000272,BKG000000272,1165190,2014-11-23 22:47:43,credit_card,success,NONE,644.79,USD,desktop,179,11634
PAY000000273,BKG000000273,686717,2014-08-11 23:18:38,credit_card,success,NONE,678.1,USD,desktop,205,26428
PAY000000274,BKG000000274,668122,2013-12-16 12:12:54,google_pay,success,NONE,112.87,USD,desktop,66,13222
PAY000000275,BKG000000275,371878,2013-07-20 15:38:24,bank_transfer,success,NONE,1172.89,USD,mobile,133,20969
PAY000000276,BKG000000276,801043,2013-08-03 18:53:15,credit_card,success,NONE,97.97,USD,desktop,66,12017
PAY000000277,BKG000000277,411206,2014-03-07 08:54:48,credit_card,success,NONE,384.87,USD,desktop,66,26964
PAY000000278,BKG000000278,992432,2013-03-27 02:47:47,debit_card,success,NONE,420.02,GBP,desktop,77,8739
PAY000000279,BKG000000279,1186926,2014-01-10 02:05:30,credit_card,success,NONE,155.25,EUR,mobile,3,48157
PAY000000280,BKG000000280,843611,2013-05-27 13:47:31,paypal,success,NONE,244.13,USD,desktop,66,8217
PAY000000281,BKG000000281,174341,2014-09-05 12:08:12,credit_card,failed,AUTH_TIMEOUT,138.56,USD,desktop,205,11360
PAY000000282,BKG000000282,888468,2014-08-26 09:23:28,apple_pay,success,NONE,226.43,USD,desktop,205,25949
PAY000000283,BKG000000283,867051,2013-05-01 19:41:22,bank_transfer,success,NONE,222.12,USD,mobile,66,12233
PAY000000284,BKG000000284,741395,2014-04-13 01:55:33,debit_card,success,NONE,458.39,USD,desktop,66,8266
PAY000000285,BKG000000285,1003488,2014-11-11 22:03:54,paypal,success,NONE,352.81,USD,desktop,66,8250
PAY000000286,BKG000000286,918023,2014-12-10 19:01:14,paypal,success,NONE,164.44,USD,desktop,66,12215
PAY000000287,BKG000000287,672600,2014-12-18 13:59:18,credit_card,success,NONE,1347.5,USD,desktop,66,36796
PAY000000288,BKG000000288,868729,2014-04-19 17:32:04,credit_card,success,NONE,231.07,USD,desktop,66,8223
PAY000000289,BKG000000289,957113,2013-05-29 19:23:48,paypal,success,NONE,675.3,USD,desktop,66,28514
PAY000000290,BKG000000290,625913,2014-10-17 19:39:53,google_pay,success,NONE,296.39,USD,desktop,69,43025
PAY000000291,BKG000000291,731710,2013-10-15 11:10:27,debit_card,success,NONE,306.92,EUR,mobile,3,8822
PAY000000292,BKG000000292,1179593,2014-05-07 19:05:54,debit_card,success,NONE,153.55,USD,desktop,205,12210
PAY000000293,BKG000000293,408691,2014-06-23 17:25:06,google_pay,success,NONE,392.87,USD,desktop,66,12270
PAY000000294,BKG000000294,323272,2014-05-16 17:29:13,debit_card,success,NONE,255.17,USD,mobile,66,8216
PAY000000295,BKG000000295,216672,2014-12-26 21:06:34,credit_card,success,NONE,175.43,USD,desktop,66,44136
PAY000000296,BKG000000296,1072703,2013-09-24 02:34:11,bank_transfer,success,NONE,402.21,USD,desktop,66,8244
PAY000000297,BKG000000297,120106,2014-07-04 18:39:15,credit_card,success,NONE,191.87,USD,desktop,66,17024
PAY000000298,BKG000000298,955192,2013-04-02 09:17:12,credit_card,success,NONE,277.51,USD,desktop,12,8267
PAY000000299,BKG000000299,931559,2014-01-14 07:09:11,credit_card,success,NONE,384.48,USD,desktop,66,25327
PAY000000300,BKG000000300,177051,2013-07-20 09:29:00,debit_card,success,NONE,447.45,USD,desktop,66,8284
PAY000000301,BKG000000301,441528,2014-12-22 13:19:31,credit_card,success,NONE,417.2,USD,mobile,66,8213
PAY000000302,BKG000000302,422375,2013-04-08 08:03:13,paypal,success,NONE,492.52,USD,desktop,66,8250
PAY000000303,BKG000000303,459896,2013-03-06 20:27:52,debit_card,success,NONE,754.65,USD,desktop,66,8843
PAY000000304,BKG000000304,1006697,2014-02-07 21:35:19,debit_card,success,NONE,1126.59,USD,desktop,66,11938
PAY000000305,BKG000000305,37138,2013-11-22 09:51:43,apple_pay,success,NONE,269.02,USD,desktop,66,11929
PAY000000306,BKG000000306,379829,2014-12-11 18:11:07,credit_card,success,NONE,173.66,USD,desktop,69,25342
PAY000000307,BKG000000307,928571,2014-12-26 19:48:55,credit_card,success,NONE,233.86,USD,mobile,66,8250
PAY000000308,BKG000000308,1040185,2014-08-03 15:49:25,credit_card,success,NONE,198.14,USD,desktop,66,19969
PAY000000309,BKG000000309,580037,2014-06-23 11:10:32,google_pay,success,NONE,371.36,USD,desktop,66,29936
PAY000000310,BKG000000310,893858,2013-11-26 10:39:24,debit_card,success,NONE,283.29,USD,desktop,205,6843
PAY000000311,BKG000000311,368511,2014-08-23 12:52:08,google_pay,success,NONE,218.26,USD,desktop,133,22445
PAY000000312,BKG000000312,1002496,2013-10-09 15:38:51,debit_card,success,NONE,109.45,EUR,desktop,194,23479
PAY000000313,BKG000000313,138719,2013-06-29 02:33:04,credit_card,success,NONE,548.96,USD,mobile,66,8824
PAY000000314,BKG000000314,584859,2014-07-17 10:08:07,paypal,success,NONE,215.69,USD,desktop,66,14882
PAY000000315,BKG000000315,900860,2014-11-24 10:44:05,credit_card,success,NONE,308.19,EUR,desktop,231,20833
PAY000000316,BKG000000316,800877,2014-12-04 00:50:33,credit_card,success,NONE,221.25,USD,desktop,66,8236
PAY000000317,BKG000000317,626449,2013-05-04 11:35:46,credit_card,success,NONE,174.8,USD,desktop,66,8276
PAY000000318,BKG000000318,818305,2014-12-10 16:12:44,google_pay,failed,CARD_DECLINED,221.43,USD,desktop,66,12969
PAY000000319,BKG000000319,345982,2014-06-28 19:24:24,credit_card,success,NONE,239.7,USD,desktop,69,21180
PAY000000320,BKG000000320,587566,2014-11-10 16:19:51,credit_card,success,NONE,216.34,USD,mobile,66,5628
PAY000000321,BKG000000321,69472,2013-04-29 15:06:57,paypal,success,NONE,1212.95,USD,desktop,69,20578
PAY000000322,BKG000000322,17922,2013-10-14 20:23:09,credit_card,success,NONE,263.64,USD,desktop,66,12372
PAY000000323,BKG000000323,436473,2013-06-07 19:34:55,debit_card,failed,3DS_FAILED,242.74,USD,desktop,194,8238
PAY000000324,BKG000000324,159176,2013-08-24 15:27:06,bank_transfer,success,NONE,851.15,USD,desktop,66,22930
PAY000000325,BKG000000325,272731,2013-09-01 19:18:38,credit_card,success,NONE,349.53,USD,desktop,205,12218
PAY000000326,BKG000000326,832512,2013-01-25 21:58:08,paypal,success,NONE,293.75,USD,desktop,69,19
PAY000000327,BKG000000327,400822,2013-03-30 14:12:54,apple_pay,success,NONE,138.08,USD,desktop,66,8788
PAY000000328,BKG000000328,5585,2013-05-28 02:07:44,credit_card,success,NONE,258.93,EUR,desktop,3,8242
PAY000000329,BKG000000329,48697,2014-11-08 18:45:21,paypal,success,NONE,235.79,EUR,desktop,3,8281
PAY000000330,BKG000000330,1124995,2014-07-08 08:58:26,credit_card,success,NONE,312.19,USD,desktop,93,8741
PAY000000331,BKG000000331,482075,2014-02-20 17:04:31,paypal,success,NONE,211.41,USD,desktop,66,8267
PAY000000332,BKG000000332,490526,2013-11-05 17:04:12,debit_card,success,NONE,245.32,USD,desktop,191,468
PAY000000333,BKG000000333,220324,2013-07-25 16:58:24,apple_pay,failed,AUTH_TIMEOUT,118.23,USD,desktop,205,30916
PAY000000334,BKG000000334,1122298,2013-10-16 12:26:37,apple_pay,success,NONE,653.56,USD,desktop,205,11335
PAY000000335,BKG000000335,801479,2013-02-06 05:50:53,paypal,success,NONE,403.01,USD,desktop,198,12323
PAY000000336,BKG000000336,689990,2013-02-07 21:44:23,paypal,success,NONE,411.38,GBP,mobile,195,41544
PAY000000337,BKG000000337,467937,2014-11-23 22:21:21,bank_transfer,failed,AUTH_TIMEOUT,914.01,GBP,mobile,77,8851
PAY000000338,BKG000000338,648194,2013-01-21 18:07:43,credit_card,success,NONE,305.27,USD,desktop,66,8277
PAY000000339,BKG000000339,221336,2014-01-02 03:14:24,credit_card,success,NONE,153.01,USD,desktop,130,39269
PAY000000340,BKG000000340,775402,2013-11-14 20:03:36,google_pay,success,NONE,281.1,USD,mobile,66,27397
PAY000000341,BKG000000341,617120,2013-11-28 15:40:32,paypal,success,NONE,1780.99,USD,desktop,1,12233
PAY000000342,BKG000000342,577166,2013-10-12 09:40:20,credit_card,success,NONE,207.11,USD,desktop,66,25445
PAY000000343,BKG000000343,896724,2014-04-18 21:06:56,paypal,success,NONE,117.13,USD,desktop,205,9749
PAY000000344,BKG000000344,606232,2013-08-07 10:34:12,credit_card,success,NONE,157.53,USD,desktop,66,12150
PAY000000345,BKG000000345,652328,2014-03-23 12:04:44,bank_transfer,success,NONE,152.67,USD,desktop,66,8790
PAY000000346,BKG000000346,835539,2013-08-27 17:15:43,google_pay,success,NONE,222.45,USD,desktop,66,25297
PAY000000347,BKG000000347,913623,2014-11-09 21:46:52,apple_pay,success,NONE,268.3,USD,desktop,66,18664
PAY000000348,BKG000000348,123227,2014-05-17 17:06:47,debit_card,success,NONE,154.54,USD,desktop,205,26397
PAY000000349,BKG000000349,311131,2013-01-27 17:44:52,credit_card,success,NONE,247.69,USD,desktop,66,11940
PAY000000350,BKG000000350,210099,2014-01-07 00:30:16,credit_card,failed,CARD_DECLINED,191.89,EUR,desktop,3,21588
PAY000000351,BKG000000351,986706,2014-04-14 22:54:44,debit_card,success,NONE,268.87,USD,desktop,205,712
PAY000000352,BKG000000352,448592,2013-05-26 18:01:15,paypal,success,NONE,445.48,USD,desktop,66,25284
PAY000000353,BKG000000353,888586,2014-09-29 20:35:30,google_pay,success,NONE,321.06,USD,desktop,66,21872
PAY000000354,BKG000000354,751940,2013-06-22 05:40:01,credit_card,success,NONE,264.53,USD,desktop,66,25616
PAY000000355,BKG000000355,646022,2014-12-01 15:40:56,credit_card,failed,CARD_DECLINED,242.24,USD,desktop,66,8808
PAY000000356,BKG000000356,894065,2014-01-23 08:57:20,debit_card,success,NONE,253.66,USD,desktop,66,25803
PAY000000357,BKG000000357,106161,2014-12-03 14:46:34,debit_card,success,NONE,101.39,USD,desktop,66,486
PAY000000358,BKG000000358,75245,2014-08-07 06:43:44,credit_card,success,NONE,144.51,USD,desktop,46,8808
PAY000000359,BKG000000359,164780,2014-07-23 23:01:21,credit_card,success,NONE,412.08,USD,desktop,205,8266
PAY000000360,BKG000000360,989980,2013-03-23 18:03:39,bank_transfer,success,NONE,295.64,USD,desktop,68,21210
PAY000000361,BKG000000361,52629,2013-05-14 22:33:08,credit_card,success,NONE,820.82,USD,desktop,66,8864
PAY000000362,BKG000000362,640415,2014-03-26 12:51:21,credit_card,success,NONE,489.01,USD,desktop,66,27057
PAY000000363,BKG000000363,911414,2014-05-16 13:54:14,debit_card,success,NONE,793.14,USD,desktop,66,8250
PAY000000364,BKG000000364,100316,2013-08-13 09:41:23,apple_pay,success,NONE,662.74,USD,desktop,66,8267
PAY000000365,BKG000000365,1118560,2014-06-02 07:00:54,debit_card,success,NONE,739.08,USD,desktop,198,23048
PAY000000366,BKG000000366,329615,2013-09-22 16:41:44,bank_transfer,success,NONE,129.39,USD,mobile,66,12222
PAY000000367,BKG000000367,1068085,2013-11-27 15:10:12,credit_card,success,NONE,445.18,USD,desktop,69,8746
PAY000000368,BKG000000368,239138,2013-08-18 16:26:19,debit_card,success,NONE,392.74,USD,desktop,66,25800
PAY000000369,BKG000000369,127910,2014-10-09 11:56:32,paypal,success,NONE,466.63,USD,desktop,66,8746
PAY000000370,BKG000000370,125469,2014-03-09 13:34:30,debit_card,success,NONE,260.22,USD,desktop,162,8225
PAY000000371,BKG000000371,1179785,2013-04-03 19:00:00,credit_card,success,NONE,733.33,USD,desktop,66,8243
PAY000000372,BKG000000372,348981,2014-08-12 21:07:20,paypal,success,NONE,523.12,USD,desktop,66,8250
PAY000000373,BKG000000373,742900,2014-06-16 04:53:37,debit_card,failed,CARD_DECLINED,376.81,USD,desktop,221,27
PAY000000374,BKG000000374,640784,2014-05-28 00:39:54,credit_card,success,NONE,130.59,USD,desktop,205,26022
PAY000000375,BKG000000375,1107295,2014-10-15 20:00:49,credit_card,success,NONE,481.14,USD,desktop,66,18776
PAY000000376,BKG000000376,823198,2013-08-02 18:30:47,credit_card,success,NONE,577.57,USD,desktop,69,33390
PAY000000377,BKG000000377,512600,2014-11-20 07:11:58,google_pay,success,NONE,252.54,USD,desktop,66,26133
PAY000000378,BKG000000378,279229,2014-10-07 22:08:33,paypal,success,NONE,138.98,USD,desktop,66,3072
PAY000000379,BKG000000379,1070701,2013-09-27 00:43:47,debit_card,success,NONE,630.24,USD,desktop,68,6593
PAY000000380,BKG000000380,277369,2014-08-22 02:41:20,paypal,success,NONE,641.02,USD,desktop,66,8267
PAY000000381,BKG000000381,962315,2014-01-13 20:02:16,credit_card,success,NONE,434.48,USD,desktop,66,8250
PAY000000382,BKG000000382,1063626,2014-08-06 19:46:13,debit_card,success,NONE,200.02,USD,desktop,66,25749
PAY000000383,BKG000000383,966302,2013-09-07 01:23:58,credit_card,success,NONE,309.46,USD,desktop,66,12149
PAY000000384,BKG000000384,890253,2014-02-11 11:15:53,apple_pay,success,NONE,1072.45,USD,desktop,66,14985
PAY000000385,BKG000000385,1148864,2013-06-13 15:00:35,apple_pay,success,NONE,270.0,USD,desktop,66,11353
PAY000000386,BKG000000386,553505,2014-10-18 10:15:34,debit_card,success,NONE,194.81,USD,desktop,205,41550
PAY000000387,BKG000000387,785899,2013-06-02 22:24:00,paypal,success,NONE,256.16,USD,desktop,205,24555
PAY000000388,BKG000000388,389396,2013-06-30 23:05:40,debit_card,success,NONE,791.6,USD,desktop,66,23682
PAY000000389,BKG000000389,142952,2013-03-19 14:19:00,apple_pay,success,NONE,124.05,USD,desktop,205,26478
PAY000000390,BKG000000390,1041138,2014-04-14 09:09:41,credit_card,failed,INSUFFICIENT_FUNDS,156.89,USD,desktop,66,1741
PAY000000391,BKG000000391,280762,2014-07-11 12:38:07,debit_card,success,NONE,116.0,USD,desktop,69,17614
PAY000000392,BKG000000392,4078,2014-11-02 04:26:43,google_pay,success,NONE,831.18,USD,desktop,66,8250
PAY000000393,BKG000000393,677605,2014-12-03 12:09:24,credit_card,success,NONE,158.66,USD,desktop,66,26583
PAY000000394,BKG000000394,668463,2013-10-16 03:56:34,credit_card,success,NONE,638.42,USD,desktop,205,12233
PAY000000395,BKG000000395,668463,2013-10-16 04:31:34,credit_card,success,NONE,639.47,USD,desktop,205,12233
PAY000000396,BKG000000396,739553,2014-06-11 18:40:13,debit_card,success,NONE,120.39,EUR,desktop,3,41965
PAY000000397,BKG000000397,628214,2013-02-15 17:12:40,bank_transfer,success,NONE,371.32,USD,desktop,66,17660
PAY000000398,BKG000000398,120474,2014-01-26 19:46:36,debit_card,success,NONE,606.31,USD,desktop,66,27211
PAY000000399,BKG000000399,343072,2014-07-27 11:06:08,credit_card,success,NONE,496.73,USD,desktop,205,8223
PAY000000400,BKG000000400,993381,2014-05-20 17:02:15,debit_card,success,NONE,173.59,USD,desktop,214,8367
PAY000000401,BKG000000401,939707,2013-04-04 11:02:46,credit_card,success,NONE,2562.19,USD,desktop,66,448
PAY000000402,BKG000000402,598670,2014-11-20 18:02:43,credit_card,failed,AUTH_TIMEOUT,474.07,USD,mobile,66,12177
PAY000000403,BKG000000403,654646,2013-04-30 12:42:00,paypal,success,NONE,426.08,USD,desktop,66,8216
PAY000000404,BKG000000404,207473,2014-07-07 22:06:09,credit_card,success,NONE,452.77,EUR,desktop,23,19776
PAY000000405,BKG000000405,441282,2014-05-06 01:59:04,paypal,success,NONE,222.77,USD,desktop,66,12175
PAY000000406,BKG000000406,1113487,2014-10-06 13:37:57,credit_card,success,NONE,315.03,EUR,desktop,119,6574
PAY000000407,BKG000000407,240566,2014-07-24 11:32:06,credit_card,success,NONE,478.26,USD,desktop,205,11353
PAY000000408,BKG000000408,181721,2014-03-18 12:13:19,credit_card,success,NONE,272.54,USD,desktop,66,24620
PAY000000409,BKG000000409,428332,2013-01-23 13:23:09,credit_card,success,NONE,180.46,USD,desktop,66,8815
PAY000000410,BKG000000410,53737,2014-11-26 20:24:33,credit_card,success,NONE,603.76,USD,desktop,66,24118
PAY000000411,BKG000000411,433502,2014-03-06 09:53:18,credit_card,success,NONE,556.18,USD,desktop,205,12942
PAY000000412,BKG000000412,148581,2013-05-08 15:15:48,paypal,success,NONE,406.82,USD,desktop,205,8267
PAY000000413,BKG000000413,1065211,2014-03-10 17:37:56,credit_card,failed,PAYMENT_PROVIDER_ERROR,672.49,GBP,desktop,77,8743
PAY000000414,BKG000000414,123632,2014-11-07 15:40:52,paypal,success,NONE,1027.95,USD,desktop,66,468
PAY000000415,BKG000000415,71951,2013-11-05 21:12:02,credit_card,success,NONE,192.68,USD,desktop,205,19489
PAY000000416,BKG000000416,179411,2014-10-14 00:47:01,paypal,success,NONE,839.52,GBP,desktop,77,8282
PAY000000417,BKG000000417,978943,2014-04-12 03:04:24,credit_card,failed,INSUFFICIENT_FUNDS,515.74,EUR,desktop,0,8819
PAY000000418,BKG000000418,266615,2013-09-29 01:19:33,apple_pay,success,NONE,443.08,USD,desktop,66,12654
PAY000000419,BKG000000419,980679,2013-01-31 14:27:58,credit_card,success,NONE,422.02,USD,desktop,66,26451
PAY000000420,BKG000000420,1059816,2014-08-19 14:37:26,credit_card,success,NONE,805.57,USD,desktop,66,27182
PAY000000421,BKG000000421,1013327,2013-07-29 12:16:33,apple_pay,success,NONE,142.95,USD,desktop,66,8262
PAY000000422,BKG000000422,643087,2014-07-01 13:53:25,paypal,failed,INSUFFICIENT_FUNDS,296.47,USD,desktop,66,51340
PAY000000423,BKG000000423,272309,2013-05-23 11:50:01,paypal,success,NONE,119.8,USD,desktop,69,8240
PAY000000424,BKG000000424,364906,2014-01-04 23:21:44,bank_transfer,success,NONE,996.29,USD,mobile,66,8791
PAY000000425,BKG000000425,141203,2014-11-05 19:26:02,credit_card,success,NONE,994.11,USD,desktop,66,28499
PAY000000426,BKG000000426,1106375,2013-01-08 11:25:10,credit_card,success,NONE,491.83,USD,desktop,66,12420
PAY000000427,BKG000000427,79913,2014-03-25 14:17:04,google_pay,success,NONE,844.64,USD,desktop,32,8747
PAY000000428,BKG000000428,168338,2013-11-29 07:48:43,credit_card,success,NONE,758.77,USD,desktop,69,8213
PAY000000429,BKG000000429,1174923,2014-07-08 20:14:09,credit_card,success,NONE,305.9,EUR,desktop,3,21238
PAY000000430,BKG000000430,912437,2013-08-13 16:53:42,google_pay,success,NONE,455.84,USD,desktop,230,8271
PAY000000431,BKG000000431,574348,2013-05-14 07:56:55,credit_card,success,NONE,702.78,USD,desktop,66,8233
PAY000000432,BKG000000432,255365,2014-06-29 04:27:30,google_pay,success,NONE,222.46,EUR,desktop,194,20225
PAY000000433,BKG000000433,763590,2014-09-30 17:14:14,credit_card,success,NONE,330.96,USD,desktop,46,8740
PAY000000434,BKG000000434,44735,2013-08-27 20:44:07,credit_card,success,NONE,70.0,USD,desktop,66,12603
PAY000000435,BKG000000435,732817,2014-03-10 21:28:31,debit_card,success,NONE,1434.07,USD,desktop,66,8279
PAY000000436,BKG000000436,184965,2014-08-25 10:35:57,credit_card,success,NONE,357.41,USD,desktop,66,11569
PAY000000437,BKG000000437,957826,2013-08-24 19:24:49,credit_card,success,NONE,181.78,USD,desktop,66,13323
PAY000000438,BKG000000438,1031822,2014-05-15 17:24:23,credit_card,success,NONE,237.04,USD,desktop,66,8271
PAY000000439,BKG000000439,211438,2013-12-24 05:56:25,debit_card,success,NONE,179.06,USD,desktop,66,14881
PAY000000440,BKG000000440,883134,2014-10-24 10:15:37,debit_card,success,NONE,196.44,USD,desktop,66,25853
PAY000000441,BKG000000441,28059,2013-08-03 12:49:39,apple_pay,success,NONE,207.79,USD,desktop,66,8820
PAY000000442,BKG000000442,328716,2013-11-19 15:17:15,credit_card,failed,3DS_FAILED,470.47,USD,desktop,130,22892
PAY000000443,BKG000000443,1095263,2014-02-26 11:15:38,debit_card,success,NONE,853.39,USD,desktop,133,58
PAY000000444,BKG000000444,517582,2014-05-28 06:41:56,debit_card,success,NONE,438.83,USD,desktop,66,12054
PAY000000445,BKG000000445,536165,2014-04-16 21:10:49,credit_card,success,NONE,434.0,USD,mobile,66,5401
PAY000000446,BKG000000446,922536,2014-01-24 15:45:03,credit_card,success,NONE,814.51,EUR,desktop,3,12603
PAY000000447,BKG000000447,8735,2014-12-23 20:21:47,credit_card,failed,PAYMENT_PROVIDER_ERROR,195.41,USD,desktop,66,8261
PAY000000448,BKG000000448,926784,2013-07-31 15:38:42,credit_card,success,NONE,302.48,USD,desktop,69,21593
PAY000000449,BKG000000449,526123,2014-06-09 10:09:55,credit_card,success,NONE,166.05,USD,desktop,205,26166
PAY000000450,BKG000000450,197507,2014-04-23 00:06:25,credit_card,success,NONE,836.76,USD,desktop,205,20278
PAY000000451,BKG000000451,755388,2014-01-24 14:34:44,credit_card,success,NONE,217.66,USD,desktop,205,8279
PAY000000452,BKG000000452,777117,2013-02-17 15:36:47,google_pay,success,NONE,414.29,USD,desktop,66,23678
PAY000000453,BKG000000453,540684,2013-02-14 15:25:19,credit_card,success,NONE,125.59,USD,desktop,66,25946
PAY000000454,BKG000000454,204295,2014-11-29 18:38:40,google_pay,success,NONE,173.8,USD,desktop,205,4394
PAY000000455,BKG000000455,455856,2014-11-28 16:06:26,credit_card,success,NONE,418.61,USD,desktop,66,8801
PAY000000456,BKG000000456,7317,2014-06-09 09:35:56,debit_card,success,NONE,791.94,USD,desktop,66,17907
PAY000000457,BKG000000457,536491,2013-01-13 14:45:55,google_pay,success,NONE,1922.75,USD,desktop,66,11907
PAY000000458,BKG000000458,1009785,2014-09-29 13:50:28,google_pay,success,NONE,216.06,USD,desktop,66,8251
PAY000000459,BKG000000459,1125714,2013-09-09 22:44:12,credit_card,success,NONE,187.33,USD,desktop,66,22648
PAY000000460,BKG000000460,118239,2014-10-16 09:29:24,paypal,success,NONE,139.38,USD,desktop,231,8242
PAY000000461,BKG000000461,615811,2013-03-24 09:43:18,credit_card,success,NONE,488.16,USD,desktop,229,36716
PAY000000462,BKG000000462,645923,2014-10-20 17:42:33,paypal,success,NONE,580.7,USD,desktop,66,32919
PAY000000463,BKG000000463,557278,2014-12-30 21:42:31,apple_pay,success,NONE,329.76,USD,desktop,66,14804
PAY000000464,BKG000000464,305501,2014-11-24 17:17:59,credit_card,success,NONE,101.97,USD,desktop,66,8278
PAY000000465,BKG000000465,867528,2014-05-18 20:36:12,credit_card,success,NONE,282.0,USD,desktop,66,11334
PAY000000466,BKG000000466,849655,2013-03-11 23:43:57,credit_card,success,NONE,155.12,USD,desktop,66,5681
PAY000000467,BKG000000467,537406,2014-06-08 14:13:57,google_pay,success,NONE,102.88,USD,desktop,66,12450
PAY000000468,BKG000000468,832512,2013-04-27 04:58:41,credit_card,success,NONE,120.31,USD,mobile,69,8253
PAY000000469,BKG000000469,903666,2014-03-05 17:19:08,apple_pay,success,NONE,185.05,USD,desktop,66,562
PAY000000470,BKG000000470,1017889,2013-11-15 12:31:42,credit_card,failed,INSUFFICIENT_FUNDS,241.48,USD,desktop,66,8229
PAY000000471,BKG000000471,1129775,2014-06-10 03:31:39,google_pay,failed,INSUFFICIENT_FUNDS,240.42,USD,mobile,133,50687
PAY000000472,BKG000000472,1188724,2014-09-09 11:56:07,credit_card,success,NONE,1225.35,USD,desktop,182,8267
PAY000000473,BKG000000473,1058307,2014-06-12 00:42:05,credit_card,failed,CARD_DECLINED,297.24,EUR,desktop,3,19940
PAY000000474,BKG000000474,992,2013-09-02 02:42:01,bank_transfer,success,NONE,163.36,EUR,desktop,3,8256
PAY000000475,BKG000000475,800069,2013-04-12 04:17:28,debit_card,success,NONE,849.4,USD,desktop,235,295
PAY000000476,BKG000000476,130624,2014-04-17 08:01:35,credit_card,success,NONE,226.44,USD,desktop,66,871
PAY000000477,BKG000000477,587371,2013-04-09 23:43:17,credit_card,failed,INSUFFICIENT_FUNDS,481.74,USD,mobile,66,17520
PAY000000478,BKG000000478,971348,2014-03-11 08:37:23,apple_pay,success,NONE,129.32,USD,desktop,66,12603
PAY000000479,BKG000000479,433957,2013-09-29 11:32:31,credit_card,success,NONE,360.5,USD,desktop,66,12217
PAY000000480,BKG000000480,969417,2013-02-06 10:43:04,paypal,success,NONE,175.59,USD,desktop,66,16581
PAY000000481,BKG000000481,76892,2014-11-06 11:01:06,credit_card,failed,PAYMENT_PROVIDER_ERROR,475.6,USD,desktop,66,8266
PAY000000482,BKG000000482,590904,2013-03-29 02:51:42,bank_transfer,success,NONE,167.67,USD,desktop,66,23545
PAY000000483,BKG000000483,869882,2014-06-29 07:04:20,credit_card,success,NONE,428.92,USD,desktop,80,25321
PAY000000484,BKG000000484,1014553,2014-06-10 10:58:30,google_pay,success,NONE,1012.46,USD,desktop,80,23718
PAY000000485,BKG000000485,398603,2014-03-02 14:10:29,credit_card,success,NONE,91.9,USD,mobile,66,25734
PAY000000486,BKG000000486,1148084,2014-05-06 12:43:40,paypal,success,NONE,249.94,USD,desktop,66,27780
PAY000000487,BKG000000487,875672,2014-08-05 23:59:53,credit_card,success,NONE,145.86,USD,desktop,66,11977
PAY000000488,BKG000000488,88727,2014-04-06 10:53:56,apple_pay,success,NONE,220.77,USD,mobile,205,3527
PAY000000489,BKG000000489,496314,2014-03-23 18:20:36,debit_card,success,NONE,105.07,USD,desktop,215,8745
PAY000000490,BKG000000490,1070071,2014-08-23 11:43:40,debit_card,failed,INSUFFICIENT_FUNDS,111.41,USD,desktop,1,20211
PAY000000491,BKG000000491,854246,2014-10-02 09:38:10,credit_card,success,NONE,534.87,USD,desktop,66,40890
PAY000000492,BKG000000492,125015,2014-03-29 20:26:39,debit_card,success,NONE,574.41,USD,mobile,205,20254
PAY000000493,BKG000000493,257070,2014-11-02 23:25:19,credit_card,success,NONE,261.16,USD,desktop,66,24281
PAY000000494,BKG000000494,489060,2013-06-28 21:18:01,paypal,success,NONE,706.17,USD,desktop,205,8260
PAY000000495,BKG000000495,413672,2014-12-12 02:15:29,paypal,failed,INSUFFICIENT_FUNDS,744.84,USD,desktop,66,8267
PAY000000496,BKG000000496,307431,2013-08-04 13:29:10,paypal,success,NONE,232.17,USD,mobile,205,23401
PAY000000497,BKG000000497,554576,2014-05-12 23:17:27,credit_card,failed,3DS_FAILED,233.67,USD,desktop,66,8254
PAY000000498,BKG000000498,718621,2014-07-03 19:44:46,bank_transfer,success,NONE,148.83,USD,desktop,205,4474
PAY000000499,BKG000000499,1186586,2014-07-20 04:42:50,paypal,success,NONE,403.73,USD,desktop,195,41544
PAY000000500,BKG000000500,950832,2013-05-13 03:28:38,credit_card,failed,CARD_DECLINED,883.82,EUR,desktop,194,8220
PAY000000501,BKG000000501,786965,2014-02-15 21:11:16,google_pay,success,NONE,949.82,USD,desktop,66,49086
PAY000000502,BKG000000502,1070051,2014-02-19 15:13:59,debit_card,success,NONE,177.15,USD,desktop,66,27381
PAY000000503,BKG000000503,958643,2014-08-03 20:36:55,credit_card,success,NONE,503.72,USD,desktop,205,22438
PAY000000504,BKG000000504,259132,2013-08-27 15:12:28,credit_card,success,NONE,1023.65,USD,desktop,1,8213
PAY000000505,BKG000000505,763430,2014-08-07 03:31:21,debit_card,success,NONE,1392.89,USD,mobile,66,8267
PAY000000506,BKG000000506,291392,2013-10-15 20:11:44,credit_card,success,NONE,596.04,USD,desktop,235,8220
PAY000000507,BKG000000507,877359,2013-11-04 18:52:46,debit_card,success,NONE,229.34,USD,desktop,66,5152
PAY000000508,BKG000000508,677127,2014-03-31 10:28:50,apple_pay,success,NONE,429.38,USD,desktop,66,12372
PAY000000509,BKG000000509,955057,2013-04-13 16:28:24,credit_card,success,NONE,552.75,USD,desktop,66,12175
PAY000000510,BKG000000510,771603,2014-03-22 20:33:39,credit_card,success,NONE,508.01,USD,desktop,66,27640
PAY000000511,BKG000000511,213195,2013-08-28 16:53:20,credit_card,success,NONE,531.34,USD,desktop,198,8224
PAY000000512,BKG000000512,463623,2014-08-29 19:45:30,apple_pay,success,NONE,194.2,USD,desktop,66,44915
PAY000000513,BKG000000513,251050,2013-04-01 18:58:37,apple_pay,failed,3DS_FAILED,472.95,USD,desktop,66,8864
PAY000000514,BKG000000514,1152337,2013-03-07 08:51:37,debit_card,success,NONE,182.86,USD,desktop,66,30086
PAY000000515,BKG000000515,404989,2013-07-25 05:15:52,paypal,success,NONE,153.91,USD,desktop,1,21787
PAY000000516,BKG000000516,1087779,2014-12-22 12:36:38,credit_card,success,NONE,113.72,USD,desktop,69,18495
PAY000000517,BKG000000517,908510,2014-02-28 16:59:21,credit_card,success,NONE,215.99,USD,desktop,66,12483
PAY000000518,BKG000000518,4661,2013-06-05 14:17:24,credit_card,success,NONE,393.6,USD,desktop,66,8242
PAY000000519,BKG000000519,566434,2014-11-04 20:37:54,credit_card,success,NONE,260.64,USD,desktop,178,41121
PAY000000520,BKG000000520,521572,2014-05-22 08:51:11,apple_pay,success,NONE,279.35,USD,desktop,66,11812
PAY000000521,BKG000000521,887703,2014-10-15 20:26:36,credit_card,success,NONE,580.4,USD,desktop,205,12189
PAY000000522,BKG000000522,94413,2013-11-24 18:55:18,credit_card,success,NONE,177.53,USD,mobile,205,1886
PAY000000523,BKG000000523,860153,2013-09-25 14:09:37,apple_pay,success,NONE,1975.5,USD,desktop,66,12257
PAY000000524,BKG000000524,760923,2014-11-13 21:25:59,debit_card,success,NONE,219.98,USD,desktop,205,12837
PAY000000525,BKG000000525,94855,2014-04-02 03:28:41,credit_card,success,NONE,206.49,USD,mobile,215,883
PAY000000526,BKG000000526,33076,2014-12-13 15:36:56,paypal,success,NONE,338.16,USD,desktop,66,8820
PAY000000527,BKG000000527,321245,2013-10-28 19:14:13,debit_card,success,NONE,421.38,USD,desktop,66,49267
PAY000000528,BKG000000528,608411,2013-08-15 07:38:29,credit_card,success,NONE,123.9,USD,desktop,66,27517
PAY000000529,BKG000000529,399699,2014-07-02 06:38:08,bank_transfer,success,NONE,225.88,USD,desktop,66,11319
PAY000000530,BKG000000530,977093,2014-11-19 15:00:40,credit_card,success,NONE,659.69,USD,desktop,66,26994
PAY000000531,BKG000000531,497748,2013-04-13 13:13:23,debit_card,success,NONE,640.36,USD,desktop,215,8260
PAY000000532,BKG000000532,207519,2013-09-24 16:07:17,credit_card,success,NONE,1172.29,EUR,desktop,3,23462
PAY000000533,BKG000000533,599817,2014-12-27 11:35:59,debit_card,success,NONE,401.46,USD,mobile,66,8235
PAY000000534,BKG000000534,114773,2014-03-02 15:48:07,credit_card,success,NONE,598.57,EUR,desktop,194,8282
PAY000000535,BKG000000535,923001,2013-07-22 20:18:30,debit_card,success,NONE,1290.38,USD,desktop,66,17520
PAY000000536,BKG000000536,905,2014-07-29 21:08:57,credit_card,success,NONE,149.29,USD,desktop,66,64627
PAY000000537,BKG000000537,877979,2014-11-04 14:59:01,bank_transfer,success,NONE,1628.99,USD,desktop,66,8270
PAY000000538,BKG000000538,675588,2013-07-16 22:42:36,credit_card,success,NONE,238.36,USD,desktop,66,8278
PAY000000539,BKG000000539,1027141,2014-11-03 21:17:08,debit_card,success,NONE,308.63,USD,desktop,66,12193
PAY000000540,BKG000000540,1071428,2013-02-23 00:01:51,apple_pay,success,NONE,613.44,USD,desktop,52,8798
PAY000000541,BKG000000541,1059537,2014-08-15 13:32:55,paypal,success,NONE,741.05,USD,desktop,69,11643
PAY000000542,BKG000000542,1098291,2014-12-10 12:53:50,debit_card,success,NONE,149.86,GBP,desktop,77,8253
PAY000000543,BKG000000543,618820,2014-12-26 20:51:09,debit_card,success,NONE,319.01,USD,desktop,66,8260
PAY000000544,BKG000000544,313500,2013-10-31 21:52:52,credit_card,success,NONE,343.11,USD,desktop,205,27186
PAY000000545,BKG000000545,635718,2014-12-09 19:20:10,bank_transfer,success,NONE,243.51,USD,desktop,69,19035
PAY000000546,BKG000000546,1030430,2013-07-13 12:44:32,credit_card,failed,CARD_DECLINED,249.38,USD,desktop,205,22076
PAY000000547,BKG000000547,215004,2014-06-28 16:56:05,paypal,success,NONE,299.4,USD,desktop,68,19941
PAY000000548,BKG000000548,973877,2014-10-22 15:58:29,debit_card,success,NONE,152.06,USD,desktop,154,61413
PAY000000549,BKG000000549,449750,2014-09-05 00:48:07,google_pay,success,NONE,327.31,USD,desktop,66,8812
PAY000000550,BKG000000550,1150236,2014-08-18 17:08:11,paypal,success,NONE,283.3,USD,desktop,215,1630
PAY000000551,BKG000000551,995947,2013-03-08 11:08:29,bank_transfer,success,NONE,416.24,USD,desktop,66,1435
PAY000000552,BKG000000552,483550,2014-07-31 11:14:15,bank_transfer,success,NONE,136.27,USD,desktop,205,25949
PAY000000553,BKG000000553,13288,2013-07-02 03:37:03,debit_card,success,NONE,141.61,EUR,desktop,3,20117
PAY000000554,BKG000000554,701527,2014-07-08 07:23:33,google_pay,success,NONE,235.39,USD,desktop,66,27279
PAY000000555,BKG000000555,129142,2013-10-10 02:21:46,bank_transfer,success,NONE,183.91,USD,desktop,66,8250
PAY000000556,BKG000000556,49796,2013-11-05 16:29:38,debit_card,success,NONE,346.54,EUR,desktop,119,8242
PAY000000557,BKG000000557,186197,2014-03-23 12:29:45,debit_card,success,NONE,689.67,USD,mobile,162,8225
PAY000000558,BKG000000558,444692,2014-08-25 20:04:25,debit_card,success,NONE,442.95,EUR,desktop,3,8220
PAY000000559,BKG000000559,979578,2014-02-16 20:17:54,credit_card,success,NONE,208.09,GBP,desktop,195,20278
PAY000000560,BKG000000560,406119,2014-01-20 19:48:53,debit_card,success,NONE,244.18,USD,desktop,66,8279
PAY000000561,BKG000000561,762266,2014-05-13 12:40:23,credit_card,success,NONE,185.19,USD,desktop,205,1901
PAY000000562,BKG000000562,597743,2014-10-14 16:16:11,credit_card,success,NONE,159.66,USD,desktop,66,26023
PAY000000563,BKG000000563,212186,2013-09-29 14:00:12,credit_card,success,NONE,1034.9,USD,desktop,66,8260
PAY000000564,BKG000000564,994741,2014-01-21 13:58:23,bank_transfer,success,NONE,182.39,USD,desktop,133,51776
PAY000000565,BKG000000565,438241,2014-06-27 22:56:00,apple_pay,success,NONE,360.32,USD,desktop,66,8746
PAY000000566,BKG000000566,505425,2014-10-21 09:37:48,google_pay,success,NONE,458.37,USD,desktop,66,26943
PAY000000567,BKG000000567,3193,2013-02-04 12:46:20,credit_card,success,NONE,418.85,USD,desktop,69,27076
PAY000000568,BKG000000568,703742,2014-07-25 00:27:35,debit_card,success,NONE,294.93,USD,desktop,66,8250
PAY000000569,BKG000000569,1080935,2014-09-30 17:43:45,bank_transfer,success,NONE,776.35,USD,desktop,66,11853
PAY000000570,BKG000000570,484629,2013-06-23 12:16:11,credit_card,success,NONE,773.46,USD,desktop,66,19548
PAY000000571,BKG000000571,169313,2014-08-22 02:06:55,debit_card,success,NONE,243.94,USD,desktop,66,8291
PAY000000572,BKG000000572,219469,2014-10-28 19:12:40,credit_card,success,NONE,1471.54,USD,desktop,205,8250
PAY000000573,BKG000000573,799573,2014-05-20 22:37:21,credit_card,success,NONE,475.65,USD,desktop,205,8258
PAY000000574,BKG000000574,333037,2014-11-29 19:26:12,credit_card,failed,AUTH_TIMEOUT,257.92,USD,mobile,66,26152
PAY000000575,BKG000000575,1016424,2014-09-30 12:50:31,apple_pay,success,NONE,185.46,USD,desktop,66,27699
PAY000000576,BKG000000576,243095,2014-06-14 01:36:39,credit_card,success,NONE,554.17,USD,desktop,66,26414
PAY000000577,BKG000000577,732246,2014-10-22 17:52:21,debit_card,success,NONE,235.12,USD,desktop,1,21098
PAY000000578,BKG000000578,402780,2014-05-14 22:21:20,credit_card,success,NONE,252.52,USD,desktop,66,11977
PAY000000579,BKG000000579,361319,2014-08-10 22:38:18,credit_card,success,NONE,330.18,USD,mobile,119,8242
PAY000000580,BKG000000580,152903,2014-09-05 11:13:47,debit_card,success,NONE,214.8,USD,desktop,66,23076
PAY000000581,BKG000000581,190987,2014-08-25 17:41:23,google_pay,success,NONE,392.92,USD,desktop,66,17494
PAY000000582,BKG000000582,1006563,2014-09-02 13:28:07,paypal,success,NONE,148.19,USD,desktop,66,17954
PAY000000583,BKG000000583,856668,2013-01-11 11:23:33,credit_card,success,NONE,313.36,USD,desktop,205,1901
PAY000000584,BKG000000584,976580,2014-07-27 20:32:28,debit_card,success,NONE,855.89,USD,desktop,66,49090
PAY000000585,BKG000000585,859136,2014-01-17 00:55:38,debit_card,success,NONE,504.96,USD,desktop,66,3555
PAY000000586,BKG000000586,802048,2014-10-29 20:34:37,credit_card,success,NONE,207.73,USD,desktop,69,2524
PAY000000587,BKG000000587,133325,2014-01-31 21:03:03,apple_pay,success,NONE,114.25,USD,desktop,66,27279
PAY000000588,BKG000000588,762783,2013-03-24 21:01:57,credit_card,success,NONE,221.01,USD,mobile,205,11360
PAY000000589,BKG000000589,1061200,2014-12-15 15:31:39,debit_card,success,NONE,828.89,EUR,desktop,3,14127
PAY000000590,BKG000000590,427077,2014-03-28 16:01:08,paypal,success,NONE,224.94,USD,desktop,66,8265
PAY000000591,BKG000000591,427077,2014-03-28 14:11:08,bank_transfer,success,NONE,188.02,USD,desktop,66,8265
PAY000000592,BKG000000592,877039,2013-08-15 17:18:55,credit_card,success,NONE,219.67,USD,desktop,66,8243
PAY000000593,BKG000000593,762347,2014-09-14 00:35:43,paypal,success,NONE,510.03,USD,desktop,205,8818
PAY000000594,BKG000000594,78645,2013-03-03 20:59:30,bank_transfer,success,NONE,251.69,USD,desktop,66,8250
PAY000000595,BKG000000595,1197883,2013-12-09 21:48:20,apple_pay,success,NONE,193.84,EUR,desktop,3,8740
PAY000000596,BKG000000596,894435,2014-04-23 01:22:48,paypal,success,NONE,198.66,USD,desktop,66,12239
PAY000000597,BKG000000597,1160450,2013-06-12 19:49:35,apple_pay,success,NONE,376.84,USD,desktop,1,8254
PAY000000598,BKG000000598,611754,2013-01-17 20:06:15,credit_card,success,NONE,790.42,USD,desktop,66,8268
PAY000000599,BKG000000599,611754,2013-01-17 20:11:15,debit_card,success,NONE,644.29,USD,desktop,66,8268
PAY000000600,BKG000000600,709360,2013-07-11 20:34:54,debit_card,success,NONE,2344.85,USD,desktop,66,8267
PAY000000601,BKG000000601,1171755,2014-10-08 23:20:18,credit_card,success,NONE,200.75,USD,mobile,66,8277
PAY000000602,BKG000000602,319596,2014-08-18 20:19:28,bank_transfer,success,NONE,587.26,USD,mobile,66,21645
PAY000000603,BKG000000603,897835,2013-05-19 14:57:31,credit_card,failed,CARD_DECLINED,209.73,USD,desktop,66,8747
PAY000000604,BKG000000604,716626,2014-02-26 21:34:06,google_pay,success,NONE,221.24,USD,desktop,66,8832
PAY000000605,BKG000000605,661089,2013-01-09 16:38:24,credit_card,success,NONE,246.98,USD,desktop,205,27657
PAY000000606,BKG000000606,152089,2014-09-13 15:39:07,paypal,success,NONE,498.68,USD,desktop,66,8811
PAY000000607,BKG000000607,14357,2014-09-08 01:24:49,apple_pay,success,NONE,437.82,USD,desktop,66,8221
PAY000000608,BKG000000608,734279,2013-12-13 15:14:32,credit_card,success,NONE,471.73,USD,desktop,154,11353
PAY000000609,BKG000000609,607763,2014-01-18 12:41:59,paypal,success,NONE,89.18,USD,desktop,231,12280
PAY000000610,BKG000000610,24532,2014-11-12 21:04:40,credit_card,success,NONE,882.41,GBP,mobile,195,46977
PAY000000611,BKG000000611,669426,2014-05-06 11:48:17,credit_card,success,NONE,235.23,USD,desktop,205,41548
PAY000000612,BKG000000612,1180139,2013-10-09 17:35:02,credit_card,success,NONE,235.29,EUR,desktop,3,8745
PAY000000613,BKG000000613,966817,2014-10-02 16:57:45,credit_card,success,NONE,1182.52,USD,desktop,1,8267
PAY000000614,BKG000000614,995660,2014-05-05 20:45:59,paypal,success,NONE,990.2,USD,desktop,66,8230
PAY000000615,BKG000000615,1061382,2014-10-22 15:57:36,credit_card,success,NONE,1184.48,USD,desktop,66,8271
PAY000000616,BKG000000616,29080,2013-08-27 11:40:39,credit_card,failed,CARD_DECLINED,391.39,USD,mobile,66,12603
PAY000000617,BKG000000617,142164,2014-01-27 10:51:37,bank_transfer,success,NONE,324.55,USD,desktop,66,13646
PAY000000618,BKG000000618,1092829,2014-03-27 10:59:19,debit_card,success,NONE,399.44,USD,desktop,66,42609
PAY000000619,BKG000000619,94924,2014-06-19 14:51:08,credit_card,success,NONE,111.28,USD,desktop,66,4907
PAY000000620,BKG000000620,670892,2013-07-03 04:18:20,debit_card,success,NONE,496.46,USD,desktop,194,8819
PAY000000621,BKG000000621,1058357,2013-01-24 09:05:11,credit_card,failed,PAYMENT_PROVIDER_ERROR,121.33,USD,desktop,66,1427
PAY000000622,BKG000000622,484842,2014-06-24 13:37:47,paypal,success,NONE,346.0,USD,desktop,46,8213
PAY000000623,BKG000000623,709774,2014-11-13 12:30:01,debit_card,success,NONE,141.32,USD,desktop,66,12192
PAY000000624,BKG000000624,287968,2013-03-28 20:14:28,credit_card,success,NONE,400.44,USD,mobile,66,27081
PAY000000625,BKG000000625,595543,2013-07-12 13:08:18,apple_pay,success,NONE,143.35,USD,desktop,66,24548
PAY000000626,BKG000000626,1117561,2014-03-14 12:06:30,paypal,success,NONE,305.89,USD,desktop,46,33496
PAY000000627,BKG000000627,1034669,2013-03-09 18:54:06,credit_card,success,NONE,130.94,USD,desktop,205,26412
PAY000000628,BKG000000628,1108661,2013-11-23 11:59:09,credit_card,failed,PAYMENT_PROVIDER_ERROR,142.12,USD,desktop,205,6033
PAY000000629,BKG000000629,1029848,2013-09-28 14:24:38,debit_card,success,NONE,110.6,USD,desktop,66,8254
PAY000000630,BKG000000630,79284,2013-05-07 19:50:35,credit_card,success,NONE,214.39,USD,desktop,69,33354
PAY000000631,BKG000000631,987704,2014-05-08 21:46:15,credit_card,success,NONE,227.42,USD,desktop,66,61702
PAY000000632,BKG000000632,999791,2014-12-23 00:01:39,credit_card,success,NONE,667.37,GBP,desktop,195,23857
PAY000000633,BKG000000633,911864,2014-09-08 09:51:25,credit_card,success,NONE,400.66,USD,desktop,66,11853
PAY000000634,BKG000000634,771721,2014-12-08 11:06:02,credit_card,success,NONE,185.01,USD,desktop,66,25753
PAY000000635,BKG000000635,128513,2013-04-22 20:42:29,credit_card,success,NONE,1556.38,USD,desktop,215,8245
PAY000000636,BKG000000636,165130,2013-07-14 22:30:34,apple_pay,success,NONE,157.32,USD,desktop,66,12010
PAY000000637,BKG000000637,41799,2013-10-10 09:07:12,apple_pay,success,NONE,1875.67,USD,desktop,66,4211
PAY000000638,BKG000000638,675617,2014-07-01 19:07:52,credit_card,success,NONE,211.33,USD,desktop,66,8267
PAY000000639,BKG000000639,11299,2014-07-25 19:20:07,credit_card,success,NONE,278.93,USD,desktop,133,20987
PAY000000640,BKG000000640,31974,2014-06-29 10:18:12,bank_transfer,success,NONE,336.11,USD,mobile,46,8746
PAY000000641,BKG000000641,547568,2014-05-05 16:33:58,debit_card,success,NONE,519.68,USD,desktop,205,8184
PAY000000642,BKG000000642,377635,2013-08-06 10:30:46,credit_card,success,NONE,228.55,USD,mobile,66,5781
PAY000000643,BKG000000643,329190,2013-04-27 09:00:34,google_pay,success,NONE,411.86,USD,desktop,66,16017
PAY000000644,BKG000000644,776498,2014-06-09 17:27:56,credit_card,success,NONE,129.81,USD,desktop,205,11813
PAY000000645,BKG000000645,918411,2014-12-24 13:00:59,paypal,success,NONE,241.58,USD,desktop,66,12267
PAY000000646,BKG000000646,944460,2014-09-16 08:26:33,paypal,success,NONE,510.23,USD,desktop,66,19493
PAY000000647,BKG000000647,539204,2014-04-29 19:32:23,apple_pay,success,NONE,151.06,USD,desktop,205,26022
PAY000000648,BKG000000648,506448,2013-06-02 14:57:28,paypal,success,NONE,160.18,USD,desktop,66,8266
PAY000000649,BKG000000649,1086090,2014-10-24 23:09:51,debit_card,failed,AUTH_TIMEOUT,597.43,USD,desktop,66,8253
PAY000000650,BKG000000650,882464,2014-04-15 10:57:47,debit_card,failed,AUTH_TIMEOUT,355.78,USD,desktop,66,23686
PAY000000651,BKG000000651,579268,2014-04-12 12:31:28,credit_card,failed,AUTH_TIMEOUT,382.09,USD,desktop,205,26980
PAY000000652,BKG000000652,196863,2014-05-07 16:28:38,credit_card,success,NONE,150.71,USD,desktop,66,21472
PAY000000653,BKG000000653,246505,2014-02-11 17:24:52,credit_card,failed,CARD_DECLINED,209.38,USD,desktop,46,8253
PAY000000654,BKG000000654,747165,2014-11-24 12:23:29,google_pay,success,NONE,432.31,USD,desktop,66,8271
PAY000000655,BKG000000655,624744,2014-10-06 18:31:55,credit_card,success,NONE,446.43,USD,desktop,133,28097
PAY000000656,BKG000000656,151696,2014-09-18 13:42:10,google_pay,failed,CARD_DECLINED,108.38,USD,desktop,69,44035
PAY000000657,BKG000000657,371338,2014-01-28 13:21:29,debit_card,success,NONE,117.13,USD,desktop,205,17401
PAY000000658,BKG000000658,91356,2014-04-02 20:22:53,paypal,success,NONE,109.77,USD,desktop,182,8278
PAY000000659,BKG000000659,380196,2014-06-16 14:40:31,debit_card,success,NONE,499.37,USD,desktop,149,8245
PAY000000660,BKG000000660,380196,2014-06-16 15:42:31,credit_card,success,NONE,409.19,USD,desktop,149,8245
PAY000000661,BKG000000661,1090768,2014-11-28 00:11:00,credit_card,success,NONE,238.35,USD,desktop,179,8267
PAY000000662,BKG000000662,708531,2013-02-17 13:43:03,debit_card,success,NONE,1779.58,USD,desktop,66,8747
PAY000000663,BKG000000663,1180250,2014-01-07 15:07:35,debit_card,success,NONE,255.02,EUR,desktop,3,8220
PAY000000664,BKG000000664,806497,2014-03-12 15:23:51,credit_card,success,NONE,497.35,USD,desktop,66,12009
PAY000000665,BKG000000665,868413,2013-06-21 13:28:56,credit_card,success,NONE,169.25,USD,desktop,66,328
PAY000000666,BKG000000666,725189,2014-11-23 14:32:22,google_pay,success,NONE,98.19,USD,desktop,205,22238
PAY000000667,BKG000000667,426312,2014-05-23 14:03:14,credit_card,success,NONE,116.0,USD,desktop,66,26235
PAY000000668,BKG000000668,992563,2014-07-07 13:13:39,credit_card,success,NONE,223.29,USD,desktop,66,21915
PAY000000669,BKG000000669,269618,2014-05-18 22:09:38,debit_card,success,NONE,779.63,USD,desktop,66,30146
PAY000000670,BKG000000670,500787,2014-04-20 15:45:15,debit_card,success,NONE,972.83,USD,mobile,66,8281
PAY000000671,BKG000000671,13417,2014-04-04 12:05:27,credit_card,success,NONE,168.78,USD,desktop,69,8797
PAY000000672,BKG000000672,417019,2013-08-01 16:23:35,credit_card,success,NONE,364.72,USD,desktop,66,7153
PAY000000673,BKG000000673,1001778,2013-08-23 05:47:38,google_pay,failed,INSUFFICIENT_FUNDS,246.91,USD,desktop,205,11922
PAY000000674,BKG000000674,755204,2014-10-15 18:41:08,paypal,success,NONE,166.51,USD,desktop,66,147
PAY000000675,BKG000000675,331592,2014-08-23 18:45:34,paypal,success,NONE,183.22,USD,desktop,66,12856
PAY000000676,BKG000000676,894711,2013-07-20 03:15:55,credit_card,success,NONE,329.45,USD,desktop,69,19945
PAY000000677,BKG000000677,657297,2014-02-01 09:56:01,paypal,success,NONE,157.93,USD,desktop,66,8796
PAY000000678,BKG000000678,162803,2013-09-11 03:28:14,apple_pay,success,NONE,227.69,USD,desktop,48,68
PAY000000679,BKG000000679,1151101,2013-07-26 20:01:44,paypal,success,NONE,128.38,USD,desktop,205,25944
PAY000000680,BKG000000680,1159379,2013-03-04 10:24:04,credit_card,success,NONE,290.13,GBP,desktop,77,20896
PAY000000681,BKG000000681,317646,2014-02-27 09:48:19,paypal,success,NONE,343.81,USD,desktop,66,8254
PAY000000682,BKG000000682,588692,2014-01-12 16:17:24,google_pay,success,NONE,292.34,USD,desktop,205,6292
PAY000000683,BKG000000683,492064,2013-03-02 22:35:21,credit_card,success,NONE,239.67,USD,desktop,69,12707
PAY000000684,BKG000000684,56000,2013-04-09 16:57:18,bank_transfer,success,NONE,209.78,USD,desktop,63,47245
PAY000000685,BKG000000685,398912,2013-05-28 21:15:19,credit_card,success,NONE,195.83,USD,desktop,66,12270
PAY000000686,BKG000000686,706298,2014-11-04 12:03:17,apple_pay,success,NONE,292.18,USD,desktop,66,1278
PAY000000687,BKG000000687,992131,2014-03-10 11:25:02,apple_pay,success,NONE,1051.17,USD,desktop,63,8267
PAY000000688,BKG000000688,1140960,2014-07-08 22:51:12,debit_card,success,NONE,151.1,USD,desktop,66,28637
PAY000000689,BKG000000689,856580,2014-01-13 02:43:16,credit_card,success,NONE,773.31,USD,desktop,26,8803
PAY000000690,BKG000000690,874625,2014-10-11 23:23:50,paypal,success,NONE,199.09,USD,desktop,66,8802
PAY000000691,BKG000000691,295356,2014-10-07 14:07:33,debit_card,success,NONE,242.75,USD,desktop,66,9147
PAY000000692,BKG000000692,598998,2014-10-23 12:54:02,debit_card,success,NONE,512.94,GBP,desktop,195,8812
PAY000000693,BKG000000693,597623,2014-05-17 23:21:17,paypal,success,NONE,908.96,EUR,desktop,50,8282
PAY000000694,BKG000000694,351971,2013-07-09 05:10:31,debit_card,success,NONE,163.94,USD,mobile,66,14265
PAY000000695,BKG000000695,366946,2014-06-16 15:11:42,apple_pay,success,NONE,460.93,USD,mobile,55,8817
PAY000000696,BKG000000696,1104055,2014-11-13 14:50:26,apple_pay,success,NONE,191.26,USD,mobile,66,8266
PAY000000697,BKG000000697,735472,2013-04-08 11:12:10,paypal,failed,CARD_DECLINED,352.03,USD,desktop,66,8230
PAY000000698,BKG000000698,1097880,2014-11-18 02:56:43,debit_card,success,NONE,137.45,USD,desktop,12,8293
PAY000000699,BKG000000699,921624,2014-04-14 21:24:13,google_pay,success,NONE,635.65,USD,desktop,46,8747
PAY000000700,BKG000000700,428069,2014-12-30 20:04:43,credit_card,success,NONE,297.81,USD,desktop,69,8745
PAY000000701,BKG000000701,1088887,2014-06-22 10:05:27,credit_card,success,NONE,205.61,USD,desktop,66,8231
PAY000000702,BKG000000702,552458,2014-11-23 00:14:55,apple_pay,success,NONE,241.43,EUR,desktop,10,41773
PAY000000703,BKG000000703,1148982,2014-04-07 08:54:09,debit_card,success,NONE,455.94,USD,desktop,66,12000
PAY000000704,BKG000000704,828458,2013-04-04 12:33:50,credit_card,failed,PAYMENT_PROVIDER_ERROR,232.54,USD,desktop,0,20736
PAY000000705,BKG000000705,313984,2014-11-09 10:35:49,debit_card,success,NONE,105.86,USD,desktop,66,12812
PAY000000706,BKG000000706,432829,2014-02-05 05:26:05,debit_card,success,NONE,326.4,USD,desktop,93,23718
PAY000000707,BKG000000707,972304,2013-04-22 21:31:03,paypal,success,NONE,773.0,USD,mobile,205,8250
PAY000000708,BKG000000708,537008,2014-03-20 16:14:17,credit_card,success,NONE,474.51,USD,desktop,30,12839
PAY000000709,BKG000000709,717157,2014-10-15 14:18:46,bank_transfer,success,NONE,1458.22,USD,desktop,66,11938
PAY000000710,BKG000000710,717157,2014-10-15 15:32:46,paypal,success,NONE,1733.16,USD,desktop,66,11938
PAY000000711,BKG000000711,488761,2014-04-08 12:13:01,credit_card,success,NONE,95.19,USD,desktop,66,26235
PAY000000712,BKG000000712,592897,2014-08-05 19:36:36,credit_card,success,NONE,533.71,USD,desktop,66,7158
PAY000000713,BKG000000713,1130207,2013-03-01 14:40:50,bank_transfer,success,NONE,210.25,USD,desktop,66,25057
PAY000000714,BKG000000714,860917,2014-07-03 16:18:11,debit_card,success,NONE,180.27,USD,desktop,66,8214
PAY000000715,BKG000000715,104331,2014-10-22 08:12:44,credit_card,success,NONE,443.59,USD,desktop,194,6573
PAY000000716,BKG000000716,213302,2013-07-11 18:23:26,bank_transfer,success,NONE,204.1,USD,desktop,46,8800
PAY000000717,BKG000000717,132988,2013-12-04 17:09:01,credit_card,failed,CARD_DECLINED,1468.22,USD,desktop,205,44220
PAY000000718,BKG000000718,108081,2014-04-28 12:46:47,debit_card,success,NONE,264.0,USD,desktop,66,45093
PAY000000719,BKG000000719,1182373,2013-09-12 10:00:54,credit_card,success,NONE,259.63,EUR,desktop,115,8822
PAY000000720,BKG000000720,913556,2013-09-09 11:07:52,debit_card,success,NONE,251.5,USD,desktop,66,25703
PAY000000721,BKG000000721,750411,2014-10-18 20:46:16,debit_card,success,NONE,986.14,USD,desktop,205,21059
PAY000000722,BKG000000722,631572,2014-04-23 12:33:48,google_pay,success,NONE,406.23,USD,desktop,205,8857
PAY000000723,BKG000000723,285349,2014-10-26 15:28:42,paypal,success,NONE,454.54,USD,mobile,66,8250
PAY000000724,BKG000000724,1012817,2014-03-09 09:26:58,google_pay,success,NONE,1458.11,USD,mobile,179,8791
PAY000000725,BKG000000725,1001896,2014-12-14 20:02:53,credit_card,success,NONE,82.0,GBP,desktop,195,19417
PAY000000726,BKG000000726,545551,2014-08-15 11:22:57,google_pay,success,NONE,267.92,USD,desktop,66,8846
PAY000000727,BKG000000727,722935,2014-05-26 17:04:39,google_pay,success,NONE,749.38,USD,desktop,1,11643
PAY000000728,BKG000000728,1182606,2014-12-01 17:55:41,credit_card,failed,PAYMENT_PROVIDER_ERROR,138.47,USD,mobile,66,13094
PAY000000729,BKG000000729,805875,2014-03-09 19:10:53,credit_card,success,NONE,774.05,USD,desktop,66,11208
PAY000000730,BKG000000730,986909,2013-03-05 08:29:30,credit_card,success,NONE,227.86,USD,desktop,66,12189
PAY000000731,BKG000000731,72431,2014-11-13 21:04:42,credit_card,success,NONE,369.73,USD,desktop,66,11917
PAY000000732,BKG000000732,520209,2013-07-16 14:21:38,credit_card,success,NONE,216.64,USD,desktop,66,4513
PAY000000733,BKG000000733,736972,2013-05-16 11:38:32,credit_card,success,NONE,106.75,USD,desktop,93,12603
PAY000000734,BKG000000734,119253,2013-09-28 13:09:30,paypal,success,NONE,416.59,USD,desktop,66,8277
PAY000000735,BKG000000735,547639,2014-06-06 00:39:03,google_pay,success,NONE,222.28,USD,desktop,66,8271
PAY000000736,BKG000000736,547639,2014-06-05 22:08:03,debit_card,success,NONE,228.68,USD,desktop,66,8271
PAY000000737,BKG000000737,838307,2013-08-28 15:09:52,debit_card,success,NONE,356.95,USD,desktop,191,8290
PAY000000738,BKG000000738,1089145,2014-10-06 10:28:29,credit_card,success,NONE,243.64,USD,desktop,66,26370
PAY000000739,BKG000000739,790909,2014-08-07 15:18:48,apple_pay,success,NONE,500.47,EUR,desktop,3,51776
PAY000000740,BKG000000740,675685,2014-09-24 13:19:27,google_pay,success,NONE,342.9,USD,mobile,205,6209
PAY000000741,BKG000000741,294617,2014-08-02 21:11:52,apple_pay,success,NONE,204.58,USD,desktop,69,226
PAY000000742,BKG000000742,1179746,2014-02-24 00:55:56,credit_card,success,NONE,379.3,EUR,desktop,3,8213
PAY000000743,BKG000000743,516796,2014-06-11 13:53:44,apple_pay,success,NONE,572.61,USD,desktop,66,24471
PAY000000744,BKG000000744,643330,2014-12-17 12:07:25,credit_card,success,NONE,565.55,GBP,desktop,77,8220
PAY000000745,BKG000000745,429867,2013-08-01 15:36:25,paypal,failed,CARD_DECLINED,162.76,USD,desktop,66,438
PAY000000746,BKG000000746,1115378,2014-11-20 21:42:21,credit_card,success,NONE,507.97,USD,desktop,66,8216
PAY000000747,BKG000000747,1173749,2013-03-28 00:46:56,apple_pay,success,NONE,2073.44,EUR,desktop,3,8747
PAY000000748,BKG000000748,627793,2014-01-22 14:26:39,apple_pay,success,NONE,263.33,EUR,desktop,23,1398
PAY000000749,BKG000000749,59167,2013-03-30 20:13:45,debit_card,success,NONE,862.12,USD,desktop,69,33651
PAY000000750,BKG000000750,527148,2014-08-01 03:08:57,paypal,success,NONE,119.97,USD,mobile,69,23507
PAY000000751,BKG000000751,411894,2014-08-28 21:30:46,google_pay,success,NONE,170.87,USD,mobile,66,21082
PAY000000752,BKG000000752,1085230,2014-11-06 18:13:10,debit_card,success,NONE,438.73,USD,desktop,66,8278
PAY000000753,BKG000000753,1056025,2014-03-17 17:26:39,google_pay,success,NONE,565.5,USD,desktop,1,8263
PAY000000754,BKG000000754,815153,2014-07-31 18:53:29,google_pay,success,NONE,958.91,USD,desktop,66,8267
PAY000000755,BKG000000755,466860,2014-04-28 18:04:38,google_pay,failed,INSUFFICIENT_FUNDS,249.97,USD,desktop,69,12209
PAY000000756,BKG000000756,868959,2013-03-22 22:12:57,debit_card,success,NONE,2043.55,USD,mobile,152,13436
PAY000000757,BKG000000757,639328,2014-08-29 14:51:48,apple_pay,success,NONE,83.55,USD,desktop,205,23565
PAY000000758,BKG000000758,1050307,2014-06-28 18:26:56,google_pay,success,NONE,357.54,USD,desktop,66,12602
PAY000000759,BKG000000759,1187284,2013-12-12 00:47:58,credit_card,success,NONE,527.27,EUR,desktop,231,8818
PAY000000760,BKG000000760,206175,2013-03-20 14:33:10,paypal,success,NONE,173.79,USD,desktop,66,27565
PAY000000761,BKG000000761,1064352,2013-07-30 13:19:42,credit_card,success,NONE,574.91,USD,desktop,205,8281
PAY000000762,BKG000000762,264825,2014-02-04 19:42:45,credit_card,success,NONE,122.59,USD,desktop,215,6249
PAY000000763,BKG000000763,484905,2014-03-31 19:18:25,google_pay,success,NONE,230.65,USD,desktop,66,27013
PAY000000764,BKG000000764,82363,2014-07-15 18:28:35,debit_card,success,NONE,238.13,GBP,desktop,77,12181
PAY000000765,BKG000000765,893597,2014-07-24 01:08:15,debit_card,success,NONE,529.24,USD,desktop,66,26987
PAY000000766,BKG000000766,68443,2014-08-21 16:46:55,credit_card,success,NONE,1008.42,USD,desktop,205,8253
PAY000000767,BKG000000767,588984,2014-10-04 15:35:52,paypal,success,NONE,425.52,USD,desktop,66,7635
PAY000000768,BKG000000768,301767,2013-12-31 11:19:44,credit_card,success,NONE,738.49,USD,desktop,66,8250
PAY000000769,BKG000000769,245378,2013-05-23 09:36:58,credit_card,success,NONE,322.42,USD,desktop,66,8262
PAY000000770,BKG000000770,180008,2013-01-10 11:02:00,google_pay,success,NONE,331.28,USD,desktop,66,8235
PAY000000771,BKG000000771,708538,2014-11-20 19:18:05,credit_card,success,NONE,559.68,USD,mobile,66,9927
PAY000000772,BKG000000772,544107,2014-01-11 09:08:46,paypal,success,NONE,122.72,USD,desktop,46,21428
PAY000000773,BKG000000773,594704,2014-11-08 12:45:38,bank_transfer,success,NONE,125.5,USD,mobile,66,12264
PAY000000774,BKG000000774,1018737,2014-04-29 13:10:53,paypal,success,NONE,193.68,USD,desktop,205,12270
PAY000000775,BKG000000775,355760,2014-12-07 16:54:55,debit_card,success,NONE,279.82,USD,desktop,66,22955
PAY000000776,BKG000000776,995947,2014-09-02 15:05:43,apple_pay,success,NONE,234.62,USD,mobile,66,5208
PAY000000777,BKG000000777,605630,2014-03-13 17:42:29,debit_card,success,NONE,1023.21,USD,desktop,66,8273
PAY000000778,BKG000000778,533415,2014-01-17 17:24:50,bank_transfer,success,NONE,217.78,USD,desktop,205,11940
PAY000000779,BKG000000779,825762,2014-02-15 20:51:38,debit_card,success,NONE,507.37,USD,mobile,66,8279
PAY000000780,BKG000000780,1100727,2014-02-14 08:05:04,paypal,success,NONE,274.0,USD,desktop,156,22943
PAY000000781,BKG000000781,266203,2014-12-09 18:45:14,paypal,success,NONE,924.67,USD,mobile,66,54563
PAY000000782,BKG000000782,457732,2014-05-23 22:48:12,credit_card,success,NONE,120.72,USD,desktop,66,62321
PAY000000783,BKG000000783,1060789,2014-05-12 17:50:37,credit_card,success,NONE,522.53,USD,desktop,205,8252
PAY000000784,BKG000000784,1154287,2013-07-19 01:48:36,apple_pay,success,NONE,166.0,EUR,desktop,3,8818
PAY000000785,BKG000000785,251803,2014-08-02 11:49:47,credit_card,success,NONE,144.83,USD,desktop,3,12682
PAY000000786,BKG000000786,530680,2014-07-15 00:53:55,paypal,success,NONE,480.19,USD,desktop,205,5792
PAY000000787,BKG000000787,1132890,2014-10-27 20:03:07,debit_card,success,NONE,90.0,USD,desktop,66,14881
PAY000000788,BKG000000788,223238,2013-04-02 22:08:21,credit_card,success,NONE,315.08,EUR,desktop,3,8282
PAY000000789,BKG000000789,248783,2013-11-19 01:01:08,paypal,success,NONE,231.6,EUR,desktop,3,8279
PAY000000790,BKG000000790,656806,2014-05-27 18:38:04,google_pay,success,NONE,1788.76,USD,desktop,66,1016
PAY000000791,BKG000000791,304538,2013-04-03 08:52:25,credit_card,success,NONE,661.82,USD,desktop,66,17918
PAY000000792,BKG000000792,847921,2013-01-09 14:39:42,debit_card,success,NONE,523.22,USD,desktop,66,25587
PAY000000793,BKG000000793,30155,2013-12-12 03:19:26,credit_card,success,NONE,488.85,USD,desktop,66,8267
PAY000000794,BKG000000794,415320,2013-06-14 09:47:12,credit_card,failed,3DS_FAILED,501.91,USD,desktop,66,8834
PAY000000795,BKG000000795,604327,2013-07-09 15:05:54,debit_card,success,NONE,249.12,USD,desktop,66,14875
PAY000000796,BKG000000796,622497,2014-12-16 21:58:25,paypal,success,NONE,1552.44,GBP,desktop,195,24919
PAY000000797,BKG000000797,839772,2014-03-09 02:38:42,paypal,success,NONE,751.78,USD,desktop,80,24605
PAY000000798,BKG000000798,250817,2014-11-17 00:09:54,bank_transfer,success,NONE,1803.66,USD,desktop,209,12225
PAY000000799,BKG000000799,381479,2014-04-05 14:35:58,credit_card,success,NONE,245.68,USD,desktop,66,8276
PAY000000800,BKG000000800,858962,2014-11-13 10:20:19,debit_card,success,NONE,1179.7,USD,desktop,66,12004
PAY000000801,BKG000000801,340233,2014-10-23 16:07:49,debit_card,failed,3DS_FAILED,160.99,USD,mobile,54,12257
PAY000000802,BKG000000802,183194,2014-09-17 01:31:21,apple_pay,success,NONE,563.27,USD,desktop,66,22428
PAY000000803,BKG000000803,723925,2013-10-11 18:06:40,credit_card,success,NONE,801.15,USD,desktop,69,8224
PAY000000804,BKG000000804,1069344,2014-04-16 20:18:03,credit_card,success,NONE,210.98,EUR,desktop,23,4266
PAY000000805,BKG000000805,1069344,2014-04-16 19:19:03,credit_card,success,NONE,238.56,EUR,desktop,23,4266
PAY000000806,BKG000000806,535401,2014-08-04 21:12:56,google_pay,success,NONE,264.84,USD,desktop,66,8219
PAY000000807,BKG000000807,486379,2014-09-05 14:29:49,google_pay,success,NONE,310.65,USD,desktop,69,21527
PAY000000808,BKG000000808,1008458,2014-08-12 16:41:43,debit_card,success,NONE,156.11,USD,desktop,205,1901
PAY000000809,BKG000000809,163041,2014-05-27 09:46:52,credit_card,success,NONE,135.57,USD,desktop,215,12682
PAY000000810,BKG000000810,791770,2013-02-04 19:44:20,apple_pay,success,NONE,231.51,USD,desktop,66,12603
PAY000000811,BKG000000811,295289,2014-05-23 13:20:27,debit_card,success,NONE,231.95,USD,mobile,66,23590
PAY000000812,BKG000000812,564498,2014-01-26 21:55:32,credit_card,success,NONE,435.14,GBP,desktop,195,15271
PAY000000813,BKG000000813,557216,2014-08-20 19:02:36,google_pay,success,NONE,106.4,USD,mobile,66,8253
PAY000000814,BKG000000814,714896,2014-04-27 08:10:51,credit_card,failed,AUTH_TIMEOUT,277.5,USD,desktop,66,8834
PAY000000815,BKG000000815,105324,2013-03-19 09:23:46,debit_card,success,NONE,368.2,USD,desktop,66,44509
PAY000000816,BKG000000816,877963,2013-12-22 11:58:18,paypal,success,NONE,136.74,USD,desktop,66,34302
PAY000000817,BKG000000817,666572,2013-08-24 16:21:08,debit_card,success,NONE,195.88,USD,mobile,66,12576
PAY000000818,BKG000000818,1144685,2014-03-28 09:29:39,credit_card,success,NONE,211.98,USD,mobile,119,8259
PAY000000819,BKG000000819,868488,2014-09-02 16:28:35,google_pay,failed,AUTH_TIMEOUT,493.31,USD,desktop,205,8745
PAY000000820,BKG000000820,384802,2014-10-06 16:36:01,google_pay,success,NONE,434.18,USD,desktop,66,8250
PAY000000821,BKG000000821,91657,2014-11-24 21:13:50,credit_card,success,NONE,220.34,USD,mobile,215,1114
PAY000000822,BKG000000822,76022,2014-03-27 02:22:21,apple_pay,success,NONE,700.59,USD,desktop,66,18774
PAY000000823,BKG000000823,170166,2014-06-16 14:17:33,credit_card,success,NONE,283.78,USD,desktop,66,3322
PAY000000824,BKG000000824,1009558,2014-11-07 13:47:44,debit_card,success,NONE,126.13,USD,mobile,66,11647
PAY000000825,BKG000000825,1132332,2013-05-09 10:42:50,google_pay,success,NONE,221.2,USD,desktop,80,26400
PAY000000826,BKG000000826,786355,2013-07-14 10:24:15,paypal,success,NONE,789.47,USD,mobile,1,8788
PAY000000827,BKG000000827,680494,2013-08-16 18:37:28,paypal,success,NONE,1068.13,USD,desktop,66,25376
PAY000000828,BKG000000828,2956,2013-06-08 21:39:01,credit_card,success,NONE,196.83,USD,desktop,66,12257
PAY000000829,BKG000000829,737315,2014-04-23 12:11:16,paypal,success,NONE,173.01,USD,desktop,205,14875
PAY000000830,BKG000000830,750048,2014-04-01 13:44:00,credit_card,success,NONE,988.4,USD,desktop,93,28610
PAY000000831,BKG000000831,1170018,2014-04-30 13:21:23,bank_transfer,success,NONE,611.09,EUR,desktop,3,23284
PAY000000832,BKG000000832,695697,2014-09-22 03:56:58,paypal,success,NONE,124.3,USD,desktop,24,40262
PAY000000833,BKG000000833,536032,2014-02-21 07:00:05,credit_card,success,NONE,385.83,EUR,desktop,3,32496
PAY000000834,BKG000000834,762396,2014-08-24 21:07:04,google_pay,failed,INSUFFICIENT_FUNDS,146.52,USD,desktop,66,11358
PAY000000835,BKG000000835,270935,2013-01-09 23:02:33,credit_card,success,NONE,235.96,USD,desktop,66,8809
PAY000000836,BKG000000836,463177,2013-08-31 12:07:30,bank_transfer,success,NONE,227.7,EUR,desktop,3,20327
PAY000000837,BKG000000837,222712,2014-12-11 00:24:19,debit_card,success,NONE,264.19,USD,desktop,66,41549
PAY000000838,BKG000000838,508038,2014-06-22 22:17:37,google_pay,success,NONE,834.46,USD,mobile,66,24695
PAY000000839,BKG000000839,209770,2013-10-25 06:10:25,debit_card,success,NONE,275.21,USD,desktop,133,55208
PAY000000840,BKG000000840,132138,2014-10-30 17:50:49,credit_card,success,NONE,146.8,USD,desktop,66,12149
PAY000000841,BKG000000841,37527,2013-09-02 18:47:49,google_pay,success,NONE,1078.88,USD,mobile,66,28057
PAY000000842,BKG000000842,1162982,2014-11-11 20:32:39,credit_card,success,NONE,265.37,USD,desktop,1,23927
PAY000000843,BKG000000843,1173676,2014-05-29 20:25:47,credit_card,success,NONE,140.54,USD,desktop,66,26987
PAY000000844,BKG000000844,875086,2014-12-19 19:31:57,paypal,success,NONE,254.67,USD,desktop,66,23493
PAY000000845,BKG000000845,528686,2014-10-28 11:51:27,credit_card,success,NONE,110.92,USD,desktop,205,11922
PAY000000846,BKG000000846,178120,2014-03-20 17:31:04,debit_card,success,NONE,418.18,USD,desktop,66,12756
PAY000000847,BKG000000847,1167390,2014-12-13 15:32:17,credit_card,success,NONE,158.3,USD,desktop,46,8224
PAY000000848,BKG000000848,1025109,2014-07-18 19:20:18,credit_card,success,NONE,448.81,USD,desktop,66,13094
PAY000000849,BKG000000849,157201,2013-01-23 21:34:57,apple_pay,success,NONE,209.12,USD,desktop,66,12291
PAY000000850,BKG000000850,47043,2014-12-31 05:37:10,paypal,success,NONE,507.61,USD,mobile,66,11854
PAY000000851,BKG000000851,1159948,2013-11-01 02:27:38,credit_card,success,NONE,152.51,EUR,desktop,3,8246
PAY000000852,BKG000000852,1159948,2013-11-01 01:46:38,bank_transfer,success,NONE,190.61,EUR,desktop,3,8246
PAY000000853,BKG000000853,1013009,2014-10-18 21:23:23,google_pay,success,NONE,163.89,USD,desktop,68,21958
PAY000000854,BKG000000854,952450,2014-01-18 18:57:04,google_pay,success,NONE,295.75,USD,desktop,221,19
PAY000000855,BKG000000855,303838,2014-02-10 13:43:58,debit_card,success,NONE,977.38,USD,desktop,66,5405
PAY000000856,BKG000000856,973355,2013-12-23 15:41:47,credit_card,success,NONE,409.43,USD,desktop,66,8788
PAY000000857,BKG000000857,50661,2013-06-04 13:29:40,paypal,success,NONE,286.93,USD,desktop,66,52980
PAY000000858,BKG000000858,12509,2014-12-18 18:35:46,credit_card,success,NONE,224.63,USD,desktop,66,14846
PAY000000859,BKG000000859,876242,2014-07-04 17:13:17,paypal,success,NONE,570.67,EUR,desktop,23,8744
PAY000000860,BKG000000860,321120,2013-07-24 16:43:53,paypal,success,NONE,116.39,USD,desktop,66,12132
PAY000000861,BKG000000861,321120,2013-07-24 17:10:53,apple_pay,success,NONE,93.45,USD,desktop,66,12132
PAY000000862,BKG000000862,321120,2013-07-24 16:13:53,debit_card,success,NONE,107.42,USD,desktop,66,12132
PAY000000863,BKG000000863,648066,2014-11-09 16:27:57,debit_card,success,NONE,206.31,USD,mobile,66,12757
PAY000000864,BKG000000864,207265,2013-03-26 01:21:22,debit_card,success,NONE,98.54,USD,desktop,69,8253
PAY000000865,BKG000000865,582953,2014-07-29 18:34:50,bank_transfer,success,NONE,261.04,USD,desktop,66,11907
PAY000000866,BKG000000866,466614,2014-03-08 13:38:43,credit_card,success,NONE,200.99,USD,mobile,66,8250
PAY000000867,BKG000000867,136774,2014-07-14 22:26:26,debit_card,success,NONE,505.66,USD,desktop,69,8785
PAY000000868,BKG000000868,76920,2013-01-27 09:34:07,credit_card,success,NONE,255.05,USD,desktop,205,23507
PAY000000869,BKG000000869,1084127,2013-11-18 06:24:36,credit_card,success,NONE,355.65,USD,desktop,95,25643
PAY000000870,BKG000000870,1065708,2014-03-03 19:07:30,google_pay,success,NONE,796.95,GBP,desktop,77,20414
PAY000000871,BKG000000871,474107,2014-03-03 17:34:19,paypal,success,NONE,190.0,USD,desktop,46,8739
PAY000000872,BKG000000872,1154225,2013-01-08 00:49:42,google_pay,success,NONE,420.66,EUR,desktop,3,669
PAY000000873,BKG000000873,1154225,2013-01-08 00:17:42,credit_card,success,NONE,456.07,EUR,desktop,3,669
PAY000000874,BKG000000874,1154225,2013-01-07 22:41:42,google_pay,failed,PAYMENT_PROVIDER_ERROR,430.51,EUR,desktop,3,669
PAY000000875,BKG000000875,751208,2013-11-21 11:21:36,credit_card,success,NONE,594.53,USD,desktop,231,8275
PAY000000876,BKG000000876,428186,2014-03-18 08:28:37,credit_card,success,NONE,454.53,USD,desktop,66,52726
PAY000000877,BKG000000877,127058,2014-07-11 23:57:25,debit_card,success,NONE,1583.91,USD,desktop,66,26424
PAY000000878,BKG000000878,860299,2014-12-10 18:56:33,credit_card,success,NONE,227.2,USD,desktop,46,8800
PAY000000879,BKG000000879,875640,2014-01-12 12:13:28,debit_card,success,NONE,98.28,USD,desktop,205,8798
PAY000000880,BKG000000880,1091361,2014-10-14 10:12:04,credit_card,success,NONE,980.24,USD,desktop,66,12177
PAY000000881,BKG000000881,691867,2013-04-21 16:59:48,paypal,success,NONE,399.9,USD,desktop,205,11752
PAY000000882,BKG000000882,456118,2014-07-01 11:53:46,credit_card,success,NONE,485.17,USD,desktop,205,8788
PAY000000883,BKG000000883,1036266,2014-12-27 08:35:53,credit_card,success,NONE,334.65,USD,mobile,66,51923
PAY000000884,BKG000000884,792408,2013-07-02 17:55:20,credit_card,success,NONE,205.21,USD,desktop,230,12535
PAY000000885,BKG000000885,339644,2014-05-09 16:05:18,credit_card,success,NONE,128.62,USD,desktop,66,29411
PAY000000886,BKG000000886,310170,2013-03-29 23:52:57,paypal,success,NONE,531.27,USD,desktop,66,24822
PAY000000887,BKG000000887,948851,2014-08-10 17:17:58,credit_card,success,NONE,249.13,USD,desktop,66,11907
PAY000000888,BKG000000888,1075940,2013-06-10 14:29:01,debit_card,success,NONE,211.55,USD,desktop,205,11973
PAY000000889,BKG000000889,556420,2013-03-04 22:04:54,credit_card,failed,PAYMENT_PROVIDER_ERROR,266.35,USD,desktop,0,8227
PAY000000890,BKG000000890,41687,2014-03-30 19:01:02,debit_card,success,NONE,777.66,USD,desktop,66,8250
PAY000000891,BKG000000891,964871,2014-07-21 11:29:43,debit_card,success,NONE,423.86,USD,desktop,66,11816
PAY000000892,BKG000000892,891385,2014-07-18 11:33:10,apple_pay,success,NONE,109.97,USD,desktop,66,12603
PAY000000893,BKG000000893,233911,2014-02-28 18:27:48,paypal,success,NONE,263.3,USD,desktop,68,12279
PAY000000894,BKG000000894,414276,2014-04-02 21:38:39,debit_card,failed,AUTH_TIMEOUT,272.88,USD,mobile,205,12257
PAY000000895,BKG000000895,326822,2013-07-20 05:39:35,apple_pay,success,NONE,257.29,USD,desktop,202,11353
PAY000000896,BKG000000896,29479,2014-05-15 13:55:16,debit_card,success,NONE,554.22,USD,desktop,66,3773
PAY000000897,BKG000000897,1144680,2014-12-22 18:57:51,credit_card,success,NONE,1005.25,USD,desktop,62,8279
PAY000000898,BKG000000898,265938,2014-04-09 23:48:13,credit_card,success,NONE,243.26,USD,desktop,66,24185
PAY000000899,BKG000000899,1083595,2014-12-04 01:08:29,credit_card,success,NONE,131.16,USD,desktop,66,25387
PAY000000900,BKG000000900,1176203,2013-04-02 02:20:44,credit_card,failed,PAYMENT_PROVIDER_ERROR,252.27,EUR,desktop,23,8279
PAY000000901,BKG000000901,912524,2014-03-02 20:13:45,debit_card,success,NONE,187.35,USD,desktop,115,40859
PAY000000902,BKG000000902,835728,2013-10-25 10:18:27,credit_card,success,NONE,154.82,USD,desktop,205,25963
PAY000000903,BKG000000903,30012,2014-03-04 21:57:22,google_pay,failed,INSUFFICIENT_FUNDS,1065.75,USD,desktop,66,8824
PAY000000904,BKG000000904,647664,2014-02-06 16:46:53,debit_card,success,NONE,1026.16,USD,desktop,66,24693
PAY000000905,BKG000000905,239170,2014-11-12 10:23:48,google_pay,success,NONE,599.53,USD,desktop,180,8745
PAY000000906,BKG000000906,950388,2014-08-21 00:27:37,apple_pay,failed,PAYMENT_PROVIDER_ERROR,469.56,EUR,desktop,3,19554
PAY000000907,BKG000000907,707793,2014-08-29 14:59:21,credit_card,failed,INSUFFICIENT_FUNDS,919.19,EUR,desktop,3,23682
PAY000000908,BKG000000908,217788,2014-09-09 12:59:48,apple_pay,success,NONE,277.89,USD,desktop,1,8253
PAY000000909,BKG000000909,204797,2014-01-20 08:35:41,debit_card,success,NONE,131.05,USD,desktop,205,25928
PAY000000910,BKG000000910,1075179,2013-03-17 13:38:55,bank_transfer,success,NONE,2208.36,USD,desktop,66,22391
PAY000000911,BKG000000911,88219,2014-10-31 16:18:12,bank_transfer,success,NONE,320.93,USD,desktop,69,8215
PAY000000912,BKG000000912,949844,2013-07-27 14:11:56,paypal,success,NONE,525.6,USD,desktop,66,11939
PAY000000913,BKG000000913,508446,2014-10-27 11:02:28,credit_card,success,NONE,984.91,USD,desktop,63,1152
PAY000000914,BKG000000914,514037,2013-12-08 18:26:04,debit_card,success,NONE,118.93,USD,desktop,215,12264
PAY000000915,BKG000000915,1006943,2014-05-02 10:09:15,google_pay,success,NONE,468.75,USD,desktop,66,8273
PAY000000916,BKG000000916,899770,2014-07-15 16:44:01,credit_card,success,NONE,615.74,USD,desktop,66,12655
PAY000000917,BKG000000917,1043751,2013-02-09 15:43:01,debit_card,success,NONE,586.5,USD,desktop,69,8242
PAY000000918,BKG000000918,1012983,2013-04-28 23:59:25,paypal,success,NONE,1822.5,USD,desktop,68,11816
PAY000000919,BKG000000919,1143188,2014-12-12 17:46:49,google_pay,failed,INSUFFICIENT_FUNDS,785.03,USD,desktop,66,27016
PAY000000920,BKG000000920,519338,2014-12-18 11:10:32,credit_card,success,NONE,461.07,USD,desktop,66,23253
PAY000000921,BKG000000921,238918,2014-07-28 14:43:41,credit_card,success,NONE,141.94,USD,desktop,55,15015
PAY000000922,BKG000000922,1173325,2013-07-20 10:16:10,paypal,success,NONE,749.17,EUR,desktop,3,44045
PAY000000923,BKG000000923,890320,2014-04-28 18:09:07,credit_card,success,NONE,140.85,USD,desktop,66,12453
PAY000000924,BKG000000924,423821,2013-01-15 20:17:30,apple_pay,success,NONE,167.11,USD,desktop,66,1701
PAY000000925,BKG000000925,145558,2014-07-08 20:20:04,credit_card,success,NONE,1605.42,USD,desktop,168,8250
PAY000000926,BKG000000926,1178106,2014-08-09 10:05:24,debit_card,success,NONE,443.74,USD,desktop,103,12603
PAY000000927,BKG000000927,341225,2014-04-01 12:02:04,paypal,success,NONE,2342.7,USD,desktop,66,8268
PAY000000928,BKG000000928,603667,2014-03-20 08:23:07,credit_card,success,NONE,248.74,USD,desktop,66,43054
PAY000000929,BKG000000929,511879,2014-10-04 19:34:30,credit_card,success,NONE,446.18,USD,mobile,66,656
PAY000000930,BKG000000930,379219,2014-09-30 09:12:38,bank_transfer,success,NONE,389.01,USD,desktop,66,12206
PAY000000931,BKG000000931,620692,2014-08-22 15:29:45,google_pay,success,NONE,367.69,USD,desktop,66,23477
PAY000000932,BKG000000932,601722,2014-04-03 11:06:43,debit_card,success,NONE,101.92,USD,desktop,66,11928
PAY000000933,BKG000000933,126304,2014-06-26 17:53:00,paypal,success,NONE,219.85,USD,desktop,66,26358
PAY000000934,BKG000000934,149419,2014-03-14 09:57:49,bank_transfer,success,NONE,458.28,USD,desktop,66,8260
PAY000000935,BKG000000935,185301,2014-08-31 12:29:07,bank_transfer,success,NONE,294.85,USD,mobile,66,8243
PAY000000936,BKG000000936,341919,2014-11-19 14:25:39,credit_card,success,NONE,218.27,USD,desktop,66,11821
PAY000000937,BKG000000937,364589,2014-01-30 00:31:19,debit_card,success,NONE,299.78,USD,mobile,66,12225
PAY000000938,BKG000000938,271386,2014-08-18 20:57:47,debit_card,success,NONE,132.07,USD,desktop,3,1493
PAY000000939,BKG000000939,327870,2014-01-14 16:58:15,credit_card,success,NONE,218.76,USD,desktop,66,3072
PAY000000940,BKG000000940,1170441,2014-07-12 19:03:49,debit_card,success,NONE,369.06,USD,desktop,66,597
PAY000000941,BKG000000941,1032922,2013-12-17 09:15:29,paypal,success,NONE,294.72,USD,desktop,66,8250
PAY000000942,BKG000000942,616190,2014-12-25 20:51:51,apple_pay,success,NONE,444.49,USD,desktop,66,8279
PAY000000943,BKG000000943,439424,2014-04-17 22:08:11,debit_card,success,NONE,82.0,USD,desktop,66,44976
PAY000000944,BKG000000944,226340,2013-08-14 21:54:37,apple_pay,success,NONE,303.3,USD,desktop,66,6581
PAY000000945,BKG000000945,499966,2013-11-29 20:18:57,credit_card,success,NONE,1082.86,USD,desktop,205,8260
PAY000000946,BKG000000946,1015928,2014-07-09 18:29:50,debit_card,success,NONE,507.29,GBP,desktop,195,8279
PAY000000947,BKG000000947,90792,2014-07-05 17:05:23,debit_card,success,NONE,332.72,USD,desktop,69,8351
PAY000000948,BKG000000948,618582,2014-12-12 12:27:42,credit_card,success,NONE,507.28,USD,desktop,1,8213
PAY000000949,BKG000000949,1104107,2014-12-25 08:23:35,debit_card,success,NONE,443.45,USD,desktop,66,17520
PAY000000950,BKG000000950,1123306,2014-11-21 11:19:51,credit_card,success,NONE,166.08,USD,desktop,69,8741
PAY000000951,BKG000000951,80274,2014-11-16 14:06:35,apple_pay,success,NONE,517.12,USD,desktop,66,8233
PAY000000952,BKG000000952,705898,2013-01-31 10:49:45,debit_card,success,NONE,1230.77,USD,desktop,215,14882
PAY000000953,BKG000000953,843449,2014-08-14 22:39:50,google_pay,success,NONE,441.92,USD,desktop,66,8260
PAY000000954,BKG000000954,669663,2013-01-09 07:54:14,debit_card,success,NONE,172.53,USD,desktop,63,22907
PAY000000955,BKG000000955,747456,2014-12-07 23:05:08,paypal,success,NONE,222.09,USD,desktop,205,22869
PAY000000956,BKG000000956,452402,2014-11-20 12:47:27,debit_card,success,NONE,171.26,USD,desktop,66,11987
PAY000000957,BKG000000957,189870,2014-10-03 10:45:02,credit_card,success,NONE,420.18,USD,desktop,66,5821
PAY000000958,BKG000000958,127190,2014-11-07 11:46:29,credit_card,success,NONE,497.44,GBP,desktop,77,41544
PAY000000959,BKG000000959,498194,2014-08-16 13:41:42,bank_transfer,success,NONE,327.07,USD,desktop,66,8743
PAY000000960,BKG000000960,1135018,2013-04-02 13:11:14,credit_card,success,NONE,428.39,USD,desktop,66,8281
PAY000000961,BKG000000961,167716,2013-08-13 07:47:40,credit_card,success,NONE,227.93,USD,mobile,63,20987
PAY000000962,BKG000000962,79961,2014-05-06 11:34:03,paypal,success,NONE,1069.43,USD,desktop,66,4791
PAY000000963,BKG000000963,399827,2014-04-04 20:29:43,credit_card,success,NONE,2662.36,USD,desktop,69,8268
PAY000000964,BKG000000964,71089,2013-09-25 04:03:45,paypal,success,NONE,420.36,USD,desktop,155,46372
PAY000000965,BKG000000965,672711,2014-07-19 12:44:38,debit_card,failed,AUTH_TIMEOUT,393.39,USD,desktop,182,4592
PAY000000966,BKG000000966,920061,2014-07-23 14:53:56,credit_card,success,NONE,211.31,USD,desktop,66,27448
PAY000000967,BKG000000967,249725,2013-09-26 19:12:56,credit_card,success,NONE,205.66,USD,mobile,66,8237
PAY000000968,BKG000000968,800751,2014-05-04 11:56:10,debit_card,success,NONE,154.54,USD,mobile,205,25946
PAY000000969,BKG000000969,259792,2014-05-20 15:26:36,debit_card,success,NONE,187.07,USD,desktop,66,12562
PAY000000970,BKG000000970,304745,2014-10-19 01:35:49,credit_card,success,NONE,301.91,USD,desktop,66,24287
PAY000000971,BKG000000971,775902,2014-11-06 16:26:41,bank_transfer,success,NONE,434.33,USD,desktop,205,8230
PAY000000972,BKG000000972,389857,2014-05-09 13:54:11,credit_card,success,NONE,150.12,USD,desktop,66,23682
PAY000000973,BKG000000973,139305,2014-02-23 23:04:44,bank_transfer,success,NONE,552.09,USD,desktop,66,11319
PAY000000974,BKG000000974,219870,2014-10-27 14:33:37,paypal,success,NONE,167.09,EUR,desktop,150,8220
PAY000000975,BKG000000975,588385,2014-06-26 10:00:53,paypal,success,NONE,119.67,USD,desktop,66,13222
PAY000000976,BKG000000976,100258,2013-09-26 12:17:27,credit_card,success,NONE,576.41,USD,desktop,66,18055
PAY000000977,BKG000000977,371464,2014-01-22 19:27:52,debit_card,success,NONE,169.62,USD,desktop,70,663
PAY000000978,BKG000000978,310928,2013-02-15 01:14:43,credit_card,failed,AUTH_TIMEOUT,2130.34,USD,desktop,69,468
PAY000000979,BKG000000979,53892,2014-08-30 09:21:56,debit_card,success,NONE,487.38,USD,desktop,66,12208
PAY000000980,BKG000000980,141009,2014-11-28 22:30:39,apple_pay,success,NONE,235.87,USD,desktop,205,9766
PAY000000981,BKG000000981,537130,2014-03-03 18:07:14,credit_card,success,NONE,449.72,USD,desktop,66,24603
PAY000000982,BKG000000982,154628,2014-10-08 11:54:42,credit_card,success,NONE,218.8,USD,desktop,66,8250
PAY000000983,BKG000000983,845426,2014-03-09 10:09:21,paypal,success,NONE,222.54,USD,mobile,66,11337
PAY000000984,BKG000000984,585088,2014-12-26 11:53:05,google_pay,failed,PAYMENT_PROVIDER_ERROR,225.93,USD,desktop,66,12332
PAY000000985,BKG000000985,431856,2014-06-02 06:42:38,debit_card,failed,3DS_FAILED,231.19,USD,desktop,66,55587
PAY000000986,BKG000000986,1039047,2014-12-21 14:19:03,credit_card,success,NONE,132.89,USD,desktop,66,25611
PAY000000987,BKG000000987,2712,2013-07-29 14:54:14,debit_card,success,NONE,185.07,USD,desktop,66,19535
PAY000000988,BKG000000988,1194778,2014-09-11 22:28:24,credit_card,success,NONE,454.21,EUR,desktop,3,1398
PAY000000989,BKG000000989,492284,2013-07-30 21:16:20,credit_card,success,NONE,273.27,USD,desktop,66,12178
PAY000000990,BKG000000990,831582,2013-08-22 12:34:53,debit_card,failed,3DS_FAILED,466.1,USD,desktop,66,11353
PAY000000991,BKG000000991,1135525,2014-07-23 17:41:42,debit_card,success,NONE,233.59,USD,desktop,66,7635
PAY000000992,BKG000000992,440271,2014-09-24 13:05:54,google_pay,success,NONE,133.85,USD,desktop,66,24
PAY000000993,BKG000000993,881383,2013-10-12 22:39:57,debit_card,success,NONE,134.68,USD,mobile,66,11924
PAY000000994,BKG000000994,703873,2014-11-24 19:27:35,google_pay,success,NONE,613.99,USD,desktop,66,11439
PAY000000995,BKG000000995,440255,2013-05-13 12:00:19,bank_transfer,failed,PAYMENT_PROVIDER_ERROR,95.54,USD,desktop,66,12217
PAY000000996,BKG000000996,172055,2014-11-05 12:05:27,debit_card,success,NONE,820.76,USD,desktop,66,8267
PAY000000997,BKG000000997,806310,2013-09-01 17:27:50,debit_card,success,NONE,97.52,USD,desktop,231,8741
PAY000000998,BKG000000998,1140877,2014-06-02 17:30:06,google_pay,success,NONE,463.54,USD,desktop,66,8222
PAY000000999,BKG000000999,277305,2013-06-12 01:12:34,credit_card,success,NONE,222.6,USD,desktop,66,12393
PAY000001000,BKG000001000,69939,2013-09-24 07:01:00,credit_card,failed,3DS_FAILED,292.81,USD,desktop,205,1863
PAY000001001,BKG000001001,736678,2013-04-29 21:29:59,google_pay,success,NONE,461.73,USD,desktop,205,25954
PAY000001002,BKG000001002,103143,2014-09-29 14:31:54,credit_card,success,NONE,256.93,GBP,desktop,77,8279
PAY000001003,BKG000001003,1096767,2013-08-24 19:26:15,bank_transfer,success,NONE,257.63,USD,desktop,66,12150
PAY000001004,BKG000001004,984357,2013-05-04 12:10:58,credit_card,success,NONE,149.52,USD,desktop,3,12856
PAY000001005,BKG000001005,227535,2014-12-15 18:57:37,credit_card,success,NONE,377.58,USD,desktop,66,25805
PAY000001006,BKG000001006,1042564,2014-09-16 00:07:59,google_pay,success,NONE,2855.13,USD,desktop,69,448
PAY000001007,BKG000001007,47644,2013-08-25 14:04:48,debit_card,success,NONE,1238.6,USD,desktop,66,25082
PAY000001008,BKG000001008,457545,2014-08-09 01:05:54,debit_card,success,NONE,200.73,USD,mobile,69,3404
PAY000001009,BKG000001009,869925,2014-05-04 14:09:08,bank_transfer,success,NONE,221.99,USD,desktop,66,12281
PAY000001010,BKG000001010,1061700,2014-08-12 06:31:24,credit_card,success,NONE,984.35,USD,desktop,28,12206
PAY000001011,BKG000001011,1192576,2014-12-23 14:25:44,credit_card,success,NONE,225.86,USD,desktop,66,584
PAY000001012,BKG000001012,293724,2014-07-18 17:27:22,apple_pay,success,NONE,421.12,USD,desktop,69,8289
PAY000001013,BKG000001013,1105403,2014-09-29 13:28:28,paypal,success,NONE,225.93,USD,desktop,215,8791
PAY000001014,BKG000001014,150506,2014-02-17 07:52:25,credit_card,success,NONE,220.77,USD,desktop,69,23018
PAY000001015,BKG000001015,534924,2014-01-30 22:35:20,paypal,success,NONE,465.14,USD,mobile,66,27475
PAY000001016,BKG000001016,1144881,2014-08-21 12:46:00,debit_card,success,NONE,163.24,USD,desktop,66,41743
PAY000001017,BKG000001017,366740,2014-10-15 11:14:16,credit_card,success,NONE,208.34,USD,desktop,228,18483
PAY000001018,BKG000001018,650843,2014-06-21 22:42:24,apple_pay,success,NONE,596.02,USD,desktop,162,8220
PAY000001019,BKG000001019,639433,2013-10-25 07:00:15,debit_card,failed,3DS_FAILED,213.82,USD,desktop,46,12857
PAY000001020,BKG000001020,456767,2013-06-29 14:24:13,apple_pay,success,NONE,235.49,USD,desktop,69,12402
PAY000001021,BKG000001021,591021,2013-08-21 20:21:14,credit_card,success,NONE,235.49,USD,desktop,66,21645
PAY000001022,BKG000001022,992948,2013-02-02 14:21:59,paypal,success,NONE,1874.66,EUR,desktop,23,8267
PAY000001023,BKG000001023,1048070,2014-12-09 20:07:25,apple_pay,success,NONE,149.82,USD,desktop,215,21361
PAY000001024,BKG000001024,793754,2013-12-31 11:10:59,paypal,success,NONE,603.16,USD,desktop,66,8230
PAY000001025,BKG000001025,387144,2013-12-20 03:35:18,paypal,success,NONE,327.9,USD,desktop,63,8823
PAY000001026,BKG000001026,337483,2014-03-14 14:56:42,paypal,success,NONE,589.77,USD,desktop,179,32144
PAY000001027,BKG000001027,581170,2013-02-08 08:40:05,bank_transfer,success,NONE,256.73,USD,desktop,66,589
PAY000001028,BKG000001028,67141,2014-08-25 23:45:13,credit_card,success,NONE,207.73,USD,desktop,66,25743
PAY000001029,BKG000001029,1090788,2014-08-20 15:09:43,paypal,success,NONE,969.93,USD,desktop,69,23048
PAY000001030,BKG000001030,40382,2013-02-26 17:16:16,credit_card,success,NONE,230.04,USD,desktop,66,12654
PAY000001031,BKG000001031,548175,2013-06-29 08:35:11,debit_card,success,NONE,284.42,USD,desktop,66,12268
PAY000001032,BKG000001032,275256,2014-06-01 04:24:31,apple_pay,success,NONE,248.94,USD,desktop,66,51340
PAY000001033,BKG000001033,601104,2013-12-29 09:12:02,bank_transfer,success,NONE,601.92,USD,desktop,23,8859
PAY000001034,BKG000001034,4262,2014-12-29 23:47:35,debit_card,success,NONE,102.86,USD,mobile,66,3478
PAY000001035,BKG000001035,131499,2013-09-03 11:38:11,credit_card,failed,CARD_DECLINED,642.85,USD,desktop,66,12193
PAY000001036,BKG000001036,863019,2014-01-14 06:22:52,credit_card,success,NONE,621.0,USD,desktop,66,8788
PAY000001037,BKG000001037,113500,2014-05-31 18:52:15,debit_card,success,NONE,376.94,USD,desktop,66,11569
PAY000001038,BKG000001038,1068130,2014-10-16 09:40:57,debit_card,success,NONE,117.25,USD,desktop,103,12603
PAY000001039,BKG000001039,1000800,2014-11-21 21:28:03,credit_card,success,NONE,245.42,USD,desktop,215,22116
PAY000001040,BKG000001040,687866,2013-04-28 17:31:41,credit_card,success,NONE,592.87,USD,desktop,66,24555
PAY000001041,BKG000001041,972270,2014-03-27 22:51:45,bank_transfer,success,NONE,296.53,USD,desktop,214,11676
PAY000001042,BKG000001042,158227,2013-07-15 15:19:02,debit_card,success,NONE,97.75,USD,desktop,66,57571
PAY000001043,BKG000001043,1126080,2014-12-07 17:18:01,apple_pay,success,NONE,219.04,USD,desktop,66,8223
PAY000001044,BKG000001044,71912,2014-12-10 13:45:40,bank_transfer,success,NONE,147.29,USD,desktop,205,8818
PAY000001045,BKG000001045,838647,2013-02-10 09:19:08,debit_card,success,NONE,163.25,USD,desktop,66,8288
PAY000001046,BKG000001046,600635,2014-09-03 22:08:37,paypal,success,NONE,595.88,USD,desktop,66,8832
PAY000001047,BKG000001047,1060276,2013-11-18 12:42:13,credit_card,success,NONE,170.91,USD,desktop,66,1114
PAY000001048,BKG000001048,710133,2013-04-11 09:46:27,credit_card,success,NONE,179.38,USD,desktop,3,8822
PAY000001049,BKG000001049,101210,2014-01-11 20:53:01,credit_card,success,NONE,155.56,USD,desktop,66,25012
PAY000001050,BKG000001050,1154494,2014-03-17 08:09:06,debit_card,success,NONE,176.13,EUR,desktop,3,23386
PAY000001051,BKG000001051,1189235,2014-01-02 12:14:10,debit_card,success,NONE,1591.5,GBP,desktop,77,8286
PAY000001052,BKG000001052,223083,2014-10-17 16:29:25,apple_pay,success,NONE,2067.73,USD,desktop,66,8223
PAY000001053,BKG000001053,1102718,2013-08-10 10:53:36,paypal,success,NONE,749.18,USD,desktop,66,21961
PAY000001054,BKG000001054,296175,2014-05-27 19:00:48,debit_card,success,NONE,221.71,USD,desktop,66,305
PAY000001055,BKG000001055,693490,2014-10-17 12:54:59,bank_transfer,success,NONE,100.39,USD,desktop,205,8278
PAY000001056,BKG000001056,838647,2014-05-12 18:47:06,apple_pay,success,NONE,240.28,USD,desktop,66,8279
PAY000001057,BKG000001057,979580,2014-10-16 23:32:55,bank_transfer,success,NONE,290.72,USD,desktop,1,23853
PAY000001058,BKG000001058,630799,2014-08-20 17:22:10,bank_transfer,success,NONE,216.13,USD,desktop,66,8272
PAY000001059,BKG000001059,43949,2014-12-22 15:32:50,bank_transfer,success,NONE,490.76,USD,desktop,1,23716
PAY000001060,BKG000001060,727161,2013-08-14 20:12:38,credit_card,success,NONE,151.32,USD,desktop,66,25302
PAY000001061,BKG000001061,277758,2014-09-17 06:50:40,paypal,success,NONE,130.17,USD,desktop,66,40926
PAY000001062,BKG000001062,71012,2014-08-22 14:11:13,credit_card,success,NONE,754.86,EUR,desktop,3,8819
PAY000001063,BKG000001063,928222,2014-01-08 17:57:06,credit_card,failed,CARD_DECLINED,194.41,USD,desktop,66,8695
PAY000001064,BKG000001064,1022803,2014-01-21 13:59:07,paypal,success,NONE,184.49,USD,mobile,117,1532
PAY000001065,BKG000001065,168857,2013-01-25 02:27:48,credit_card,success,NONE,189.79,USD,desktop,66,11835
PAY000001066,BKG000001066,526840,2013-07-02 11:32:22,debit_card,success,NONE,688.67,USD,desktop,93,8743
PAY000001067,BKG000001067,574202,2014-03-28 21:39:54,credit_card,success,NONE,124.74,USD,desktop,66,8221
PAY000001068,BKG000001068,813102,2014-08-14 14:28:21,google_pay,success,NONE,117.8,USD,desktop,205,8287
PAY000001069,BKG000001069,153002,2014-08-09 00:29:13,credit_card,failed,INSUFFICIENT_FUNDS,1009.79,USD,desktop,66,8284
PAY000001070,BKG000001070,646548,2014-08-13 20:10:28,debit_card,success,NONE,406.76,USD,desktop,205,49589
PAY000001071,BKG000001071,1178227,2014-07-23 21:41:21,credit_card,success,NONE,579.71,USD,desktop,66,8268
PAY000001072,BKG000001072,92245,2014-06-16 17:52:03,paypal,success,NONE,220.77,USD,desktop,69,12293
PAY000001073,BKG000001073,782780,2014-03-02 12:35:50,credit_card,success,NONE,463.03,USD,desktop,205,17805
PAY000001074,BKG000001074,444922,2013-11-18 11:39:51,debit_card,failed,CARD_DECLINED,515.66,EUR,desktop,3,8220
PAY000001075,BKG000001075,979630,2013-08-05 18:03:15,debit_card,success,NONE,399.57,GBP,desktop,195,12244
PAY000001076,BKG000001076,563311,2014-03-12 09:00:59,credit_card,success,NONE,318.72,USD,desktop,68,53533
PAY000001077,BKG000001077,1085390,2014-09-18 09:44:14,paypal,success,NONE,427.73,USD,desktop,66,44604
PAY000001078,BKG000001078,1186192,2014-12-23 10:46:38,debit_card,success,NONE,148.34,EUR,desktop,3,9541
PAY000001079,BKG000001079,404098,2014-06-27 19:39:05,debit_card,failed,INSUFFICIENT_FUNDS,296.18,USD,mobile,66,51340
PAY000001080,BKG000001080,1105418,2014-04-01 10:25:53,bank_transfer,failed,CARD_DECLINED,170.35,USD,desktop,66,12280
PAY000001081,BKG000001081,656251,2014-09-16 22:02:36,credit_card,success,NONE,621.31,USD,desktop,66,8279
PAY000001082,BKG000001082,545041,2013-06-10 23:46:02,bank_transfer,success,NONE,356.13,USD,desktop,66,8279
PAY000001083,BKG000001083,786601,2013-09-25 17:59:32,debit_card,success,NONE,327.8,USD,desktop,66,8745
PAY000001084,BKG000001084,1154505,2014-03-12 10:00:13,debit_card,success,NONE,202.17,EUR,mobile,1,8253
PAY000001085,BKG000001085,408117,2013-09-23 08:55:36,google_pay,success,NONE,316.52,USD,desktop,54,8745
PAY000001086,BKG000001086,813659,2013-07-12 08:13:06,bank_transfer,success,NONE,166.39,USD,desktop,66,28514
PAY000001087,BKG000001087,1085228,2014-08-28 18:10:02,debit_card,success,NONE,883.48,USD,desktop,66,44045
PAY000001088,BKG000001088,899217,2014-06-10 20:59:04,google_pay,success,NONE,575.78,USD,desktop,66,946
PAY000001089,BKG000001089,1059302,2013-01-07 13:51:48,credit_card,success,NONE,610.04,USD,desktop,66,11334
PAY000001090,BKG000001090,161833,2014-06-22 19:08:47,paypal,success,NONE,476.27,USD,desktop,66,24860
PAY000001091,BKG000001091,943268,2014-05-13 00:08:24,google_pay,success,NONE,197.29,USD,mobile,66,565
PAY000001092,BKG000001092,813865,2014-01-05 17:55:48,bank_transfer,success,NONE,167.33,USD,desktop,66,41544
PAY000001093,BKG000001093,533595,2014-11-20 11:33:42,credit_card,success,NONE,306.81,USD,mobile,66,8266
PAY000001094,BKG000001094,463265,2014-04-15 13:36:53,bank_transfer,success,NONE,177.42,USD,desktop,66,12262
PAY000001095,BKG000001095,249398,2013-11-27 10:38:17,credit_card,success,NONE,484.04,USD,desktop,80,468
PAY000001096,BKG000001096,607912,2013-09-13 17:07:51,credit_card,success,NONE,258.48,USD,desktop,66,61531
PAY000001097,BKG000001097,1152911,2014-09-26 20:31:47,credit_card,success,NONE,109.35,USD,desktop,1,13307
PAY000001098,BKG000001098,475165,2014-07-12 12:25:48,credit_card,failed,INSUFFICIENT_FUNDS,530.02,USD,desktop,66,47669
PAY000001099,BKG000001099,328802,2013-09-19 15:09:44,credit_card,success,NONE,131.41,USD,desktop,205,1905
PAY000001100,BKG000001100,195121,2014-05-01 22:58:29,debit_card,success,NONE,240.74,USD,desktop,123,5630
PAY000001101,BKG000001101,258710,2014-08-17 13:25:27,credit_card,success,NONE,150.6,USD,desktop,66,8283
PAY000001102,BKG000001102,1058178,2014-08-26 10:40:55,apple_pay,success,NONE,228.17,USD,desktop,230,12225
PAY000001103,BKG000001103,800028,2014-04-02 10:08:45,credit_card,success,NONE,239.03,USD,desktop,66,5835
PAY000001104,BKG000001104,487964,2014-11-04 09:04:53,credit_card,success,NONE,469.34,USD,desktop,205,12544
PAY000001105,BKG000001105,986646,2014-01-13 14:09:33,apple_pay,success,NONE,388.96,USD,desktop,154,14804
PAY000001106,BKG000001106,243626,2014-11-25 18:59:55,debit_card,success,NONE,282.04,USD,desktop,66,11929
PAY000001107,BKG000001107,472422,2013-05-24 02:44:28,credit_card,success,NONE,111.3,EUR,desktop,3,8220
PAY000001108,BKG000001108,120488,2013-07-01 16:26:40,credit_card,success,NONE,924.79,USD,desktop,66,25121
PAY000001109,BKG000001109,975273,2013-12-11 21:04:48,credit_card,success,NONE,934.48,USD,desktop,215,8787
PAY000001110,BKG000001110,838406,2014-01-08 19:10:25,credit_card,success,NONE,1746.52,USD,mobile,66,8791
PAY000001111,BKG000001111,675876,2014-08-12 18:32:44,debit_card,success,NONE,618.24,USD,desktop,66,14985
PAY000001112,BKG000001112,1048016,2013-08-15 16:49:11,credit_card,success,NONE,156.35,USD,mobile,205,26414
PAY000001113,BKG000001113,10200,2014-07-10 22:15:12,credit_card,success,NONE,1992.92,USD,desktop,85,1773
PAY000001114,BKG000001114,1165469,2014-07-16 19:41:38,debit_card,failed,3DS_FAILED,389.61,USD,desktop,198,46375
PAY000001115,BKG000001115,1062797,2013-11-01 16:52:25,credit_card,success,NONE,314.05,USD,desktop,66,148
PAY000001116,BKG000001116,656508,2014-05-31 23:04:16,bank_transfer,success,NONE,189.57,USD,desktop,66,23413
PAY000001117,BKG000001117,968149,2013-02-26 20:57:13,paypal,success,NONE,125.87,USD,desktop,66,19799
PAY000001118,BKG000001118,953112,2013-12-19 02:05:59,credit_card,success,NONE,237.06,USD,desktop,167,8241
PAY000001119,BKG000001119,498135,2014-12-08 03:56:24,google_pay,success,NONE,106.71,USD,desktop,66,12603
PAY000001120,BKG000001120,463027,2014-05-23 19:54:02,bank_transfer,failed,PAYMENT_PROVIDER_ERROR,817.42,USD,desktop,66,11938
PAY000001121,BKG000001121,603484,2013-04-12 10:48:51,credit_card,success,NONE,261.08,USD,desktop,66,3669
PAY000001122,BKG000001122,832558,2014-07-18 20:27:44,paypal,success,NONE,244.99,USD,desktop,205,11973
PAY000001123,BKG000001123,304547,2014-09-22 08:32:36,debit_card,success,NONE,298.66,USD,desktop,205,2142
PAY000001124,BKG000001124,320475,2013-03-06 18:27:41,credit_card,success,NONE,214.86,USD,desktop,66,12236
PAY000001125,BKG000001125,1116492,2014-10-08 17:24:32,credit_card,success,NONE,231.99,USD,desktop,66,12239
PAY000001126,BKG000001126,889918,2013-02-17 16:27:56,debit_card,success,NONE,679.54,USD,desktop,66,8746
PAY000001127,BKG000001127,39626,2013-08-14 22:48:30,paypal,success,NONE,649.4,USD,desktop,69,8288
PAY000001128,BKG000001128,291668,2014-04-12 21:01:02,bank_transfer,success,NONE,698.89,USD,desktop,1,55649
PAY000001129,BKG000001129,767038,2013-01-28 12:48:54,credit_card,success,NONE,208.8,USD,desktop,66,27228
PAY000001130,BKG000001130,287350,2014-10-09 21:10:16,paypal,success,NONE,658.55,USD,desktop,46,24694
PAY000001131,BKG000001131,1008048,2014-10-10 10:03:08,credit_card,failed,INSUFFICIENT_FUNDS,382.66,USD,desktop,205,8287
PAY000001132,BKG000001132,200199,2013-12-02 12:47:28,debit_card,success,NONE,223.98,USD,desktop,66,12820
PAY000001133,BKG000001133,1072365,2014-05-09 01:11:23,apple_pay,success,NONE,1434.14,USD,desktop,66,26372
PAY000001134,BKG000001134,567541,2014-11-04 21:34:00,paypal,success,NONE,797.18,USD,mobile,66,28585
PAY000001135,BKG000001135,1111299,2014-09-24 17:41:42,credit_card,success,NONE,1367.19,USD,desktop,66,8267
PAY000001136,BKG000001136,628128,2014-05-01 23:50:22,apple_pay,success,NONE,328.1,USD,desktop,66,8250
PAY000001137,BKG000001137,309912,2014-10-08 13:42:22,credit_card,success,NONE,210.28,USD,desktop,205,24406
PAY000001138,BKG000001138,254122,2014-10-24 17:56:52,credit_card,success,NONE,445.17,USD,desktop,1,8213
PAY000001139,BKG000001139,969070,2013-04-19 10:40:10,apple_pay,success,NONE,376.33,GBP,desktop,195,8807
PAY000001140,BKG000001140,638819,2013-09-01 00:34:56,bank_transfer,success,NONE,256.35,USD,mobile,133,20922
PAY000001141,BKG000001141,902365,2014-01-09 09:28:29,apple_pay,failed,3DS_FAILED,688.55,USD,desktop,205,23678
PAY000001142,BKG000001142,752117,2014-07-21 22:53:18,credit_card,success,NONE,403.12,USD,desktop,66,8223
PAY000001143,BKG000001143,546288,2013-04-07 21:17:45,credit_card,success,NONE,260.06,USD,desktop,66,8223
PAY000001144,BKG000001144,414258,2014-09-29 23:48:30,credit_card,success,NONE,655.14,USD,desktop,66,13094
PAY000001145,BKG000001145,788422,2014-07-22 17:16:21,google_pay,success,NONE,161.84,USD,desktop,66,23568
PAY000001146,BKG000001146,488985,2013-06-27 10:06:23,apple_pay,failed,3DS_FAILED,241.43,USD,desktop,66,12014
PAY000001147,BKG000001147,474734,2014-02-10 10:08:50,debit_card,success,NONE,417.99,USD,desktop,205,26141
PAY000001148,BKG000001148,715705,2014-03-10 12:59:36,apple_pay,success,NONE,295.4,USD,desktop,188,8245
PAY000001149,BKG000001149,1005171,2014-06-13 18:45:00,debit_card,success,NONE,229.59,USD,desktop,182,8847
PAY000001150,BKG000001150,755133,2014-07-27 18:27:11,paypal,success,NONE,849.22,USD,desktop,205,25800
PAY000001151,BKG000001151,474744,2014-05-03 18:10:55,credit_card,success,NONE,600.7,USD,desktop,66,25815
PAY000001152,BKG000001152,735235,2014-10-02 17:07:55,debit_card,success,NONE,367.37,USD,desktop,66,4551
PAY000001153,BKG000001153,1122444,2014-06-17 13:50:46,debit_card,failed,INSUFFICIENT_FUNDS,209.09,USD,mobile,215,12509
PAY000001154,BKG000001154,790402,2014-06-08 00:38:34,apple_pay,success,NONE,533.21,USD,desktop,66,8819
PAY000001155,BKG000001155,399227,2013-04-27 14:36:45,debit_card,success,NONE,2251.17,USD,desktop,69,21766
PAY000001156,BKG000001156,423560,2014-12-15 20:52:08,credit_card,success,NONE,234.66,USD,mobile,66,12320
PAY000001157,BKG000001157,132595,2014-10-07 17:13:20,apple_pay,success,NONE,149.95,USD,desktop,205,26023
PAY000001158,BKG000001158,342283,2013-09-17 18:09:56,paypal,success,NONE,231.9,USD,desktop,46,12402
PAY000001159,BKG000001159,561615,2014-12-02 20:42:41,debit_card,failed,AUTH_TIMEOUT,385.74,USD,desktop,205,1901
PAY000001160,BKG000001160,606576,2014-11-19 22:43:20,credit_card,success,NONE,142.68,USD,desktop,66,45317
PAY000001161,BKG000001161,1033242,2014-08-30 18:59:41,credit_card,success,NONE,244.2,USD,desktop,66,24287
PAY000001162,BKG000001162,796802,2014-08-03 21:01:10,google_pay,success,NONE,198.34,USD,desktop,69,23026
PAY000001163,BKG000001163,224797,2014-12-17 20:39:52,credit_card,success,NONE,83.62,EUR,desktop,0,12402
PAY000001164,BKG000001164,60368,2014-12-31 07:14:01,paypal,success,NONE,254.32,USD,desktop,205,12495
PAY000001165,BKG000001165,273842,2014-05-16 08:58:35,credit_card,success,NONE,300.1,USD,desktop,66,5858
PAY000001166,BKG000001166,1130366,2013-08-14 17:33:39,credit_card,success,NONE,190.11,USD,desktop,66,8230
PAY000001167,BKG000001167,1186311,2013-05-21 14:49:59,apple_pay,success,NONE,119.76,USD,desktop,68,19991
PAY000001168,BKG000001168,561960,2014-01-30 11:55:48,debit_card,success,NONE,176.23,USD,desktop,69,12818
PAY000001169,BKG000001169,666719,2013-11-10 11:20:54,credit_card,success,NONE,815.29,USD,mobile,66,243
PAY000001170,BKG000001170,457168,2014-10-24 07:15:06,credit_card,success,NONE,181.63,USD,desktop,66,8287
PAY000001171,BKG000001171,33849,2014-01-13 11:47:39,credit_card,success,NONE,219.06,USD,desktop,1,17886
PAY000001172,BKG000001172,281496,2014-09-08 14:33:01,apple_pay,success,NONE,896.38,USD,desktop,205,25443
PAY000001173,BKG000001173,505252,2014-10-06 20:52:52,debit_card,success,NONE,1564.28,USD,desktop,77,22521
PAY000001174,BKG000001174,550218,2014-05-07 08:23:24,debit_card,failed,INSUFFICIENT_FUNDS,87.07,USD,desktop,66,25670
PAY000001175,BKG000001175,804163,2014-02-01 12:24:16,credit_card,success,NONE,239.72,USD,desktop,205,55518
PAY000001176,BKG000001176,421227,2013-04-28 20:51:30,google_pay,success,NONE,512.54,USD,desktop,66,8257
PAY000001177,BKG000001177,362301,2014-06-24 14:25:17,credit_card,success,NONE,128.56,USD,desktop,48,1198
PAY000001178,BKG000001178,662803,2014-12-08 10:39:58,credit_card,success,NONE,126.09,USD,desktop,66,8218
PAY000001179,BKG000001179,1118231,2013-04-25 00:21:07,paypal,success,NONE,203.09,USD,mobile,66,12494
PAY000001180,BKG000001180,1114896,2014-02-11 08:39:56,debit_card,success,NONE,179.63,USD,desktop,66,59929
PAY000001181,BKG000001181,1147926,2013-01-28 09:58:25,credit_card,success,NONE,890.85,USD,desktop,109,45631
PAY000001182,BKG000001182,1140580,2014-02-15 22:28:59,credit_card,success,NONE,320.47,USD,desktop,205,11569
PAY000001183,BKG000001183,418667,2014-08-31 12:18:18,paypal,success,NONE,341.48,EUR,desktop,167,48861
PAY000001184,BKG000001184,159938,2014-08-05 06:34:33,google_pay,success,NONE,1810.86,USD,mobile,66,958
PAY000001185,BKG000001185,889765,2013-07-29 22:34:52,paypal,success,NONE,256.53,USD,desktop,205,42247
PAY000001186,BKG000001186,811135,2014-08-15 07:32:46,debit_card,success,NONE,198.23,GBP,desktop,77,8225
PAY000001187,BKG000001187,959421,2014-03-18 15:29:54,credit_card,success,NONE,137.47,USD,desktop,205,26022
PAY000001188,BKG000001188,600862,2013-12-06 18:04:59,google_pay,success,NONE,131.26,USD,desktop,66,30210
PAY000001189,BKG000001189,831749,2014-08-25 13:29:25,debit_card,success,NONE,99.26,USD,desktop,66,3072
PAY000001190,BKG000001190,548329,2014-11-04 16:23:47,google_pay,success,NONE,186.1,USD,desktop,66,4492
PAY000001191,BKG000001191,228029,2014-08-20 20:30:42,credit_card,success,NONE,402.23,USD,desktop,68,53533
PAY000001192,BKG000001192,946897,2013-11-11 02:39:06,credit_card,success,NONE,813.18,EUR,desktop,3,8819
PAY000001193,BKG000001193,136678,2014-06-12 16:19:28,debit_card,success,NONE,299.69,USD,desktop,66,44045
PAY000001194,BKG000001194,1090995,2014-02-19 10:19:41,credit_card,success,NONE,495.38,USD,desktop,198,448
PAY000001195,BKG000001195,863552,2014-06-27 20:49:07,apple_pay,success,NONE,240.83,USD,desktop,66,43054
PAY000001196,BKG000001196,207391,2014-06-10 11:33:44,credit_card,success,NONE,194.28,EUR,desktop,3,44141
PAY000001197,BKG000001197,1055438,2013-01-27 20:08:12,bank_transfer,failed,CARD_DECLINED,241.53,USD,desktop,66,23545
PAY000001198,BKG000001198,165040,2014-01-23 19:41:41,debit_card,success,NONE,151.48,USD,desktop,66,8243
PAY000001199,BKG000001199,870766,2014-02-13 18:40:03,credit_card,success,NONE,215.27,USD,desktop,205,8224
PAY000001200,BKG000001200,279037,2014-11-21 14:26:29,credit_card,success,NONE,474.28,USD,desktop,66,8242
PAY000001201,BKG000001201,468066,2014-11-05 07:41:47,paypal,success,NONE,181.93,USD,desktop,66,12823
PAY000001202,BKG000001202,897855,2014-08-02 12:42:00,credit_card,success,NONE,1615.68,USD,desktop,205,8238
PAY000001203,BKG000001203,1052060,2014-12-24 13:22:38,google_pay,success,NONE,203.22,USD,desktop,66,22919
PAY000001204,BKG000001204,767159,2013-03-19 23:38:03,paypal,failed,CARD_DECLINED,180.79,USD,desktop,179,12057
PAY000001205,BKG000001205,1009788,2014-04-25 21:25:01,credit_card,success,NONE,753.3,USD,desktop,66,11835
PAY000001206,BKG000001206,1037470,2013-09-23 17:20:25,paypal,success,NONE,184.15,USD,desktop,66,12528
PAY000001207,BKG000001207,1140904,2014-05-10 00:18:14,paypal,success,NONE,329.74,USD,desktop,66,8291
PAY000001208,BKG000001208,502672,2014-07-09 19:20:12,google_pay,failed,CARD_DECLINED,471.19,USD,desktop,66,8250
PAY000001209,BKG000001209,1152114,2014-10-20 13:11:02,debit_card,success,NONE,118.76,USD,mobile,66,5018
PAY000001210,BKG000001210,874035,2014-02-06 17:32:51,credit_card,success,NONE,103.75,USD,desktop,66,8254
PAY000001211,BKG000001211,538139,2014-09-14 13:45:16,credit_card,success,NONE,174.63,USD,desktop,205,25998
PAY000001212,BKG000001212,861789,2013-11-26 12:35:53,paypal,success,NONE,228.79,USD,desktop,66,8230
PAY000001213,BKG000001213,59444,2014-12-17 23:11:15,google_pay,success,NONE,284.56,USD,desktop,69,8788
PAY000001214,BKG000001214,890697,2014-12-08 15:02:53,credit_card,success,NONE,165.4,USD,desktop,66,12579
PAY000001215,BKG000001215,995565,2014-06-15 16:06:11,debit_card,failed,PAYMENT_PROVIDER_ERROR,219.4,USD,desktop,66,12206
PAY000001216,BKG000001216,1121824,2013-07-25 10:22:45,credit_card,success,NONE,401.79,USD,desktop,71,8250
PAY000001217,BKG000001217,1167364,2014-10-02 17:07:01,credit_card,failed,INSUFFICIENT_FUNDS,628.11,EUR,desktop,3,51654
PAY000001218,BKG000001218,973120,2014-02-11 01:02:20,google_pay,success,NONE,354.09,USD,desktop,69,12314
PAY000001219,BKG000001219,425997,2013-09-02 17:29:36,credit_card,success,NONE,394.07,USD,desktop,205,41137
PAY000001220,BKG000001220,1031970,2013-11-30 05:12:05,google_pay,success,NONE,102.98,USD,desktop,1,8215
PAY000001221,BKG000001221,236889,2014-05-18 07:31:14,debit_card,success,NONE,270.65,USD,mobile,66,8859
PAY000001222,BKG000001222,364270,2013-09-23 14:36:01,credit_card,success,NONE,363.47,USD,desktop,66,8214
PAY000001223,BKG000001223,1030617,2014-12-15 12:16:37,credit_card,success,NONE,174.87,USD,desktop,93,12526
PAY000001224,BKG000001224,699370,2014-11-25 23:48:50,debit_card,success,NONE,562.94,EUR,desktop,10,8822
PAY000001225,BKG000001225,223751,2014-06-13 15:15:46,debit_card,success,NONE,162.89,USD,desktop,66,9541
PAY000001226,BKG000001226,11998,2014-10-08 20:26:01,debit_card,success,NONE,488.39,EUR,desktop,66,12826
PAY000001227,BKG000001227,189132,2013-08-12 14:43:01,credit_card,success,NONE,167.27,USD,desktop,215,486
PAY000001228,BKG000001228,780280,2014-12-04 22:12:51,credit_card,success,NONE,352.38,USD,desktop,66,9145
PAY000001229,BKG000001229,464825,2014-07-03 09:17:13,credit_card,success,NONE,397.01,USD,desktop,148,8791
PAY000001230,BKG000001230,534431,2013-03-30 17:33:02,google_pay,success,NONE,394.62,USD,desktop,231,12175
PAY000001231,BKG000001231,262473,2013-01-22 22:29:26,bank_transfer,success,NONE,613.05,USD,desktop,133,24400
PAY000001232,BKG000001232,209884,2014-06-24 16:06:54,google_pay,success,NONE,311.0,USD,desktop,69,25788
PAY000001233,BKG000001233,915438,2013-03-05 22:04:42,credit_card,success,NONE,204.19,USD,desktop,66,6076
PAY000001234,BKG000001234,166048,2014-06-06 00:26:00,credit_card,success,NONE,525.05,EUR,desktop,70,8242
PAY000001235,BKG000001235,276835,2014-04-24 13:33:25,credit_card,success,NONE,113.31,USD,desktop,66,11373
PAY000001236,BKG000001236,553008,2013-04-06 11:25:47,paypal,success,NONE,227.66,USD,desktop,66,8816
PAY000001237,BKG000001237,553008,2013-04-06 11:00:47,credit_card,success,NONE,223.33,USD,desktop,66,8816
PAY000001238,BKG000001238,596263,2013-05-20 19:08:03,credit_card,success,NONE,104.87,USD,desktop,66,25693
PAY000001239,BKG000001239,166565,2014-02-13 00:02:18,credit_card,success,NONE,937.26,USD,desktop,205,8791
PAY000001240,BKG000001240,1155543,2013-01-16 19:03:57,debit_card,success,NONE,396.83,EUR,desktop,3,8267
PAY000001241,BKG000001241,1143460,2014-09-08 18:04:35,debit_card,success,NONE,238.09,USD,desktop,205,43584
PAY000001242,BKG000001242,999953,2013-02-25 12:23:41,credit_card,success,NONE,291.86,USD,desktop,45,5470
PAY000001243,BKG000001243,43091,2014-11-23 17:30:05,credit_card,success,NONE,529.53,USD,desktop,66,8746
PAY000001244,BKG000001244,582340,2014-11-24 20:39:21,apple_pay,success,NONE,1019.11,USD,desktop,66,530
PAY000001245,BKG000001245,675438,2014-11-25 18:13:17,apple_pay,success,NONE,294.47,USD,desktop,66,8250
PAY000001246,BKG000001246,259999,2014-02-21 02:52:56,credit_card,success,NONE,203.29,USD,desktop,69,8213
PAY000001247,BKG000001247,454066,2013-04-14 09:14:34,credit_card,success,NONE,202.34,USD,desktop,66,7378
PAY000001248,BKG000001248,346927,2014-09-07 13:47:47,credit_card,success,NONE,365.88,USD,desktop,205,21131
PAY000001249,BKG000001249,1143292,2013-12-19 18:46:57,debit_card,success,NONE,794.14,USD,desktop,205,13747
PAY000001250,BKG000001250,1189519,2013-11-18 20:16:01,debit_card,success,NONE,1282.89,EUR,desktop,3,8819
PAY000001251,BKG000001251,770034,2014-11-22 08:51:29,credit_card,success,NONE,433.03,USD,mobile,66,8250
PAY000001252,BKG000001252,978556,2013-03-03 15:43:48,paypal,success,NONE,461.52,USD,desktop,68,18046
PAY000001253,BKG000001253,180485,2014-01-26 02:06:33,bank_transfer,success,NONE,220.1,USD,desktop,66,12826
PAY000001254,BKG000001254,130507,2014-05-01 10:35:43,credit_card,success,NONE,591.64,USD,desktop,66,8259
PAY000001255,BKG000001255,569741,2014-08-18 03:48:46,credit_card,success,NONE,137.47,USD,desktop,231,24946
PAY000001256,BKG000001256,311855,2013-05-16 23:16:15,google_pay,failed,3DS_FAILED,214.54,USD,desktop,66,41918
PAY000001257,BKG000001257,1087951,2014-09-18 07:58:54,credit_card,success,NONE,205.7,USD,desktop,66,12194
PAY000001258,BKG000001258,581005,2014-01-08 18:51:17,credit_card,success,NONE,863.36,USD,desktop,66,12227
PAY000001259,BKG000001259,1066458,2013-12-02 05:34:45,debit_card,success,NONE,424.67,USD,desktop,66,12189
PAY000001260,BKG000001260,153242,2014-03-11 20:25:05,debit_card,success,NONE,817.17,USD,desktop,205,24103
PAY000001261,BKG000001261,927154,2014-09-15 18:01:55,bank_transfer,success,NONE,617.53,USD,desktop,66,468
PAY000001262,BKG000001262,1033747,2013-05-13 09:20:18,google_pay,success,NONE,1030.02,USD,desktop,66,8233
PAY000001263,BKG000001263,124725,2013-08-28 15:21:54,credit_card,success,NONE,350.48,USD,desktop,66,22907
PAY000001264,BKG000001264,504281,2013-12-19 16:33:27,credit_card,success,NONE,236.86,USD,desktop,66,6711
PAY000001265,BKG000001265,815048,2013-09-02 12:39:30,paypal,success,NONE,256.57,USD,desktop,66,11647
PAY000001266,BKG000001266,1122328,2014-05-27 23:41:53,apple_pay,success,NONE,791.66,USD,desktop,69,23868
PAY000001267,BKG000001267,498764,2014-06-04 14:30:34,credit_card,success,NONE,543.73,USD,desktop,66,51186
PAY000001268,BKG000001268,224651,2014-05-29 01:48:56,credit_card,success,NONE,280.4,USD,desktop,1,8802
PAY000001269,BKG000001269,1056437,2014-01-19 19:33:02,credit_card,success,NONE,381.76,USD,desktop,1,8745
PAY000001270,BKG000001270,211136,2014-06-29 22:38:52,credit_card,failed,AUTH_TIMEOUT,85.39,USD,desktop,66,25096
PAY000001271,BKG000001271,966808,2014-03-10 11:26:31,debit_card,failed,CARD_DECLINED,437.72,USD,desktop,149,12705
PAY000001272,BKG000001272,577055,2013-04-05 02:18:47,credit_card,success,NONE,488.09,USD,desktop,66,19542
PAY000001273,BKG000001273,632823,2014-05-23 08:03:35,debit_card,success,NONE,155.82,USD,desktop,205,3896
PAY000001274,BKG000001274,515552,2013-12-08 11:24:32,paypal,failed,CARD_DECLINED,228.5,USD,desktop,66,8267
PAY000001275,BKG000001275,1190755,2013-08-01 19:47:17,credit_card,success,NONE,188.98,USD,desktop,1,12818
PAY000001276,BKG000001276,753802,2014-10-03 03:36:42,paypal,success,NONE,213.35,USD,desktop,62,8806
PAY000001277,BKG000001277,805026,2014-10-16 20:20:40,paypal,success,NONE,235.55,USD,desktop,66,26436
PAY000001278,BKG000001278,680748,2014-12-01 03:03:13,debit_card,success,NONE,204.8,USD,desktop,46,8797
PAY000001279,BKG000001279,531738,2013-08-08 14:56:36,google_pay,success,NONE,693.22,USD,mobile,66,8216
PAY000001280,BKG000001280,245396,2014-06-24 02:14:32,credit_card,success,NONE,134.37,EUR,desktop,3,37368
PAY000001281,BKG000001281,516388,2014-08-22 09:04:03,debit_card,success,NONE,393.06,USD,desktop,66,5362
PAY000001282,BKG000001282,88181,2014-06-01 19:29:09,credit_card,success,NONE,562.97,USD,desktop,69,43130
PAY000001283,BKG000001283,309724,2013-08-10 20:32:09,credit_card,success,NONE,1000.59,USD,desktop,66,8267
PAY000001284,BKG000001284,1092826,2014-06-13 12:20:09,credit_card,success,NONE,882.85,USD,desktop,66,12837
PAY000001285,BKG000001285,766987,2013-04-16 16:22:35,debit_card,success,NONE,201.39,USD,desktop,205,11827
PAY000001286,BKG000001286,246392,2013-08-30 18:43:38,apple_pay,success,NONE,86.76,USD,desktop,69,20153
PAY000001287,BKG000001287,65652,2014-05-25 13:19:11,paypal,success,NONE,175.03,USD,mobile,119,6577
PAY000001288,BKG000001288,423081,2014-09-09 23:12:12,debit_card,success,NONE,422.41,USD,desktop,205,8271
PAY000001289,BKG000001289,492284,2013-06-03 10:10:11,credit_card,success,NONE,148.22,USD,desktop,66,19363
PAY000001290,BKG000001290,731151,2013-05-05 02:22:38,credit_card,success,NONE,426.04,EUR,desktop,70,8819
PAY000001291,BKG000001291,515387,2014-10-02 19:27:59,credit_card,success,NONE,536.0,USD,desktop,69,22715
PAY000001292,BKG000001292,19651,2014-05-06 12:12:17,paypal,success,NONE,116.28,USD,desktop,194,18492
PAY000001293,BKG000001293,142902,2013-10-16 12:21:03,paypal,success,NONE,357.99,USD,desktop,66,22648
PAY000001294,BKG000001294,1007702,2014-05-19 11:52:24,apple_pay,success,NONE,677.98,USD,desktop,66,13769
PAY000001295,BKG000001295,279498,2014-11-13 16:47:30,google_pay,success,NONE,657.86,USD,desktop,66,8279
PAY000001296,BKG000001296,470947,2014-05-06 15:36:52,bank_transfer,failed,CARD_DECLINED,226.25,USD,desktop,46,12699
PAY000001297,BKG000001297,818540,2014-03-04 17:51:36,apple_pay,success,NONE,110.59,USD,desktop,69,23507
PAY000001298,BKG000001298,204926,2014-02-24 14:48:25,google_pay,success,NONE,522.43,USD,desktop,66,12269
PAY000001299,BKG000001299,750136,2014-06-09 22:27:53,google_pay,success,NONE,158.48,USD,desktop,205,6196
PAY000001300,BKG000001300,838800,2014-04-24 15:46:42,debit_card,success,NONE,182.69,USD,desktop,66,12691
PAY000001301,BKG000001301,602738,2014-02-03 13:07:16,credit_card,success,NONE,244.2,USD,desktop,66,12236
PAY000001302,BKG000001302,160733,2014-07-18 11:47:40,credit_card,success,NONE,247.47,USD,desktop,66,106
PAY000001303,BKG000001303,1032733,2013-07-10 23:00:50,credit_card,success,NONE,291.14,USD,desktop,214,8745
PAY000001304,BKG000001304,657111,2014-07-10 14:50:27,debit_card,success,NONE,382.94,USD,desktop,66,8267
PAY000001305,BKG000001305,874975,2014-09-16 18:02:21,bank_transfer,success,NONE,313.44,USD,desktop,66,26885
PAY000001306,BKG000001306,814720,2014-06-30 15:33:54,debit_card,success,NONE,187.59,USD,desktop,66,672
PAY000001307,BKG000001307,1073268,2014-11-13 22:38:10,debit_card,success,NONE,235.58,USD,desktop,66,12495
PAY000001308,BKG000001308,664051,2013-09-10 16:22:31,paypal,success,NONE,429.29,USD,desktop,69,17886
PAY000001309,BKG000001309,1100309,2014-02-28 10:42:31,google_pay,success,NONE,217.63,USD,desktop,3,8818
PAY000001310,BKG000001310,492886,2014-04-27 12:00:06,debit_card,success,NONE,703.4,USD,desktop,66,12175
PAY000001311,BKG000001311,262272,2013-04-12 10:38:19,credit_card,success,NONE,519.75,USD,mobile,66,25736
PAY000001312,BKG000001312,855633,2014-06-10 20:54:46,credit_card,success,NONE,180.62,USD,desktop,66,27567
PAY000001313,BKG000001313,856081,2014-11-10 17:39:48,paypal,success,NONE,221.21,USD,desktop,83,12669
PAY000001314,BKG000001314,836044,2014-12-18 19:36:48,debit_card,failed,CARD_DECLINED,129.95,USD,desktop,66,8746
PAY000001315,BKG000001315,166313,2013-10-03 02:58:01,paypal,success,NONE,1175.65,USD,desktop,3,8819
PAY000001316,BKG000001316,470527,2014-07-16 20:40:56,credit_card,success,NONE,323.44,USD,mobile,66,8283
PAY000001317,BKG000001317,1025975,2014-10-05 14:35:15,credit_card,success,NONE,199.21,USD,desktop,66,8273
PAY000001318,BKG000001318,988467,2013-08-16 13:06:47,paypal,success,NONE,535.61,USD,desktop,66,8250
PAY000001319,BKG000001319,203598,2014-10-16 12:35:39,credit_card,success,NONE,344.14,USD,desktop,66,8278
PAY000001320,BKG000001320,221773,2014-12-08 16:55:05,credit_card,success,NONE,188.67,USD,mobile,66,8243
PAY000001321,BKG000001321,1128760,2014-08-06 19:32:18,credit_card,success,NONE,133.05,USD,desktop,66,601
PAY000001322,BKG000001322,403975,2014-06-29 21:44:40,apple_pay,failed,CARD_DECLINED,250.89,USD,desktop,66,45041
PAY000001323,BKG000001323,1078072,2014-08-16 06:45:00,credit_card,success,NONE,673.33,USD,desktop,66,24492
PAY000001324,BKG000001324,1195963,2014-12-05 05:20:27,google_pay,success,NONE,758.72,EUR,desktop,3,24693
PAY000001325,BKG000001325,864501,2014-06-26 13:19:25,credit_card,success,NONE,337.8,USD,desktop,205,26393
PAY000001326,BKG000001326,1057308,2013-04-21 14:31:08,apple_pay,success,NONE,4653.25,USD,mobile,52,8247
PAY000001327,BKG000001327,298734,2014-03-28 16:08:48,credit_card,success,NONE,197.98,GBP,desktop,77,41544
PAY000001328,BKG000001328,753181,2014-08-27 22:16:18,credit_card,success,NONE,449.37,USD,desktop,66,12227
PAY000001329,BKG000001329,789474,2014-06-26 22:54:14,credit_card,success,NONE,434.11,USD,desktop,205,8788
PAY000001330,BKG000001330,539692,2014-02-15 14:48:47,credit_card,success,NONE,225.51,USD,desktop,66,11835
PAY000001331,BKG000001331,308167,2013-02-02 06:06:47,paypal,success,NONE,286.09,USD,desktop,66,8278
PAY000001332,BKG000001332,1105917,2014-06-29 19:40:31,debit_card,success,NONE,127.62,USD,desktop,154,26023
PAY000001333,BKG000001333,276208,2013-06-04 14:22:44,paypal,success,NONE,361.59,USD,desktop,66,11983
PAY000001334,BKG000001334,498653,2014-02-02 13:32:58,credit_card,success,NONE,644.2,USD,desktop,66,8267
PAY000001335,BKG000001335,944947,2014-12-03 14:36:32,google_pay,success,NONE,569.05,USD,desktop,66,8250
PAY000001336,BKG000001336,343558,2014-12-14 09:05:14,debit_card,success,NONE,266.93,EUR,desktop,3,12246
PAY000001337,BKG000001337,775439,2013-06-19 21:41:19,bank_transfer,failed,PAYMENT_PROVIDER_ERROR,220.88,USD,desktop,205,5950
PAY000001338,BKG000001338,434743,2014-11-12 15:07:57,debit_card,failed,INSUFFICIENT_FUNDS,301.58,USD,desktop,66,27082
PAY000001339,BKG000001339,319094,2013-05-06 10:58:48,paypal,success,NONE,430.08,USD,desktop,66,12615
PAY000001340,BKG000001340,848862,2013-05-13 19:33:32,credit_card,failed,CARD_DECLINED,279.42,USD,desktop,66,8235
PAY000001341,BKG000001341,561189,2013-09-29 19:44:52,credit_card,success,NONE,463.64,USD,desktop,66,24581
PAY000001342,BKG000001342,208921,2014-09-20 13:53:17,google_pay,success,NONE,519.58,EUR,desktop,194,8240
PAY000001343,BKG000001343,46662,2013-07-13 19:04:06,bank_transfer,success,NONE,597.53,USD,desktop,66,5733
PAY000001344,BKG000001344,341943,2013-02-04 12:53:06,debit_card,success,NONE,455.51,USD,desktop,66,23674
PAY000001345,BKG000001345,240258,2013-06-20 09:09:55,debit_card,success,NONE,498.15,USD,desktop,66,8219
PAY000001346,BKG000001346,603732,2014-10-23 08:12:24,bank_transfer,failed,CARD_DECLINED,624.94,USD,desktop,66,8252
PAY000001347,BKG000001347,477296,2014-06-11 06:34:17,debit_card,success,NONE,478.62,USD,desktop,12,18643
PAY000001348,BKG000001348,201368,2013-04-30 19:45:46,bank_transfer,success,NONE,593.27,USD,desktop,66,11939
PAY000001349,BKG000001349,826889,2013-10-24 13:26:51,bank_transfer,success,NONE,382.42,USD,desktop,66,8281
PAY000001350,BKG000001350,704838,2014-06-30 14:56:05,paypal,success,NONE,686.0,USD,desktop,215,8814
PAY000001351,BKG000001351,101465,2014-09-07 11:04:46,bank_transfer,success,NONE,252.16,USD,desktop,66,23693
PAY000001352,BKG000001352,666387,2013-11-10 19:08:55,apple_pay,success,NONE,1141.28,USD,desktop,66,11353
PAY000001353,BKG000001353,241467,2013-05-12 20:25:33,apple_pay,failed,CARD_DECLINED,2597.66,USD,desktop,46,8237
PAY000001354,BKG000001354,163626,2013-04-21 20:09:03,credit_card,success,NONE,1165.31,USD,desktop,66,45327
PAY000001355,BKG000001355,519123,2014-05-17 10:12:14,credit_card,success,NONE,211.78,USD,desktop,66,25733
PAY000001356,BKG000001356,859933,2014-12-07 21:40:36,bank_transfer,failed,PAYMENT_PROVIDER_ERROR,150.26,USD,desktop,205,21788
PAY000001357,BKG000001357,110373,2013-09-23 23:59:23,paypal,success,NONE,220.71,USD,desktop,66,8820
PAY000001358,BKG000001358,942422,2014-07-17 21:16:56,apple_pay,success,NONE,163.99,USD,desktop,66,8243
PAY000001359,BKG000001359,318952,2013-12-09 09:33:05,credit_card,success,NONE,1158.67,USD,desktop,66,20525
PAY000001360,BKG000001360,667951,2014-06-02 01:17:46,debit_card,success,NONE,528.02,EUR,desktop,119,8822
PAY000001361,BKG000001361,873752,2014-03-08 08:52:54,debit_card,success,NONE,238.27,USD,desktop,66,4222
PAY000001362,BKG000001362,896636,2014-06-27 16:29:08,debit_card,success,NONE,118.82,USD,desktop,215,50764
PAY000001363,BKG000001363,102717,2014-09-14 14:19:10,paypal,success,NONE,388.99,USD,desktop,66,712
PAY000001364,BKG000001364,15403,2014-12-05 11:37:05,bank_transfer,failed,AUTH_TIMEOUT,106.7,USD,desktop,66,5857
PAY000001365,BKG000001365,712854,2013-02-18 14:21:03,paypal,success,NONE,256.47,USD,desktop,66,12200
PAY000001366,BKG000001366,712131,2013-12-29 17:49:09,apple_pay,success,NONE,3726.1,USD,desktop,46,602
PAY000001367,BKG000001367,90729,2013-04-27 00:16:19,google_pay,success,NONE,215.4,USD,mobile,19,22795
PAY000001368,BKG000001368,631430,2014-03-24 20:29:30,credit_card,success,NONE,158.24,USD,desktop,66,20328
PAY000001369,BKG000001369,932696,2014-12-14 11:05:52,debit_card,success,NONE,712.56,USD,desktop,71,723
PAY000001370,BKG000001370,562537,2014-04-11 12:04:04,debit_card,success,NONE,125.25,USD,desktop,109,61418
PAY000001371,BKG000001371,496811,2014-12-23 14:12:12,apple_pay,success,NONE,291.61,USD,desktop,66,8788
PAY000001372,BKG000001372,200747,2014-08-07 12:47:55,debit_card,success,NONE,591.34,USD,desktop,66,11569
PAY000001373,BKG000001373,1097570,2014-12-08 06:59:43,paypal,success,NONE,147.34,USD,desktop,66,26980
PAY000001374,BKG000001374,143499,2014-06-22 20:16:14,paypal,success,NONE,496.68,USD,desktop,66,19714
PAY000001375,BKG000001375,664607,2014-09-25 12:53:06,debit_card,success,NONE,465.94,USD,desktop,191,8222
PAY000001376,BKG000001376,1043931,2014-02-22 15:01:18,google_pay,success,NONE,237.98,USD,desktop,66,23430
PAY000001377,BKG000001377,527629,2014-12-01 15:34:54,google_pay,success,NONE,202.51,USD,desktop,66,44363
PAY000001378,BKG000001378,1044461,2014-03-21 12:53:43,credit_card,failed,INSUFFICIENT_FUNDS,206.99,USD,desktop,66,28566
PAY000001379,BKG000001379,660696,2013-09-09 14:03:35,debit_card,success,NONE,238.61,USD,desktop,66,3678
PAY000001380,BKG000001380,1072729,2013-09-26 11:51:06,paypal,failed,CARD_DECLINED,162.89,USD,desktop,235,21383
PAY000001381,BKG000001381,565259,2013-01-26 11:53:05,paypal,success,NONE,591.66,USD,desktop,66,8230
PAY000001382,BKG000001382,1122468,2013-12-10 16:43:27,google_pay,success,NONE,447.52,USD,desktop,66,8271
PAY000001383,BKG000001383,498472,2014-12-24 12:57:46,debit_card,success,NONE,183.41,USD,mobile,66,11835
PAY000001384,BKG000001384,937878,2014-01-28 16:54:36,paypal,success,NONE,736.06,USD,desktop,66,32122
PAY000001385,BKG000001385,406789,2014-12-16 21:12:26,debit_card,success,NONE,204.63,EUR,desktop,3,18077
PAY000001386,BKG000001386,982463,2013-11-15 17:10:47,credit_card,success,NONE,209.79,USD,desktop,1,8224
PAY000001387,BKG000001387,661804,2014-08-27 20:31:55,debit_card,success,NONE,363.45,USD,mobile,3,181
PAY000001388,BKG000001388,285875,2014-04-09 14:55:06,credit_card,success,NONE,193.08,USD,desktop,58,25901
PAY000001389,BKG000001389,1159755,2014-12-11 20:16:51,debit_card,success,NONE,350.35,EUR,desktop,231,8822
PAY000001390,BKG000001390,772401,2014-07-07 21:15:23,bank_transfer,success,NONE,423.86,USD,desktop,66,8273
PAY000001391,BKG000001391,1053293,2014-11-19 10:09:42,credit_card,success,NONE,378.11,USD,desktop,205,20863
PAY000001392,BKG000001392,749160,2014-08-08 17:16:10,debit_card,success,NONE,346.6,USD,desktop,66,12206
PAY000001393,BKG000001393,410584,2014-03-19 16:36:42,paypal,success,NONE,262.01,USD,desktop,205,11850
PAY000001394,BKG000001394,978895,2013-09-02 20:36:33,credit_card,success,NONE,168.82,USD,desktop,66,21824
PAY000001395,BKG000001395,165288,2013-06-27 19:19:48,debit_card,success,NONE,322.72,USD,mobile,66,8254
PAY000001396,BKG000001396,577796,2014-04-24 10:10:32,apple_pay,success,NONE,811.29,USD,desktop,82,8260
PAY000001397,BKG000001397,1168048,2014-10-05 12:42:30,apple_pay,success,NONE,228.24,EUR,desktop,3,41979
PAY000001398,BKG000001398,774190,2014-04-21 13:22:55,credit_card,success,NONE,750.48,USD,desktop,66,41611
PAY000001399,BKG000001399,625829,2013-04-29 21:38:37,debit_card,success,NONE,220.08,USD,desktop,66,140
PAY000001400,BKG000001400,274358,2013-07-05 18:52:38,credit_card,success,NONE,160.01,USD,desktop,66,8235
PAY000001401,BKG000001401,289232,2014-06-01 22:35:58,credit_card,success,NONE,971.39,USD,desktop,66,8260
PAY000001402,BKG000001402,920030,2014-01-27 08:14:51,apple_pay,success,NONE,689.24,USD,desktop,23,8279
PAY000001403,BKG000001403,1196438,2013-02-27 10:41:04,apple_pay,success,NONE,560.16,USD,desktop,66,9066
PAY000001404,BKG000001404,132443,2014-09-02 19:03:54,apple_pay,success,NONE,185.22,USD,mobile,66,6078
PAY000001405,BKG000001405,6239,2013-07-23 03:37:16,credit_card,success,NONE,133.08,EUR,desktop,3,23693
PAY000001406,BKG000001406,358304,2013-07-19 11:57:45,apple_pay,success,NONE,671.26,USD,desktop,205,8250
PAY000001407,BKG000001407,121593,2014-09-16 08:33:13,debit_card,success,NONE,2310.92,USD,desktop,66,12837
PAY000001408,BKG000001408,770778,2014-10-01 05:05:36,paypal,success,NONE,546.65,USD,desktop,66,8268
PAY000001409,BKG000001409,1080559,2014-08-10 22:23:54,credit_card,success,NONE,90.98,USD,desktop,66,13485
PAY000001410,BKG000001410,212367,2014-11-29 10:44:20,credit_card,success,NONE,434.71,USD,mobile,66,8267
PAY000001411,BKG000001411,103530,2013-09-21 10:44:26,credit_card,success,NONE,1684.86,USD,desktop,130,8279
PAY000001412,BKG000001412,1053964,2014-04-09 18:26:18,paypal,failed,CARD_DECLINED,1607.83,USD,desktop,66,8233
PAY000001413,BKG000001413,471378,2014-01-08 17:44:07,paypal,success,NONE,281.89,EUR,desktop,3,8819
PAY000001414,BKG000001414,973911,2014-10-15 15:55:46,bank_transfer,success,NONE,186.48,USD,desktop,66,8278
PAY000001415,BKG000001415,761910,2014-12-08 14:20:55,credit_card,success,NONE,349.17,USD,desktop,66,8859
PAY000001416,BKG000001416,677777,2013-05-14 17:01:13,debit_card,success,NONE,180.28,USD,desktop,66,4998
PAY000001417,BKG000001417,483412,2014-12-14 19:39:56,debit_card,success,NONE,530.96,USD,desktop,205,12270
PAY000001418,BKG000001418,474110,2014-10-21 12:25:24,google_pay,success,NONE,1047.72,EUR,desktop,0,8803
PAY000001419,BKG000001419,853451,2014-07-26 18:14:41,apple_pay,success,NONE,335.96,USD,desktop,66,21648
PAY000001420,BKG000001420,72680,2014-11-09 18:49:27,credit_card,success,NONE,348.63,USD,desktop,66,25315
PAY000001421,BKG000001421,978736,2014-01-04 09:20:31,debit_card,failed,CARD_DECLINED,433.79,USD,desktop,205,8230
PAY000001422,BKG000001422,542050,2014-11-02 07:17:14,credit_card,success,NONE,971.09,USD,desktop,48,8222
PAY000001423,BKG000001423,980653,2014-01-13 18:51:17,credit_card,failed,INSUFFICIENT_FUNDS,1161.97,USD,desktop,66,8279
PAY000001424,BKG000001424,383454,2014-04-12 17:32:52,credit_card,success,NONE,204.75,USD,desktop,66,13010
PAY000001425,BKG000001425,1159350,2014-12-16 00:10:35,credit_card,success,NONE,491.65,EUR,desktop,3,12393
PAY000001426,BKG000001426,819502,2013-10-28 13:17:17,bank_transfer,success,NONE,381.93,USD,desktop,1,8745
PAY000001427,BKG000001427,982937,2014-05-24 12:00:16,debit_card,success,NONE,540.48,USD,desktop,66,8250
PAY000001428,BKG000001428,452111,2014-05-23 01:20:53,credit_card,success,NONE,438.14,USD,desktop,66,12244
PAY000001429,BKG000001429,255674,2013-10-31 20:01:43,debit_card,failed,INSUFFICIENT_FUNDS,274.46,USD,desktop,63,8221
PAY000001430,BKG000001430,827822,2014-10-10 13:54:15,debit_card,success,NONE,106.5,USD,desktop,66,26932
PAY000001431,BKG000001431,682853,2014-12-13 18:52:33,paypal,success,NONE,222.65,USD,desktop,68,8815
PAY000001432,BKG000001432,642370,2014-12-02 09:42:55,debit_card,success,NONE,951.83,USD,desktop,66,27567
PAY000001433,BKG000001433,389150,2014-10-22 00:10:39,bank_transfer,success,NONE,435.48,USD,desktop,69,11643
PAY000001434,BKG000001434,893660,2013-05-02 11:27:55,debit_card,success,NONE,295.98,USD,desktop,66,12390
PAY000001435,BKG000001435,1192675,2014-07-01 23:30:32,credit_card,success,NONE,504.38,GBP,mobile,50,20404
PAY000001436,BKG000001436,967620,2014-12-30 09:31:27,credit_card,success,NONE,484.2,USD,desktop,205,25431
PAY000001437,BKG000001437,353607,2013-12-26 18:00:31,debit_card,success,NONE,105.43,USD,desktop,66,26940
PAY000001438,BKG000001438,260955,2014-05-11 17:46:30,bank_transfer,success,NONE,302.99,USD,mobile,1,8289
PAY000001439,BKG000001439,386618,2014-01-18 14:23:12,apple_pay,success,NONE,644.08,USD,desktop,66,12206
PAY000001440,BKG000001440,386914,2013-02-12 17:43:30,credit_card,success,NONE,147.57,USD,mobile,66,11566
PAY000001441,BKG000001441,500853,2014-07-24 13:18:43,apple_pay,success,NONE,275.64,USD,desktop,66,1685
PAY000001442,BKG000001442,525715,2013-10-09 14:03:19,google_pay,success,NONE,206.22,USD,desktop,66,25132
PAY000001443,BKG000001443,509356,2014-03-07 08:57:01,debit_card,success,NONE,906.89,USD,desktop,66,8808
PAY000001444,BKG000001444,499917,2014-03-09 07:26:14,debit_card,success,NONE,1185.4,USD,desktop,205,12206
PAY000001445,BKG000001445,87987,2014-04-08 16:21:22,credit_card,success,NONE,750.32,USD,desktop,66,26943
PAY000001446,BKG000001446,839882,2014-06-14 00:17:21,apple_pay,success,NONE,764.98,USD,desktop,66,8267
PAY000001447,BKG000001447,220026,2014-03-31 11:04:55,credit_card,success,NONE,633.48,USD,desktop,66,25785
PAY000001448,BKG000001448,452256,2014-04-24 19:27:40,paypal,success,NONE,281.27,EUR,desktop,3,42518
PAY000001449,BKG000001449,511562,2013-09-18 18:12:31,apple_pay,success,NONE,366.35,USD,desktop,205,26227
PAY000001450,BKG000001450,913227,2014-06-21 09:34:22,credit_card,success,NONE,233.86,USD,desktop,66,12332
PAY000001451,BKG000001451,252327,2014-05-06 10:03:38,paypal,success,NONE,80.96,USD,desktop,35,22787
PAY000001452,BKG000001452,473517,2014-07-26 21:57:01,debit_card,failed,CARD_DECLINED,195.3,EUR,desktop,0,20456
PAY000001453,BKG000001453,428338,2013-01-10 21:15:33,paypal,success,NONE,274.33,USD,desktop,231,22456
PAY000001454,BKG000001454,411391,2014-07-02 20:27:39,apple_pay,failed,PAYMENT_PROVIDER_ERROR,1008.29,USD,mobile,66,14808
PAY000001455,BKG000001455,706054,2014-04-20 03:00:23,paypal,success,NONE,427.53,EUR,desktop,3,921
PAY000001456,BKG000001456,116495,2014-06-02 21:03:03,credit_card,failed,PAYMENT_PROVIDER_ERROR,406.04,USD,desktop,66,8250
PAY000001457,BKG000001457,105358,2014-12-07 21:27:33,paypal,success,NONE,813.12,USD,desktop,69,8267
PAY000001458,BKG000001458,558747,2014-04-22 05:21:44,credit_card,success,NONE,415.91,USD,desktop,68,8808
PAY000001459,BKG000001459,746029,2013-04-28 19:44:34,debit_card,success,NONE,1119.02,USD,desktop,69,12206
PAY000001460,BKG000001460,50487,2013-07-23 20:51:57,google_pay,success,NONE,151.01,USD,desktop,66,561
PAY000001461,BKG000001461,694347,2014-11-16 12:47:10,credit_card,success,NONE,114.97,EUR,desktop,3,12501
PAY000001462,BKG000001462,158628,2013-07-24 12:08:36,paypal,success,NONE,617.3,USD,desktop,66,14907
PAY000001463,BKG000001463,826308,2013-07-29 10:27:23,bank_transfer,success,NONE,611.28,USD,mobile,205,7635
PAY000001464,BKG000001464,796244,2013-03-01 12:17:20,credit_card,success,NONE,389.98,USD,desktop,66,8293
PAY000001465,BKG000001465,817145,2013-10-07 03:13:54,apple_pay,failed,PAYMENT_PROVIDER_ERROR,396.7,USD,desktop,66,8255
PAY000001466,BKG000001466,602921,2014-05-24 18:11:31,bank_transfer,success,NONE,635.08,USD,mobile,66,12823
PAY000001467,BKG000001467,579748,2014-05-11 22:01:48,credit_card,failed,PAYMENT_PROVIDER_ERROR,171.69,USD,desktop,50,8256
PAY000001468,BKG000001468,1472,2013-06-01 19:00:34,credit_card,success,NONE,1018.65,EUR,desktop,3,45533
PAY000001469,BKG000001469,619147,2014-09-08 20:41:34,debit_card,success,NONE,734.66,USD,desktop,66,12826
PAY000001470,BKG000001470,1081252,2014-11-14 07:45:20,bank_transfer,success,NONE,1188.75,USD,desktop,66,8747
PAY000001471,BKG000001471,701243,2013-10-20 01:38:10,debit_card,success,NONE,230.05,USD,desktop,12,480
PAY000001472,BKG000001472,1075890,2014-07-31 00:07:46,bank_transfer,success,NONE,372.86,USD,desktop,215,8222
PAY000001473,BKG000001473,1063179,2014-08-19 07:23:25,debit_card,success,NONE,343.34,USD,desktop,66,27703
PAY000001474,BKG000001474,983346,2014-04-04 04:52:45,debit_card,success,NONE,169.89,USD,desktop,231,11815
PAY000001475,BKG000001475,1061475,2014-03-16 17:04:57,credit_card,success,NONE,384.76,USD,desktop,66,23424
PAY000001476,BKG000001476,858347,2013-01-18 06:00:15,credit_card,success,NONE,963.98,USD,mobile,66,8864
PAY000001477,BKG000001477,242224,2014-07-02 17:36:12,credit_card,failed,CARD_DECLINED,520.24,USD,desktop,66,8254
PAY000001478,BKG000001478,1097205,2014-02-22 17:25:57,paypal,success,NONE,688.07,USD,desktop,66,287
PAY000001479,BKG000001479,540875,2013-02-26 15:48:39,debit_card,success,NONE,198.95,USD,desktop,66,12691
PAY000001480,BKG000001480,984462,2014-01-27 11:34:14,apple_pay,success,NONE,345.41,USD,desktop,66,369
PAY000001481,BKG000001481,524987,2013-09-16 16:40:53,credit_card,success,NONE,200.99,USD,desktop,66,12008
PAY000001482,BKG000001482,1160910,2013-10-16 13:39:38,paypal,success,NONE,132.71,USD,desktop,66,24125
PAY000001483,BKG000001483,789569,2013-12-31 11:12:25,google_pay,success,NONE,836.73,USD,desktop,66,7635
PAY000001484,BKG000001484,563376,2014-09-10 00:57:36,credit_card,success,NONE,160.51,USD,desktop,66,8795
PAY000001485,BKG000001485,216096,2014-09-22 11:07:53,credit_card,success,NONE,231.06,USD,desktop,205,1885
PAY000001486,BKG000001486,853099,2014-09-08 15:26:28,google_pay,success,NONE,611.18,USD,desktop,66,22438
PAY000001487,BKG000001487,490920,2014-03-03 15:03:43,debit_card,success,NONE,77.69,USD,desktop,205,8262
PAY000001488,BKG000001488,1071817,2014-02-25 14:31:51,debit_card,success,NONE,128.63,USD,desktop,66,5206
PAY000001489,BKG000001489,1019978,2013-11-05 22:01:47,debit_card,success,NONE,181.76,USD,desktop,133,20223
PAY000001490,BKG000001490,850931,2014-08-08 13:08:53,apple_pay,success,NONE,1467.66,USD,desktop,66,8250
PAY000001491,BKG000001491,573088,2013-02-02 11:37:13,credit_card,success,NONE,333.21,USD,desktop,66,8250
PAY000001492,BKG000001492,753590,2013-04-10 12:03:59,debit_card,success,NONE,1113.67,USD,desktop,66,8791
PAY000001493,BKG000001493,1149232,2013-05-02 20:17:54,debit_card,success,NONE,148.58,USD,mobile,66,8291
PAY000001494,BKG000001494,156416,2013-12-13 14:25:10,credit_card,success,NONE,231.14,USD,desktop,66,25325
PAY000001495,BKG000001495,295969,2014-09-19 14:16:23,credit_card,success,NONE,769.95,USD,desktop,46,60797
PAY000001496,BKG000001496,255729,2014-05-30 21:24:50,bank_transfer,success,NONE,478.67,EUR,desktop,3,669
PAY000001497,BKG000001497,1068287,2014-02-21 11:06:51,debit_card,success,NONE,145.45,USD,mobile,66,28526
PAY000001498,BKG000001498,1081983,2014-10-27 08:01:31,paypal,success,NONE,271.37,USD,desktop,66,28498
PAY000001499,BKG000001499,556605,2014-08-05 21:08:16,debit_card,success,NONE,191.78,USD,desktop,66,17456
PAY000001500,BKG000001500,33938,2014-06-26 20:47:45,debit_card,success,NONE,189.34,USD,mobile,66,15099
PAY000001501,BKG000001501,1153771,2014-08-05 13:18:01,debit_card,success,NONE,335.87,EUR,desktop,3,8822
PAY000001502,BKG000001502,197540,2014-11-13 13:20:13,paypal,success,NONE,244.08,USD,desktop,66,8254
PAY000001503,BKG000001503,983888,2014-11-16 18:26:07,credit_card,failed,CARD_DECLINED,415.16,USD,desktop,69,20228
PAY000001504,BKG000001504,735087,2014-07-29 04:54:36,debit_card,success,NONE,2006.32,USD,desktop,66,12602
PAY000001505,BKG000001505,1149332,2014-06-14 14:43:55,google_pay,success,NONE,389.52,USD,desktop,66,8785
PAY000001506,BKG000001506,1149332,2014-06-14 17:01:55,credit_card,success,NONE,373.23,USD,desktop,66,8785
PAY000001507,BKG000001507,1149332,2014-06-14 15:47:55,bank_transfer,success,NONE,478.64,USD,desktop,66,8785
PAY000001508,BKG000001508,583371,2013-09-29 18:29:27,credit_card,success,NONE,245.18,USD,mobile,66,12225
PAY000001509,BKG000001509,386101,2014-01-25 14:40:30,credit_card,success,NONE,504.57,USD,desktop,69,8238
PAY000001510,BKG000001510,1145742,2014-12-18 00:53:25,bank_transfer,success,NONE,1123.69,USD,desktop,66,8279
PAY000001511,BKG000001511,353074,2014-01-09 01:36:59,credit_card,success,NONE,229.77,USD,desktop,69,8797
PAY000001512,BKG000001512,1049142,2013-08-11 10:57:42,debit_card,success,NONE,189.44,USD,desktop,54,12952
PAY000001513,BKG000001513,437010,2013-06-12 18:07:32,credit_card,success,NONE,295.78,USD,desktop,66,12672
PAY000001514,BKG000001514,30810,2014-04-25 14:58:56,apple_pay,success,NONE,195.69,USD,desktop,66,11997
PAY000001515,BKG000001515,1196566,2014-06-24 10:28:58,paypal,success,NONE,405.75,USD,desktop,66,12239
PAY000001516,BKG000001516,977566,2014-07-11 01:47:20,credit_card,success,NONE,163.17,EUR,mobile,3,8263
PAY000001517,BKG000001517,38822,2014-06-26 19:57:30,bank_transfer,success,NONE,209.6,USD,desktop,66,43678
PAY000001518,BKG000001518,934370,2014-06-27 23:23:23,credit_card,failed,PAYMENT_PROVIDER_ERROR,1439.43,USD,desktop,63,33650
PAY000001519,BKG000001519,198489,2014-04-19 02:49:53,credit_card,success,NONE,247.82,USD,desktop,28,12253
PAY000001520,BKG000001520,632794,2013-01-07 19:12:24,debit_card,success,NONE,956.53,USD,mobile,66,12206
PAY000001521,BKG000001521,762729,2013-05-08 15:40:59,credit_card,success,NONE,218.54,USD,desktop,66,4454
PAY000001522,BKG000001522,892239,2014-09-16 12:06:26,paypal,success,NONE,1028.5,USD,desktop,66,46375
PAY000001523,BKG000001523,296220,2014-02-15 16:30:34,paypal,success,NONE,285.9,USD,desktop,66,28499
PAY000001524,BKG000001524,501447,2014-07-30 15:07:30,bank_transfer,success,NONE,195.25,GBP,desktop,195,46154
PAY000001525,BKG000001525,20856,2013-03-14 12:21:55,paypal,success,NONE,1010.86,USD,desktop,66,12269
PAY000001526,BKG000001526,302185,2013-12-21 21:30:20,credit_card,success,NONE,490.51,USD,mobile,133,23853
PAY000001527,BKG000001527,107278,2013-07-04 16:18:25,apple_pay,success,NONE,262.52,USD,desktop,66,24681
PAY000001528,BKG000001528,660584,2014-08-20 21:22:58,debit_card,success,NONE,513.52,USD,desktop,66,8288
PAY000001529,BKG000001529,623379,2014-09-10 17:02:56,credit_card,success,NONE,317.05,USD,desktop,66,30603
PAY000001530,BKG000001530,588049,2014-10-22 20:30:47,credit_card,success,NONE,502.13,USD,desktop,66,12206
PAY000001531,BKG000001531,633188,2013-03-12 19:58:44,debit_card,success,NONE,505.42,USD,desktop,66,8820
PAY000001532,BKG000001532,464061,2014-08-21 22:28:11,bank_transfer,success,NONE,324.3,USD,desktop,0,41379
PAY000001533,BKG000001533,281054,2013-08-23 07:37:58,credit_card,success,NONE,1086.11,USD,desktop,66,11938
PAY000001534,BKG000001534,971349,2013-05-16 12:27:01,debit_card,success,NONE,650.24,USD,desktop,66,12191
PAY000001535,BKG000001535,68357,2014-08-28 22:29:08,debit_card,success,NONE,582.16,USD,desktop,205,8230
PAY000001536,BKG000001536,402481,2014-04-18 17:42:40,paypal,success,NONE,497.17,USD,desktop,66,23781
PAY000001537,BKG000001537,208688,2014-12-22 15:46:07,paypal,success,NONE,183.65,USD,mobile,66,12189
PAY000001538,BKG000001538,1141049,2014-07-18 08:29:08,paypal,success,NONE,249.44,USD,desktop,205,8267
PAY000001539,BKG000001539,317117,2014-06-30 15:52:10,paypal,success,NONE,218.64,USD,mobile,66,12008
PAY000001540,BKG000001540,618525,2014-03-24 09:45:15,google_pay,success,NONE,82.94,USD,desktop,46,23989
PAY000001541,BKG000001541,394062,2013-07-22 14:04:25,credit_card,success,NONE,174.7,USD,mobile,66,5252
PAY000001542,BKG000001542,802735,2013-03-27 19:15:11,google_pay,success,NONE,1150.49,USD,desktop,66,8824
PAY000001543,BKG000001543,191176,2013-12-31 10:33:57,apple_pay,success,NONE,219.27,USD,desktop,205,44023
PAY000001544,BKG000001544,1136725,2014-11-23 15:31:35,google_pay,success,NONE,231.05,USD,desktop,205,12495
PAY000001545,BKG000001545,173395,2014-01-01 21:19:34,debit_card,success,NONE,188.08,USD,mobile,66,12206
PAY000001546,BKG000001546,954039,2014-11-14 07:42:06,paypal,success,NONE,135.75,USD,desktop,23,8263
PAY000001547,BKG000001547,190194,2013-09-16 11:53:57,credit_card,failed,CARD_DECLINED,564.51,USD,mobile,66,20460
PAY000001548,BKG000001548,565675,2014-02-04 01:18:08,credit_card,success,NONE,802.08,USD,desktop,69,12270
PAY000001549,BKG000001549,90274,2013-11-05 20:49:24,credit_card,success,NONE,104.1,USD,desktop,66,27126
PAY000001550,BKG000001550,974047,2014-11-17 14:24:01,apple_pay,success,NONE,228.06,USD,desktop,66,19491
PAY000001551,BKG000001551,1140776,2014-12-20 13:21:08,credit_card,success,NONE,504.36,USD,desktop,66,44045
PAY000001552,BKG000001552,379124,2013-07-14 16:26:18,paypal,success,NONE,137.53,USD,desktop,66,23825
PAY000001553,BKG000001553,850754,2014-12-22 20:11:06,credit_card,failed,CARD_DECLINED,1246.76,USD,desktop,46,8255
PAY000001554,BKG000001554,850754,2014-12-22 19:30:06,debit_card,success,NONE,1481.12,USD,desktop,46,8255
PAY000001555,BKG000001555,144443,2013-10-24 07:36:41,google_pay,success,NONE,646.54,USD,desktop,23,11998
PAY000001556,BKG000001556,928791,2014-07-07 17:26:19,debit_card,success,NONE,426.12,USD,mobile,66,27466
PAY000001557,BKG000001557,528427,2014-03-18 17:20:43,google_pay,success,NONE,486.32,USD,desktop,66,26991
PAY000001558,BKG000001558,326155,2014-03-24 02:48:41,apple_pay,success,NONE,1293.02,USD,desktop,66,651
PAY000001559,BKG000001559,1196497,2013-08-29 17:05:00,credit_card,success,NONE,603.75,USD,desktop,69,8281
PAY000001560,BKG000001560,591940,2013-06-30 11:18:21,google_pay,success,NONE,803.59,USD,desktop,66,8791
PAY000001561,BKG000001561,597636,2013-06-20 12:50:02,credit_card,success,NONE,218.52,USD,desktop,66,11320
PAY000001562,BKG000001562,39054,2014-01-08 17:35:15,credit_card,success,NONE,121.11,USD,desktop,66,23687
PAY000001563,BKG000001563,193661,2014-10-22 23:57:57,credit_card,success,NONE,756.1,GBP,desktop,77,8282
PAY000001564,BKG000001564,355007,2013-02-12 01:13:36,credit_card,success,NONE,652.76,USD,desktop,66,885
PAY000001565,BKG000001565,162726,2013-08-24 23:44:02,credit_card,success,NONE,427.19,USD,desktop,119,8242
PAY000001566,BKG000001566,1110953,2014-11-14 20:48:31,debit_card,success,NONE,212.37,USD,desktop,131,22881
PAY000001567,BKG000001567,143372,2013-05-17 05:22:43,paypal,success,NONE,1265.04,USD,desktop,115,23741
PAY000001568,BKG000001568,169150,2013-08-30 11:08:41,paypal,success,NONE,241.14,USD,desktop,66,25819
PAY000001569,BKG000001569,253116,2014-08-01 12:10:05,apple_pay,success,NONE,132.04,USD,mobile,63,11085
PAY000001570,BKG000001570,410778,2014-07-22 14:26:03,credit_card,success,NONE,393.98,USD,desktop,66,16971
PAY000001571,BKG000001571,228598,2014-11-25 10:08:00,apple_pay,failed,PAYMENT_PROVIDER_ERROR,353.42,EUR,desktop,133,8250
PAY000001572,BKG000001572,619509,2013-12-23 08:51:59,debit_card,success,NONE,859.47,USD,desktop,66,8502
PAY000001573,BKG000001573,640088,2014-08-25 14:22:47,bank_transfer,success,NONE,172.83,USD,mobile,66,1751
PAY000001574,BKG000001574,772665,2013-02-20 21:33:33,debit_card,success,NONE,1224.1,USD,desktop,66,11359
PAY000001575,BKG000001575,140298,2014-10-30 14:52:06,credit_card,failed,CARD_DECLINED,564.55,USD,desktop,1,21668
PAY000001576,BKG000001576,129257,2014-03-18 21:41:40,credit_card,success,NONE,2038.11,USD,desktop,66,8262
PAY000001577,BKG000001577,235529,2014-06-12 09:48:13,apple_pay,success,NONE,151.34,USD,desktop,205,8746
PAY000001578,BKG000001578,1122085,2014-06-23 20:44:46,apple_pay,success,NONE,252.9,USD,desktop,66,8236
PAY000001579,BKG000001579,1164320,2014-10-14 07:30:25,credit_card,success,NONE,223.2,USD,desktop,66,8231
PAY000001580,BKG000001580,896148,2014-09-21 20:51:56,debit_card,success,NONE,164.7,USD,desktop,215,8790
PAY000001581,BKG000001581,310799,2014-07-31 13:39:56,bank_transfer,success,NONE,143.39,GBP,desktop,195,8282
PAY000001582,BKG000001582,310799,2014-07-31 12:34:56,debit_card,success,NONE,200.25,GBP,desktop,195,8282
PAY000001583,BKG000001583,1009736,2014-11-12 12:03:34,credit_card,success,NONE,1153.59,USD,desktop,66,8244
PAY000001584,BKG000001584,409942,2014-03-03 09:56:43,bank_transfer,failed,CARD_DECLINED,215.86,USD,desktop,66,8223
PAY000001585,BKG000001585,727400,2013-10-16 09:13:15,credit_card,success,NONE,581.17,USD,desktop,205,26022
PAY000001586,BKG000001586,1035053,2014-10-29 15:30:52,google_pay,success,NONE,133.87,USD,desktop,66,27243
PAY000001587,BKG000001587,210616,2014-10-23 16:25:21,debit_card,success,NONE,1175.64,USD,desktop,66,468
PAY000001588,BKG000001588,91231,2014-01-11 16:48:56,credit_card,success,NONE,959.05,USD,desktop,69,18569
PAY000001589,BKG000001589,563864,2013-02-14 11:21:53,debit_card,failed,INSUFFICIENT_FUNDS,281.7,USD,desktop,66,25693
PAY000001590,BKG000001590,87612,2014-03-15 13:47:38,credit_card,success,NONE,255.34,USD,desktop,205,22799
PAY000001591,BKG000001591,1137568,2014-11-18 13:25:26,apple_pay,success,NONE,634.93,USD,desktop,66,8273
PAY000001592,BKG000001592,591597,2013-09-02 19:48:22,debit_card,success,NONE,531.19,USD,mobile,66,25100
PAY000001593,BKG000001593,920153,2014-07-08 11:06:08,debit_card,success,NONE,876.54,USD,desktop,66,28491
PAY000001594,BKG000001594,430894,2014-06-30 14:42:52,debit_card,success,NONE,883.42,USD,desktop,103,8267
PAY000001595,BKG000001595,174044,2014-10-12 23:50:12,paypal,success,NONE,142.06,EUR,desktop,167,46769
PAY000001596,BKG000001596,812567,2013-06-26 16:53:03,credit_card,success,NONE,587.76,USD,desktop,12,8253
PAY000001597,BKG000001597,825955,2014-04-10 23:24:54,credit_card,success,NONE,241.9,USD,desktop,66,25126
PAY000001598,BKG000001598,384533,2014-05-30 02:58:43,debit_card,success,NONE,342.62,USD,desktop,194,24389
PAY000001599,BKG000001599,420686,2014-05-18 12:13:22,debit_card,success,NONE,225.14,USD,desktop,66,28652
PAY000001600,BKG000001600,21759,2013-03-20 15:11:25,debit_card,failed,AUTH_TIMEOUT,229.02,EUR,desktop,3,12843
PAY000001601,BKG000001601,1159371,2014-06-27 15:23:55,google_pay,success,NONE,579.26,USD,desktop,46,25676
PAY000001602,BKG000001602,425189,2014-05-04 15:22:32,paypal,success,NONE,301.88,USD,mobile,66,11360
PAY000001603,BKG000001603,794731,2013-06-04 22:15:40,credit_card,success,NONE,660.19,USD,desktop,205,8267
PAY000001604,BKG000001604,383374,2014-12-01 19:29:52,debit_card,success,NONE,555.4,USD,desktop,218,12439
PAY000001605,BKG000001605,174486,2013-08-06 18:45:32,credit_card,failed,3DS_FAILED,370.32,USD,desktop,66,26501
PAY000001606,BKG000001606,227928,2013-06-15 12:44:39,paypal,success,NONE,408.76,USD,desktop,66,20968
PAY000001607,BKG000001607,904836,2014-12-28 18:03:58,debit_card,success,NONE,178.83,USD,desktop,205,8224
PAY000001608,BKG000001608,92041,2014-04-17 21:25:37,credit_card,success,NONE,121.66,USD,desktop,205,25986
PAY000001609,BKG000001609,1095703,2013-03-13 13:12:51,debit_card,success,NONE,441.46,USD,desktop,66,12576
PAY000001610,BKG000001610,585913,2014-11-22 08:57:00,debit_card,success,NONE,217.34,USD,mobile,130,8251
PAY000001611,BKG000001611,362550,2014-02-01 16:06:36,debit_card,success,NONE,677.43,USD,desktop,66,8790
PAY000001612,BKG000001612,365158,2013-11-28 15:15:54,debit_card,success,NONE,397.77,USD,desktop,214,8261
PAY000001613,BKG000001613,988379,2014-07-24 11:04:37,apple_pay,failed,PAYMENT_PROVIDER_ERROR,1611.83,USD,desktop,66,11735
PAY000001614,BKG000001614,1005027,2014-02-16 21:21:49,debit_card,success,NONE,2262.48,USD,mobile,66,29312
PAY000001615,BKG000001615,288113,2014-05-18 18:31:41,bank_transfer,success,NONE,251.58,EUR,desktop,3,20225
PAY000001616,BKG000001616,992972,2014-12-24 04:12:53,credit_card,success,NONE,119.07,USD,desktop,66,20403
PAY000001617,BKG000001617,358288,2013-08-04 20:12:12,paypal,success,NONE,981.23,USD,desktop,154,11353
PAY000001618,BKG000001618,105058,2014-09-21 21:39:36,credit_card,success,NONE,1625.46,GBP,desktop,77,1725
PAY000001619,BKG000001619,1106860,2014-01-30 12:03:01,google_pay,success,NONE,469.64,USD,desktop,66,8250
PAY000001620,BKG000001620,150642,2014-03-04 19:51:59,apple_pay,success,NONE,224.2,USD,desktop,66,12281
PAY000001621,BKG000001621,417578,2013-05-13 23:04:25,apple_pay,success,NONE,226.5,USD,desktop,66,29898
PAY000001622,BKG000001622,678127,2013-06-22 11:34:36,credit_card,success,NONE,1544.0,USD,desktop,66,9822
PAY000001623,BKG000001623,1128330,2013-02-16 20:53:55,bank_transfer,success,NONE,329.28,USD,desktop,205,25981
PAY000001624,BKG000001624,740871,2014-12-15 08:09:55,credit_card,failed,CARD_DECLINED,289.63,USD,desktop,205,21648
PAY000001625,BKG000001625,556408,2014-01-23 15:43:11,apple_pay,success,NONE,137.44,USD,desktop,66,8254
PAY000001626,BKG000001626,447941,2014-12-19 01:01:57,google_pay,success,NONE,448.15,USD,desktop,46,8290
PAY000001627,BKG000001627,424332,2014-02-28 11:26:22,paypal,success,NONE,393.4,GBP,desktop,66,8281
PAY000001628,BKG000001628,110466,2014-11-24 10:49:54,debit_card,success,NONE,817.96,USD,desktop,66,8279
PAY000001629,BKG000001629,582547,2013-11-08 00:33:33,credit_card,failed,CARD_DECLINED,247.06,USD,desktop,215,12262
PAY000001630,BKG000001630,646918,2013-02-21 11:17:03,apple_pay,success,NONE,402.54,USD,desktop,66,12175
PAY000001631,BKG000001631,680435,2013-08-31 10:30:25,debit_card,success,NONE,210.23,USD,desktop,66,12280
PAY000001632,BKG000001632,1156641,2014-05-10 12:04:05,google_pay,success,NONE,441.68,USD,desktop,66,8260
PAY000001633,BKG000001633,564738,2014-04-16 08:03:55,debit_card,success,NONE,253.0,USD,desktop,66,60827
PAY000001634,BKG000001634,1000574,2013-02-13 20:03:59,credit_card,success,NONE,423.61,USD,desktop,66,8266
PAY000001635,BKG000001635,231403,2014-10-19 10:27:22,bank_transfer,success,NONE,475.98,USD,desktop,66,52237
PAY000001636,BKG000001636,87558,2013-08-12 15:01:28,debit_card,success,NONE,608.9,USD,desktop,66,49090
PAY000001637,BKG000001637,336217,2014-11-15 14:26:26,credit_card,success,NONE,267.03,USD,mobile,66,13094
PAY000001638,BKG000001638,985032,2013-05-04 18:34:49,google_pay,success,NONE,494.78,USD,desktop,230,23402
PAY000001639,BKG000001639,318371,2014-12-18 00:16:53,google_pay,failed,INSUFFICIENT_FUNDS,88.52,USD,desktop,66,24289
PAY000001640,BKG000001640,507675,2014-06-04 15:29:31,paypal,success,NONE,809.58,USD,desktop,198,32298
PAY000001641,BKG000001641,3306,2014-09-16 18:02:16,debit_card,success,NONE,137.99,USD,desktop,69,889
PAY000001642,BKG000001642,542764,2014-08-07 12:51:49,debit_card,success,NONE,249.36,USD,desktop,66,23693
PAY000001643,BKG000001643,756783,2014-07-11 19:43:04,bank_transfer,success,NONE,252.42,USD,desktop,66,11850
PAY000001644,BKG000001644,640534,2013-07-03 14:21:32,credit_card,failed,INSUFFICIENT_FUNDS,577.15,USD,mobile,66,8230
PAY000001645,BKG000001645,1027521,2013-10-07 11:18:06,debit_card,success,NONE,222.48,USD,desktop,168,12251
PAY000001646,BKG000001646,347556,2014-08-13 11:36:28,google_pay,success,NONE,477.02,USD,desktop,66,14797
PAY000001647,BKG000001647,1090361,2013-07-25 08:06:42,paypal,success,NONE,114.71,USD,desktop,66,23507
PAY000001648,BKG000001648,448078,2013-07-17 20:05:11,apple_pay,success,NONE,2252.65,GBP,desktop,77,11815
PAY000001649,BKG000001649,597813,2013-04-16 08:37:13,bank_transfer,success,NONE,222.85,USD,desktop,205,8267
PAY000001650,BKG000001650,1093499,2014-05-18 19:09:00,paypal,failed,CARD_DECLINED,220.05,USD,desktop,66,12576
PAY000001651,BKG000001651,830237,2014-10-20 02:00:56,paypal,success,NONE,96.09,USD,desktop,77,53533
PAY000001652,BKG000001652,315242,2014-10-05 08:45:10,bank_transfer,failed,AUTH_TIMEOUT,378.41,USD,desktop,66,44495
PAY000001653,BKG000001653,1031379,2013-10-01 10:03:41,paypal,success,NONE,219.29,USD,desktop,66,5662
PAY000001654,BKG000001654,484226,2014-11-26 09:52:35,credit_card,success,NONE,361.82,USD,desktop,231,18712
PAY000001655,BKG000001655,1030172,2013-09-20 07:51:13,paypal,success,NONE,313.29,USD,desktop,205,12886
PAY000001656,BKG000001656,128720,2013-07-22 13:01:29,debit_card,success,NONE,221.59,USD,desktop,66,8230
PAY000001657,BKG000001657,486765,2014-10-15 13:25:38,paypal,success,NONE,407.62,USD,desktop,66,8281
PAY000001658,BKG000001658,329684,2014-06-19 16:54:06,debit_card,success,NONE,143.74,USD,desktop,66,26023
PAY000001659,BKG000001659,363686,2014-10-28 20:28:08,credit_card,success,NONE,275.22,USD,desktop,66,44252
PAY000001660,BKG000001660,188013,2014-05-21 10:35:06,credit_card,success,NONE,196.54,USD,desktop,66,8250
PAY000001661,BKG000001661,19835,2014-09-01 03:26:40,debit_card,failed,PAYMENT_PROVIDER_ERROR,190.32,EUR,desktop,3,8806
PAY000001662,BKG000001662,68950,2013-03-12 23:00:39,credit_card,success,NONE,2888.65,USD,desktop,50,8250
PAY000001663,BKG000001663,421354,2013-10-31 12:45:17,apple_pay,success,NONE,353.11,USD,desktop,66,8237
PAY000001664,BKG000001664,145727,2014-04-16 09:49:33,debit_card,success,NONE,291.06,USD,desktop,66,8266
PAY000001665,BKG000001665,125783,2014-08-25 11:55:51,debit_card,success,NONE,1583.64,USD,desktop,66,8810
PAY000001666,BKG000001666,606632,2013-09-26 17:45:18,credit_card,success,NONE,244.6,USD,desktop,206,243
PAY000001667,BKG000001667,1030379,2014-03-11 10:08:47,credit_card,success,NONE,245.16,USD,desktop,66,12008
PAY000001668,BKG000001668,975431,2013-12-04 19:11:35,paypal,success,NONE,89.02,USD,desktop,66,12132
PAY000001669,BKG000001669,401442,2013-05-21 18:47:53,apple_pay,success,NONE,716.78,USD,desktop,66,11334
PAY000001670,BKG000001670,214302,2014-03-30 23:06:53,credit_card,success,NONE,462.4,EUR,desktop,205,8267
PAY000001671,BKG000001671,513996,2013-07-09 21:27:32,apple_pay,success,NONE,776.17,USD,desktop,205,4206
PAY000001672,BKG000001672,409520,2014-11-05 15:27:45,debit_card,success,NONE,333.04,USD,desktop,66,25351
PAY000001673,BKG000001673,1127493,2014-06-17 20:48:41,bank_transfer,success,NONE,435.84,USD,desktop,66,597
PAY000001674,BKG000001674,576346,2013-09-12 23:39:11,google_pay,success,NONE,2091.44,USD,desktop,205,11938
PAY000001675,BKG000001675,1079913,2013-05-14 17:10:54,google_pay,success,NONE,742.14,USD,desktop,66,12784
PAY000001676,BKG000001676,1003885,2013-10-23 22:17:01,bank_transfer,success,NONE,1142.59,USD,desktop,1,8267
PAY000001677,BKG000001677,1077149,2014-06-01 12:18:45,apple_pay,success,NONE,132.0,USD,desktop,29,8742
PAY000001678,BKG000001678,47144,2014-01-30 13:29:43,credit_card,success,NONE,770.76,USD,desktop,205,8267
PAY000001679,BKG000001679,178919,2014-10-17 15:57:31,debit_card,success,NONE,145.25,USD,desktop,66,12277
PAY000001680,BKG000001680,789225,2014-09-25 15:03:37,bank_transfer,success,NONE,321.77,USD,desktop,66,42199
PAY000001681,BKG000001681,833456,2014-10-29 07:31:03,paypal,success,NONE,279.46,USD,desktop,66,11842
PAY000001682,BKG000001682,298239,2014-10-02 20:28:01,paypal,success,NONE,228.71,USD,desktop,66,7635
PAY000001683,BKG000001683,210244,2013-12-01 00:41:09,apple_pay,success,NONE,213.8,EUR,desktop,3,8819
PAY000001684,BKG000001684,78863,2014-07-21 23:05:37,debit_card,success,NONE,143.51,USD,desktop,133,12356
PAY000001685,BKG000001685,264199,2014-09-24 13:18:55,apple_pay,success,NONE,433.15,USD,desktop,66,8268
PAY000001686,BKG000001686,474926,2014-12-16 18:48:01,google_pay,success,NONE,457.94,USD,desktop,66,8279
PAY000001687,BKG000001687,138493,2014-04-13 00:22:03,credit_card,failed,AUTH_TIMEOUT,967.47,USD,mobile,66,24185
PAY000001688,BKG000001688,607972,2013-03-26 09:10:47,debit_card,success,NONE,161.67,USD,desktop,66,4187
PAY000001689,BKG000001689,295187,2014-05-08 22:03:00,google_pay,failed,CARD_DECLINED,383.47,USD,desktop,205,8288
PAY000001690,BKG000001690,841063,2014-08-13 17:17:00,paypal,success,NONE,170.56,USD,desktop,66,60907
PAY000001691,BKG000001691,426203,2014-11-22 13:59:27,credit_card,success,NONE,120.62,USD,mobile,66,8254
PAY000001692,BKG000001692,573195,2013-07-18 01:46:33,debit_card,success,NONE,241.25,USD,desktop,205,24160
PAY000001693,BKG000001693,729438,2013-07-05 03:39:18,google_pay,success,NONE,350.69,EUR,desktop,32,8224
PAY000001694,BKG000001694,273796,2013-10-14 17:19:37,credit_card,success,NONE,1101.61,USD,desktop,205,19992
PAY000001695,BKG000001695,169173,2014-05-05 12:31:51,paypal,success,NONE,777.54,USD,mobile,66,375
PAY000001696,BKG000001696,169173,2014-05-05 10:54:51,credit_card,success,NONE,744.75,USD,mobile,66,375
PAY000001697,BKG000001697,1159600,2014-10-10 17:18:28,credit_card,success,NONE,323.22,USD,desktop,66,8815
PAY000001698,BKG000001698,320925,2014-12-30 12:45:02,google_pay,success,NONE,300.4,USD,desktop,205,18721
PAY000001699,BKG000001699,968292,2014-03-22 10:55:43,paypal,success,NONE,298.0,USD,desktop,66,4688
PAY000001700,BKG000001700,293970,2013-11-21 06:51:11,debit_card,success,NONE,243.06,USD,desktop,66,5100
PAY000001701,BKG000001701,237933,2014-08-11 11:04:29,credit_card,success,NONE,471.36,USD,desktop,66,12826
PAY000001702,BKG000001702,1090822,2014-01-13 02:38:55,debit_card,failed,CARD_DECLINED,197.26,USD,desktop,70,12576
PAY000001703,BKG000001703,101538,2014-09-17 22:45:58,paypal,success,NONE,569.52,USD,desktop,66,11938
PAY000001704,BKG000001704,529856,2014-08-15 05:12:15,credit_card,success,NONE,493.4,EUR,desktop,3,8220
PAY000001705,BKG000001705,352102,2014-12-31 13:33:50,debit_card,success,NONE,1003.27,USD,desktop,1,51340
PAY000001706,BKG000001706,88242,2013-08-17 00:12:38,paypal,success,NONE,121.47,USD,desktop,205,11922
PAY000001707,BKG000001707,991357,2013-05-12 13:07:50,credit_card,success,NONE,305.35,EUR,desktop,194,8253
PAY000001708,BKG000001708,928814,2014-10-23 02:16:53,bank_transfer,success,NONE,348.78,USD,desktop,48,8253
PAY000001709,BKG000001709,378511,2014-07-15 01:13:59,debit_card,success,NONE,171.65,USD,desktop,205,8270
PAY000001710,BKG000001710,394221,2014-07-14 16:35:00,credit_card,success,NONE,832.32,USD,desktop,66,12826
PAY000001711,BKG000001711,1159200,2014-02-23 23:44:59,paypal,success,NONE,298.43,USD,desktop,66,8256
PAY000001712,BKG000001712,981008,2014-07-25 23:07:02,credit_card,success,NONE,128.63,USD,desktop,205,21790
PAY000001713,BKG000001713,538586,2013-05-23 06:50:21,debit_card,success,NONE,84.0,USD,desktop,66,3228
PAY000001714,BKG000001714,505239,2014-07-31 00:55:26,credit_card,success,NONE,1238.0,USD,desktop,66,8245
PAY000001715,BKG000001715,804505,2013-08-24 21:54:36,credit_card,success,NONE,657.35,USD,mobile,66,8747
PAY000001716,BKG000001716,126479,2014-09-24 17:58:24,debit_card,success,NONE,493.75,USD,desktop,52,8234
PAY000001717,BKG000001717,774234,2014-02-13 13:56:06,debit_card,success,NONE,588.62,USD,desktop,66,15969
PAY000001718,BKG000001718,58228,2014-07-29 21:53:08,bank_transfer,success,NONE,528.84,GBP,desktop,77,20285
PAY000001719,BKG000001719,181537,2014-12-06 14:43:25,google_pay,success,NONE,305.69,USD,desktop,66,12495
PAY000001720,BKG000001720,875103,2013-03-28 12:51:50,bank_transfer,success,NONE,3239.77,USD,desktop,69,5405
PAY000001721,BKG000001721,241665,2013-10-25 12:03:16,credit_card,success,NONE,141.32,USD,mobile,46,21428
PAY000001722,BKG000001722,661763,2014-11-26 04:00:56,credit_card,success,NONE,376.88,USD,desktop,66,8250
PAY000001723,BKG000001723,508751,2014-07-21 15:47:39,google_pay,success,NONE,167.99,EUR,desktop,23,20403
PAY000001724,BKG000001724,857472,2013-11-29 11:52:40,credit_card,failed,CARD_DECLINED,1310.08,USD,desktop,66,23682
PAY000001725,BKG000001725,419837,2014-02-13 21:36:21,bank_transfer,success,NONE,94.68,USD,desktop,66,18790
PAY000001726,BKG000001726,944208,2014-10-09 20:05:07,credit_card,success,NONE,148.73,USD,desktop,66,12856
PAY000001727,BKG000001727,603972,2013-05-17 13:46:55,paypal,success,NONE,513.47,USD,desktop,66,8250
PAY000001728,BKG000001728,507109,2014-01-29 11:51:34,paypal,success,NONE,1217.6,USD,desktop,66,8279
PAY000001729,BKG000001729,645503,2014-06-21 20:28:38,paypal,success,NONE,392.83,USD,desktop,66,12843
PAY000001730,BKG000001730,284238,2014-09-07 17:57:48,debit_card,success,NONE,533.61,USD,desktop,66,8216
PAY000001731,BKG000001731,349127,2013-03-27 18:26:14,debit_card,success,NONE,443.62,USD,desktop,66,8276
PAY000001732,BKG000001732,1074200,2014-12-11 13:36:19,credit_card,success,NONE,683.33,GBP,desktop,77,1398
PAY000001733,BKG000001733,1193753,2014-02-04 22:54:06,apple_pay,success,NONE,197.94,EUR,desktop,3,9321
PAY000001734,BKG000001734,292685,2014-09-30 16:14:20,paypal,success,NONE,827.09,USD,desktop,205,8250
PAY000001735,BKG000001735,290656,2014-12-22 02:06:10,debit_card,success,NONE,172.31,USD,desktop,66,8250
PAY000001736,BKG000001736,997787,2013-08-21 09:33:11,credit_card,success,NONE,171.82,USD,desktop,205,8288
PAY000001737,BKG000001737,352489,2013-05-02 13:34:27,credit_card,success,NONE,531.68,USD,desktop,205,8747
PAY000001738,BKG000001738,912538,2014-08-06 08:37:47,google_pay,success,NONE,128.27,USD,desktop,66,64627
PAY000001739,BKG000001739,822089,2013-02-26 20:16:04,debit_card,success,NONE,180.05,USD,desktop,66,44416
PAY000001740,BKG000001740,3620,2014-12-07 22:58:39,paypal,success,NONE,147.45,USD,desktop,66,11620
PAY000001741,BKG000001741,828448,2014-11-06 10:01:09,debit_card,success,NONE,154.93,USD,desktop,66,25315
PAY000001742,BKG000001742,1123625,2014-04-05 21:32:54,bank_transfer,success,NONE,217.19,USD,desktop,66,8267
PAY000001743,BKG000001743,376799,2014-03-21 13:17:12,paypal,success,NONE,1380.88,USD,desktop,66,45326
PAY000001744,BKG000001744,1106969,2014-07-08 22:48:25,credit_card,success,NONE,199.99,USD,desktop,66,24515
PAY000001745,BKG000001745,107703,2013-09-13 17:48:42,credit_card,success,NONE,232.66,USD,desktop,66,8272
PAY000001746,BKG000001746,156868,2013-12-13 17:57:08,paypal,success,NONE,223.86,USD,desktop,66,12189
PAY000001747,BKG000001747,605302,2013-07-25 15:26:13,credit_card,success,NONE,246.0,USD,desktop,66,12239
PAY000001748,BKG000001748,10530,2014-10-19 22:38:27,bank_transfer,success,NONE,1915.37,EUR,desktop,3,8223
PAY000001749,BKG000001749,1121385,2014-12-02 12:48:43,google_pay,success,NONE,202.63,USD,desktop,69,57207
PAY000001750,BKG000001750,91759,2014-10-13 13:03:08,credit_card,success,NONE,310.69,USD,desktop,66,6643
PAY000001751,BKG000001751,103376,2014-05-14 17:55:41,google_pay,failed,AUTH_TIMEOUT,195.53,USD,desktop,66,8267
PAY000001752,BKG000001752,439018,2013-11-23 22:00:19,google_pay,success,NONE,146.27,USD,desktop,66,66
PAY000001753,BKG000001753,581623,2013-02-17 02:42:31,debit_card,success,NONE,333.09,USD,desktop,66,8250
PAY000001754,BKG000001754,1069307,2014-11-10 20:34:11,debit_card,failed,CARD_DECLINED,200.76,USD,desktop,66,25955
PAY000001755,BKG000001755,128919,2014-10-30 12:17:21,credit_card,failed,INSUFFICIENT_FUNDS,240.22,USD,desktop,205,12748
PAY000001756,BKG000001756,581522,2014-10-02 16:30:47,debit_card,success,NONE,1215.23,USD,mobile,66,44249
PAY000001757,BKG000001757,291346,2014-02-06 13:32:00,paypal,success,NONE,1734.36,USD,desktop,133,8250
PAY000001758,BKG000001758,659546,2014-01-15 09:04:40,google_pay,success,NONE,730.71,USD,mobile,66,8747
PAY000001759,BKG000001759,100663,2013-05-23 14:30:32,credit_card,success,NONE,345.8,USD,desktop,66,11827
PAY000001760,BKG000001760,306014,2013-05-22 23:06:35,debit_card,success,NONE,157.88,USD,desktop,66,12193
PAY000001761,BKG000001761,131175,2014-11-09 09:17:23,google_pay,success,NONE,476.61,USD,desktop,66,8238
PAY000001762,BKG000001762,727463,2014-12-01 05:44:46,bank_transfer,success,NONE,126.67,USD,desktop,205,26228
PAY000001763,BKG000001763,815961,2014-02-19 11:03:21,google_pay,success,NONE,230.54,USD,desktop,182,12051
PAY000001764,BKG000001764,346214,2013-06-30 18:21:25,credit_card,failed,INSUFFICIENT_FUNDS,227.8,USD,desktop,205,8231
PAY000001765,BKG000001765,1167113,2013-05-31 04:26:01,credit_card,success,NONE,190.32,USD,desktop,163,12007
PAY000001766,BKG000001766,857406,2014-03-07 13:05:21,credit_card,failed,CARD_DECLINED,703.06,USD,desktop,66,5853
PAY000001767,BKG000001767,1158422,2013-01-27 06:57:10,credit_card,success,NONE,372.81,USD,desktop,66,25670
PAY000001768,BKG000001768,1099187,2014-05-11 11:20:57,paypal,failed,CARD_DECLINED,243.38,USD,desktop,66,12269
PAY000001769,BKG000001769,611605,2014-07-31 00:10:21,credit_card,success,NONE,482.38,USD,desktop,69,12269
PAY000001770,BKG000001770,66691,2014-11-04 00:41:27,paypal,success,NONE,282.96,USD,desktop,218,8260
PAY000001771,BKG000001771,891980,2014-12-31 18:19:30,debit_card,failed,AUTH_TIMEOUT,1186.71,USD,desktop,66,8250
PAY000001772,BKG000001772,1048016,2014-01-06 18:45:10,debit_card,success,NONE,237.67,USD,desktop,205,8278
PAY000001773,BKG000001773,344248,2014-07-09 12:53:15,paypal,success,NONE,293.77,USD,desktop,66,29855
PAY000001774,BKG000001774,103691,2013-01-31 22:56:35,credit_card,success,NONE,225.26,USD,desktop,205,8741
PAY000001775,BKG000001775,1016576,2014-10-06 14:05:00,credit_card,success,NONE,451.13,USD,desktop,66,8267
PAY000001776,BKG000001776,580360,2014-11-04 15:50:08,debit_card,success,NONE,688.68,USD,desktop,66,12225
PAY000001777,BKG000001777,1081165,2014-05-02 18:11:32,apple_pay,success,NONE,230.39,USD,desktop,66,25327
PAY000001778,BKG000001778,195872,2013-10-24 13:15:34,paypal,success,NONE,184.78,USD,desktop,66,12483
PAY000001779,BKG000001779,892123,2014-08-25 20:46:36,paypal,failed,CARD_DECLINED,645.31,USD,desktop,66,8806
PAY000001780,BKG000001780,1096375,2013-04-04 14:25:50,bank_transfer,success,NONE,646.26,USD,desktop,66,8791
PAY000001781,BKG000001781,38429,2014-12-17 06:07:23,paypal,success,NONE,215.54,USD,mobile,66,8291
PAY000001782,BKG000001782,784807,2014-11-03 13:43:28,credit_card,success,NONE,777.95,USD,desktop,66,20922
PAY000001783,BKG000001783,252199,2014-11-17 14:53:24,credit_card,success,NONE,580.69,USD,mobile,66,8244
PAY000001784,BKG000001784,503689,2014-12-09 15:02:17,debit_card,success,NONE,116.0,USD,desktop,66,3401
PAY000001785,BKG000001785,520319,2014-07-14 18:44:55,paypal,success,NONE,306.76,USD,desktop,66,27649
PAY000001786,BKG000001786,438379,2013-05-01 07:42:59,debit_card,success,NONE,244.5,USD,desktop,66,8291
PAY000001787,BKG000001787,1054142,2014-10-20 20:40:21,bank_transfer,success,NONE,395.02,USD,desktop,66,25184
PAY000001788,BKG000001788,1054142,2014-10-20 21:57:21,credit_card,success,NONE,360.0,USD,desktop,66,25184
PAY000001789,BKG000001789,229083,2013-03-28 10:36:52,credit_card,success,NONE,138.22,USD,desktop,69,8293
PAY000001790,BKG000001790,1077209,2014-04-14 13:25:26,google_pay,success,NONE,211.76,USD,desktop,66,8267
PAY000001791,BKG000001791,738035,2013-12-12 15:07:23,google_pay,success,NONE,908.49,USD,desktop,66,21611
PAY000001792,BKG000001792,460227,2014-07-09 09:30:10,apple_pay,success,NONE,160.76,USD,desktop,66,12206
PAY000001793,BKG000001793,522707,2014-05-28 22:06:06,google_pay,success,NONE,173.38,USD,desktop,205,8806
PAY000001794,BKG000001794,312458,2013-02-13 00:48:10,credit_card,failed,PAYMENT_PROVIDER_ERROR,933.61,USD,mobile,69,27211
PAY000001795,BKG000001795,98071,2014-06-24 22:53:31,credit_card,success,NONE,396.04,USD,desktop,66,8243
PAY000001796,BKG000001796,19048,2014-04-30 08:24:59,paypal,success,NONE,669.51,USD,mobile,69,38631
PAY000001797,BKG000001797,893541,2014-09-14 20:02:03,credit_card,success,NONE,235.59,USD,desktop,66,27179
PAY000001798,BKG000001798,53929,2013-03-07 18:06:00,debit_card,success,NONE,141.88,USD,desktop,6,12618
PAY000001799,BKG000001799,572248,2014-08-26 02:08:32,google_pay,success,NONE,894.32,USD,desktop,46,11643
PAY000001800,BKG000001800,576725,2014-01-26 16:49:41,debit_card,success,NONE,325.43,USD,desktop,66,8250
PAY000001801,BKG000001801,32217,2013-11-26 22:59:35,credit_card,success,NONE,1066.31,USD,desktop,205,12206
PAY000001802,BKG000001802,13561,2013-05-24 12:26:31,bank_transfer,success,NONE,229.57,USD,desktop,66,8788
PAY000001803,BKG000001803,574983,2014-09-18 20:58:42,credit_card,success,NONE,377.94,USD,desktop,66,8832
PAY000001804,BKG000001804,245290,2013-04-14 23:09:20,credit_card,success,NONE,390.9,USD,desktop,66,43678
PAY000001805,BKG000001805,27615,2014-07-23 20:21:03,debit_card,success,NONE,530.02,GBP,desktop,77,20525
PAY000001806,BKG000001806,338493,2014-07-04 00:28:44,credit_card,success,NONE,332.51,USD,desktop,215,8275
PAY000001807,BKG000001807,1030419,2013-01-16 21:04:35,apple_pay,success,NONE,155.3,USD,desktop,66,26414
PAY000001808,BKG000001808,1082638,2013-05-19 17:59:42,credit_card,success,NONE,948.92,USD,desktop,46,8800
PAY000001809,BKG000001809,246407,2013-11-06 14:17:46,credit_card,success,NONE,229.38,USD,desktop,1,21149
PAY000001810,BKG000001810,984507,2014-01-13 15:11:53,credit_card,success,NONE,467.85,USD,desktop,62,22169
PAY000001811,BKG000001811,1060970,2013-05-22 13:45:40,credit_card,success,NONE,432.85,USD,desktop,66,8253
PAY000001812,BKG000001812,873611,2014-01-08 10:23:56,credit_card,success,NONE,262.0,USD,desktop,66,15344
PAY000001813,BKG000001813,428453,2014-03-12 09:04:51,debit_card,success,NONE,316.18,USD,desktop,205,44045
PAY000001814,BKG000001814,973795,2014-03-27 10:35:51,google_pay,success,NONE,285.68,USD,desktop,66,35452
PAY000001815,BKG000001815,1116189,2014-10-27 18:04:43,debit_card,success,NONE,133.15,USD,desktop,69,8808
PAY000001816,BKG000001816,190560,2013-08-06 11:15:25,apple_pay,success,NONE,269.29,USD,desktop,205,12949
PAY000001817,BKG000001817,791435,2014-09-22 05:45:28,debit_card,success,NONE,480.85,USD,desktop,19,8260
PAY000001818,BKG000001818,511446,2014-03-25 21:52:50,debit_card,success,NONE,677.42,USD,desktop,66,28514
PAY000001819,BKG000001819,527121,2014-11-11 08:21:33,apple_pay,success,NONE,647.09,USD,desktop,66,8219
PAY000001820,BKG000001820,495641,2014-10-10 20:44:24,debit_card,failed,INSUFFICIENT_FUNDS,452.58,USD,desktop,66,25065
PAY000001821,BKG000001821,742146,2014-03-19 18:55:30,debit_card,success,NONE,276.04,USD,desktop,66,12225
PAY000001822,BKG000001822,674140,2014-12-11 17:09:56,apple_pay,success,NONE,458.32,USD,desktop,66,8261
PAY000001823,BKG000001823,840156,2014-05-16 06:21:36,credit_card,success,NONE,882.51,USD,desktop,66,6638
PAY000001824,BKG000001824,438015,2014-03-08 00:42:05,debit_card,success,NONE,484.88,USD,desktop,66,28591
PAY000001825,BKG000001825,277971,2014-07-02 17:50:33,credit_card,failed,PAYMENT_PROVIDER_ERROR,1458.92,USD,desktop,66,24693
PAY000001826,BKG000001826,1013245,2014-03-07 20:50:38,apple_pay,success,NONE,399.18,USD,desktop,66,11439
PAY000001827,BKG000001827,870472,2014-03-24 10:01:43,debit_card,success,NONE,2031.79,USD,desktop,205,26943
PAY000001828,BKG000001828,611563,2014-12-13 17:25:34,debit_card,success,NONE,1083.73,USD,desktop,66,22847
PAY000001829,BKG000001829,998991,2013-04-05 18:33:39,credit_card,success,NONE,126.33,USD,desktop,66,21648
PAY000001830,BKG000001830,810739,2014-07-15 19:46:04,debit_card,success,NONE,138.83,USD,mobile,66,26786
PAY000001831,BKG000001831,1060445,2013-09-09 13:49:15,debit_card,success,NONE,132.39,USD,desktop,66,27590
PAY000001832,BKG000001832,1016035,2013-10-21 19:11:07,credit_card,success,NONE,950.28,GBP,desktop,195,19548
PAY000001833,BKG000001833,806911,2013-02-22 19:02:12,debit_card,success,NONE,275.49,USD,desktop,66,30592
PAY000001834,BKG000001834,529651,2014-07-13 14:53:53,credit_card,success,NONE,154.25,USD,desktop,66,8254
PAY000001835,BKG000001835,209886,2014-01-11 15:30:35,apple_pay,success,NONE,237.43,USD,mobile,182,1455
PAY000001836,BKG000001836,221188,2014-07-13 18:48:05,apple_pay,success,NONE,474.87,USD,mobile,66,8835
PAY000001837,BKG000001837,316398,2014-02-14 02:06:24,credit_card,success,NONE,593.94,USD,desktop,66,8250
PAY000001838,BKG000001838,1140426,2013-06-17 07:49:55,bank_transfer,success,NONE,260.24,USD,desktop,66,8218
PAY000001839,BKG000001839,112670,2013-08-03 11:43:53,google_pay,success,NONE,1193.91,USD,desktop,66,8856
PAY000001840,BKG000001840,1183619,2014-08-18 19:58:32,paypal,success,NONE,139.82,USD,desktop,66,44976
PAY000001841,BKG000001841,54666,2014-11-28 12:57:41,bank_transfer,success,NONE,143.37,USD,desktop,19,11439
PAY000001842,BKG000001842,1010731,2013-06-12 15:26:20,apple_pay,success,NONE,174.19,USD,desktop,66,17907
PAY000001843,BKG000001843,919156,2013-07-18 02:23:57,bank_transfer,success,NONE,544.02,USD,desktop,202,12460
PAY000001844,BKG000001844,131595,2014-02-03 13:27:28,credit_card,success,NONE,120.01,USD,desktop,205,8788
PAY000001845,BKG000001845,200731,2014-11-20 12:10:19,debit_card,success,NONE,394.17,USD,desktop,66,8832
PAY000001846,BKG000001846,216920,2013-08-01 23:52:33,paypal,failed,3DS_FAILED,205.09,USD,mobile,167,11683
PAY000001847,BKG000001847,1163633,2014-06-20 00:34:41,credit_card,success,NONE,458.62,EUR,desktop,3,8220
PAY000001848,BKG000001848,317798,2013-07-24 16:27:23,paypal,success,NONE,281.89,USD,desktop,66,55011
PAY000001849,BKG000001849,109833,2014-06-02 14:33:42,debit_card,success,NONE,197.26,USD,desktop,66,26994
PAY000001850,BKG000001850,1154707,2013-03-17 16:41:57,paypal,success,NONE,638.58,EUR,desktop,231,669
PAY000001851,BKG000001851,360610,2014-12-15 17:21:21,credit_card,failed,AUTH_TIMEOUT,239.0,USD,mobile,66,15443
PAY000001852,BKG000001852,1092264,2014-06-04 02:45:39,apple_pay,success,NONE,306.65,USD,desktop,66,30293
PAY000001853,BKG000001853,79121,2014-03-08 00:50:54,credit_card,success,NONE,231.95,USD,mobile,205,4654
PAY000001854,BKG000001854,857186,2014-02-05 23:57:13,debit_card,success,NONE,355.51,USD,desktop,66,8250
PAY000001855,BKG000001855,1189166,2014-05-27 20:47:22,credit_card,success,NONE,201.48,USD,mobile,3,21080
PAY000001856,BKG000001856,359928,2013-01-15 23:26:34,debit_card,success,NONE,169.75,USD,desktop,66,26809
PAY000001857,BKG000001857,374091,2013-09-13 12:44:58,google_pay,success,NONE,367.22,USD,mobile,66,8213
PAY000001858,BKG000001858,520064,2014-03-11 00:14:58,debit_card,success,NONE,224.25,USD,desktop,66,2608
PAY000001859,BKG000001859,162416,2014-07-06 18:36:53,credit_card,success,NONE,150.49,USD,mobile,66,23589
PAY000001860,BKG000001860,24961,2014-03-19 19:02:24,paypal,success,NONE,94.06,USD,desktop,205,8262
PAY000001861,BKG000001861,544346,2013-04-20 22:20:50,credit_card,success,NONE,162.74,USD,desktop,66,12337
PAY000001862,BKG000001862,166160,2013-04-07 20:20:36,credit_card,failed,3DS_FAILED,234.69,USD,desktop,205,25989
PAY000001863,BKG000001863,1042480,2014-10-15 12:16:38,apple_pay,success,NONE,664.01,USD,desktop,55,8159
PAY000001864,BKG000001864,1153416,2014-06-11 12:19:19,google_pay,success,NONE,161.01,EUR,desktop,3,59927
PAY000001865,BKG000001865,178511,2013-06-04 11:09:45,credit_card,failed,3DS_FAILED,139.08,USD,mobile,63,970
PAY000001866,BKG000001866,535340,2014-10-23 12:25:00,credit_card,success,NONE,73.25,USD,desktop,1,31528
PAY000001867,BKG000001867,1058507,2014-12-29 12:03:52,credit_card,success,NONE,433.53,USD,desktop,66,17672
PAY000001868,BKG000001868,913411,2014-05-23 17:45:39,google_pay,success,NONE,190.09,USD,desktop,66,8236
PAY000001869,BKG000001869,289919,2014-04-01 19:00:22,google_pay,success,NONE,102.29,USD,desktop,66,30050
PAY000001870,BKG000001870,370985,2013-08-16 00:16:20,debit_card,success,NONE,232.99,USD,desktop,66,11610
PAY000001871,BKG000001871,35025,2014-05-11 17:06:32,credit_card,success,NONE,1289.73,EUR,desktop,0,8286
PAY000001872,BKG000001872,848307,2013-11-13 13:11:17,credit_card,success,NONE,465.13,USD,desktop,66,8229
PAY000001873,BKG000001873,779702,2014-05-07 09:46:58,debit_card,success,NONE,503.55,USD,desktop,77,16536
PAY000001874,BKG000001874,424990,2014-08-18 23:51:51,debit_card,success,NONE,125.72,USD,desktop,66,7987
PAY000001875,BKG000001875,1162519,2014-03-06 11:47:15,apple_pay,success,NONE,954.64,USD,desktop,66,16420
PAY000001876,BKG000001876,130880,2013-03-22 00:12:57,paypal,success,NONE,472.92,USD,desktop,66,8250
PAY000001877,BKG000001877,961984,2013-02-14 21:15:26,credit_card,success,NONE,573.44,USD,mobile,205,22395
PAY000001878,BKG000001878,502083,2014-11-17 19:34:09,credit_card,success,NONE,241.1,USD,desktop,69,33520
PAY000001879,BKG000001879,1135283,2013-07-14 11:02:26,credit_card,success,NONE,505.25,USD,desktop,66,8250
PAY000001880,BKG000001880,874615,2013-08-30 17:59:14,debit_card,success,NONE,473.56,USD,desktop,69,8252
PAY000001881,BKG000001881,146842,2013-08-21 19:27:57,google_pay,success,NONE,383.62,USD,desktop,66,19797
PAY000001882,BKG000001882,897358,2013-01-18 20:03:52,credit_card,success,NONE,270.47,USD,desktop,66,8267
PAY000001883,BKG000001883,148199,2014-03-20 13:58:24,paypal,success,NONE,927.76,USD,desktop,225,12214
PAY000001884,BKG000001884,883552,2014-04-12 06:14:36,credit_card,success,NONE,281.13,EUR,desktop,70,18569
PAY000001885,BKG000001885,444032,2013-11-17 16:26:17,credit_card,failed,INSUFFICIENT_FUNDS,429.1,GBP,desktop,77,11620
PAY000001886,BKG000001886,252562,2014-08-26 14:52:16,apple_pay,success,NONE,124.93,USD,desktop,69,46495
PAY000001887,BKG000001887,323596,2014-05-31 21:40:08,debit_card,success,NONE,156.54,USD,mobile,66,12856
PAY000001888,BKG000001888,265569,2014-12-12 00:25:05,credit_card,failed,CARD_DECLINED,352.01,USD,mobile,66,17859
PAY000001889,BKG000001889,818438,2014-12-15 10:42:12,google_pay,success,NONE,332.75,USD,mobile,66,1645
PAY000001890,BKG000001890,862004,2014-05-04 21:29:31,debit_card,success,NONE,196.34,USD,mobile,66,1691
PAY000001891,BKG000001891,1183012,2014-12-18 12:59:06,paypal,success,NONE,877.08,USD,desktop,66,468
PAY000001892,BKG000001892,642277,2013-01-25 11:03:15,debit_card,success,NONE,1295.5,USD,desktop,66,4258
PAY000001893,BKG000001893,1146226,2014-09-30 21:27:42,debit_card,success,NONE,920.75,EUR,desktop,23,13311
PAY000001894,BKG000001894,373110,2013-02-28 22:41:36,credit_card,success,NONE,266.66,USD,desktop,205,11353
PAY000001895,BKG000001895,568064,2013-04-03 15:30:32,paypal,success,NONE,524.94,USD,desktop,66,40
PAY000001896,BKG000001896,153622,2014-03-21 02:16:34,debit_card,success,NONE,195.53,USD,desktop,66,17843
PAY000001897,BKG000001897,726482,2014-02-01 08:04:52,apple_pay,success,NONE,874.96,USD,desktop,205,1901
PAY000001898,BKG000001898,578067,2014-03-26 23:02:36,debit_card,success,NONE,499.19,USD,desktop,66,3171
PAY000001899,BKG000001899,342345,2014-01-27 14:03:02,debit_card,success,NONE,1320.06,USD,desktop,133,20531
PAY000001900,BKG000001900,567840,2014-05-22 08:50:57,google_pay,success,NONE,181.93,USD,desktop,66,27576
PAY000001901,BKG000001901,85997,2014-06-28 21:44:49,credit_card,success,NONE,219.14,USD,desktop,66,1163
PAY000001902,BKG000001902,1175163,2014-08-25 21:39:01,google_pay,success,NONE,155.04,EUR,desktop,3,8220
PAY000001903,BKG000001903,1144446,2014-10-13 20:02:31,credit_card,success,NONE,114.25,USD,desktop,66,8218
PAY000001904,BKG000001904,1189797,2014-02-19 19:43:31,bank_transfer,success,NONE,603.6,EUR,desktop,3,20332
PAY000001905,BKG000001905,160841,2014-06-04 23:22:28,debit_card,failed,AUTH_TIMEOUT,390.3,USD,desktop,66,12243
PAY000001906,BKG000001906,1052765,2013-10-08 17:44:59,bank_transfer,success,NONE,1909.78,USD,desktop,205,3258
PAY000001907,BKG000001907,1151078,2014-09-25 03:26:11,debit_card,success,NONE,211.49,USD,desktop,66,35991
PAY000001908,BKG000001908,1139575,2013-08-23 20:13:23,credit_card,success,NONE,334.26,USD,desktop,66,28443
PAY000001909,BKG000001909,101689,2014-01-26 17:29:55,bank_transfer,success,NONE,761.52,USD,desktop,66,11924
PAY000001910,BKG000001910,1182889,2014-03-27 23:48:33,credit_card,success,NONE,459.86,USD,desktop,1,6575
PAY000001911,BKG000001911,964124,2014-10-12 19:07:02,credit_card,success,NONE,298.55,USD,desktop,1,18834
PAY000001912,BKG000001912,93843,2013-11-05 23:08:04,apple_pay,success,NONE,556.21,USD,desktop,66,8254
PAY000001913,BKG000001913,833416,2014-12-14 23:12:22,credit_card,success,NONE,351.32,EUR,desktop,3,12677
PAY000001914,BKG000001914,579806,2014-03-03 18:15:10,credit_card,success,NONE,485.51,USD,desktop,66,25376
PAY000001915,BKG000001915,1056285,2014-06-10 12:55:41,paypal,success,NONE,158.53,USD,mobile,66,32571
PAY000001916,BKG000001916,9920,2014-04-26 02:15:46,credit_card,failed,CARD_DECLINED,110.02,USD,desktop,66,12218
PAY000001917,BKG000001917,103708,2014-06-30 08:54:18,paypal,success,NONE,476.6,USD,desktop,66,8785
PAY000001918,BKG000001918,981708,2013-05-11 02:05:45,google_pay,failed,PAYMENT_PROVIDER_ERROR,356.7,EUR,desktop,0,8745
PAY000001919,BKG000001919,363262,2013-05-22 00:25:36,debit_card,success,NONE,175.03,USD,desktop,66,8250
PAY000001920,BKG000001920,950734,2014-05-31 17:31:25,credit_card,success,NONE,132.37,USD,desktop,66,8740
PAY000001921,BKG000001921,425599,2014-07-07 11:46:06,bank_transfer,success,NONE,335.23,USD,desktop,66,8250
PAY000001922,BKG000001922,1179623,2013-02-03 13:32:20,debit_card,success,NONE,141.82,EUR,desktop,3,8745
PAY000001923,BKG000001923,629398,2014-06-23 17:47:16,credit_card,success,NONE,179.2,USD,mobile,66,27351
PAY000001924,BKG000001924,150625,2013-04-20 16:48:11,debit_card,success,NONE,223.51,USD,desktop,215,8549
PAY000001925,BKG000001925,755079,2014-12-22 21:33:23,google_pay,success,NONE,459.25,USD,desktop,205,8281
PAY000001926,BKG000001926,219935,2014-06-06 15:13:59,credit_card,success,NONE,253.19,USD,desktop,46,8745
PAY000001927,BKG000001927,747412,2014-05-23 09:49:22,credit_card,success,NONE,148.72,USD,desktop,66,11850
PAY000001928,BKG000001928,234626,2013-04-03 23:02:18,credit_card,success,NONE,497.29,USD,desktop,205,8744
PAY000001929,BKG000001929,1071168,2014-07-06 23:24:04,paypal,success,NONE,302.57,GBP,desktop,77,8822
PAY000001930,BKG000001930,292166,2014-04-02 14:53:29,apple_pay,success,NONE,264.27,USD,desktop,214,8799
PAY000001931,BKG000001931,379093,2013-10-17 07:11:40,debit_card,success,NONE,401.97,USD,desktop,182,8267
PAY000001932,BKG000001932,167816,2014-01-08 12:42:41,credit_card,success,NONE,1301.22,USD,desktop,205,8810
PAY000001933,BKG000001933,848548,2014-03-27 16:11:20,credit_card,success,NONE,660.14,USD,desktop,66,8253
PAY000001934,BKG000001934,163279,2014-05-22 13:15:06,credit_card,success,NONE,181.79,USD,desktop,182,12405
PAY000001935,BKG000001935,555716,2014-06-11 23:08:11,debit_card,success,NONE,155.96,USD,mobile,66,8277
PAY000001936,BKG000001936,159232,2014-08-08 10:42:45,bank_transfer,success,NONE,665.55,USD,desktop,205,9524
PAY000001937,BKG000001937,719553,2013-05-21 19:21:52,debit_card,success,NONE,527.99,USD,desktop,215,8260
PAY000001938,BKG000001938,164498,2014-08-17 00:17:14,debit_card,success,NONE,205.05,USD,desktop,69,59685
PAY000001939,BKG000001939,996180,2013-05-02 23:47:28,google_pay,success,NONE,465.77,USD,desktop,66,12175
PAY000001940,BKG000001940,1133710,2013-06-06 09:35:37,google_pay,success,NONE,353.96,USD,desktop,66,45977
PAY000001941,BKG000001941,546289,2014-06-03 22:24:10,google_pay,success,NONE,207.09,USD,desktop,215,8267
PAY000001942,BKG000001942,92957,2014-01-04 15:53:57,paypal,success,NONE,170.62,USD,desktop,66,12732
PAY000001943,BKG000001943,612495,2014-11-11 19:51:36,credit_card,failed,INSUFFICIENT_FUNDS,208.91,USD,desktop,66,23254
PAY000001944,BKG000001944,1160618,2014-08-13 14:40:28,credit_card,failed,CARD_DECLINED,232.89,USD,desktop,66,28492
PAY000001945,BKG000001945,1198324,2014-10-03 11:18:54,apple_pay,success,NONE,398.25,USD,desktop,66,8279
PAY000001946,BKG000001946,192954,2013-08-04 20:30:54,debit_card,success,NONE,90.0,USD,desktop,66,25471
PAY000001947,BKG000001947,888008,2013-07-21 16:09:29,credit_card,success,NONE,222.24,USD,desktop,66,26364
PAY000001948,BKG000001948,763887,2014-05-22 00:21:41,credit_card,success,NONE,430.33,USD,desktop,205,8228
PAY000001949,BKG000001949,313961,2013-01-24 00:23:13,credit_card,success,NONE,481.47,USD,desktop,66,8253
PAY000001950,BKG000001950,844644,2014-10-30 19:37:23,credit_card,failed,3DS_FAILED,195.73,USD,desktop,66,8233
PAY000001951,BKG000001951,754766,2014-08-05 01:29:50,credit_card,success,NONE,523.8,EUR,desktop,3,8819
PAY000001952,BKG000001952,446134,2013-07-30 23:54:55,credit_card,success,NONE,424.36,USD,desktop,167,8090
PAY000001953,BKG000001953,336761,2014-10-19 20:18:42,credit_card,success,NONE,642.35,USD,desktop,66,11975
PAY000001954,BKG000001954,1174617,2013-09-11 10:40:08,google_pay,success,NONE,434.56,EUR,desktop,3,669
PAY000001955,BKG000001955,775213,2014-04-23 08:16:38,apple_pay,success,NONE,231.94,USD,mobile,77,8253
PAY000001956,BKG000001956,713004,2014-08-19 18:00:12,apple_pay,success,NONE,377.21,USD,desktop,66,8245
PAY000001957,BKG000001957,350741,2013-01-13 16:07:29,credit_card,success,NONE,848.35,USD,mobile,66,21062
PAY000001958,BKG000001958,1168011,2013-06-28 12:21:41,paypal,success,NONE,518.42,USD,desktop,68,1014
PAY000001959,BKG000001959,407096,2014-09-06 13:42:02,debit_card,failed,CARD_DECLINED,499.94,USD,desktop,66,33521
PAY000001960,BKG000001960,302703,2013-12-14 13:15:01,apple_pay,success,NONE,457.38,USD,desktop,66,11373
PAY000001961,BKG000001961,299052,2014-05-06 08:24:06,credit_card,success,NONE,849.82,USD,desktop,66,61764
PAY000001962,BKG000001962,1084580,2014-07-02 16:59:22,debit_card,failed,INSUFFICIENT_FUNDS,481.11,GBP,desktop,77,22528
PAY000001963,BKG000001963,261519,2014-09-28 14:15:30,credit_card,success,NONE,613.74,USD,desktop,66,561
PAY000001964,BKG000001964,601386,2013-03-05 08:13:26,debit_card,success,NONE,657.81,USD,desktop,198,8230
PAY000001965,BKG000001965,201178,2014-08-05 20:49:05,credit_card,success,NONE,252.91,USD,desktop,66,12576
PAY000001966,BKG000001966,647886,2014-05-20 13:11:20,apple_pay,success,NONE,1079.09,USD,desktop,66,8746
PAY000001967,BKG000001967,946257,2014-08-24 23:04:17,debit_card,success,NONE,286.83,GBP,desktop,77,8969
PAY000001968,BKG000001968,282132,2014-10-20 22:29:15,credit_card,success,NONE,698.69,USD,desktop,66,9600
PAY000001969,BKG000001969,97445,2014-06-18 14:55:38,google_pay,success,NONE,726.66,USD,desktop,235,46375
PAY000001970,BKG000001970,755259,2013-07-04 11:38:33,paypal,success,NONE,541.74,USD,desktop,66,367
PAY000001971,BKG000001971,6436,2013-01-26 02:16:54,paypal,success,NONE,687.9,USD,mobile,69,9927
PAY000001972,BKG000001972,893407,2013-01-16 16:06:14,debit_card,success,NONE,310.05,USD,desktop,66,12690
PAY000001973,BKG000001973,967013,2014-06-27 07:16:47,credit_card,success,NONE,239.17,USD,mobile,66,8268
PAY000001974,BKG000001974,1062903,2013-07-05 00:11:51,apple_pay,failed,INSUFFICIENT_FUNDS,118.53,USD,desktop,66,11647
PAY000001975,BKG000001975,411088,2013-11-30 11:59:01,debit_card,success,NONE,942.16,USD,desktop,66,18055
PAY000001976,BKG000001976,409747,2013-06-09 21:22:09,credit_card,success,NONE,694.67,USD,desktop,133,12699
PAY000001977,BKG000001977,163805,2014-10-07 00:20:40,debit_card,success,NONE,700.2,USD,desktop,66,8279
PAY000001978,BKG000001978,575401,2014-06-05 17:34:58,credit_card,success,NONE,248.81,USD,desktop,66,24902
PAY000001979,BKG000001979,722870,2013-12-17 22:54:41,debit_card,success,NONE,447.4,USD,desktop,69,22977
PAY000001980,BKG000001980,203300,2014-08-02 17:38:52,credit_card,success,NONE,134.23,USD,desktop,66,24813
PAY000001981,BKG000001981,921149,2014-11-05 14:31:47,google_pay,failed,3DS_FAILED,1037.99,EUR,desktop,3,18774
PAY000001982,BKG000001982,1036114,2013-11-13 00:59:54,debit_card,success,NONE,1338.71,USD,desktop,66,8791
PAY000001983,BKG000001983,71216,2014-04-10 01:51:03,credit_card,success,NONE,762.61,USD,desktop,32,60264
PAY000001984,BKG000001984,246479,2014-08-18 16:59:37,apple_pay,success,NONE,148.36,USD,desktop,66,5423
PAY000001985,BKG000001985,1051892,2014-08-25 19:37:05,debit_card,success,NONE,442.8,USD,desktop,66,11320
PAY000001986,BKG000001986,1114220,2014-07-08 17:46:00,credit_card,success,NONE,1079.7,USD,desktop,66,11835
PAY000001987,BKG000001987,854930,2014-09-20 00:34:56,debit_card,success,NONE,372.09,USD,desktop,66,12014
PAY000001988,BKG000001988,509944,2014-01-26 00:10:50,credit_card,success,NONE,265.48,USD,desktop,66,11854
PAY000001989,BKG000001989,8611,2014-12-16 09:33:49,debit_card,success,NONE,489.94,USD,mobile,66,25117
PAY000001990,BKG000001990,112219,2014-09-17 18:57:05,google_pay,success,NONE,1344.44,USD,desktop,66,12177
PAY000001991,BKG000001991,1037129,2014-05-07 00:00:56,credit_card,failed,AUTH_TIMEOUT,208.79,USD,desktop,46,8234
PAY000001992,BKG000001992,1125039,2014-12-06 13:47:35,bank_transfer,success,NONE,862.6,USD,desktop,66,23682
PAY000001993,BKG000001993,433562,2014-11-04 19:50:42,debit_card,success,NONE,914.08,USD,desktop,57,11353
PAY000001994,BKG000001994,705889,2014-09-05 11:27:28,apple_pay,success,NONE,650.16,EUR,desktop,3,8237
PAY000001995,BKG000001995,1040052,2014-10-14 19:03:52,paypal,success,NONE,148.46,USD,desktop,181,19415
PAY000001996,BKG000001996,486027,2014-05-21 20:55:45,credit_card,success,NONE,343.64,USD,mobile,66,14840
PAY000001997,BKG000001997,1135272,2013-06-03 07:04:12,credit_card,success,NONE,93.63,USD,desktop,206,12501
PAY000001998,BKG000001998,548149,2013-02-18 09:36:48,credit_card,success,NONE,216.31,USD,desktop,198,8223
PAY000001999,BKG000001999,622296,2014-04-24 14:46:29,debit_card,success,NONE,271.62,GBP,desktop,77,11319
PAY000002000,BKG000002000,189607,2014-11-10 13:40:35,credit_card,success,NONE,619.73,EUR,desktop,50,13259
PAY000002001,BKG000002001,1167088,2014-09-01 22:13:18,credit_card,success,NONE,245.67,EUR,desktop,3,6305
PAY000002002,BKG000002002,585974,2014-10-08 00:45:00,debit_card,success,NONE,124.28,USD,mobile,12,8263
PAY000002003,BKG000002003,360591,2014-01-15 19:22:02,credit_card,success,NONE,371.56,USD,desktop,66,24845
PAY000002004,BKG000002004,360591,2014-01-15 20:48:02,credit_card,success,NONE,372.44,USD,desktop,66,24845
PAY000002005,BKG000002005,1001589,2014-12-11 15:53:05,debit_card,success,NONE,363.06,USD,desktop,66,19542
PAY000002006,BKG000002006,922398,2013-03-07 04:31:46,credit_card,success,NONE,259.63,USD,desktop,66,8267
PAY000002007,BKG000002007,707285,2013-06-01 15:38:44,apple_pay,success,NONE,171.28,USD,desktop,69,8291
PAY000002008,BKG000002008,51108,2014-07-24 11:44:42,credit_card,success,NONE,279.01,USD,desktop,66,8286
PAY000002009,BKG000002009,661814,2014-12-26 22:04:34,paypal,success,NONE,177.53,USD,desktop,66,21546
PAY000002010,BKG000002010,52276,2013-03-29 21:35:19,credit_card,success,NONE,244.93,USD,desktop,66,8829
PAY000002011,BKG000002011,458629,2014-06-22 20:47:23,credit_card,success,NONE,1090.79,USD,desktop,205,8268
PAY000002012,BKG000002012,135483,2014-09-28 12:38:59,credit_card,failed,AUTH_TIMEOUT,192.15,USD,desktop,66,25762
PAY000002013,BKG000002013,223823,2014-09-17 09:21:23,credit_card,success,NONE,127.95,GBP,desktop,1,23942
PAY000002014,BKG000002014,513651,2013-01-21 07:57:47,credit_card,success,NONE,872.54,USD,desktop,66,8268
PAY000002015,BKG000002015,1135404,2014-05-04 11:31:40,debit_card,success,NONE,165.78,USD,desktop,66,8785
PAY000002016,BKG000002016,1195624,2013-06-16 08:12:46,credit_card,success,NONE,230.77,USD,desktop,66,6953
PAY000002017,BKG000002017,157083,2014-08-21 09:58:00,debit_card,failed,INSUFFICIENT_FUNDS,106.32,USD,desktop,205,25950
PAY000002018,BKG000002018,598163,2014-12-05 21:24:04,google_pay,success,NONE,437.24,USD,mobile,66,51113
PAY000002019,BKG000002019,739885,2014-04-03 20:30:07,paypal,success,NONE,200.47,USD,desktop,66,12206
PAY000002020,BKG000002020,602467,2014-05-09 19:41:18,credit_card,success,NONE,232.4,USD,desktop,66,24651
PAY000002021,BKG000002021,921089,2013-09-11 20:04:03,credit_card,success,NONE,646.37,EUR,desktop,77,22341
PAY000002022,BKG000002022,562267,2014-09-18 23:24:28,google_pay,success,NONE,447.44,USD,desktop,66,44285
PAY000002023,BKG000002023,5749,2014-08-23 21:45:17,credit_card,success,NONE,312.05,USD,desktop,66,25280
PAY000002024,BKG000002024,252876,2013-04-22 19:14:32,credit_card,success,NONE,322.55,EUR,desktop,3,804
PAY000002025,BKG000002025,1125788,2014-09-08 21:10:27,credit_card,success,NONE,1051.27,USD,desktop,66,8230
PAY000002026,BKG000002026,366180,2013-05-20 23:06:08,credit_card,success,NONE,220.35,USD,desktop,66,23686
PAY000002027,BKG000002027,1078672,2014-08-15 21:50:00,paypal,success,NONE,600.15,USD,mobile,167,22402
PAY000002028,BKG000002028,600169,2013-11-01 22:01:14,debit_card,success,NONE,1404.31,USD,desktop,69,12751
PAY000002029,BKG000002029,323102,2014-10-20 14:01:35,credit_card,success,NONE,168.72,EUR,desktop,3,8744
PAY000002030,BKG000002030,551623,2014-10-24 16:23:57,apple_pay,failed,CARD_DECLINED,410.43,USD,desktop,66,12489
PAY000002031,BKG000002031,201793,2014-10-24 05:28:48,credit_card,success,NONE,128.18,USD,mobile,66,42960
PAY000002032,BKG000002032,1121946,2013-01-12 09:31:07,credit_card,failed,AUTH_TIMEOUT,648.07,USD,desktop,66,8268
PAY000002033,BKG000002033,1173277,2013-10-24 13:36:10,debit_card,success,NONE,637.79,EUR,desktop,3,19548
PAY000002034,BKG000002034,741691,2014-08-12 02:56:03,debit_card,success,NONE,196.59,USD,desktop,46,17834
PAY000002035,BKG000002035,273842,2013-07-02 08:15:53,paypal,success,NONE,219.98,USD,desktop,66,25691
PAY000002036,BKG000002036,282618,2014-11-23 01:37:15,credit_card,success,NONE,182.1,USD,desktop,66,27704
PAY000002037,BKG000002037,832105,2014-05-02 09:10:25,credit_card,success,NONE,193.11,USD,desktop,66,25137
PAY000002038,BKG000002038,533574,2014-03-02 19:47:33,paypal,success,NONE,438.55,USD,desktop,205,13409
PAY000002039,BKG000002039,33881,2014-09-27 10:33:11,debit_card,success,NONE,106.45,USD,desktop,66,27279
PAY000002040,BKG000002040,691651,2014-06-13 11:31:09,debit_card,success,NONE,694.43,USD,desktop,235,18633
PAY000002041,BKG000002041,1179334,2013-09-28 20:51:44,debit_card,failed,PAYMENT_PROVIDER_ERROR,230.66,EUR,desktop,3,8276
PAY000002042,BKG000002042,782243,2014-06-22 14:01:26,debit_card,success,NONE,556.0,USD,desktop,214,8788
PAY000002043,BKG000002043,445217,2014-08-23 17:02:45,credit_card,success,NONE,154.21,USD,desktop,66,14966
PAY000002044,BKG000002044,916259,2013-06-01 16:17:19,credit_card,success,NONE,682.75,USD,desktop,66,12227
PAY000002045,BKG000002045,377517,2014-08-12 11:56:13,credit_card,success,NONE,880.38,EUR,desktop,3,34076
PAY000002046,BKG000002046,640254,2014-03-12 11:49:36,credit_card,success,NONE,223.77,USD,desktop,66,8229
PAY000002047,BKG000002047,646939,2014-06-08 00:16:08,credit_card,success,NONE,133.33,USD,desktop,66,8253
PAY000002048,BKG000002048,373561,2013-09-05 17:44:31,credit_card,success,NONE,385.6,USD,desktop,66,12175
PAY000002049,BKG000002049,794730,2014-05-22 21:35:40,credit_card,success,NONE,223.6,USD,desktop,66,11821
PAY000002050,BKG000002050,336342,2013-01-31 14:19:41,credit_card,success,NONE,1279.02,USD,desktop,66,12669
PAY000002051,BKG000002051,402320,2013-10-11 17:56:10,google_pay,success,NONE,240.91,USD,desktop,182,8275
PAY000002052,BKG000002052,1168666,2014-07-29 12:21:19,debit_card,success,NONE,630.66,USD,desktop,66,35999
PAY000002053,BKG000002053,838839,2014-02-26 13:51:09,credit_card,success,NONE,181.47,USD,desktop,66,27606
PAY000002054,BKG000002054,361813,2014-05-10 12:43:37,debit_card,success,NONE,228.66,USD,desktop,66,7159
PAY000002055,BKG000002055,916620,2014-12-06 15:17:22,google_pay,success,NONE,450.36,USD,desktop,205,21451
PAY000002056,BKG000002056,378492,2014-03-30 18:31:42,debit_card,success,NONE,285.47,USD,mobile,66,12179
PAY000002057,BKG000002057,748525,2014-11-07 15:43:59,debit_card,success,NONE,522.85,USD,desktop,205,8261
PAY000002058,BKG000002058,352692,2014-04-09 10:57:45,debit_card,success,NONE,912.45,USD,desktop,66,12008
PAY000002059,BKG000002059,157000,2013-10-16 19:31:43,debit_card,success,NONE,371.8,USD,desktop,66,8291
PAY000002060,BKG000002060,780643,2013-11-11 16:30:29,paypal,success,NONE,107.4,USD,desktop,214,8745
PAY000002061,BKG000002061,17668,2014-06-04 10:50:44,credit_card,success,NONE,640.77,GBP,desktop,195,58071
PAY000002062,BKG000002062,982188,2014-01-02 20:12:55,credit_card,success,NONE,384.41,USD,desktop,85,21494
PAY000002063,BKG000002063,1031330,2013-07-09 12:14:42,apple_pay,failed,AUTH_TIMEOUT,713.04,USD,desktop,214,8245
PAY000002064,BKG000002064,344821,2014-11-17 12:24:12,apple_pay,success,NONE,83.29,USD,desktop,69,12245
PAY000002065,BKG000002065,567281,2013-09-03 08:47:11,apple_pay,success,NONE,798.69,USD,desktop,66,8791
PAY000002066,BKG000002066,427244,2014-06-21 18:10:31,credit_card,success,NONE,452.91,USD,desktop,66,8288
PAY000002067,BKG000002067,320608,2014-01-30 12:00:57,debit_card,success,NONE,174.73,USD,desktop,205,43935
PAY000002068,BKG000002068,933641,2013-11-23 09:37:00,bank_transfer,success,NONE,144.07,USD,desktop,231,8221
PAY000002069,BKG000002069,1002069,2014-12-30 06:28:26,bank_transfer,success,NONE,234.31,USD,desktop,195,20414
PAY000002070,BKG000002070,274659,2014-02-19 17:47:02,credit_card,success,NONE,118.63,EUR,desktop,167,12662
PAY000002071,BKG000002071,1130179,2014-12-12 07:02:12,apple_pay,success,NONE,311.23,USD,desktop,24,21486
PAY000002072,BKG000002072,1130179,2014-12-12 07:20:12,credit_card,success,NONE,329.25,USD,desktop,24,21486
PAY000002073,BKG000002073,555473,2013-03-22 16:56:47,paypal,success,NONE,914.11,USD,desktop,205,12495
PAY000002074,BKG000002074,677425,2014-11-06 15:59:57,debit_card,success,NONE,433.83,USD,desktop,205,8254
PAY000002075,BKG000002075,61415,2014-02-20 13:18:50,credit_card,success,NONE,1088.25,USD,desktop,52,12206
PAY000002076,BKG000002076,618261,2013-06-13 17:29:33,credit_card,success,NONE,175.57,USD,desktop,66,1391
PAY000002077,BKG000002077,136092,2014-05-23 09:40:53,credit_card,success,NONE,469.54,USD,desktop,66,44241
PAY000002078,BKG000002078,514139,2014-12-08 10:52:48,credit_card,success,NONE,561.83,USD,desktop,66,8272
PAY000002079,BKG000002079,1108969,2013-11-21 15:08:18,paypal,success,NONE,273.63,USD,desktop,66,25972
PAY000002080,BKG000002080,180346,2013-12-24 11:23:51,bank_transfer,success,NONE,257.19,USD,desktop,66,61102
PAY000002081,BKG000002081,586581,2013-05-20 00:46:22,credit_card,success,NONE,742.67,USD,desktop,66,46375
PAY000002082,BKG000002082,302788,2014-06-02 12:01:35,debit_card,failed,CARD_DECLINED,471.17,USD,desktop,205,12691
PAY000002083,BKG000002083,1183310,2014-08-26 15:27:09,credit_card,success,NONE,203.19,EUR,desktop,3,8822
PAY000002084,BKG000002084,809314,2014-07-17 14:33:53,credit_card,success,NONE,572.57,USD,desktop,66,8824
PAY000002085,BKG000002085,472049,2013-11-19 01:31:21,paypal,success,NONE,657.73,USD,desktop,66,5405
PAY000002086,BKG000002086,892203,2013-07-30 12:38:20,paypal,success,NONE,94.51,USD,desktop,66,40926
PAY000002087,BKG000002087,284224,2013-03-14 18:08:17,apple_pay,success,NONE,222.26,USD,desktop,69,12857
PAY000002088,BKG000002088,396215,2013-04-19 16:59:13,credit_card,success,NONE,154.31,USD,desktop,69,12213
PAY000002089,BKG000002089,143900,2014-05-26 08:50:17,credit_card,success,NONE,249.96,USD,desktop,66,28514
PAY000002090,BKG000002090,1153221,2014-06-03 20:17:34,google_pay,success,NONE,124.36,USD,desktop,66,8741
PAY000002091,BKG000002091,198771,2014-10-02 17:13:42,credit_card,success,NONE,721.99,USD,desktop,66,12001
PAY000002092,BKG000002092,340146,2014-07-16 19:02:21,credit_card,success,NONE,221.45,USD,desktop,66,8255
PAY000002093,BKG000002093,342764,2014-06-19 17:10:05,google_pay,success,NONE,1783.88,EUR,desktop,3,8267
PAY000002094,BKG000002094,1195633,2013-04-21 20:14:48,debit_card,success,NONE,198.0,USD,mobile,68,8788
PAY000002095,BKG000002095,921257,2013-11-22 17:31:00,credit_card,failed,AUTH_TIMEOUT,154.69,USD,desktop,105,12189
PAY000002096,BKG000002096,522489,2013-04-12 21:23:23,bank_transfer,failed,CARD_DECLINED,221.27,USD,desktop,66,8250
PAY000002097,BKG000002097,1091475,2013-09-26 03:39:35,paypal,success,NONE,143.98,USD,desktop,66,23465
PAY000002098,BKG000002098,998193,2013-08-05 17:30:21,debit_card,success,NONE,90.0,USD,desktop,66,12217
PAY000002099,BKG000002099,1023354,2014-08-24 21:10:01,debit_card,success,NONE,244.35,USD,desktop,66,1012
PAY000002100,BKG000002100,810682,2013-02-07 14:57:53,debit_card,success,NONE,282.25,USD,desktop,66,4854
PAY000002101,BKG000002101,1039892,2014-05-27 15:54:23,apple_pay,success,NONE,411.54,USD,desktop,205,21787
PAY000002102,BKG000002102,657654,2014-04-15 07:21:30,debit_card,success,NONE,160.26,USD,desktop,66,1613
PAY000002103,BKG000002103,1049193,2013-05-14 13:53:58,credit_card,success,NONE,236.95,USD,desktop,215,12669
PAY000002104,BKG000002104,897034,2014-03-19 22:52:18,credit_card,success,NONE,324.49,USD,desktop,66,21657
PAY000002105,BKG000002105,596516,2014-12-15 05:36:30,credit_card,success,NONE,390.28,USD,desktop,66,8822
PAY000002106,BKG000002106,466126,2014-05-31 01:34:13,credit_card,success,NONE,151.52,USD,desktop,1,44916
PAY000002107,BKG000002107,239476,2014-08-03 17:42:39,credit_card,success,NONE,200.21,EUR,mobile,3,51580
PAY000002108,BKG000002108,478815,2014-12-20 01:39:31,credit_card,success,NONE,216.36,EUR,desktop,119,51657
PAY000002109,BKG000002109,383717,2014-12-23 22:55:28,credit_card,success,NONE,253.58,USD,desktop,66,960
PAY000002110,BKG000002110,517964,2013-07-29 17:43:23,paypal,success,NONE,225.37,USD,desktop,66,8230
PAY000002111,BKG000002111,156100,2014-10-12 10:02:33,bank_transfer,success,NONE,390.53,USD,mobile,66,12003
PAY000002112,BKG000002112,1107953,2014-04-14 16:28:52,credit_card,success,NONE,553.67,USD,desktop,205,8250
PAY000002113,BKG000002113,248780,2013-12-20 17:01:45,credit_card,success,NONE,314.19,USD,desktop,205,14875
PAY000002114,BKG000002114,221781,2014-11-04 15:23:02,credit_card,success,NONE,676.66,USD,desktop,47,5497
PAY000002115,BKG000002115,424819,2014-04-01 12:45:00,credit_card,success,NONE,438.07,USD,desktop,66,12206
PAY000002116,BKG000002116,278489,2014-04-04 17:30:09,paypal,success,NONE,270.6,USD,desktop,66,12126
PAY000002117,BKG000002117,76019,2014-07-10 23:00:22,google_pay,success,NONE,420.62,USD,desktop,205,62006
PAY000002118,BKG000002118,671546,2014-03-28 10:04:07,credit_card,success,NONE,333.67,USD,desktop,66,12602
PAY000002119,BKG000002119,555240,2013-09-10 12:10:25,bank_transfer,success,NONE,179.37,USD,desktop,66,8801
PAY000002120,BKG000002120,893931,2014-01-08 18:22:35,credit_card,success,NONE,687.86,USD,desktop,66,11812
PAY000002121,BKG000002121,379277,2014-10-09 08:54:21,credit_card,success,NONE,150.47,USD,desktop,205,26414
PAY000002122,BKG000002122,792144,2014-05-09 03:02:04,debit_card,success,NONE,865.33,USD,desktop,182,16312
PAY000002123,BKG000002123,822534,2013-06-05 11:37:35,paypal,success,NONE,124.81,USD,desktop,50,20408
PAY000002124,BKG000002124,822534,2013-06-05 13:10:35,debit_card,success,NONE,115.47,USD,desktop,50,20408
PAY000002125,BKG000002125,382057,2013-06-23 21:03:20,credit_card,success,NONE,161.56,USD,desktop,205,26235
PAY000002126,BKG000002126,503115,2014-03-15 20:54:05,debit_card,success,NONE,243.45,USD,desktop,66,28744
PAY000002127,BKG000002127,205344,2013-03-11 12:25:08,debit_card,success,NONE,619.28,USD,mobile,66,8250
PAY000002128,BKG000002128,1067780,2014-06-20 00:28:48,credit_card,failed,INSUFFICIENT_FUNDS,870.92,USD,desktop,66,12748
PAY000002129,BKG000002129,738292,2014-01-21 23:40:50,credit_card,success,NONE,1029.66,USD,desktop,69,12148
PAY000002130,BKG000002130,1162437,2014-05-15 11:19:06,google_pay,success,NONE,232.84,USD,desktop,66,22662
PAY000002131,BKG000002131,412063,2014-07-13 13:12:06,google_pay,success,NONE,1563.06,USD,desktop,205,7635
PAY000002132,BKG000002132,208347,2014-11-18 15:48:46,bank_transfer,success,NONE,184.82,USD,desktop,66,26628
PAY000002133,BKG000002133,163016,2013-12-05 12:39:42,paypal,success,NONE,782.89,USD,desktop,205,8278
PAY000002134,BKG000002134,32517,2013-12-16 19:42:21,paypal,success,NONE,219.41,USD,desktop,1,20211
PAY000002135,BKG000002135,1095750,2014-09-09 18:44:27,google_pay,success,NONE,469.26,USD,desktop,66,27616
PAY000002136,BKG000002136,388944,2014-08-13 00:43:06,paypal,success,NONE,462.25,EUR,desktop,3,27819
PAY000002137,BKG000002137,975028,2013-09-16 22:33:54,credit_card,success,NONE,266.52,USD,desktop,205,8288
PAY000002138,BKG000002138,563300,2013-05-15 20:12:24,credit_card,success,NONE,143.4,USD,desktop,66,13172
PAY000002139,BKG000002139,613481,2013-12-20 18:21:54,debit_card,success,NONE,1531.23,USD,desktop,66,12227
PAY000002140,BKG000002140,547160,2014-01-15 08:55:02,debit_card,success,NONE,206.64,USD,desktop,66,27131
PAY000002141,BKG000002141,894783,2014-09-18 15:02:38,google_pay,success,NONE,235.89,USD,desktop,205,8266
PAY000002142,BKG000002142,648956,2013-05-10 15:23:38,bank_transfer,success,NONE,983.97,USD,desktop,66,8213
PAY000002143,BKG000002143,493102,2014-07-06 15:20:03,debit_card,success,NONE,199.15,USD,desktop,68,8213
PAY000002144,BKG000002144,822477,2013-12-08 22:53:36,credit_card,success,NONE,1017.01,USD,mobile,66,41621
PAY000002145,BKG000002145,719954,2014-09-08 22:49:59,credit_card,success,NONE,207.66,USD,desktop,231,4392
PAY000002146,BKG000002146,51787,2014-11-06 10:29:21,debit_card,success,NONE,357.5,USD,desktop,66,8230
PAY000002147,BKG000002147,261821,2014-06-16 21:58:48,bank_transfer,success,NONE,127.8,USD,desktop,66,26044
PAY000002148,BKG000002148,1090221,2014-12-22 06:44:31,bank_transfer,success,NONE,706.72,USD,mobile,66,8268
PAY000002149,BKG000002149,675349,2013-12-13 16:46:51,bank_transfer,success,NONE,976.2,USD,desktop,66,15093
PAY000002150,BKG000002150,307110,2014-05-14 18:01:28,debit_card,success,NONE,276.28,USD,desktop,66,21103
PAY000002151,BKG000002151,1041485,2014-09-20 12:44:35,credit_card,success,NONE,152.28,GBP,desktop,77,21816
PAY000002152,BKG000002152,47671,2014-08-04 12:37:28,debit_card,success,NONE,564.22,EUR,desktop,3,669
PAY000002153,BKG000002153,1176522,2014-12-31 15:52:51,credit_card,success,NONE,311.9,USD,desktop,66,1019
PAY000002154,BKG000002154,821196,2014-08-08 17:08:56,debit_card,success,NONE,217.62,USD,desktop,66,12215
PAY000002155,BKG000002155,588801,2014-09-05 16:25:56,paypal,success,NONE,196.49,USD,desktop,66,8267
PAY000002156,BKG000002156,496833,2014-07-28 19:09:08,credit_card,success,NONE,671.56,USD,desktop,66,8279
PAY000002157,BKG000002157,268709,2013-10-03 12:16:39,credit_card,success,NONE,477.83,USD,desktop,66,7556
PAY000002158,BKG000002158,1012090,2013-04-17 17:09:20,debit_card,failed,INSUFFICIENT_FUNDS,101.57,USD,desktop,66,11840
PAY000002159,BKG000002159,145376,2014-01-05 23:33:03,debit_card,success,NONE,558.27,USD,desktop,69,23631
PAY000002160,BKG000002160,307848,2014-10-04 12:36:45,credit_card,success,NONE,200.12,USD,desktop,66,49854
PAY000002161,BKG000002161,44918,2014-04-23 15:48:18,google_pay,success,NONE,124.74,USD,desktop,66,23526
PAY000002162,BKG000002162,727613,2014-03-08 20:20:55,credit_card,success,NONE,265.39,USD,desktop,66,12281
PAY000002163,BKG000002163,607478,2014-07-05 08:48:24,bank_transfer,success,NONE,82.0,USD,desktop,66,1053
PAY000002164,BKG000002164,1007665,2013-05-11 19:00:02,paypal,success,NONE,244.59,USD,desktop,205,25944
PAY000002165,BKG000002165,479243,2014-08-14 12:02:19,bank_transfer,success,NONE,637.82,USD,desktop,205,8746
PAY000002166,BKG000002166,233113,2014-02-13 14:12:10,credit_card,success,NONE,165.76,USD,desktop,1,14804
PAY000002167,BKG000002167,625739,2013-09-16 10:06:36,credit_card,success,NONE,713.79,USD,desktop,28,268
PAY000002168,BKG000002168,1054726,2014-12-04 10:59:42,credit_card,success,NONE,143.4,USD,desktop,1,20272
PAY000002169,BKG000002169,176179,2014-03-05 12:37:08,credit_card,success,NONE,296.38,USD,desktop,66,21103
PAY000002170,BKG000002170,846444,2014-04-02 05:21:54,google_pay,success,NONE,352.86,USD,desktop,66,30337
PAY000002171,BKG000002171,507095,2014-06-18 19:16:13,credit_card,success,NONE,241.92,USD,desktop,66,26221
PAY000002172,BKG000002172,615374,2014-08-24 12:19:09,apple_pay,success,NONE,255.72,USD,desktop,19,8271
PAY000002173,BKG000002173,847332,2013-10-01 11:17:10,bank_transfer,success,NONE,177.91,USD,desktop,66,16042
PAY000002174,BKG000002174,126797,2014-09-26 00:15:07,bank_transfer,success,NONE,922.97,USD,desktop,66,8223
PAY000002175,BKG000002175,544722,2014-08-24 19:28:36,bank_transfer,success,NONE,92.51,USD,desktop,215,8278
PAY000002176,BKG000002176,308549,2014-05-17 17:56:18,debit_card,success,NONE,114.27,USD,desktop,69,30337
PAY000002177,BKG000002177,308549,2014-05-17 18:16:18,credit_card,success,NONE,132.21,USD,desktop,69,30337
PAY000002178,BKG000002178,58535,2014-11-19 23:04:12,credit_card,success,NONE,184.37,USD,desktop,66,49157
PAY000002179,BKG000002179,559032,2014-02-17 08:32:32,debit_card,success,NONE,505.88,USD,desktop,66,22595
PAY000002180,BKG000002180,945668,2013-12-16 23:24:44,credit_card,success,NONE,291.92,USD,desktop,66,28780
PAY000002181,BKG000002181,965580,2014-03-05 18:03:37,debit_card,success,NONE,265.58,GBP,desktop,77,8242
PAY000002182,BKG000002182,912963,2014-10-15 19:10:29,credit_card,success,NONE,1038.01,USD,desktop,66,13441
PAY000002183,BKG000002183,740575,2014-07-07 12:03:14,credit_card,success,NONE,139.48,USD,desktop,66,11924
PAY000002184,BKG000002184,634432,2013-09-20 16:35:01,google_pay,success,NONE,567.94,USD,desktop,66,8266
PAY000002185,BKG000002185,192181,2013-04-28 13:41:10,credit_card,success,NONE,211.86,USD,desktop,205,27819
PAY000002186,BKG000002186,615943,2014-07-10 02:19:07,credit_card,success,NONE,551.44,USD,desktop,66,11201
PAY000002187,BKG000002187,821621,2013-06-11 14:15:34,credit_card,success,NONE,394.01,USD,desktop,66,45278
PAY000002188,BKG000002188,495270,2014-09-24 19:29:16,debit_card,success,NONE,403.99,EUR,desktop,3,8221
PAY000002189,BKG000002189,559093,2013-03-16 19:57:11,apple_pay,success,NONE,359.41,USD,desktop,3,8254
PAY000002190,BKG000002190,311901,2013-09-29 12:21:49,credit_card,failed,INSUFFICIENT_FUNDS,195.84,USD,desktop,66,12602
PAY000002191,BKG000002191,505487,2013-04-23 07:10:29,google_pay,success,NONE,522.79,USD,mobile,66,11372
PAY000002192,BKG000002192,289267,2014-09-21 21:23:52,credit_card,success,NONE,201.4,USD,mobile,66,8218
PAY000002193,BKG000002193,151534,2014-11-01 19:33:20,debit_card,failed,AUTH_TIMEOUT,152.54,USD,desktop,69,12295
PAY000002194,BKG000002194,1092686,2013-01-14 12:15:12,credit_card,success,NONE,186.38,USD,desktop,66,27140
PAY000002195,BKG000002195,1105035,2014-07-27 13:34:06,credit_card,success,NONE,901.54,USD,desktop,66,44045
PAY000002196,BKG000002196,446396,2013-08-10 13:03:26,debit_card,success,NONE,335.08,USD,desktop,1,8293
PAY000002197,BKG000002197,662649,2014-05-20 11:10:16,credit_card,success,NONE,509.86,USD,desktop,66,11812
PAY000002198,BKG000002198,72498,2013-12-30 10:28:25,credit_card,success,NONE,437.34,USD,mobile,158,33539
PAY000002199,BKG000002199,1044161,2013-02-05 00:36:23,debit_card,success,NONE,211.08,USD,desktop,205,3415
PAY000002200,BKG000002200,297434,2014-09-06 12:47:22,credit_card,success,NONE,302.07,USD,desktop,205,496
PAY000002201,BKG000002201,989666,2013-03-10 14:02:25,credit_card,success,NONE,864.73,USD,desktop,66,8260
PAY000002202,BKG000002202,430310,2013-05-28 18:01:54,apple_pay,success,NONE,130.78,USD,desktop,205,26023
PAY000002203,BKG000002203,601454,2013-04-05 18:35:58,google_pay,success,NONE,108.62,USD,desktop,205,12218
PAY000002204,BKG000002204,1150217,2014-07-18 08:25:57,credit_card,failed,AUTH_TIMEOUT,685.82,USD,desktop,66,44045
PAY000002205,BKG000002205,1037098,2014-11-10 04:06:07,google_pay,success,NONE,440.79,USD,mobile,66,14127
PAY000002206,BKG000002206,809874,2014-03-01 06:59:12,credit_card,success,NONE,279.97,USD,desktop,80,8289
PAY000002207,BKG000002207,1007532,2013-01-10 01:19:31,debit_card,success,NONE,205.64,USD,desktop,69,23116
PAY000002208,BKG000002208,1190808,2014-10-23 16:14:42,bank_transfer,success,NONE,336.38,EUR,desktop,3,8282
PAY000002209,BKG000002209,956122,2013-07-26 19:53:37,credit_card,success,NONE,444.49,USD,mobile,46,8862
PAY000002210,BKG000002210,331468,2013-06-20 13:10:45,credit_card,success,NONE,74.0,USD,desktop,69,8745
PAY000002211,BKG000002211,1143980,2014-03-31 15:46:56,apple_pay,failed,CARD_DECLINED,147.08,USD,desktop,205,21961
PAY000002212,BKG000002212,49853,2014-07-04 17:20:21,apple_pay,success,NONE,188.33,EUR,desktop,167,51615
PAY000002213,BKG000002213,1059548,2014-08-26 20:13:19,bank_transfer,success,NONE,480.27,USD,desktop,133,12826
PAY000002214,BKG000002214,995459,2014-05-22 22:24:57,google_pay,success,NONE,873.64,USD,desktop,93,12051
PAY000002215,BKG000002215,779766,2014-03-04 11:32:09,bank_transfer,success,NONE,966.74,USD,desktop,205,8747
PAY000002216,BKG000002216,391456,2013-02-18 00:49:08,credit_card,success,NONE,737.44,USD,desktop,69,43199
PAY000002217,BKG000002217,14099,2013-08-26 19:04:31,credit_card,success,NONE,180.79,USD,desktop,66,8244
PAY000002218,BKG000002218,1180707,2013-10-30 00:49:32,paypal,success,NONE,168.72,EUR,mobile,3,8818
PAY000002219,BKG000002219,478931,2013-09-30 18:52:08,credit_card,success,NONE,139.88,USD,desktop,66,19363
PAY000002220,BKG000002220,520124,2013-07-17 11:42:18,paypal,success,NONE,213.91,USD,desktop,55,20773
PAY000002221,BKG000002221,746563,2014-06-22 23:56:51,credit_card,success,NONE,169.82,USD,mobile,205,11827
PAY000002222,BKG000002222,1013124,2013-06-08 19:11:16,debit_card,success,NONE,473.58,USD,desktop,46,8279
PAY000002223,BKG000002223,365994,2014-07-08 10:48:13,bank_transfer,success,NONE,657.56,USD,desktop,69,30337
PAY000002224,BKG000002224,624626,2013-08-28 03:45:50,bank_transfer,success,NONE,120.92,USD,desktop,48,8823
PAY000002225,BKG000002225,1135140,2013-10-04 11:02:15,credit_card,success,NONE,1260.66,USD,desktop,205,8279
PAY000002226,BKG000002226,611441,2014-08-05 21:29:19,credit_card,success,NONE,1130.47,USD,desktop,215,8259
PAY000002227,BKG000002227,326014,2013-09-11 18:39:51,debit_card,failed,CARD_DECLINED,438.88,USD,mobile,66,221
PAY000002228,BKG000002228,462875,2013-08-06 05:31:09,debit_card,success,NONE,145.55,EUR,desktop,23,14375
PAY000002229,BKG000002229,998600,2014-05-03 01:22:38,debit_card,success,NONE,254.12,USD,desktop,66,8267
PAY000002230,BKG000002230,151273,2013-07-24 22:01:37,credit_card,success,NONE,211.46,USD,desktop,66,25226
PAY000002231,BKG000002231,371447,2014-12-10 01:11:44,credit_card,success,NONE,471.38,USD,desktop,194,8819
PAY000002232,BKG000002232,712663,2014-12-15 14:25:46,debit_card,success,NONE,108.95,USD,mobile,66,64627
PAY000002233,BKG000002233,999562,2014-07-16 10:53:25,credit_card,failed,PAYMENT_PROVIDER_ERROR,228.74,USD,desktop,66,27070
PAY000002234,BKG000002234,675324,2013-08-08 16:07:21,paypal,success,NONE,119.91,USD,desktop,66,26414
PAY000002235,BKG000002235,840314,2014-07-19 21:14:27,credit_card,success,NONE,166.0,USD,desktop,66,8800
PAY000002236,BKG000002236,998756,2014-05-30 03:41:44,paypal,success,NONE,722.55,USD,desktop,46,8257
PAY000002237,BKG000002237,1074343,2013-12-02 13:36:35,debit_card,success,NONE,248.28,USD,desktop,66,12233
PAY000002238,BKG000002238,649312,2013-02-08 15:03:48,credit_card,success,NONE,83.41,USD,desktop,66,24597
PAY000002239,BKG000002239,700918,2014-12-05 22:59:04,paypal,success,NONE,438.47,USD,desktop,66,25702
PAY000002240,BKG000002240,538165,2014-05-23 14:30:35,debit_card,success,NONE,521.22,USD,desktop,66,8218
PAY000002241,BKG000002241,297832,2013-11-22 14:01:47,debit_card,success,NONE,239.37,USD,desktop,66,12372
PAY000002242,BKG000002242,482642,2014-06-26 18:12:05,credit_card,success,NONE,632.99,USD,desktop,66,8277
PAY000002243,BKG000002243,441088,2014-05-05 12:25:52,debit_card,success,NONE,346.96,USD,desktop,66,1493
PAY000002244,BKG000002244,361191,2014-05-19 21:22:45,credit_card,success,NONE,371.27,USD,desktop,205,8798
PAY000002245,BKG000002245,543549,2013-07-28 16:39:44,apple_pay,success,NONE,340.82,USD,desktop,205,9711
PAY000002246,BKG000002246,104704,2014-10-15 08:06:00,debit_card,success,NONE,473.41,USD,desktop,149,4583
PAY000002247,BKG000002247,668536,2014-10-08 18:25:11,credit_card,success,NONE,507.13,USD,desktop,205,8279
PAY000002248,BKG000002248,181091,2014-06-24 21:10:48,paypal,success,NONE,174.43,USD,desktop,66,11835
PAY000002249,BKG000002249,508189,2014-03-14 12:13:58,debit_card,failed,3DS_FAILED,2460.36,USD,desktop,5,8230
PAY000002250,BKG000002250,442331,2014-08-25 17:23:07,paypal,success,NONE,226.5,USD,desktop,66,8276
PAY000002251,BKG000002251,1080422,2013-11-10 06:32:12,paypal,success,NONE,489.09,USD,desktop,66,24555
PAY000002252,BKG000002252,994720,2014-01-30 16:27:37,bank_transfer,success,NONE,495.7,GBP,desktop,77,8795
PAY000002253,BKG000002253,928224,2014-10-26 21:27:31,credit_card,success,NONE,349.51,USD,desktop,66,8224
PAY000002254,BKG000002254,536622,2014-07-22 17:22:44,bank_transfer,success,NONE,1006.5,USD,desktop,66,8216
PAY000002255,BKG000002255,646311,2013-07-13 16:56:37,credit_card,success,NONE,211.87,USD,mobile,66,1066
PAY000002256,BKG000002256,222176,2014-11-23 15:44:31,paypal,success,NONE,260.76,USD,mobile,66,3908
PAY000002257,BKG000002257,1021760,2014-07-24 15:59:19,credit_card,success,NONE,165.14,USD,mobile,66,12175
PAY000002258,BKG000002258,91032,2013-06-29 01:03:58,paypal,success,NONE,518.79,USD,desktop,215,8278
PAY000002259,BKG000002259,1165865,2014-06-24 18:42:33,debit_card,success,NONE,320.2,USD,desktop,66,11816
PAY000002260,BKG000002260,343824,2014-10-25 19:43:50,credit_card,success,NONE,120.44,USD,desktop,66,12450
PAY000002261,BKG000002261,976486,2014-09-29 17:26:26,paypal,success,NONE,220.63,USD,desktop,46,31249
PAY000002262,BKG000002262,566208,2013-04-10 01:42:59,debit_card,success,NONE,266.9,USD,desktop,12,16523
PAY000002263,BKG000002263,1004399,2013-06-03 13:31:56,bank_transfer,success,NONE,385.86,USD,desktop,66,12256
PAY000002264,BKG000002264,1161312,2014-09-30 21:35:40,debit_card,success,NONE,548.32,GBP,desktop,198,64400
PAY000002265,BKG000002265,585065,2013-08-02 04:18:31,debit_card,success,NONE,283.54,USD,desktop,75,8247
PAY000002266,BKG000002266,199764,2014-11-15 21:59:50,paypal,success,NONE,498.78,USD,desktop,66,12181
PAY000002267,BKG000002267,117136,2013-06-06 19:46:07,credit_card,success,NONE,134.56,USD,desktop,205,1835
PAY000002268,BKG000002268,955762,2014-10-28 10:23:41,credit_card,success,NONE,113.14,USD,desktop,66,5662
PAY000002269,BKG000002269,245099,2014-07-03 14:36:13,credit_card,success,NONE,322.95,USD,desktop,205,30912
PAY000002270,BKG000002270,682645,2014-09-23 10:27:19,credit_card,success,NONE,598.78,USD,desktop,66,26063
PAY000002271,BKG000002271,393129,2013-09-13 02:58:09,apple_pay,success,NONE,215.47,USD,desktop,205,28531
PAY000002272,BKG000002272,335429,2013-05-29 19:13:53,credit_card,success,NONE,112.75,USD,desktop,66,24333
PAY000002273,BKG000002273,932347,2014-09-14 20:06:33,bank_transfer,success,NONE,340.62,USD,desktop,66,8793
PAY000002274,BKG000002274,852238,2014-03-13 18:33:07,debit_card,failed,PAYMENT_PROVIDER_ERROR,157.44,USD,desktop,162,61418
PAY000002275,BKG000002275,32593,2014-08-12 11:18:08,debit_card,failed,CARD_DECLINED,296.93,USD,desktop,66,3134
PAY000002276,BKG000002276,543344,2014-03-20 12:15:41,apple_pay,success,NONE,606.72,USD,desktop,66,55735
PAY000002277,BKG000002277,384981,2014-07-20 16:01:15,credit_card,success,NONE,913.7,USD,desktop,28,21468
PAY000002278,BKG000002278,992060,2014-01-21 16:15:52,credit_card,success,NONE,371.0,USD,desktop,66,8830
PAY000002279,BKG000002279,1105022,2014-03-24 06:17:55,credit_card,success,NONE,317.14,USD,mobile,214,8247
PAY000002280,BKG000002280,535950,2014-04-12 07:52:12,debit_card,success,NONE,162.59,USD,desktop,66,43705
PAY000002281,BKG000002281,745674,2014-04-25 21:26:03,paypal,success,NONE,235.96,USD,desktop,66,12196
PAY000002282,BKG000002282,311215,2014-01-30 13:05:04,debit_card,success,NONE,798.78,USD,desktop,66,12227
PAY000002283,BKG000002283,311215,2014-01-30 14:33:04,google_pay,success,NONE,653.17,USD,desktop,66,12227
PAY000002284,BKG000002284,438054,2014-02-13 18:32:57,debit_card,success,NONE,521.66,USD,desktop,63,8259
PAY000002285,BKG000002285,653104,2013-06-21 16:20:38,paypal,success,NONE,261.76,USD,desktop,66,1531
PAY000002286,BKG000002286,481390,2014-06-28 12:48:12,credit_card,failed,AUTH_TIMEOUT,397.23,USD,mobile,66,11976
PAY000002287,BKG000002287,670363,2014-07-14 11:56:26,credit_card,success,NONE,92.81,USD,mobile,55,8788
PAY000002288,BKG000002288,28923,2014-08-03 08:09:37,credit_card,success,NONE,1242.64,USD,desktop,149,8260
PAY000002289,BKG000002289,23041,2014-09-23 08:01:02,credit_card,success,NONE,223.5,USD,desktop,198,8230
PAY000002290,BKG000002290,930506,2014-03-04 16:19:29,credit_card,success,NONE,459.0,EUR,desktop,3,8242
PAY000002291,BKG000002291,801232,2013-10-28 15:13:41,debit_card,success,NONE,453.73,USD,desktop,66,26711
PAY000002292,BKG000002292,698678,2014-06-17 16:08:57,credit_card,success,NONE,891.18,USD,desktop,66,6071
PAY000002293,BKG000002293,1024816,2013-06-02 23:06:21,debit_card,success,NONE,187.88,USD,mobile,66,8245
PAY000002294,BKG000002294,447012,2014-04-18 17:40:55,debit_card,success,NONE,202.27,USD,desktop,66,12132
PAY000002295,BKG000002295,984878,2014-10-27 15:07:53,credit_card,success,NONE,233.77,EUR,desktop,3,8818
PAY000002296,BKG000002296,125298,2014-11-30 05:14:12,paypal,success,NONE,136.91,USD,mobile,3,804
PAY000002297,BKG000002297,656234,2013-07-12 03:16:12,paypal,success,NONE,182.21,USD,desktop,190,8862
PAY000002298,BKG000002298,1013891,2013-01-19 21:19:52,paypal,success,NONE,439.57,USD,desktop,66,41757
PAY000002299,BKG000002299,267376,2013-06-19 21:46:28,credit_card,success,NONE,229.89,USD,desktop,66,8273
PAY000002300,BKG000002300,1010373,2014-04-30 00:12:30,paypal,success,NONE,249.52,USD,desktop,66,63687
PAY000002301,BKG000002301,336493,2013-05-22 13:17:38,debit_card,success,NONE,605.94,USD,desktop,66,8253
PAY000002302,BKG000002302,1159977,2013-04-11 22:21:09,paypal,success,NONE,249.06,EUR,desktop,3,669
PAY000002303,BKG000002303,815735,2014-09-26 21:50:25,paypal,success,NONE,555.56,USD,mobile,66,12206
PAY000002304,BKG000002304,1179398,2013-02-07 18:37:36,debit_card,failed,PAYMENT_PROVIDER_ERROR,131.14,USD,desktop,1,18489
PAY000002305,BKG000002305,1156107,2014-12-03 23:58:33,google_pay,success,NONE,186.89,USD,desktop,66,8244
PAY000002306,BKG000002306,385546,2014-01-30 14:45:35,credit_card,success,NONE,451.18,USD,desktop,66,26035
PAY000002307,BKG000002307,127264,2013-04-07 20:25:23,debit_card,success,NONE,208.76,USD,desktop,205,8268
PAY000002308,BKG000002308,964081,2014-11-13 20:01:49,debit_card,success,NONE,232.63,USD,desktop,66,7540
PAY000002309,BKG000002309,542962,2014-12-10 01:27:19,credit_card,success,NONE,191.61,USD,desktop,66,8231
PAY000002310,BKG000002310,1078191,2014-02-10 16:42:59,credit_card,success,NONE,216.66,USD,desktop,66,8793
PAY000002311,BKG000002311,1015082,2014-05-27 01:54:31,credit_card,success,NONE,1318.54,USD,desktop,205,24919
PAY000002312,BKG000002312,139613,2013-08-08 11:25:09,paypal,success,NONE,173.41,USD,desktop,46,27080
PAY000002313,BKG000002313,1028734,2014-11-22 22:10:19,bank_transfer,success,NONE,130.01,GBP,desktop,77,22146
PAY000002314,BKG000002314,1165957,2013-08-27 15:17:13,credit_card,success,NONE,708.19,USD,desktop,66,8253
PAY000002315,BKG000002315,868894,2013-09-24 19:27:04,credit_card,success,NONE,665.51,USD,desktop,66,8268
PAY000002316,BKG000002316,787456,2013-06-04 09:27:04,credit_card,success,NONE,182.0,USD,desktop,205,25928
PAY000002317,BKG000002317,23753,2014-09-07 10:18:07,credit_card,success,NONE,199.62,USD,desktop,66,21164
PAY000002318,BKG000002318,427512,2013-06-06 07:52:17,apple_pay,success,NONE,353.37,USD,desktop,66,28546
PAY000002319,BKG000002319,912345,2014-05-07 17:23:16,google_pay,success,NONE,394.51,USD,desktop,66,23686
PAY000002320,BKG000002320,710605,2014-01-21 09:55:32,credit_card,success,NONE,136.13,USD,desktop,66,27138
PAY000002321,BKG000002321,710605,2014-01-21 11:21:32,google_pay,success,NONE,144.12,USD,desktop,66,27138
PAY000002322,BKG000002322,192059,2013-05-13 07:30:03,paypal,success,NONE,1498.06,USD,desktop,66,27142
PAY000002323,BKG000002323,873597,2014-03-18 02:45:05,debit_card,success,NONE,2057.57,EUR,desktop,23,12403
PAY000002324,BKG000002324,413001,2014-11-23 19:26:28,debit_card,success,NONE,348.87,USD,desktop,66,20225
PAY000002325,BKG000002325,606752,2014-08-09 14:07:28,apple_pay,success,NONE,818.1,USD,mobile,66,8250
PAY000002326,BKG000002326,488585,2014-07-28 18:37:41,credit_card,success,NONE,206.08,USD,desktop,66,12280
PAY000002327,BKG000002327,999396,2014-04-15 16:43:22,credit_card,success,NONE,143.46,USD,desktop,66,26022
PAY000002328,BKG000002328,940523,2014-05-03 04:20:19,paypal,success,NONE,134.21,USD,desktop,66,28510
PAY000002329,BKG000002329,137800,2014-12-04 15:25:53,credit_card,success,NONE,1177.92,EUR,desktop,167,53146
PAY000002330,BKG000002330,573799,2014-03-19 03:49:23,debit_card,success,NONE,906.82,USD,desktop,66,8250
PAY000002331,BKG000002331,692730,2014-08-27 14:40:16,credit_card,success,NONE,219.93,USD,desktop,205,26023
PAY000002332,BKG000002332,162884,2014-03-15 16:41:17,debit_card,success,NONE,330.37,USD,desktop,66,8745
PAY000002333,BKG000002333,519385,2014-09-29 01:39:00,apple_pay,success,NONE,700.67,USD,desktop,66,23679
PAY000002334,BKG000002334,153755,2014-11-18 22:39:52,paypal,success,NONE,193.52,EUR,desktop,70,47466
PAY000002335,BKG000002335,342602,2014-11-09 01:52:54,debit_card,success,NONE,216.41,USD,desktop,24,41137
PAY000002336,BKG000002336,1157485,2013-02-25 11:53:21,debit_card,success,NONE,348.02,USD,desktop,66,8746
PAY000002337,BKG000002337,706497,2014-07-18 22:56:54,apple_pay,success,NONE,387.24,USD,desktop,66,8250
PAY000002338,BKG000002338,521042,2014-01-08 13:20:21,credit_card,success,NONE,327.52,USD,desktop,66,4273
PAY000002339,BKG000002339,361399,2013-12-07 11:11:37,debit_card,failed,PAYMENT_PROVIDER_ERROR,286.78,USD,desktop,66,12239
PAY000002340,BKG000002340,34522,2014-03-02 13:29:05,credit_card,success,NONE,338.2,USD,desktop,66,27772
PAY000002341,BKG000002341,624758,2014-10-08 14:35:09,credit_card,success,NONE,194.38,USD,desktop,133,11940
PAY000002342,BKG000002342,1076678,2013-09-23 01:13:41,bank_transfer,success,NONE,206.22,USD,desktop,66,29411
PAY000002343,BKG000002343,441933,2013-09-16 09:37:14,paypal,success,NONE,514.16,USD,desktop,141,12951
PAY000002344,BKG000002344,47816,2013-10-23 22:40:15,bank_transfer,success,NONE,252.53,USD,desktop,66,12603
PAY000002345,BKG000002345,864603,2013-10-29 01:13:58,paypal,success,NONE,156.21,USD,desktop,66,22238
PAY000002346,BKG000002346,487932,2014-08-21 13:46:29,paypal,success,NONE,348.55,USD,desktop,66,11321
PAY000002347,BKG000002347,487932,2014-08-21 15:00:29,credit_card,success,NONE,338.4,USD,desktop,66,11321
PAY000002348,BKG000002348,172778,2013-11-20 13:58:31,credit_card,success,NONE,610.73,USD,desktop,215,8267
PAY000002349,BKG000002349,120419,2013-08-02 02:01:36,debit_card,success,NONE,107.66,USD,desktop,66,49414
PAY000002350,BKG000002350,52390,2014-05-23 17:17:13,credit_card,failed,3DS_FAILED,281.64,USD,desktop,66,14985
PAY000002351,BKG000002351,224892,2014-01-31 13:15:26,bank_transfer,success,NONE,244.19,USD,desktop,69,12471
PAY000002352,BKG000002352,341597,2014-01-20 16:22:57,paypal,success,NONE,117.65,USD,desktop,66,12264
PAY000002353,BKG000002353,317430,2013-07-19 13:07:53,apple_pay,success,NONE,156.82,USD,desktop,66,10523
PAY000002354,BKG000002354,245831,2013-07-25 13:05:25,debit_card,success,NONE,81.3,USD,desktop,133,8743
PAY000002355,BKG000002355,554225,2014-12-02 10:13:01,credit_card,success,NONE,458.32,USD,desktop,66,12872
PAY000002356,BKG000002356,1125545,2014-09-01 01:13:26,credit_card,success,NONE,2396.2,USD,mobile,182,52313
PAY000002357,BKG000002357,1267,2013-10-20 17:41:58,bank_transfer,success,NONE,369.44,EUR,desktop,3,21436
PAY000002358,BKG000002358,1038081,2014-08-24 17:16:43,debit_card,success,NONE,133.71,USD,desktop,66,8266
PAY000002359,BKG000002359,3408,2014-09-05 17:26:14,credit_card,success,NONE,617.55,EUR,desktop,3,8282
PAY000002360,BKG000002360,1191034,2014-07-15 08:40:29,paypal,success,NONE,477.83,USD,desktop,66,17869
PAY000002361,BKG000002361,48323,2014-08-21 22:36:28,bank_transfer,success,NONE,246.52,USD,desktop,66,25186
PAY000002362,BKG000002362,544207,2014-03-02 19:54:33,credit_card,success,NONE,420.5,USD,desktop,66,13395
PAY000002363,BKG000002363,1030559,2014-11-19 16:47:15,google_pay,success,NONE,246.89,GBP,desktop,194,8819
PAY000002364,BKG000002364,754011,2014-06-30 23:01:35,paypal,success,NONE,202.84,USD,desktop,69,23311
PAY000002365,BKG000002365,1091540,2014-11-06 23:16:13,bank_transfer,failed,CARD_DECLINED,151.35,USD,mobile,205,8798
PAY000002366,BKG000002366,57155,2013-08-08 18:16:52,debit_card,success,NONE,610.22,USD,desktop,46,4248
PAY000002367,BKG000002367,900154,2014-10-17 13:40:54,debit_card,success,NONE,304.46,USD,desktop,69,24989
PAY000002368,BKG000002368,1042332,2013-12-07 02:23:24,bank_transfer,success,NONE,495.07,EUR,desktop,119,8267
PAY000002369,BKG000002369,843084,2013-02-13 22:20:28,credit_card,success,NONE,357.36,USD,desktop,66,8250
PAY000002370,BKG000002370,30969,2014-09-04 11:05:44,debit_card,success,NONE,325.14,USD,desktop,66,8230
PAY000002371,BKG000002371,368897,2014-05-19 01:22:58,paypal,success,NONE,2313.87,USD,desktop,46,100
PAY000002372,BKG000002372,179050,2013-07-23 05:12:45,bank_transfer,success,NONE,934.3,USD,mobile,66,8824
PAY000002373,BKG000002373,56310,2013-03-31 11:54:18,paypal,success,NONE,835.52,USD,desktop,93,27211
PAY000002374,BKG000002374,632262,2013-06-11 08:50:49,debit_card,success,NONE,107.33,USD,desktop,66,25897
PAY000002375,BKG000002375,630248,2013-12-21 16:32:05,debit_card,success,NONE,251.54,USD,desktop,66,12225
PAY000002376,BKG000002376,208411,2013-09-30 10:39:07,credit_card,success,NONE,1089.95,USD,desktop,66,41670
PAY000002377,BKG000002377,378652,2013-12-08 08:22:46,apple_pay,success,NONE,125.87,USD,desktop,205,24628
PAY000002378,BKG000002378,425168,2014-09-18 16:58:17,apple_pay,failed,3DS_FAILED,120.84,USD,desktop,30,12440
PAY000002379,BKG000002379,159233,2013-04-15 16:42:01,credit_card,success,NONE,533.49,USD,mobile,66,27271
PAY000002380,BKG000002380,133032,2014-10-25 10:57:14,credit_card,success,NONE,107.03,USD,desktop,70,12492
PAY000002381,BKG000002381,1188433,2014-03-07 15:40:53,apple_pay,success,NONE,98.56,GBP,desktop,77,12541
PAY000002382,BKG000002382,992257,2014-06-27 13:13:22,credit_card,success,NONE,745.71,USD,desktop,66,8791
PAY000002383,BKG000002383,769377,2014-06-27 12:38:04,credit_card,success,NONE,209.06,USD,desktop,66,8745
PAY000002384,BKG000002384,858576,2013-07-05 18:35:38,bank_transfer,success,NONE,305.81,USD,desktop,66,11988
PAY000002385,BKG000002385,470641,2014-12-15 15:00:35,credit_card,failed,PAYMENT_PROVIDER_ERROR,155.53,EUR,desktop,3,8502
PAY000002386,BKG000002386,557169,2013-10-28 22:32:52,bank_transfer,success,NONE,350.1,USD,desktop,205,8262
PAY000002387,BKG000002387,760067,2014-06-18 16:59:36,google_pay,success,NONE,262.75,USD,desktop,66,31396
PAY000002388,BKG000002388,165541,2014-05-09 17:52:57,bank_transfer,success,NONE,666.74,USD,desktop,66,105
PAY000002389,BKG000002389,904292,2013-03-26 18:40:22,debit_card,success,NONE,160.98,USD,mobile,66,26863
PAY000002390,BKG000002390,256779,2014-07-20 22:49:21,credit_card,success,NONE,186.75,USD,desktop,66,42601
PAY000002391,BKG000002391,406134,2014-11-28 19:38:09,google_pay,success,NONE,752.41,USD,desktop,66,8745
PAY000002392,BKG000002392,199639,2013-02-06 18:48:01,bank_transfer,success,NONE,279.85,USD,desktop,154,375
PAY000002393,BKG000002393,1139237,2014-05-23 10:55:43,apple_pay,success,NONE,480.91,USD,desktop,66,8351
PAY000002394,BKG000002394,950002,2014-02-07 17:40:36,paypal,success,NONE,471.91,USD,desktop,66,8271
PAY000002395,BKG000002395,400825,2013-01-19 15:11:34,google_pay,success,NONE,120.69,USD,desktop,66,12175
PAY000002396,BKG000002396,339408,2014-11-25 03:55:13,credit_card,success,NONE,137.41,USD,desktop,66,4380
PAY000002397,BKG000002397,1104809,2013-02-19 07:08:21,paypal,success,NONE,281.54,USD,desktop,66,12895
PAY000002398,BKG000002398,430388,2014-12-27 12:55:00,paypal,success,NONE,163.48,USD,desktop,66,21787
PAY000002399,BKG000002399,1028767,2014-08-16 03:11:23,debit_card,success,NONE,311.41,USD,desktop,66,669
PAY000002400,BKG000002400,183540,2013-05-04 08:36:13,debit_card,success,NONE,203.73,USD,desktop,93,26357
PAY000002401,BKG000002401,344381,2014-09-06 16:41:31,bank_transfer,success,NONE,116.77,USD,mobile,215,42590
PAY000002402,BKG000002402,939594,2014-02-20 18:02:11,debit_card,success,NONE,3224.86,USD,desktop,66,776
PAY000002403,BKG000002403,440579,2013-07-11 00:36:33,google_pay,success,NONE,149.23,USD,desktop,66,8283
PAY000002404,BKG000002404,651998,2013-08-18 12:31:35,credit_card,success,NONE,726.89,USD,desktop,66,8271
PAY000002405,BKG000002405,537786,2014-06-02 10:23:19,paypal,success,NONE,773.49,USD,desktop,66,8250
PAY000002406,BKG000002406,89246,2014-04-10 21:07:30,credit_card,success,NONE,335.93,USD,desktop,66,40890
PAY000002407,BKG000002407,1015307,2014-12-07 20:31:20,credit_card,failed,CARD_DECLINED,471.04,GBP,desktop,77,12225
PAY000002408,BKG000002408,18594,2013-08-26 19:14:09,credit_card,success,NONE,264.78,USD,mobile,66,8223
PAY000002409,BKG000002409,287086,2013-06-20 11:18:56,credit_card,success,NONE,140.84,USD,desktop,69,1951
PAY000002410,BKG000002410,503611,2014-12-17 19:39:39,debit_card,success,NONE,302.44,USD,desktop,66,8835
PAY000002411,BKG000002411,304063,2013-08-01 13:15:21,credit_card,success,NONE,135.93,USD,desktop,205,6196
PAY000002412,BKG000002412,683381,2014-07-18 00:54:05,apple_pay,success,NONE,582.66,USD,desktop,66,12623
PAY000002413,BKG000002413,294261,2014-02-13 11:44:47,apple_pay,success,NONE,350.93,USD,desktop,205,8270
PAY000002414,BKG000002414,355170,2014-01-22 05:48:11,credit_card,success,NONE,498.88,USD,desktop,123,20404
PAY000002415,BKG000002415,932417,2014-12-02 10:53:07,google_pay,success,NONE,212.79,USD,desktop,66,1109
PAY000002416,BKG000002416,76501,2013-08-04 22:54:32,credit_card,success,NONE,138.76,USD,desktop,205,1891
PAY000002417,BKG000002417,487450,2013-07-27 15:04:58,paypal,success,NONE,267.14,USD,desktop,69,1536
PAY000002418,BKG000002418,504482,2014-06-17 02:04:27,debit_card,success,NONE,332.5,USD,desktop,205,21787
PAY000002419,BKG000002419,175989,2014-07-20 21:07:10,credit_card,success,NONE,732.47,USD,desktop,205,783
PAY000002420,BKG000002420,153266,2014-09-23 23:07:13,paypal,success,NONE,216.4,USD,desktop,66,8250
PAY000002421,BKG000002421,256053,2014-09-25 22:34:14,credit_card,failed,INSUFFICIENT_FUNDS,303.24,USD,desktop,66,8215
PAY000002422,BKG000002422,959395,2014-02-25 20:39:54,credit_card,success,NONE,242.57,USD,desktop,66,17050
PAY000002423,BKG000002423,844863,2014-04-12 09:18:41,credit_card,success,NONE,1155.32,USD,desktop,66,28437
PAY000002424,BKG000002424,73107,2014-10-01 11:37:15,bank_transfer,success,NONE,425.22,USD,desktop,66,8244
PAY000002425,BKG000002425,1111284,2014-10-17 18:26:34,google_pay,success,NONE,1084.39,USD,mobile,66,23593
PAY000002426,BKG000002426,734698,2014-12-21 16:00:23,google_pay,success,NONE,413.09,USD,mobile,66,8254
PAY000002427,BKG000002427,451714,2013-09-13 22:37:41,credit_card,success,NONE,657.72,EUR,desktop,3,20326
PAY000002428,BKG000002428,451714,2013-09-13 22:04:41,credit_card,success,NONE,549.13,EUR,desktop,3,20326
PAY000002429,BKG000002429,427363,2014-10-30 14:46:31,google_pay,success,NONE,724.27,USD,desktop,66,12211
PAY000002430,BKG000002430,955838,2014-12-05 19:43:07,debit_card,success,NONE,234.21,USD,desktop,103,12057
PAY000002431,BKG000002431,545137,2014-04-04 17:31:29,debit_card,success,NONE,266.36,USD,desktop,66,53647
PAY000002432,BKG000002432,422506,2014-11-14 12:32:20,credit_card,success,NONE,202.22,USD,desktop,66,12009
PAY000002433,BKG000002433,965141,2014-02-06 14:03:02,credit_card,success,NONE,357.05,USD,desktop,68,8243
PAY000002434,BKG000002434,887744,2014-10-31 08:37:29,paypal,success,NONE,237.68,USD,desktop,66,8229
PAY000002435,BKG000002435,802497,2013-04-30 20:52:52,debit_card,success,NONE,328.27,USD,desktop,194,792
PAY000002436,BKG000002436,555623,2014-04-24 16:42:39,bank_transfer,success,NONE,268.94,USD,desktop,66,7209
PAY000002437,BKG000002437,775204,2014-10-07 12:10:19,apple_pay,success,NONE,1054.07,USD,desktop,66,44201
PAY000002438,BKG000002438,40739,2014-08-02 06:51:22,debit_card,success,NONE,359.28,USD,mobile,66,8247
PAY000002439,BKG000002439,185589,2014-09-11 10:49:45,google_pay,success,NONE,316.7,USD,desktop,66,25415
PAY000002440,BKG000002440,660707,2014-02-26 12:59:29,paypal,success,NONE,248.31,USD,desktop,66,11853
PAY000002441,BKG000002441,361301,2013-05-31 19:36:27,paypal,success,NONE,447.5,USD,desktop,66,24681
PAY000002442,BKG000002442,147754,2014-10-28 01:44:26,credit_card,success,NONE,113.97,USD,desktop,215,8806
PAY000002443,BKG000002443,354572,2014-12-16 09:09:07,paypal,success,NONE,651.94,USD,desktop,66,8267
PAY000002444,BKG000002444,704595,2013-09-21 04:19:07,google_pay,failed,INSUFFICIENT_FUNDS,295.94,EUR,desktop,66,12216
PAY000002445,BKG000002445,900369,2013-06-28 21:21:19,credit_card,failed,AUTH_TIMEOUT,108.13,USD,desktop,23,11620
PAY000002446,BKG000002446,688124,2014-12-23 11:33:04,credit_card,success,NONE,107.32,USD,desktop,66,25728
PAY000002447,BKG000002447,482770,2013-09-14 02:19:54,credit_card,success,NONE,557.67,USD,desktop,66,1379
PAY000002448,BKG000002448,573403,2013-06-26 23:56:14,bank_transfer,success,NONE,186.15,USD,desktop,69,22681
PAY000002449,BKG000002449,1189936,2013-07-15 17:11:31,credit_card,success,NONE,262.78,EUR,desktop,3,8282
PAY000002450,BKG000002450,218085,2013-11-01 13:43:11,debit_card,success,NONE,352.07,USD,desktop,46,22843
PAY000002451,BKG000002451,353584,2013-12-29 16:39:33,credit_card,success,NONE,278.41,USD,desktop,205,12225
PAY000002452,BKG000002452,921037,2014-11-11 02:32:03,debit_card,success,NONE,506.86,EUR,desktop,3,19370
PAY000002453,BKG000002453,291602,2014-08-18 20:04:51,credit_card,success,NONE,1636.2,EUR,desktop,115,8747
PAY000002454,BKG000002454,842424,2014-08-19 02:25:52,credit_card,success,NONE,561.33,USD,desktop,205,8818
PAY000002455,BKG000002455,545800,2013-10-13 08:50:01,apple_pay,success,NONE,353.76,USD,desktop,66,22286
PAY000002456,BKG000002456,416633,2014-06-04 15:10:41,paypal,success,NONE,202.05,USD,desktop,46,25602
PAY000002457,BKG000002457,148218,2014-02-13 12:37:41,debit_card,success,NONE,751.3,USD,desktop,66,25376
PAY000002458,BKG000002458,730461,2014-05-06 15:44:14,credit_card,success,NONE,196.56,USD,desktop,205,8788
PAY000002459,BKG000002459,853813,2013-04-12 14:59:41,credit_card,success,NONE,302.26,USD,desktop,69,8253
PAY000002460,BKG000002460,1064262,2013-11-28 12:30:53,credit_card,success,NONE,163.41,USD,desktop,205,26022
PAY000002461,BKG000002461,1064262,2013-11-28 13:13:53,debit_card,success,NONE,185.06,USD,desktop,205,26022
PAY000002462,BKG000002462,939879,2014-04-17 19:35:01,paypal,success,NONE,1155.4,USD,desktop,205,8791
PAY000002463,BKG000002463,880892,2014-05-18 21:36:26,google_pay,success,NONE,469.62,USD,desktop,215,22119
PAY000002464,BKG000002464,846104,2014-07-20 09:17:17,paypal,success,NONE,304.09,USD,desktop,66,12754
PAY000002465,BKG000002465,397644,2013-08-30 11:43:03,credit_card,success,NONE,190.01,USD,mobile,205,12949
PAY000002466,BKG000002466,681528,2013-06-12 00:49:19,paypal,success,NONE,374.98,EUR,desktop,23,8289
PAY000002467,BKG000002467,749006,2013-08-11 01:51:38,debit_card,success,NONE,853.33,USD,mobile,69,2210
PAY000002468,BKG000002468,144668,2013-01-14 17:52:14,credit_card,success,NONE,218.3,USD,desktop,66,8223
PAY000002469,BKG000002469,732677,2013-10-09 19:49:29,paypal,success,NONE,196.73,USD,desktop,66,11569
PAY000002470,BKG000002470,735645,2014-08-08 00:05:27,credit_card,success,NONE,174.75,USD,desktop,205,18811
PAY000002471,BKG000002471,103339,2014-11-15 21:00:22,credit_card,failed,CARD_DECLINED,218.38,USD,mobile,66,27215
PAY000002472,BKG000002472,364355,2014-06-22 19:10:31,debit_card,success,NONE,167.04,USD,desktop,66,259
PAY000002473,BKG000002473,1157214,2014-04-30 13:49:07,credit_card,success,NONE,305.56,USD,desktop,154,628
PAY000002474,BKG000002474,414929,2014-10-31 15:56:43,paypal,failed,PAYMENT_PROVIDER_ERROR,212.74,USD,desktop,66,21645
PAY000002475,BKG000002475,1135792,2014-08-11 19:56:16,credit_card,success,NONE,158.52,USD,desktop,66,49629
PAY000002476,BKG000002476,121985,2014-01-02 14:28:28,credit_card,failed,3DS_FAILED,296.18,USD,desktop,182,12526
PAY000002477,BKG000002477,161085,2014-12-26 14:02:01,google_pay,success,NONE,363.81,USD,desktop,66,8282
PAY000002478,BKG000002478,650555,2014-12-18 19:03:38,paypal,success,NONE,1033.23,GBP,desktop,77,22532
PAY000002479,BKG000002479,890044,2014-11-07 13:53:20,debit_card,success,NONE,677.81,USD,desktop,66,12233
PAY000002480,BKG000002480,225181,2014-02-26 23:24:17,credit_card,success,NONE,269.57,USD,desktop,66,24693
PAY000002481,BKG000002481,1108950,2013-08-18 03:08:40,credit_card,success,NONE,193.27,USD,desktop,168,33650
PAY000002482,BKG000002482,1037670,2013-09-05 23:24:07,google_pay,success,NONE,1437.8,USD,desktop,55,24022
PAY000002483,BKG000002483,223569,2014-08-03 19:05:08,credit_card,success,NONE,170.22,USD,desktop,66,4249
PAY000002484,BKG000002484,642176,2014-07-29 21:56:23,credit_card,success,NONE,137.87,USD,desktop,66,8243
PAY000002485,BKG000002485,528238,2013-09-21 01:25:34,credit_card,success,NONE,1309.13,USD,desktop,69,7635
PAY000002486,BKG000002486,954307,2014-03-28 23:42:32,credit_card,success,NONE,184.85,USD,desktop,205,8256
PAY000002487,BKG000002487,1140397,2013-08-22 16:51:04,debit_card,success,NONE,124.83,USD,desktop,66,8277
PAY000002488,BKG000002488,311999,2013-05-08 09:00:31,credit_card,success,NONE,172.1,USD,desktop,205,8265
PAY000002489,BKG000002489,5667,2013-12-31 00:59:30,credit_card,success,NONE,783.79,USD,desktop,68,8286
PAY000002490,BKG000002490,790317,2013-07-24 00:20:29,credit_card,success,NONE,244.81,USD,desktop,205,12273
PAY000002491,BKG000002491,159025,2014-02-27 09:18:20,credit_card,success,NONE,201.51,USD,desktop,66,11569
PAY000002492,BKG000002492,801296,2014-12-26 14:41:56,debit_card,success,NONE,122.17,USD,desktop,205,25963
PAY000002493,BKG000002493,440209,2014-08-27 18:32:58,credit_card,success,NONE,196.51,USD,mobile,66,27719
PAY000002494,BKG000002494,102724,2014-12-19 07:55:06,bank_transfer,success,NONE,229.84,USD,desktop,66,12665
PAY000002495,BKG000002495,332551,2014-08-06 14:03:52,paypal,success,NONE,1499.74,USD,mobile,46,12227
PAY000002496,BKG000002496,103505,2013-12-26 21:33:47,credit_card,success,NONE,537.7,USD,desktop,69,42432
PAY000002497,BKG000002497,798571,2014-06-19 03:29:57,credit_card,success,NONE,292.27,USD,desktop,66,47611
PAY000002498,BKG000002498,1053460,2014-05-27 15:05:55,debit_card,success,NONE,225.37,USD,desktop,66,17563
PAY000002499,BKG000002499,171951,2014-11-29 14:02:36,debit_card,success,NONE,229.12,USD,desktop,66,109
PAY000002500,BKG000002500,1099863,2013-09-24 11:04:08,debit_card,success,NONE,133.87,USD,mobile,66,8745
PAY000002501,BKG000002501,643093,2013-06-25 00:51:45,paypal,failed,CARD_DECLINED,187.08,USD,desktop,66,1742
PAY000002502,BKG000002502,701462,2014-08-25 16:08:32,credit_card,success,NONE,591.85,USD,desktop,182,998
PAY000002503,BKG000002503,468506,2014-02-18 11:00:08,paypal,failed,INSUFFICIENT_FUNDS,574.59,USD,desktop,46,24522
PAY000002504,BKG000002504,162619,2014-05-03 08:28:46,google_pay,success,NONE,165.57,USD,desktop,66,5098
PAY000002505,BKG000002505,332769,2014-09-05 14:35:24,debit_card,success,NONE,118.79,USD,desktop,69,18910
PAY000002506,BKG000002506,1027365,2013-07-12 09:31:58,debit_card,success,NONE,198.28,USD,desktop,66,4654
PAY000002507,BKG000002507,456260,2014-05-31 17:57:37,credit_card,success,NONE,311.24,USD,desktop,66,8746
PAY000002508,BKG000002508,870682,2013-06-03 18:41:35,credit_card,success,NONE,148.31,USD,mobile,66,8270
PAY000002509,BKG000002509,405813,2013-12-20 20:19:13,credit_card,success,NONE,240.85,USD,desktop,66,60694
PAY000002510,BKG000002510,1142749,2013-03-27 17:58:09,paypal,success,NONE,111.84,USD,desktop,66,12603
PAY000002511,BKG000002511,292074,2014-12-02 13:59:10,bank_transfer,success,NONE,146.33,USD,desktop,205,12193
PAY000002512,BKG000002512,1111579,2014-09-18 10:17:31,debit_card,success,NONE,658.57,USD,desktop,66,12757
PAY000002513,BKG000002513,536372,2014-11-07 22:45:00,debit_card,success,NONE,1853.72,EUR,desktop,0,19370
PAY000002514,BKG000002514,118933,2014-09-05 10:15:43,apple_pay,success,NONE,309.16,USD,mobile,205,24292
PAY000002515,BKG000002515,331829,2013-03-14 10:23:16,debit_card,success,NONE,330.68,USD,desktop,69,8220
PAY000002516,BKG000002516,1098746,2014-03-13 22:20:25,apple_pay,failed,CARD_DECLINED,241.07,USD,desktop,66,30135
PAY000002517,BKG000002517,871512,2013-04-04 18:44:12,debit_card,success,NONE,240.64,USD,desktop,66,8250
PAY000002518,BKG000002518,948413,2013-08-14 12:51:09,debit_card,success,NONE,100.9,USD,desktop,205,8262
PAY000002519,BKG000002519,490873,2014-10-16 17:19:17,credit_card,success,NONE,1140.36,USD,desktop,205,17911
PAY000002520,BKG000002520,747844,2013-11-14 21:12:08,paypal,success,NONE,340.5,USD,desktop,66,12191
PAY000002521,BKG000002521,113451,2013-12-10 16:13:56,credit_card,success,NONE,539.86,USD,desktop,32,21087
PAY000002522,BKG000002522,1153584,2013-08-13 21:48:01,debit_card,success,NONE,253.33,EUR,desktop,3,8282
PAY000002523,BKG000002523,1027685,2013-02-17 16:53:01,debit_card,success,NONE,456.2,GBP,desktop,195,21816
PAY000002524,BKG000002524,840580,2013-04-07 20:17:18,credit_card,success,NONE,917.78,USD,desktop,66,12188
PAY000002525,BKG000002525,629377,2013-09-24 09:54:53,credit_card,success,NONE,212.35,USD,desktop,66,12009
PAY000002526,BKG000002526,676922,2014-07-13 13:03:56,credit_card,success,NONE,200.83,USD,desktop,205,27699
PAY000002527,BKG000002527,606241,2014-12-04 15:49:33,paypal,success,NONE,6866.16,USD,desktop,133,18645
PAY000002528,BKG000002528,1051734,2013-02-19 13:51:37,paypal,success,NONE,596.89,USD,desktop,103,8259
PAY000002529,BKG000002529,14228,2014-04-19 20:23:37,debit_card,success,NONE,166.0,USD,desktop,66,24588
PAY000002530,BKG000002530,1005960,2013-11-10 14:46:58,debit_card,success,NONE,738.71,USD,desktop,230,5401
PAY000002531,BKG000002531,607120,2014-10-06 12:09:05,debit_card,success,NONE,243.62,USD,mobile,66,8846
PAY000002532,BKG000002532,654179,2014-07-01 16:19:39,google_pay,success,NONE,161.95,USD,desktop,66,27604
PAY000002533,BKG000002533,91277,2013-05-21 01:09:24,debit_card,success,NONE,416.92,USD,desktop,66,23682
PAY000002534,BKG000002534,190353,2013-11-24 18:49:20,credit_card,success,NONE,682.12,USD,mobile,66,8250
PAY000002535,BKG000002535,49004,2013-11-07 05:37:50,paypal,success,NONE,222.13,USD,desktop,66,17586
PAY000002536,BKG000002536,290725,2013-02-25 22:43:44,apple_pay,success,NONE,248.97,USD,desktop,0,12826
PAY000002537,BKG000002537,469304,2014-12-05 20:37:30,debit_card,success,NONE,166.87,USD,desktop,66,5750
PAY000002538,BKG000002538,736759,2014-05-18 01:40:46,credit_card,success,NONE,416.74,USD,desktop,66,23541
PAY000002539,BKG000002539,1197274,2013-04-04 20:19:46,debit_card,success,NONE,496.3,EUR,desktop,3,8745
PAY000002540,BKG000002540,258314,2014-12-23 06:46:27,credit_card,success,NONE,644.89,USD,desktop,66,8279
PAY000002541,BKG000002541,1154181,2014-09-20 08:48:14,credit_card,success,NONE,203.57,EUR,desktop,3,12894
PAY000002542,BKG000002542,1065522,2013-06-29 15:08:54,apple_pay,success,NONE,158.52,USD,desktop,66,172
PAY000002543,BKG000002543,826963,2014-04-24 15:12:46,credit_card,success,NONE,156.61,USD,desktop,66,8250
PAY000002544,BKG000002544,626221,2013-07-11 09:41:33,debit_card,success,NONE,384.14,USD,desktop,149,792
PAY000002545,BKG000002545,203510,2014-06-09 01:46:02,paypal,success,NONE,401.99,USD,desktop,66,12273
PAY000002546,BKG000002546,937451,2014-09-21 23:20:46,credit_card,success,NONE,363.02,USD,desktop,66,8250
PAY000002547,BKG000002547,370083,2014-03-19 12:58:59,apple_pay,failed,PAYMENT_PROVIDER_ERROR,414.35,USD,desktop,66,27568
PAY000002548,BKG000002548,322719,2013-08-21 21:49:26,credit_card,success,NONE,450.06,USD,desktop,69,33520
PAY000002549,BKG000002549,85916,2014-03-19 10:58:56,apple_pay,success,NONE,150.28,USD,desktop,66,8745
PAY000002550,BKG000002550,1076175,2013-03-12 14:13:20,credit_card,success,NONE,294.72,USD,desktop,205,12191
PAY000002551,BKG000002551,1037646,2014-11-15 11:21:06,credit_card,success,NONE,147.97,USD,desktop,66,8743
PAY000002552,BKG000002552,916635,2014-12-07 22:15:11,apple_pay,success,NONE,125.07,USD,desktop,205,22146
PAY000002553,BKG000002553,732842,2014-04-11 14:19:19,credit_card,failed,3DS_FAILED,209.19,USD,desktop,66,8279
PAY000002554,BKG000002554,770736,2014-05-15 15:34:00,bank_transfer,success,NONE,171.37,USD,desktop,66,8250
PAY000002555,BKG000002555,146111,2013-08-06 20:57:21,credit_card,success,NONE,213.28,USD,desktop,66,12004
PAY000002556,BKG000002556,121635,2014-07-25 10:51:22,credit_card,success,NONE,187.46,USD,desktop,66,20328
PAY000002557,BKG000002557,121635,2014-07-25 10:19:22,apple_pay,success,NONE,198.06,USD,desktop,66,20328
PAY000002558,BKG000002558,1075633,2014-06-12 20:56:52,apple_pay,success,NONE,1021.09,USD,desktop,46,8250
PAY000002559,BKG000002559,148444,2014-05-28 17:21:42,credit_card,success,NONE,554.17,USD,desktop,69,8238
PAY000002560,BKG000002560,33339,2014-12-02 10:15:54,credit_card,success,NONE,484.51,USD,desktop,205,12202
PAY000002561,BKG000002561,1064567,2014-08-05 22:38:58,paypal,success,NONE,245.43,USD,desktop,66,7635
PAY000002562,BKG000002562,230363,2013-03-02 14:21:09,google_pay,failed,PAYMENT_PROVIDER_ERROR,968.45,USD,desktop,69,18058
PAY000002563,BKG000002563,832623,2014-03-15 09:37:33,bank_transfer,success,NONE,129.46,USD,desktop,66,1212
PAY000002564,BKG000002564,160819,2014-07-30 15:48:22,bank_transfer,failed,AUTH_TIMEOUT,192.86,USD,desktop,66,10369
PAY000002565,BKG000002565,554035,2014-04-05 23:56:37,debit_card,success,NONE,420.72,USD,desktop,129,8242
PAY000002566,BKG000002566,474123,2014-02-03 18:46:37,credit_card,success,NONE,680.64,GBP,desktop,77,8819
PAY000002567,BKG000002567,1152830,2013-02-27 07:12:54,apple_pay,success,NONE,644.23,USD,desktop,66,11908
PAY000002568,BKG000002568,951548,2014-07-16 21:54:07,credit_card,success,NONE,412.13,EUR,desktop,3,8747
PAY000002569,BKG000002569,1130830,2014-02-17 10:21:34,paypal,success,NONE,98.15,USD,desktop,66,8291
PAY000002570,BKG000002570,824423,2013-03-03 10:00:59,credit_card,success,NONE,318.05,USD,desktop,66,12654
PAY000002571,BKG000002571,159060,2014-02-21 07:00:56,paypal,success,NONE,220.05,USD,desktop,66,12379
PAY000002572,BKG000002572,700305,2013-09-22 18:30:13,bank_transfer,success,NONE,156.93,USD,desktop,205,21790
PAY000002573,BKG000002573,1174821,2013-07-01 10:23:33,credit_card,failed,CARD_DECLINED,400.81,USD,desktop,66,24726
PAY000002574,BKG000002574,144951,2014-06-13 15:01:58,bank_transfer,failed,3DS_FAILED,210.32,USD,desktop,66,40625
PAY000002575,BKG000002575,282191,2013-12-11 17:12:42,paypal,success,NONE,356.52,USD,desktop,66,263
PAY000002576,BKG000002576,185132,2014-05-30 12:40:18,apple_pay,success,NONE,256.38,USD,desktop,66,8216
PAY000002577,BKG000002577,1077565,2013-09-09 09:11:35,credit_card,success,NONE,582.11,USD,desktop,66,8250
PAY000002578,BKG000002578,288552,2013-05-03 11:52:09,paypal,success,NONE,102.88,USD,desktop,205,26232
PAY000002579,BKG000002579,1030411,2013-02-07 16:58:44,apple_pay,success,NONE,277.77,USD,desktop,66,12826
PAY000002580,BKG000002580,646022,2014-08-18 18:33:51,credit_card,success,NONE,2704.63,USD,desktop,66,3258
PAY000002581,BKG000002581,11491,2014-08-06 01:03:11,debit_card,success,NONE,296.57,EUR,desktop,3,8282
PAY000002582,BKG000002582,1093601,2013-03-20 14:54:52,apple_pay,success,NONE,241.06,USD,desktop,66,13664
PAY000002583,BKG000002583,762850,2014-12-04 16:48:12,paypal,success,NONE,606.52,GBP,desktop,77,8217
PAY000002584,BKG000002584,1019594,2014-11-30 19:33:31,debit_card,success,NONE,468.54,USD,desktop,66,8281
PAY000002585,BKG000002585,633102,2014-07-30 09:52:08,debit_card,failed,INSUFFICIENT_FUNDS,284.46,USD,desktop,66,8743
PAY000002586,BKG000002586,547894,2014-12-05 19:40:57,credit_card,success,NONE,722.72,USD,desktop,66,8250
PAY000002587,BKG000002587,183199,2013-10-22 08:00:58,bank_transfer,success,NONE,282.15,USD,desktop,66,28510
PAY000002588,BKG000002588,913237,2014-11-28 16:55:36,credit_card,failed,PAYMENT_PROVIDER_ERROR,210.16,USD,desktop,215,11938
PAY000002589,BKG000002589,1154667,2014-01-03 23:01:47,bank_transfer,success,NONE,249.0,EUR,desktop,3,552
PAY000002590,BKG000002590,986520,2013-07-15 20:59:59,debit_card,success,NONE,149.39,USD,desktop,205,14875
PAY000002591,BKG000002591,826135,2013-03-12 17:40:13,debit_card,success,NONE,334.37,USD,mobile,66,8236
PAY000002592,BKG000002592,362896,2014-06-16 08:30:56,credit_card,success,NONE,131.94,USD,desktop,66,1556
PAY000002593,BKG000002593,1065872,2014-07-09 10:58:45,google_pay,success,NONE,129.9,USD,desktop,66,8234
PAY000002594,BKG000002594,317247,2014-07-06 20:35:50,paypal,success,NONE,196.84,USD,desktop,205,44241
PAY000002595,BKG000002595,1115284,2014-12-10 15:23:58,google_pay,success,NONE,141.24,USD,desktop,205,12934
PAY000002596,BKG000002596,987674,2014-12-16 22:46:32,credit_card,success,NONE,509.34,USD,desktop,215,12225
PAY000002597,BKG000002597,973446,2013-08-01 10:01:31,debit_card,success,NONE,475.93,USD,desktop,205,8223
PAY000002598,BKG000002598,137011,2014-11-17 18:23:52,debit_card,success,NONE,945.4,USD,desktop,133,21219
PAY000002599,BKG000002599,640627,2013-02-07 07:17:14,credit_card,success,NONE,634.65,USD,desktop,66,11835
PAY000002600,BKG000002600,689584,2014-10-31 15:22:04,google_pay,success,NONE,106.7,USD,desktop,66,17918
PAY000002601,BKG000002601,297424,2013-08-21 18:19:51,google_pay,success,NONE,184.04,USD,desktop,66,8254
PAY000002602,BKG000002602,1043109,2014-03-16 18:10:49,credit_card,success,NONE,180.93,GBP,mobile,77,32405
PAY000002603,BKG000002603,782890,2013-11-25 10:19:21,credit_card,success,NONE,304.9,USD,desktop,66,20683
PAY000002604,BKG000002604,545532,2013-06-29 17:17:30,credit_card,success,NONE,595.22,USD,mobile,66,8250
PAY000002605,BKG000002605,859214,2014-03-26 17:54:35,credit_card,failed,CARD_DECLINED,605.24,USD,desktop,66,44045
PAY000002606,BKG000002606,992990,2014-12-17 13:28:58,debit_card,success,NONE,912.52,EUR,desktop,23,8279
PAY000002607,BKG000002607,947980,2014-09-23 13:32:28,paypal,success,NONE,168.07,USD,desktop,66,347
PAY000002608,BKG000002608,500901,2014-10-08 22:54:46,paypal,success,NONE,335.81,USD,desktop,66,4474
PAY000002609,BKG000002609,239639,2014-10-05 17:29:17,bank_transfer,success,NONE,570.04,USD,desktop,69,16808
PAY000002610,BKG000002610,1088458,2014-05-02 12:14:57,paypal,success,NONE,899.7,USD,desktop,66,50597
PAY000002611,BKG000002611,523496,2014-12-30 18:49:37,credit_card,success,NONE,603.21,USD,desktop,66,11569
PAY000002612,BKG000002612,686128,2014-10-02 05:43:16,credit_card,success,NONE,253.46,USD,desktop,66,26051
PAY000002613,BKG000002613,219125,2014-11-17 11:54:50,credit_card,success,NONE,300.23,EUR,desktop,23,37117
PAY000002614,BKG000002614,219125,2014-11-17 11:07:50,google_pay,success,NONE,309.78,EUR,desktop,23,37117
PAY000002615,BKG000002615,346161,2013-01-10 17:34:27,credit_card,success,NONE,194.92,USD,desktop,66,8276
PAY000002616,BKG000002616,512009,2013-09-10 17:58:56,debit_card,success,NONE,314.58,USD,desktop,205,8288
PAY000002617,BKG000002617,135838,2014-05-01 01:09:26,credit_card,failed,PAYMENT_PROVIDER_ERROR,627.9,USD,desktop,69,8287
PAY000002618,BKG000002618,135838,2014-05-01 00:54:26,debit_card,success,NONE,617.32,USD,desktop,69,8287
PAY000002619,BKG000002619,326189,2014-08-28 14:41:37,credit_card,success,NONE,195.95,USD,desktop,66,8250
PAY000002620,BKG000002620,1166238,2014-01-07 16:07:31,credit_card,success,NONE,208.35,USD,desktop,69,23012
PAY000002621,BKG000002621,847251,2014-03-31 11:25:35,google_pay,success,NONE,701.19,USD,desktop,66,24123
PAY000002622,BKG000002622,1114795,2013-04-15 21:02:54,credit_card,success,NONE,428.6,USD,desktop,70,45327
PAY000002623,BKG000002623,930132,2014-08-20 12:16:42,bank_transfer,success,NONE,723.25,USD,desktop,66,8261
PAY000002624,BKG000002624,702834,2014-03-15 08:01:54,bank_transfer,failed,INSUFFICIENT_FUNDS,520.81,USD,desktop,66,8739
PAY000002625,BKG000002625,702834,2014-03-15 06:32:54,credit_card,success,NONE,408.5,USD,desktop,66,8739
PAY000002626,BKG000002626,286876,2014-12-03 19:19:40,credit_card,success,NONE,234.96,USD,mobile,66,26821
PAY000002627,BKG000002627,622645,2013-05-20 19:49:56,debit_card,success,NONE,387.49,USD,desktop,55,9203
PAY000002628,BKG000002628,505891,2014-09-02 14:42:09,credit_card,success,NONE,975.02,USD,desktop,66,4592
PAY000002629,BKG000002629,388179,2014-04-30 09:43:14,credit_card,success,NONE,262.64,USD,desktop,66,8291
PAY000002630,BKG000002630,293265,2013-06-13 16:17:56,credit_card,failed,INSUFFICIENT_FUNDS,223.53,USD,desktop,66,12390
PAY000002631,BKG000002631,470082,2013-10-01 09:36:52,google_pay,success,NONE,837.66,USD,desktop,66,8235
PAY000002632,BKG000002632,1168070,2014-02-23 19:21:25,debit_card,success,NONE,404.08,USD,desktop,69,8278
PAY000002633,BKG000002633,206006,2013-05-08 20:58:32,bank_transfer,success,NONE,112.31,USD,desktop,205,11922
PAY000002634,BKG000002634,152099,2014-04-02 06:48:44,debit_card,success,NONE,1446.67,USD,desktop,66,62466
PAY000002635,BKG000002635,812460,2014-02-04 15:58:56,credit_card,success,NONE,711.66,USD,desktop,205,8747
PAY000002636,BKG000002636,624231,2014-11-29 02:44:19,bank_transfer,failed,CARD_DECLINED,1277.88,USD,desktop,238,19
PAY000002637,BKG000002637,1045030,2014-10-30 09:15:43,credit_card,success,NONE,137.06,USD,desktop,205,8262
PAY000002638,BKG000002638,211024,2014-12-09 04:01:25,bank_transfer,success,NONE,474.54,USD,desktop,66,8284
PAY000002639,BKG000002639,1029604,2014-05-18 20:08:47,debit_card,success,NONE,315.28,USD,mobile,205,8790
PAY000002640,BKG000002640,1145691,2013-05-21 22:22:07,bank_transfer,success,NONE,568.25,USD,desktop,66,5405
PAY000002641,BKG000002641,99493,2013-08-04 15:03:59,paypal,success,NONE,145.57,USD,desktop,205,13605
PAY000002642,BKG000002642,348243,2014-03-26 08:19:10,credit_card,success,NONE,323.05,USD,desktop,66,11569
PAY000002643,BKG000002643,1103512,2013-11-06 17:14:52,apple_pay,success,NONE,446.99,USD,desktop,66,5227
PAY000002644,BKG000002644,1048617,2014-08-10 09:38:16,debit_card,success,NONE,267.27,USD,desktop,66,44035
PAY000002645,BKG000002645,437272,2014-10-23 12:07:31,debit_card,success,NONE,217.28,USD,desktop,205,12665
PAY000002646,BKG000002646,483186,2014-09-02 10:09:46,apple_pay,success,NONE,301.46,USD,desktop,66,45988
PAY000002647,BKG000002647,623602,2014-08-15 21:49:09,credit_card,success,NONE,118.2,GBP,desktop,77,22238
PAY000002648,BKG000002648,385257,2014-11-18 22:20:43,debit_card,success,NONE,243.33,USD,desktop,66,8279
PAY000002649,BKG000002649,922835,2014-08-27 18:58:22,credit_card,success,NONE,177.87,USD,desktop,66,40642
PAY000002650,BKG000002650,394434,2013-07-08 03:27:28,debit_card,success,NONE,212.2,USD,desktop,12,25676
PAY000002651,BKG000002651,56713,2014-09-07 21:12:39,debit_card,success,NONE,418.51,USD,desktop,205,12244
PAY000002652,BKG000002652,74615,2014-02-17 11:28:44,credit_card,success,NONE,262.63,USD,desktop,205,26051
PAY000002653,BKG000002653,1054914,2014-05-26 16:34:45,debit_card,success,NONE,648.12,USD,desktop,205,12148
PAY000002654,BKG000002654,455381,2013-07-23 21:52:25,google_pay,success,NONE,189.05,USD,desktop,66,18652
PAY000002655,BKG000002655,1091075,2013-05-05 13:14:24,credit_card,success,NONE,265.05,USD,mobile,66,27569
PAY000002656,BKG000002656,318033,2014-01-31 17:57:44,credit_card,success,NONE,253.3,USD,desktop,66,12495
PAY000002657,BKG000002657,835998,2014-04-13 09:13:59,credit_card,success,NONE,648.63,USD,mobile,66,29339
PAY000002658,BKG000002658,861823,2014-08-12 14:52:53,credit_card,success,NONE,708.41,USD,desktop,69,8245
PAY000002659,BKG000002659,1017892,2014-02-04 15:25:10,debit_card,success,NONE,337.11,USD,desktop,66,27565
PAY000002660,BKG000002660,1044045,2013-09-23 17:12:24,apple_pay,success,NONE,120.37,USD,mobile,66,19776
PAY000002661,BKG000002661,434478,2013-02-25 11:09:51,paypal,success,NONE,230.48,USD,desktop,66,26941
PAY000002662,BKG000002662,165000,2014-07-23 13:18:58,credit_card,success,NONE,931.25,USD,desktop,66,33651
PAY000002663,BKG000002663,882344,2014-02-27 11:11:25,debit_card,success,NONE,407.8,USD,desktop,52,14312
PAY000002664,BKG000002664,1047861,2014-12-30 16:10:55,apple_pay,success,NONE,267.81,USD,desktop,66,8801
PAY000002665,BKG000002665,256331,2014-11-19 14:12:32,credit_card,failed,AUTH_TIMEOUT,316.63,USD,desktop,66,12244
PAY000002666,BKG000002666,607251,2013-12-23 05:46:16,credit_card,success,NONE,276.16,USD,desktop,149,28610
PAY000002667,BKG000002667,188387,2013-05-17 06:33:25,paypal,failed,CARD_DECLINED,98.38,USD,desktop,66,1053
PAY000002668,BKG000002668,94967,2014-10-19 21:57:29,google_pay,success,NONE,1498.37,USD,desktop,162,8260
PAY000002669,BKG000002669,906261,2014-09-30 18:58:29,google_pay,success,NONE,145.72,USD,desktop,66,44638
PAY000002670,BKG000002670,414827,2014-06-17 20:01:29,credit_card,success,NONE,204.72,USD,desktop,66,21648
PAY000002671,BKG000002671,507175,2013-06-02 09:38:27,apple_pay,success,NONE,223.79,USD,desktop,1,8804
PAY000002672,BKG000002672,158459,2014-04-23 17:11:54,debit_card,failed,AUTH_TIMEOUT,215.42,USD,desktop,66,8261
PAY000002673,BKG000002673,378066,2014-01-10 18:27:25,bank_transfer,failed,AUTH_TIMEOUT,243.46,USD,desktop,69,22554
PAY000002674,BKG000002674,373657,2014-04-02 20:25:44,debit_card,success,NONE,788.64,USD,desktop,66,6078
PAY000002675,BKG000002675,281157,2014-01-24 17:02:53,google_pay,success,NONE,726.36,GBP,mobile,77,16841
PAY000002676,BKG000002676,1097805,2014-11-17 15:28:43,debit_card,success,NONE,187.4,USD,desktop,55,14804
PAY000002677,BKG000002677,1107377,2013-09-09 14:37:57,google_pay,success,NONE,268.39,USD,desktop,66,8229
PAY000002678,BKG000002678,488702,2013-05-02 16:59:25,credit_card,success,NONE,511.51,USD,desktop,66,8279
PAY000002679,BKG000002679,1072918,2014-03-26 15:18:04,bank_transfer,success,NONE,281.52,USD,desktop,66,8277
PAY000002680,BKG000002680,852512,2014-03-12 12:25:03,debit_card,success,NONE,997.91,USD,desktop,66,28499
PAY000002681,BKG000002681,796914,2013-03-04 15:37:29,credit_card,success,NONE,232.54,USD,desktop,66,12495
PAY000002682,BKG000002682,671357,2013-08-16 20:22:13,google_pay,success,NONE,156.82,USD,desktop,66,12812
PAY000002683,BKG000002683,777850,2013-07-15 14:12:54,debit_card,failed,3DS_FAILED,205.01,USD,desktop,66,27077
PAY000002684,BKG000002684,1093834,2014-09-18 00:46:20,credit_card,success,NONE,208.4,USD,mobile,66,11835
PAY000002685,BKG000002685,449106,2013-06-19 17:38:57,debit_card,success,NONE,103.69,USD,desktop,66,45689
PAY000002686,BKG000002686,568562,2013-07-12 02:48:16,paypal,success,NONE,106.29,USD,desktop,66,24189
PAY000002687,BKG000002687,239388,2013-09-22 17:21:34,debit_card,success,NONE,225.38,USD,mobile,205,23177
PAY000002688,BKG000002688,374107,2014-09-21 11:12:47,google_pay,success,NONE,944.01,USD,desktop,58,61533
PAY000002689,BKG000002689,1004844,2014-07-24 17:49:33,apple_pay,success,NONE,423.23,USD,desktop,68,8250
PAY000002690,BKG000002690,73545,2014-07-05 22:54:31,paypal,success,NONE,312.35,EUR,desktop,3,20895
PAY000002691,BKG000002691,7134,2014-10-25 15:24:15,paypal,success,NONE,2348.75,USD,desktop,205,8250
PAY000002692,BKG000002692,29677,2014-07-15 19:21:31,credit_card,success,NONE,245.47,USD,mobile,66,8276
PAY000002693,BKG000002693,577261,2014-12-11 09:14:19,bank_transfer,success,NONE,229.9,USD,desktop,205,12691
PAY000002694,BKG000002694,772171,2014-11-21 01:42:27,apple_pay,success,NONE,2008.74,USD,desktop,66,12434
PAY000002695,BKG000002695,100787,2013-09-03 18:43:04,bank_transfer,success,NONE,135.83,USD,desktop,66,12974
PAY000002696,BKG000002696,1884,2013-04-24 20:40:24,apple_pay,success,NONE,325.8,EUR,desktop,3,20332
PAY000002697,BKG000002697,468658,2013-07-07 05:12:18,credit_card,success,NONE,226.48,USD,desktop,66,12236
PAY000002698,BKG000002698,305403,2014-01-11 03:19:37,debit_card,success,NONE,610.18,USD,desktop,66,8250
PAY000002699,BKG000002699,305403,2014-01-11 00:55:37,google_pay,success,NONE,662.34,USD,desktop,66,8250
PAY000002700,BKG000002700,596239,2013-10-14 23:23:35,paypal,success,NONE,254.1,USD,desktop,66,19940
PAY000002701,BKG000002701,583598,2014-11-19 04:30:23,credit_card,success,NONE,447.17,USD,desktop,55,8255
PAY000002702,BKG000002702,463099,2013-10-20 01:37:53,google_pay,success,NONE,90.71,EUR,desktop,3,12210
PAY000002703,BKG000002703,76562,2014-10-14 23:43:49,credit_card,success,NONE,1015.0,USD,desktop,66,5175
PAY000002704,BKG000002704,218331,2014-08-27 16:24:37,paypal,success,NONE,911.9,USD,desktop,66,8785
PAY000002705,BKG000002705,485760,2014-10-06 20:29:21,credit_card,success,NONE,585.82,USD,desktop,66,7635
PAY000002706,BKG000002706,975295,2013-11-19 16:55:07,bank_transfer,success,NONE,246.13,USD,desktop,205,8798
PAY000002707,BKG000002707,846735,2014-06-13 13:36:03,debit_card,success,NONE,265.84,USD,desktop,205,8746
PAY000002708,BKG000002708,1143154,2014-03-11 17:45:23,debit_card,success,NONE,546.74,USD,desktop,66,24902
PAY000002709,BKG000002709,266157,2014-06-05 13:49:42,apple_pay,success,NONE,92.37,USD,desktop,66,10369
PAY000002710,BKG000002710,133441,2014-10-23 16:54:38,credit_card,success,NONE,167.75,USD,desktop,66,9147
PAY000002711,BKG000002711,1051262,2014-11-02 09:20:36,debit_card,success,NONE,624.48,USD,desktop,66,11435
PAY000002712,BKG000002712,705618,2014-09-23 15:58:09,paypal,success,NONE,183.14,USD,mobile,66,25315
PAY000002713,BKG000002713,1105452,2013-04-14 16:10:24,paypal,success,NONE,162.64,USD,desktop,66,49629
PAY000002714,BKG000002714,227405,2014-08-28 15:00:58,credit_card,failed,AUTH_TIMEOUT,125.89,USD,desktop,205,11813
PAY000002715,BKG000002715,1111067,2013-06-28 11:13:08,paypal,success,NONE,311.03,USD,desktop,66,12239
PAY000002716,BKG000002716,1111067,2013-06-28 14:06:08,credit_card,success,NONE,217.67,USD,desktop,66,12239
PAY000002717,BKG000002717,1136734,2013-05-29 10:38:30,paypal,success,NONE,553.59,USD,desktop,66,27340
PAY000002718,BKG000002718,694395,2013-02-27 11:57:05,debit_card,success,NONE,134.9,USD,desktop,46,47574
PAY000002719,BKG000002719,404982,2014-12-21 16:02:42,debit_card,success,NONE,829.54,USD,desktop,66,12722
PAY000002720,BKG000002720,442097,2013-11-07 14:48:18,credit_card,success,NONE,990.94,USD,desktop,66,11848
PAY000002721,BKG000002721,1161333,2014-07-25 16:49:05,credit_card,success,NONE,485.26,USD,desktop,63,8788
PAY000002722,BKG000002722,1066160,2013-11-14 02:15:30,apple_pay,success,NONE,216.09,USD,desktop,66,12206
PAY000002723,BKG000002723,969589,2014-05-24 12:46:17,credit_card,success,NONE,868.1,GBP,desktop,195,8267
PAY000002724,BKG000002724,849011,2014-11-11 23:19:09,credit_card,success,NONE,821.28,USD,desktop,69,17586
PAY000002725,BKG000002725,118178,2013-04-06 10:11:34,debit_card,success,NONE,311.28,USD,desktop,66,11980
PAY000002726,BKG000002726,1014939,2014-05-14 16:45:00,google_pay,success,NONE,120.2,USD,desktop,50,8803
PAY000002727,BKG000002727,977157,2014-12-06 09:09:59,credit_card,success,NONE,222.13,USD,desktop,66,26498
PAY000002728,BKG000002728,529018,2013-10-22 15:21:03,credit_card,success,NONE,232.81,USD,desktop,1,21662
PAY000002729,BKG000002729,234011,2014-02-06 00:55:30,credit_card,success,NONE,248.89,EUR,desktop,3,41773
PAY000002730,BKG000002730,870786,2014-09-07 14:11:22,credit_card,success,NONE,725.14,USD,desktop,71,19520
PAY000002731,BKG000002731,527423,2013-12-14 16:54:25,paypal,success,NONE,335.47,USD,mobile,66,11361
PAY000002732,BKG000002732,1058324,2014-03-31 01:09:42,debit_card,failed,AUTH_TIMEOUT,223.6,USD,desktop,66,12269
PAY000002733,BKG000002733,63552,2013-09-24 18:12:14,debit_card,success,NONE,1006.02,USD,desktop,69,12177
PAY000002734,BKG000002734,1165208,2014-11-27 15:55:01,debit_card,success,NONE,104.11,EUR,desktop,119,22129
PAY000002735,BKG000002735,1165208,2014-11-27 14:00:01,apple_pay,success,NONE,172.79,EUR,desktop,119,22129
PAY000002736,BKG000002736,375430,2014-12-26 18:35:26,credit_card,success,NONE,291.29,USD,desktop,46,8743
PAY000002737,BKG000002737,942954,2014-02-17 12:36:16,apple_pay,success,NONE,172.07,USD,desktop,66,23814
PAY000002738,BKG000002738,448688,2013-04-01 15:38:57,credit_card,success,NONE,435.86,USD,desktop,137,792
PAY000002739,BKG000002739,153365,2014-11-14 18:29:42,credit_card,success,NONE,368.73,USD,desktop,66,22892
PAY000002740,BKG000002740,1197383,2014-08-18 03:01:11,credit_card,success,NONE,103.41,EUR,desktop,3,8740
PAY000002741,BKG000002741,271912,2013-06-11 22:22:53,debit_card,success,NONE,295.72,USD,desktop,66,8230
PAY000002742,BKG000002742,807667,2014-06-19 12:52:20,debit_card,success,NONE,751.42,USD,mobile,66,8250
PAY000002743,BKG000002743,1194480,2013-06-14 21:28:55,google_pay,success,NONE,1309.57,USD,desktop,1,1327
PAY000002744,BKG000002744,373289,2014-10-07 15:32:14,apple_pay,success,NONE,240.19,EUR,desktop,194,44164
PAY000002745,BKG000002745,315577,2014-05-29 11:01:22,credit_card,success,NONE,1197.1,USD,desktop,66,25620
PAY000002746,BKG000002746,22941,2013-12-11 16:58:28,credit_card,success,NONE,601.29,EUR,desktop,50,8803
PAY000002747,BKG000002747,971597,2013-10-20 23:36:40,bank_transfer,success,NONE,728.89,USD,desktop,11,8250
PAY000002748,BKG000002748,654331,2014-03-07 03:27:06,credit_card,success,NONE,805.26,USD,desktop,115,8250
PAY000002749,BKG000002749,12133,2013-11-24 00:08:00,google_pay,success,NONE,239.43,EUR,desktop,3,8822
PAY000002750,BKG000002750,506687,2013-07-05 19:46:43,credit_card,failed,INSUFFICIENT_FUNDS,143.81,USD,mobile,205,45120
PAY000002751,BKG000002751,306148,2014-07-17 12:04:33,credit_card,success,NONE,306.75,USD,desktop,66,8250
PAY000002752,BKG000002752,513850,2014-04-12 14:01:58,bank_transfer,success,NONE,91.29,USD,desktop,205,11629
PAY000002753,BKG000002753,393915,2014-03-06 19:23:51,apple_pay,success,NONE,486.12,USD,mobile,66,8273
PAY000002754,BKG000002754,39457,2014-06-11 16:51:34,credit_card,success,NONE,214.84,GBP,desktop,77,8215
PAY000002755,BKG000002755,917448,2014-10-29 19:42:51,apple_pay,success,NONE,1629.8,USD,desktop,66,8864
PAY000002756,BKG000002756,4924,2013-12-23 14:06:07,credit_card,success,NONE,205.52,USD,desktop,69,48386
PAY000002757,BKG000002757,809947,2014-05-05 22:14:38,credit_card,success,NONE,296.53,EUR,desktop,3,51585
PAY000002758,BKG000002758,249945,2014-09-21 19:42:22,bank_transfer,success,NONE,966.56,USD,mobile,66,1040
PAY000002759,BKG000002759,50150,2014-05-06 22:32:33,google_pay,success,NONE,350.1,USD,desktop,66,12823
PAY000002760,BKG000002760,544525,2014-04-25 20:01:36,credit_card,failed,3DS_FAILED,129.24,USD,desktop,205,8806
PAY000002761,BKG000002761,316867,2014-01-28 00:17:56,credit_card,success,NONE,808.78,USD,desktop,66,8791
PAY000002762,BKG000002762,103821,2014-05-06 19:48:58,paypal,success,NONE,561.86,USD,desktop,66,11815
PAY000002763,BKG000002763,432917,2014-03-28 13:49:24,paypal,success,NONE,640.69,USD,desktop,205,8293
PAY000002764,BKG000002764,260833,2014-08-31 18:08:33,credit_card,success,NONE,135.54,EUR,desktop,3,22238
PAY000002765,BKG000002765,1022557,2013-01-14 19:42:55,debit_card,success,NONE,886.41,USD,desktop,66,8843
PAY000002766,BKG000002766,733804,2014-07-12 01:33:36,credit_card,success,NONE,518.39,EUR,desktop,3,6305
PAY000002767,BKG000002767,1055396,2013-07-06 14:58:45,credit_card,success,NONE,166.5,GBP,desktop,77,20285
PAY000002768,BKG000002768,1178717,2013-12-13 15:59:11,debit_card,success,NONE,288.01,USD,desktop,66,12279
PAY000002769,BKG000002769,550561,2013-01-15 20:04:03,apple_pay,failed,PAYMENT_PROVIDER_ERROR,155.82,USD,mobile,66,27030
PAY000002770,BKG000002770,519086,2013-07-04 22:58:39,credit_card,success,NONE,629.38,USD,desktop,119,17694
PAY000002771,BKG000002771,754337,2014-01-06 20:40:06,apple_pay,failed,INSUFFICIENT_FUNDS,677.77,USD,mobile,69,47944
PAY000002772,BKG000002772,334518,2014-08-14 17:44:02,debit_card,success,NONE,734.93,USD,desktop,215,12233
PAY000002773,BKG000002773,66969,2014-05-06 10:29:36,credit_card,success,NONE,239.33,USD,desktop,1,20254
PAY000002774,BKG000002774,484415,2014-06-30 11:32:26,credit_card,success,NONE,241.77,USD,desktop,133,8220
PAY000002775,BKG000002775,1179851,2014-02-15 15:05:17,credit_card,success,NONE,474.19,EUR,mobile,3,8822
PAY000002776,BKG000002776,372353,2013-11-19 11:32:23,credit_card,success,NONE,470.2,USD,desktop,66,19495
PAY000002777,BKG000002777,438837,2014-07-11 18:26:17,bank_transfer,success,NONE,378.51,USD,desktop,205,13566
PAY000002778,BKG000002778,1181310,2013-12-13 17:32:23,debit_card,success,NONE,379.21,USD,desktop,1,53533
PAY000002779,BKG000002779,755628,2014-12-30 22:10:10,google_pay,success,NONE,243.64,USD,desktop,69,8790
PAY000002780,BKG000002780,234692,2013-06-27 01:05:54,credit_card,success,NONE,164.76,EUR,desktop,3,1265
PAY000002781,BKG000002781,1074253,2014-11-02 01:24:38,google_pay,success,NONE,267.15,USD,desktop,66,15093
PAY000002782,BKG000002782,746243,2013-04-03 17:29:45,credit_card,success,NONE,533.35,USD,mobile,66,11621
PAY000002783,BKG000002783,162829,2014-06-27 13:26:54,debit_card,success,NONE,417.82,USD,desktop,66,8268
PAY000002784,BKG000002784,339085,2014-09-09 21:47:59,credit_card,success,NONE,531.85,USD,desktop,66,12839
PAY000002785,BKG000002785,720590,2014-08-22 10:59:53,apple_pay,success,NONE,532.66,EUR,desktop,3,8822
PAY000002786,BKG000002786,732831,2014-04-28 19:30:45,apple_pay,success,NONE,605.19,USD,mobile,66,27341
PAY000002787,BKG000002787,48114,2013-05-06 17:33:50,credit_card,success,NONE,497.76,USD,mobile,70,12356
PAY000002788,BKG000002788,497966,2013-06-30 13:41:19,bank_transfer,success,NONE,1767.56,USD,desktop,66,12233
PAY000002789,BKG000002789,1019784,2014-11-24 21:17:29,credit_card,success,NONE,113.53,USD,mobile,205,8288
PAY000002790,BKG000002790,473713,2013-04-21 13:52:50,paypal,success,NONE,841.98,USD,mobile,133,46629
PAY000002791,BKG000002791,2956,2013-02-22 14:35:26,credit_card,success,NONE,212.96,USD,desktop,66,8250
PAY000002792,BKG000002792,242819,2013-03-06 14:42:59,debit_card,success,NONE,97.99,EUR,desktop,69,8790
PAY000002793,BKG000002793,172358,2014-02-26 09:55:13,bank_transfer,success,NONE,252.28,USD,desktop,205,14811
PAY000002794,BKG000002794,696078,2013-07-11 20:24:18,credit_card,success,NONE,311.09,EUR,desktop,3,8818
PAY000002795,BKG000002795,229637,2014-09-23 14:08:03,credit_card,success,NONE,78.66,USD,desktop,66,11928
PAY000002796,BKG000002796,163577,2013-03-14 15:42:29,credit_card,success,NONE,179.22,USD,desktop,66,8281
PAY000002797,BKG000002797,428918,2014-12-16 10:45:23,credit_card,success,NONE,173.51,USD,desktop,205,14875
PAY000002798,BKG000002798,314083,2014-09-23 22:40:00,bank_transfer,success,NONE,560.4,USD,desktop,66,8250
PAY000002799,BKG000002799,314083,2014-09-23 20:16:00,credit_card,success,NONE,523.67,USD,desktop,66,8250
PAY000002800,BKG000002800,775429,2014-10-15 11:09:43,credit_card,success,NONE,648.67,USD,desktop,66,584
PAY000002801,BKG000002801,634013,2014-03-25 19:43:33,credit_card,success,NONE,114.21,USD,mobile,205,55237
PAY000002802,BKG000002802,841394,2013-09-22 18:41:38,debit_card,success,NONE,124.59,USD,desktop,66,23507
PAY000002803,BKG000002803,660226,2014-08-28 23:37:54,debit_card,failed,PAYMENT_PROVIDER_ERROR,531.42,USD,desktop,66,27819
PAY000002804,BKG000002804,17683,2014-05-14 17:31:12,google_pay,success,NONE,174.35,EUR,desktop,3,8282
PAY000002805,BKG000002805,433957,2014-08-18 00:34:10,paypal,success,NONE,112.95,USD,desktop,66,8278
PAY000002806,BKG000002806,377948,2013-01-15 12:50:24,bank_transfer,success,NONE,338.21,USD,desktop,215,565
PAY000002807,BKG000002807,329181,2013-05-05 09:15:24,credit_card,success,NONE,455.46,USD,desktop,66,8279
PAY000002808,BKG000002808,543654,2014-08-14 08:20:56,bank_transfer,success,NONE,660.03,USD,desktop,66,12008
PAY000002809,BKG000002809,106929,2013-03-31 23:45:42,debit_card,success,NONE,325.86,USD,mobile,66,4777
PAY000002810,BKG000002810,30658,2014-03-01 19:00:46,google_pay,success,NONE,1165.93,USD,mobile,66,8268
PAY000002811,BKG000002811,413183,2013-10-07 15:00:10,apple_pay,success,NONE,218.15,USD,desktop,66,11821
PAY000002812,BKG000002812,337473,2014-10-02 19:50:57,google_pay,success,NONE,1405.32,USD,desktop,66,26794
PAY000002813,BKG000002813,1129176,2014-07-29 16:17:46,credit_card,failed,AUTH_TIMEOUT,507.06,USD,desktop,66,903
PAY000002814,BKG000002814,117968,2014-09-13 15:02:46,credit_card,success,NONE,379.64,USD,desktop,66,8266
PAY000002815,BKG000002815,90851,2013-09-24 13:57:59,credit_card,success,NONE,174.39,USD,desktop,66,8266
PAY000002816,BKG000002816,411312,2014-08-13 15:16:28,debit_card,success,NONE,172.18,USD,desktop,66,8281
PAY000002817,BKG000002817,1016380,2013-11-15 12:10:01,credit_card,success,NONE,197.33,USD,desktop,66,8233
PAY000002818,BKG000002818,807424,2013-05-31 19:04:14,paypal,success,NONE,1274.7,USD,desktop,69,20896
PAY000002819,BKG000002819,1183429,2014-08-26 00:44:22,credit_card,success,NONE,445.91,USD,desktop,205,11372
PAY000002820,BKG000002820,247180,2014-11-19 09:37:05,debit_card,success,NONE,555.35,USD,desktop,66,8859
PAY000002821,BKG000002821,814167,2013-03-24 13:50:25,credit_card,success,NONE,243.09,USD,desktop,80,1447
PAY000002822,BKG000002822,1029093,2013-07-31 14:58:57,paypal,failed,CARD_DECLINED,290.05,USD,desktop,66,11993
PAY000002823,BKG000002823,773210,2014-07-03 11:17:34,paypal,success,NONE,289.04,USD,desktop,69,12682
PAY000002824,BKG000002824,470944,2013-09-16 14:46:10,credit_card,success,NONE,708.59,USD,desktop,71,8815
PAY000002825,BKG000002825,943399,2014-11-01 13:29:14,credit_card,success,NONE,182.55,USD,desktop,205,8993
PAY000002826,BKG000002826,363056,2013-08-03 06:21:31,apple_pay,success,NONE,242.86,USD,desktop,198,87
PAY000002827,BKG000002827,467433,2013-09-17 20:13:53,paypal,success,NONE,458.36,USD,desktop,46,8808
PAY000002828,BKG000002828,548008,2013-08-05 22:23:38,credit_card,success,NONE,382.83,USD,desktop,66,305
PAY000002829,BKG000002829,222583,2013-07-18 17:14:40,credit_card,success,NONE,379.7,USD,desktop,215,8791
PAY000002830,BKG000002830,335433,2014-05-11 19:58:10,credit_card,success,NONE,1185.18,USD,desktop,66,8791
PAY000002831,BKG000002831,1069079,2014-06-14 01:20:46,credit_card,success,NONE,212.74,USD,desktop,66,23693
PAY000002832,BKG000002832,785393,2014-11-24 11:13:43,credit_card,success,NONE,200.41,USD,desktop,69,28610
PAY000002833,BKG000002833,1047041,2014-06-16 16:36:42,debit_card,success,NONE,182.84,USD,desktop,66,5428
PAY000002834,BKG000002834,274683,2013-05-07 12:37:51,apple_pay,success,NONE,154.93,USD,mobile,205,21882
PAY000002835,BKG000002835,898486,2014-07-14 11:31:28,debit_card,success,NONE,522.51,USD,desktop,66,8266
PAY000002836,BKG000002836,602127,2013-08-06 00:04:24,apple_pay,success,NONE,166.05,USD,desktop,66,12512
PAY000002837,BKG000002837,1016831,2013-03-08 22:29:08,debit_card,success,NONE,213.77,USD,desktop,66,23794
PAY000002838,BKG000002838,964901,2013-11-01 09:12:05,bank_transfer,success,NONE,523.57,USD,desktop,66,8250
PAY000002839,BKG000002839,427288,2013-06-04 18:17:32,google_pay,success,NONE,82.0,USD,desktop,66,22146
PAY000002840,BKG000002840,59007,2014-10-29 10:04:59,paypal,success,NONE,1454.11,USD,desktop,66,22342
PAY000002841,BKG000002841,130416,2014-07-26 17:53:54,credit_card,success,NONE,435.91,USD,desktop,205,1901
PAY000002842,BKG000002842,153330,2013-05-16 14:15:52,credit_card,failed,CARD_DECLINED,633.7,USD,desktop,66,1725
PAY000002843,BKG000002843,260853,2014-10-28 11:28:51,debit_card,success,NONE,206.86,USD,desktop,46,17834
PAY000002844,BKG000002844,495769,2014-03-27 16:55:34,credit_card,success,NONE,271.9,USD,desktop,205,26022
PAY000002845,BKG000002845,1154810,2014-09-03 13:18:11,credit_card,success,NONE,436.73,EUR,desktop,3,8859
PAY000002846,BKG000002846,180881,2013-05-22 12:12:00,google_pay,success,NONE,118.9,USD,desktop,66,19256
PAY000002847,BKG000002847,430657,2014-09-19 09:21:03,apple_pay,success,NONE,570.98,USD,desktop,66,6275
PAY000002848,BKG000002848,586395,2014-09-24 19:54:31,apple_pay,success,NONE,937.16,EUR,desktop,167,32489
PAY000002849,BKG000002849,1023765,2014-03-31 22:20:57,google_pay,success,NONE,1160.9,USD,desktop,66,11938
PAY000002850,BKG000002850,141334,2013-03-08 08:32:26,paypal,success,NONE,187.68,USD,desktop,205,26227
PAY000002851,BKG000002851,912145,2013-03-05 15:54:51,bank_transfer,failed,AUTH_TIMEOUT,529.75,USD,desktop,66,8235
PAY000002852,BKG000002852,832518,2014-04-12 15:48:57,credit_card,success,NONE,174.6,USD,desktop,66,26274
PAY000002853,BKG000002853,713536,2014-10-06 16:32:43,credit_card,success,NONE,212.24,USD,desktop,5,12196
PAY000002854,BKG000002854,1165549,2014-06-11 14:30:34,credit_card,success,NONE,162.97,USD,desktop,66,47659
PAY000002855,BKG000002855,965139,2013-04-29 16:42:17,paypal,success,NONE,680.82,GBP,desktop,77,8250
PAY000002856,BKG000002856,484149,2013-02-17 14:32:56,google_pay,success,NONE,1623.38,USD,desktop,66,1275
PAY000002857,BKG000002857,562372,2014-12-28 00:43:08,paypal,success,NONE,167.58,USD,mobile,66,60706
PAY000002858,BKG000002858,839378,2014-08-17 08:33:06,debit_card,success,NONE,184.19,USD,desktop,218,8743
PAY000002859,BKG000002859,445069,2014-11-04 01:21:04,bank_transfer,success,NONE,207.15,EUR,desktop,3,19326
PAY000002860,BKG000002860,415519,2014-01-17 01:54:18,debit_card,success,NONE,381.02,USD,mobile,66,12270
PAY000002861,BKG000002861,732384,2014-11-28 17:06:43,paypal,success,NONE,268.9,USD,desktop,205,8288
PAY000002862,BKG000002862,849974,2013-08-14 22:48:41,google_pay,success,NONE,372.08,USD,desktop,66,24845
PAY000002863,BKG000002863,1091338,2014-06-22 22:33:34,debit_card,success,NONE,219.32,USD,desktop,66,8747
PAY000002864,BKG000002864,661022,2014-09-22 09:12:33,debit_card,success,NONE,212.71,USD,desktop,66,27378
PAY000002865,BKG000002865,537786,2014-08-07 10:24:22,credit_card,success,NONE,375.01,USD,desktop,66,8250
PAY000002866,BKG000002866,933105,2014-07-29 17:51:51,bank_transfer,success,NONE,421.23,USD,desktop,66,21645
PAY000002867,BKG000002867,899516,2014-11-25 00:55:59,credit_card,success,NONE,368.73,USD,desktop,66,12603
PAY000002868,BKG000002868,402682,2013-03-02 08:09:59,paypal,success,NONE,364.71,USD,mobile,205,11986
PAY000002869,BKG000002869,555433,2013-07-14 21:48:32,credit_card,success,NONE,267.24,USD,mobile,66,17563
PAY000002870,BKG000002870,756592,2014-05-06 16:00:05,credit_card,success,NONE,2361.22,USD,desktop,66,8791
PAY000002871,BKG000002871,871842,2014-03-09 06:38:22,credit_card,success,NONE,354.84,USD,desktop,12,8742
PAY000002872,BKG000002872,116648,2013-08-12 10:42:24,paypal,success,NONE,1913.33,USD,desktop,66,11337
PAY000002873,BKG000002873,446326,2014-12-06 17:04:42,credit_card,success,NONE,773.46,USD,desktop,66,11848
PAY000002874,BKG000002874,769856,2014-07-12 08:20:03,credit_card,success,NONE,940.16,USD,desktop,66,7635
PAY000002875,BKG000002875,1187443,2013-08-30 12:38:41,bank_transfer,success,NONE,335.53,USD,desktop,66,8822
PAY000002876,BKG000002876,400057,2014-08-24 03:03:10,paypal,success,NONE,181.5,USD,desktop,198,8740
PAY000002877,BKG000002877,297310,2014-03-10 15:58:13,debit_card,success,NONE,184.76,GBP,desktop,77,15193
PAY000002878,BKG000002878,201985,2013-06-14 14:33:02,debit_card,success,NONE,195.05,USD,desktop,66,26601
PAY000002879,BKG000002879,641971,2013-01-22 21:16:19,apple_pay,success,NONE,830.69,USD,desktop,66,28461
PAY000002880,BKG000002880,543657,2013-12-07 02:36:11,apple_pay,failed,INSUFFICIENT_FUNDS,551.8,USD,desktop,66,4132
PAY000002881,BKG000002881,989223,2013-09-04 14:49:55,credit_card,success,NONE,152.11,GBP,desktop,195,22258
PAY000002882,BKG000002882,1181848,2014-01-23 10:14:04,bank_transfer,success,NONE,609.94,USD,desktop,231,8281
PAY000002883,BKG000002883,133036,2013-09-18 20:24:37,debit_card,success,NONE,215.45,USD,desktop,66,27320
PAY000002884,BKG000002884,217851,2013-12-21 09:57:35,credit_card,success,NONE,222.21,USD,desktop,66,8268
PAY000002885,BKG000002885,657073,2014-12-04 16:52:46,credit_card,success,NONE,757.42,USD,desktop,69,12329
PAY000002886,BKG000002886,904812,2013-10-02 14:43:57,debit_card,success,NONE,622.76,USD,desktop,66,8859
PAY000002887,BKG000002887,203184,2013-08-19 17:00:23,credit_card,success,NONE,173.12,USD,desktop,66,1901
PAY000002888,BKG000002888,765163,2013-02-27 13:13:04,credit_card,success,NONE,399.86,USD,desktop,66,8266
PAY000002889,BKG000002889,275778,2014-10-26 11:56:38,bank_transfer,success,NONE,241.57,USD,desktop,66,26447
PAY000002890,BKG000002890,385106,2013-04-16 23:33:07,debit_card,success,NONE,504.73,USD,desktop,66,8250
PAY000002891,BKG000002891,879956,2014-10-31 15:26:00,credit_card,success,NONE,416.78,USD,desktop,66,8257
PAY000002892,BKG000002892,804510,2013-08-01 06:33:27,debit_card,success,NONE,436.89,USD,desktop,66,25274
PAY000002893,BKG000002893,291184,2014-04-02 19:20:33,credit_card,success,NONE,803.34,USD,desktop,66,8268
PAY000002894,BKG000002894,960435,2013-08-26 20:57:36,paypal,success,NONE,304.9,USD,desktop,205,8785
PAY000002895,BKG000002895,37578,2013-03-23 08:22:23,credit_card,success,NONE,428.29,USD,desktop,66,19034
PAY000002896,BKG000002896,389717,2014-08-16 20:27:32,debit_card,success,NONE,371.32,USD,desktop,205,26472
PAY000002897,BKG000002897,666413,2013-09-12 23:10:12,credit_card,success,NONE,170.44,USD,desktop,66,9524
PAY000002898,BKG000002898,797195,2014-06-18 20:07:15,apple_pay,failed,INSUFFICIENT_FUNDS,165.12,USD,desktop,66,24495
PAY000002899,BKG000002899,1091078,2014-03-20 06:07:24,google_pay,success,NONE,177.26,USD,desktop,66,12150
PAY000002900,BKG000002900,989984,2014-09-05 13:08:08,credit_card,success,NONE,1477.27,USD,desktop,68,8268
PAY000002901,BKG000002901,130449,2014-09-02 04:36:39,bank_transfer,failed,AUTH_TIMEOUT,213.16,USD,desktop,46,23507
PAY000002902,BKG000002902,556673,2013-09-11 17:33:17,credit_card,success,NONE,797.1,USD,desktop,66,12206
PAY000002903,BKG000002903,18555,2014-04-10 10:33:03,bank_transfer,success,NONE,211.04,USD,desktop,85,12579
PAY000002904,BKG000002904,601022,2014-10-13 23:08:41,google_pay,success,NONE,291.54,USD,desktop,66,8745
PAY000002905,BKG000002905,997960,2014-11-06 14:53:48,debit_card,success,NONE,202.56,USD,desktop,66,8239
PAY000002906,BKG000002906,6594,2014-02-17 03:40:27,apple_pay,success,NONE,104.32,EUR,desktop,3,25342
PAY000002907,BKG000002907,504777,2014-01-04 18:41:22,bank_transfer,success,NONE,200.39,USD,desktop,66,12014
PAY000002908,BKG000002908,618156,2013-08-19 20:00:55,credit_card,success,NONE,674.37,USD,mobile,66,8791
PAY000002909,BKG000002909,799587,2013-12-12 17:25:33,credit_card,success,NONE,127.15,USD,desktop,205,8253
PAY000002910,BKG000002910,959836,2013-06-02 18:48:13,apple_pay,success,NONE,440.66,USD,desktop,66,41556
PAY000002911,BKG000002911,1031899,2014-12-30 15:44:35,credit_card,success,NONE,533.51,GBP,desktop,77,5401
PAY000002912,BKG000002912,122666,2013-04-10 05:17:29,credit_card,failed,INSUFFICIENT_FUNDS,251.64,USD,desktop,66,12186
PAY000002913,BKG000002913,1054575,2014-07-03 01:27:27,debit_card,success,NONE,138.53,USD,desktop,66,26877
PAY000002914,BKG000002914,5307,2013-12-18 04:28:41,credit_card,success,NONE,86.42,EUR,desktop,3,12175
PAY000002915,BKG000002915,5307,2013-12-18 05:05:41,credit_card,success,NONE,106.15,EUR,desktop,3,12175
PAY000002916,BKG000002916,493965,2014-05-22 21:20:24,bank_transfer,success,NONE,198.0,USD,desktop,66,9145
PAY000002917,BKG000002917,996427,2013-08-08 21:47:27,debit_card,success,NONE,131.39,USD,mobile,205,12277
PAY000002918,BKG000002918,181118,2013-01-12 01:35:02,debit_card,success,NONE,316.83,USD,desktop,66,1455
PAY000002919,BKG000002919,563667,2013-01-17 06:46:24,apple_pay,success,NONE,226.3,USD,mobile,131,8225
PAY000002920,BKG000002920,259646,2014-10-11 12:35:58,debit_card,success,NONE,263.31,USD,desktop,103,12225
PAY000002921,BKG000002921,430617,2013-05-25 16:29:58,debit_card,failed,CARD_DECLINED,253.82,USD,desktop,66,3132
PAY000002922,BKG000002922,566482,2014-05-26 21:05:14,apple_pay,success,NONE,432.2,USD,desktop,66,23545
PAY000002923,BKG000002923,726350,2013-04-25 06:13:17,debit_card,success,NONE,390.86,USD,desktop,115,268
PAY000002924,BKG000002924,461189,2014-07-02 21:32:28,credit_card,success,NONE,388.42,EUR,desktop,3,14908
PAY000002925,BKG000002925,788119,2013-12-10 16:17:37,credit_card,failed,PAYMENT_PROVIDER_ERROR,293.25,USD,desktop,66,12495
PAY000002926,BKG000002926,831993,2014-09-10 06:46:22,google_pay,success,NONE,82.0,USD,desktop,66,8262
PAY000002927,BKG000002927,552597,2013-10-27 19:29:38,credit_card,success,NONE,885.15,USD,mobile,66,45630
PAY000002928,BKG000002928,332207,2014-11-07 13:38:17,debit_card,success,NONE,507.27,USD,desktop,46,30337
PAY000002929,BKG000002929,447807,2014-04-17 17:12:02,paypal,success,NONE,236.17,USD,desktop,69,3505
PAY000002930,BKG000002930,611099,2014-11-18 00:05:01,credit_card,success,NONE,410.09,USD,desktop,69,8739
PAY000002931,BKG000002931,1086087,2013-09-09 19:34:01,credit_card,success,NONE,1149.34,USD,desktop,66,11625
PAY000002932,BKG000002932,316410,2014-07-09 10:40:38,paypal,success,NONE,244.25,USD,desktop,66,14985
PAY000002933,BKG000002933,1020519,2013-12-24 14:48:38,credit_card,failed,CARD_DECLINED,205.1,USD,desktop,69,8255
PAY000002934,BKG000002934,1021144,2013-08-12 16:14:02,credit_card,success,NONE,207.09,USD,desktop,205,57454
PAY000002935,BKG000002935,426042,2014-04-17 22:32:40,paypal,success,NONE,215.72,USD,desktop,66,24099
PAY000002936,BKG000002936,906962,2014-12-28 20:49:31,credit_card,success,NONE,152.39,USD,desktop,66,8746
PAY000002937,BKG000002937,865493,2014-06-24 11:33:00,apple_pay,success,NONE,547.66,USD,desktop,205,12951
PAY000002938,BKG000002938,471435,2013-03-14 18:14:26,google_pay,success,NONE,178.73,USD,desktop,66,27336
PAY000002939,BKG000002939,2734,2014-10-01 06:24:16,paypal,success,NONE,622.58,USD,desktop,69,12772
PAY000002940,BKG000002940,324960,2014-06-23 20:55:37,bank_transfer,success,NONE,235.54,USD,desktop,205,26022
PAY000002941,BKG000002941,332401,2014-09-11 01:03:10,credit_card,success,NONE,1852.65,USD,desktop,80,5497
PAY000002942,BKG000002942,763837,2014-08-15 22:48:51,paypal,success,NONE,927.48,USD,mobile,66,8793
PAY000002943,BKG000002943,1105339,2014-01-17 16:14:48,credit_card,success,NONE,1646.74,USD,desktop,69,945
PAY000002944,BKG000002944,954190,2014-10-03 16:35:19,credit_card,success,NONE,644.94,USD,desktop,66,8250
PAY000002945,BKG000002945,1144356,2014-10-14 09:22:28,credit_card,success,NONE,604.78,USD,desktop,66,8818
PAY000002946,BKG000002946,762502,2014-06-24 11:07:54,debit_card,success,NONE,182.97,USD,desktop,66,40767
PAY000002947,BKG000002947,1026325,2014-11-06 15:16:01,credit_card,success,NONE,166.76,USD,desktop,66,11980
PAY000002948,BKG000002948,944359,2013-12-23 10:50:28,credit_card,success,NONE,113.07,USD,desktop,205,8253
PAY000002949,BKG000002949,377109,2013-04-14 12:46:52,credit_card,success,NONE,1320.36,USD,desktop,182,8259
PAY000002950,BKG000002950,751962,2014-08-28 05:41:39,debit_card,success,NONE,396.74,USD,desktop,66,25800
PAY000002951,BKG000002951,1128840,2013-05-18 20:17:26,paypal,success,NONE,191.9,USD,desktop,66,27141
PAY000002952,BKG000002952,837117,2013-12-27 23:03:00,apple_pay,success,NONE,447.03,USD,mobile,66,12216
PAY000002953,BKG000002953,667057,2013-09-05 05:56:44,debit_card,success,NONE,1091.06,USD,desktop,80,769
PAY000002954,BKG000002954,985910,2013-03-10 18:26:48,credit_card,success,NONE,889.15,USD,desktop,46,8252
PAY000002955,BKG000002955,446632,2014-08-06 08:16:37,credit_card,success,NONE,585.89,USD,mobile,205,8287
PAY000002956,BKG000002956,1154810,2014-06-24 06:35:50,credit_card,success,NONE,233.39,EUR,desktop,3,19779
PAY000002957,BKG000002957,529808,2014-01-10 09:57:03,credit_card,success,NONE,380.25,USD,desktop,167,8282
PAY000002958,BKG000002958,359157,2014-10-08 19:32:16,credit_card,success,NONE,309.9,USD,desktop,66,8790
PAY000002959,BKG000002959,922531,2014-12-29 15:01:12,credit_card,success,NONE,262.31,USD,desktop,66,8279
PAY000002960,BKG000002960,1163591,2013-11-18 20:56:57,debit_card,success,NONE,287.84,EUR,mobile,3,20324
PAY000002961,BKG000002961,690349,2014-07-24 03:28:20,apple_pay,success,NONE,182.45,USD,mobile,12,20561
PAY000002962,BKG000002962,941156,2014-09-24 09:06:33,paypal,success,NONE,267.58,USD,desktop,66,619
PAY000002963,BKG000002963,186177,2013-06-04 16:16:26,credit_card,success,NONE,119.79,USD,desktop,69,8800
PAY000002964,BKG000002964,462487,2013-02-08 13:31:20,google_pay,success,NONE,957.07,EUR,desktop,50,8819
PAY000002965,BKG000002965,443998,2013-07-10 13:24:21,credit_card,success,NONE,270.45,USD,desktop,46,245
PAY000002966,BKG000002966,686795,2013-04-21 02:22:46,bank_transfer,failed,CARD_DECLINED,269.29,USD,desktop,1,21031
PAY000002967,BKG000002967,266415,2014-04-23 13:06:47,credit_card,success,NONE,209.36,USD,desktop,69,14809
PAY000002968,BKG000002968,583599,2013-10-30 11:28:46,debit_card,success,NONE,345.99,USD,desktop,66,26943
PAY000002969,BKG000002969,676287,2014-09-20 14:05:37,debit_card,success,NONE,677.38,USD,desktop,69,1725
PAY000002970,BKG000002970,339005,2014-11-10 16:10:46,google_pay,success,NONE,97.53,USD,desktop,205,31009
PAY000002971,BKG000002971,487225,2014-10-21 22:42:56,credit_card,success,NONE,379.05,USD,desktop,205,12263
PAY000002972,BKG000002972,388997,2014-11-04 17:23:11,paypal,success,NONE,347.67,USD,mobile,66,24278
PAY000002973,BKG000002973,529333,2013-07-28 05:19:00,credit_card,success,NONE,655.73,USD,desktop,93,8268
PAY000002974,BKG000002974,646692,2014-12-07 22:21:27,credit_card,success,NONE,98.23,USD,desktop,66,30393
PAY000002975,BKG000002975,1006908,2013-11-01 23:18:44,credit_card,success,NONE,600.89,USD,mobile,69,8252
PAY000002976,BKG000002976,986801,2013-04-01 17:13:13,debit_card,success,NONE,128.69,USD,desktop,205,43584
PAY000002977,BKG000002977,81288,2014-05-26 22:34:50,credit_card,success,NONE,260.95,USD,desktop,66,512
PAY000002978,BKG000002978,315338,2014-12-05 13:32:07,credit_card,success,NONE,134.76,USD,desktop,66,8239
PAY000002979,BKG000002979,1118571,2014-02-13 22:44:19,google_pay,success,NONE,119.86,USD,desktop,66,245
PAY000002980,BKG000002980,1020240,2013-09-13 12:01:12,paypal,success,NONE,198.77,USD,desktop,66,8291
PAY000002981,BKG000002981,527380,2014-10-22 15:25:22,credit_card,failed,3DS_FAILED,444.9,USD,desktop,66,64515
PAY000002982,BKG000002982,1135743,2013-02-15 16:52:26,debit_card,success,NONE,289.49,USD,desktop,66,8232
PAY000002983,BKG000002983,341422,2014-10-08 16:41:44,debit_card,success,NONE,605.71,USD,desktop,69,9927
PAY000002984,BKG000002984,1001898,2014-08-17 15:57:30,apple_pay,success,NONE,623.78,USD,mobile,68,8817
PAY000002985,BKG000002985,112128,2014-04-13 20:18:55,bank_transfer,success,NONE,428.58,USD,desktop,66,8287
PAY000002986,BKG000002986,248350,2014-04-28 08:26:18,credit_card,success,NONE,282.51,GBP,desktop,77,468
PAY000002987,BKG000002987,34066,2014-05-06 12:50:27,credit_card,success,NONE,144.61,USD,desktop,66,7607
PAY000002988,BKG000002988,169672,2013-08-12 01:48:12,credit_card,success,NONE,148.79,USD,desktop,69,30337
PAY000002989,BKG000002989,70894,2014-04-16 20:52:20,credit_card,success,NONE,237.37,GBP,desktop,77,8286
PAY000002990,BKG000002990,124093,2014-05-14 02:59:09,debit_card,failed,INSUFFICIENT_FUNDS,208.4,USD,desktop,66,25036
PAY000002991,BKG000002991,215745,2014-12-26 21:50:28,credit_card,success,NONE,315.26,USD,mobile,66,12191
PAY000002992,BKG000002992,494080,2014-05-03 16:17:22,apple_pay,success,NONE,971.83,GBP,desktop,77,8849
PAY000002993,BKG000002993,949398,2014-07-02 22:34:44,credit_card,success,NONE,253.26,USD,mobile,66,8283
PAY000002994,BKG000002994,885348,2013-02-16 22:02:00,bank_transfer,success,NONE,381.72,USD,desktop,205,12623
PAY000002995,BKG000002995,87234,2014-12-31 19:39:19,credit_card,success,NONE,423.21,USD,desktop,66,25213
PAY000002996,BKG000002996,1081342,2014-08-14 10:33:01,paypal,success,NONE,869.0,USD,desktop,205,8250
PAY000002997,BKG000002997,539541,2014-11-24 19:10:40,paypal,failed,CARD_DECLINED,400.82,USD,desktop,66,12206
PAY000002998,BKG000002998,138976,2014-11-06 21:29:52,credit_card,success,NONE,250.58,USD,desktop,205,1901
PAY000002999,BKG000002999,981820,2013-07-27 00:04:23,apple_pay,success,NONE,1320.01,USD,desktop,66,11625
PAY000003000,BKG000003000,707676,2014-09-27 13:45:10,credit_card,success,NONE,680.08,USD,desktop,1,8255
PAY000003001,BKG000003001,1075083,2014-07-08 19:13:37,google_pay,success,NONE,1631.26,USD,desktop,32,22518
PAY000003002,BKG000003002,184427,2014-02-17 18:32:59,credit_card,success,NONE,1164.54,USD,desktop,66,979
PAY000003003,BKG000003003,974520,2014-04-02 21:24:24,bank_transfer,success,NONE,151.11,USD,desktop,205,8220
PAY000003004,BKG000003004,1123272,2014-04-14 22:31:05,google_pay,success,NONE,496.32,USD,desktop,66,8250
PAY000003005,BKG000003005,127259,2013-04-14 11:34:32,credit_card,success,NONE,423.73,USD,desktop,66,8267
PAY000003006,BKG000003006,1012376,2013-05-04 22:49:35,debit_card,success,NONE,532.48,USD,desktop,66,12700
PAY000003007,BKG000003007,832951,2013-12-07 02:12:38,credit_card,success,NONE,337.0,USD,desktop,1,8240
PAY000003008,BKG000003008,152947,2013-09-28 12:15:00,credit_card,success,NONE,124.0,USD,desktop,66,11980
PAY000003009,BKG000003009,100555,2013-10-02 12:14:37,apple_pay,success,NONE,75.95,USD,desktop,66,486
PAY000003010,BKG000003010,892323,2014-06-09 13:07:29,credit_card,success,NONE,251.35,USD,desktop,179,12554
PAY000003011,BKG000003011,1148735,2014-07-25 20:54:13,credit_card,success,NONE,237.77,USD,desktop,66,23538
PAY000003012,BKG000003012,533318,2014-01-22 10:59:33,credit_card,success,NONE,500.5,USD,mobile,66,8250
PAY000003013,BKG000003013,631641,2014-06-09 01:51:40,credit_card,failed,PAYMENT_PROVIDER_ERROR,138.82,USD,desktop,66,10779
PAY000003014,BKG000003014,399691,2014-11-10 18:00:26,credit_card,success,NONE,241.84,USD,desktop,66,12277
PAY000003015,BKG000003015,989782,2014-06-11 12:27:21,apple_pay,success,NONE,267.67,GBP,desktop,77,12209
PAY000003016,BKG000003016,789507,2014-05-16 12:32:31,credit_card,success,NONE,597.18,USD,desktop,66,8230
PAY000003017,BKG000003017,901464,2014-06-25 21:21:47,google_pay,success,NONE,706.1,USD,desktop,205,8266
PAY000003018,BKG000003018,850142,2013-11-22 11:45:29,credit_card,success,NONE,444.96,USD,desktop,66,45326
PAY000003019,BKG000003019,1021030,2014-12-11 12:38:41,credit_card,success,NONE,232.1,USD,desktop,205,40862
PAY000003020,BKG000003020,1092805,2013-06-18 15:48:17,credit_card,success,NONE,382.22,USD,desktop,205,1901
PAY000003021,BKG000003021,161131,2013-08-20 08:58:27,debit_card,success,NONE,351.69,USD,desktop,215,375
PAY000003022,BKG000003022,382217,2013-04-25 09:52:54,bank_transfer,success,NONE,315.78,USD,desktop,66,11352
PAY000003023,BKG000003023,73387,2014-02-26 13:47:38,paypal,success,NONE,451.79,USD,desktop,205,1901
PAY000003024,BKG000003024,428579,2013-09-01 21:01:50,paypal,success,NONE,669.95,USD,desktop,66,8251
PAY000003025,BKG000003025,466114,2014-07-19 22:34:04,debit_card,failed,PAYMENT_PROVIDER_ERROR,70.0,USD,desktop,69,15477
PAY000003026,BKG000003026,82918,2013-04-20 06:08:57,paypal,success,NONE,382.79,USD,desktop,48,8289
PAY000003027,BKG000003027,67924,2013-06-05 12:32:10,debit_card,success,NONE,237.85,USD,desktop,66,12008
PAY000003028,BKG000003028,426629,2014-11-27 06:10:03,credit_card,failed,CARD_DECLINED,445.77,USD,mobile,66,8267
PAY000003029,BKG000003029,1056092,2014-09-09 00:54:55,paypal,success,NONE,383.29,GBP,desktop,69,8744
PAY000003030,BKG000003030,600820,2014-08-24 09:01:56,bank_transfer,success,NONE,310.58,USD,desktop,66,11951
PAY000003031,BKG000003031,123750,2014-05-03 00:52:35,credit_card,success,NONE,153.28,USD,desktop,66,24588
PAY000003032,BKG000003032,1056309,2014-10-17 16:29:41,paypal,success,NONE,491.01,GBP,desktop,77,8819
PAY000003033,BKG000003033,1174450,2014-12-09 13:07:35,apple_pay,success,NONE,232.27,USD,desktop,5,23134
PAY000003034,BKG000003034,193972,2014-04-28 21:38:15,debit_card,success,NONE,263.25,USD,desktop,66,6324
PAY000003035,BKG000003035,199763,2014-01-22 22:41:56,google_pay,success,NONE,102.69,USD,desktop,205,1865
PAY000003036,BKG000003036,69810,2014-04-05 10:23:17,bank_transfer,success,NONE,467.69,USD,desktop,66,12222
PAY000003037,BKG000003037,219116,2014-06-27 17:49:24,credit_card,success,NONE,1506.14,USD,desktop,1,20769
PAY000003038,BKG000003038,36958,2014-05-22 09:54:20,credit_card,success,NONE,544.06,USD,desktop,66,24676
PAY000003039,BKG000003039,1025040,2013-09-25 09:58:56,credit_card,success,NONE,249.7,USD,desktop,66,8271
PAY000003040,BKG000003040,257410,2014-03-17 10:04:55,credit_card,success,NONE,93.68,USD,desktop,66,1212
PAY000003041,BKG000003041,978587,2013-11-08 11:50:54,credit_card,success,NONE,381.78,USD,desktop,66,8250
PAY000003042,BKG000003042,563850,2013-09-16 14:15:32,bank_transfer,success,NONE,87.36,USD,desktop,66,12846
PAY000003043,BKG000003043,225925,2014-07-22 20:29:52,debit_card,success,NONE,434.81,USD,desktop,66,508
PAY000003044,BKG000003044,1008315,2014-10-23 20:25:28,bank_transfer,failed,CARD_DECLINED,215.48,USD,desktop,62,55524
PAY000003045,BKG000003045,759029,2014-04-17 21:59:50,apple_pay,success,NONE,273.23,USD,desktop,66,26447
PAY000003046,BKG000003046,172741,2014-12-03 21:31:25,debit_card,success,NONE,993.65,USD,desktop,69,8267
PAY000003047,BKG000003047,256576,2014-12-11 23:53:04,credit_card,success,NONE,267.53,USD,mobile,66,8260
PAY000003048,BKG000003048,1078471,2013-04-06 14:24:50,debit_card,success,NONE,643.58,USD,desktop,66,8236
PAY000003049,BKG000003049,1027682,2014-11-30 02:22:59,apple_pay,success,NONE,165.39,USD,mobile,55,8242
PAY000003050,BKG000003050,739192,2013-06-05 13:56:36,debit_card,success,NONE,430.25,USD,desktop,12,8260
PAY000003051,BKG000003051,519682,2014-10-20 07:55:38,debit_card,success,NONE,1064.5,USD,desktop,0,8823
PAY000003052,BKG000003052,1118301,2014-03-14 21:16:19,apple_pay,success,NONE,491.97,USD,desktop,5,23718
PAY000003053,BKG000003053,1010075,2014-12-02 19:25:39,debit_card,success,NONE,184.69,USD,desktop,66,22930
PAY000003054,BKG000003054,1078544,2014-03-04 09:41:22,credit_card,success,NONE,177.0,USD,desktop,44,8242
PAY000003055,BKG000003055,654221,2014-09-18 20:06:21,credit_card,success,NONE,289.38,USD,mobile,66,11625
PAY000003056,BKG000003056,1140120,2014-04-08 17:11:05,credit_card,success,NONE,280.73,USD,desktop,66,26873
PAY000003057,BKG000003057,578734,2013-04-26 14:27:19,credit_card,success,NONE,1132.41,USD,desktop,66,35346
PAY000003058,BKG000003058,851326,2013-01-16 19:07:25,google_pay,success,NONE,506.03,USD,desktop,66,23703
PAY000003059,BKG000003059,865708,2014-05-04 22:42:06,credit_card,failed,3DS_FAILED,261.51,USD,desktop,66,24677
PAY000003060,BKG000003060,785306,2014-04-27 19:40:38,credit_card,success,NONE,348.58,USD,desktop,69,12210
PAY000003061,BKG000003061,472857,2014-07-24 10:41:20,debit_card,success,NONE,272.69,USD,mobile,205,11976
PAY000003062,BKG000003062,472857,2014-07-24 08:25:20,credit_card,success,NONE,213.12,USD,mobile,205,11976
PAY000003063,BKG000003063,243001,2014-04-14 15:15:37,bank_transfer,success,NONE,216.89,USD,desktop,66,12280
PAY000003064,BKG000003064,1114485,2014-09-21 01:19:58,credit_card,success,NONE,99.17,USD,desktop,66,8228
PAY000003065,BKG000003065,953069,2013-02-04 17:00:50,credit_card,success,NONE,220.95,USD,desktop,205,8788
PAY000003066,BKG000003066,566253,2014-07-02 14:49:27,debit_card,success,NONE,1558.85,USD,desktop,66,21773
PAY000003067,BKG000003067,461318,2013-12-09 10:33:34,google_pay,success,NONE,526.0,USD,desktop,198,1014
PAY000003068,BKG000003068,235362,2013-09-02 20:16:41,bank_transfer,success,NONE,254.34,USD,desktop,69,2749
PAY000003069,BKG000003069,422500,2013-05-15 02:33:51,paypal,success,NONE,457.98,USD,desktop,69,8746
PAY000003070,BKG000003070,118077,2013-07-15 17:32:24,bank_transfer,success,NONE,111.62,USD,desktop,66,28509
PAY000003071,BKG000003071,165151,2014-09-29 09:59:33,credit_card,success,NONE,195.95,USD,desktop,66,8261
PAY000003072,BKG000003072,935276,2013-07-02 13:35:52,credit_card,success,NONE,772.68,USD,desktop,66,27186
PAY000003073,BKG000003073,885996,2013-03-05 15:25:46,apple_pay,failed,PAYMENT_PROVIDER_ERROR,187.85,USD,desktop,66,25753
PAY000003074,BKG000003074,718907,2014-09-01 14:44:21,bank_transfer,success,NONE,194.69,USD,desktop,66,8273
PAY000003075,BKG000003075,1024425,2014-01-20 14:47:07,credit_card,success,NONE,1465.13,USD,desktop,1,4
PAY000003076,BKG000003076,245346,2014-09-15 20:04:33,credit_card,success,NONE,186.71,USD,desktop,66,8250
PAY000003077,BKG000003077,773808,2014-03-05 10:47:34,debit_card,success,NONE,218.36,USD,desktop,66,23545
PAY000003078,BKG000003078,898437,2014-08-08 18:05:39,credit_card,success,NONE,730.22,USD,desktop,181,43595
PAY000003079,BKG000003079,660119,2014-06-02 08:22:25,paypal,success,NONE,884.09,USD,desktop,66,12905
PAY000003080,BKG000003080,152770,2014-12-02 22:48:25,credit_card,success,NONE,932.66,USD,desktop,69,8830
PAY000003081,BKG000003081,250710,2014-08-09 08:19:33,credit_card,success,NONE,242.54,USD,mobile,66,8219
PAY000003082,BKG000003082,1136800,2013-03-29 15:42:31,debit_card,success,NONE,227.01,USD,mobile,66,13407
PAY000003083,BKG000003083,1074337,2013-07-01 03:41:44,bank_transfer,success,NONE,198.78,USD,desktop,119,792
PAY000003084,BKG000003084,1167713,2013-01-10 04:54:49,credit_card,success,NONE,399.14,EUR,desktop,3,8220
PAY000003085,BKG000003085,1080587,2013-08-08 16:08:30,credit_card,success,NONE,292.46,USD,desktop,66,24691
PAY000003086,BKG000003086,69139,2013-07-23 19:51:36,bank_transfer,success,NONE,650.25,USD,mobile,66,8267
PAY000003087,BKG000003087,1040240,2013-02-12 19:33:25,credit_card,success,NONE,125.19,GBP,desktop,77,8220
PAY000003088,BKG000003088,103432,2013-12-12 12:24:32,credit_card,success,NONE,313.91,USD,desktop,205,12453
PAY000003089,BKG000003089,997648,2014-11-14 18:51:47,credit_card,success,NONE,136.38,USD,mobile,66,26980
PAY000003090,BKG000003090,997648,2014-11-14 19:56:47,credit_card,success,NONE,194.43,USD,mobile,66,26980
PAY000003091,BKG000003091,988015,2013-01-14 09:23:40,debit_card,success,NONE,158.67,USD,desktop,66,28387
PAY000003092,BKG000003092,172975,2014-06-15 00:56:07,debit_card,success,NONE,216.91,USD,desktop,66,28505
PAY000003093,BKG000003093,145406,2014-10-26 18:47:40,credit_card,success,NONE,140.46,USD,mobile,66,3602
PAY000003094,BKG000003094,516833,2014-11-06 17:27:40,credit_card,success,NONE,229.47,USD,desktop,55,8943
PAY000003095,BKG000003095,712702,2014-02-23 10:21:31,debit_card,failed,CARD_DECLINED,186.74,USD,mobile,46,2694
PAY000003096,BKG000003096,1179830,2014-06-10 14:52:12,credit_card,success,NONE,1241.87,USD,desktop,133,651
PAY000003097,BKG000003097,931889,2014-09-02 00:58:03,credit_card,success,NONE,907.21,USD,desktop,66,8267
PAY000003098,BKG000003098,856548,2013-06-21 22:43:25,bank_transfer,success,NONE,443.51,USD,desktop,66,8250
PAY000003099,BKG000003099,578660,2014-11-19 00:34:59,apple_pay,success,NONE,99.93,USD,desktop,66,12603
PAY000003100,BKG000003100,940617,2014-11-20 14:17:14,credit_card,success,NONE,70.0,USD,desktop,1,8806
PAY000003101,BKG000003101,464786,2013-10-29 18:38:00,credit_card,success,NONE,867.47,USD,desktop,66,26502
PAY000003102,BKG000003102,481480,2013-10-07 13:21:11,credit_card,success,NONE,1184.6,USD,desktop,66,23579
PAY000003103,BKG000003103,1041950,2013-05-27 14:10:22,credit_card,success,NONE,226.2,USD,desktop,182,18481
PAY000003104,BKG000003104,1173957,2014-01-03 17:27:55,apple_pay,success,NONE,117.06,USD,desktop,46,21657
PAY000003105,BKG000003105,444135,2013-02-18 20:39:16,apple_pay,success,NONE,168.25,EUR,desktop,3,19940
PAY000003106,BKG000003106,261790,2013-09-16 19:14:48,debit_card,success,NONE,155.77,GBP,desktop,195,22345
PAY000003107,BKG000003107,1135500,2014-06-20 20:26:05,debit_card,success,NONE,113.87,USD,desktop,77,8790
PAY000003108,BKG000003108,1056176,2014-09-12 06:41:01,paypal,success,NONE,440.46,USD,desktop,66,8267
PAY000003109,BKG000003109,524368,2014-10-13 20:39:07,credit_card,success,NONE,368.78,USD,mobile,194,8815
PAY000003110,BKG000003110,606794,2013-07-10 13:39:59,paypal,success,NONE,560.38,USD,desktop,66,8846
PAY000003111,BKG000003111,124467,2013-08-19 01:27:24,google_pay,success,NONE,745.33,USD,desktop,69,15581
PAY000003112,BKG000003112,478514,2014-04-09 18:25:35,paypal,success,NONE,844.01,USD,desktop,46,12826
PAY000003113,BKG000003113,422123,2014-05-30 15:21:51,bank_transfer,success,NONE,245.85,USD,desktop,198,468
PAY000003114,BKG000003114,125347,2014-06-22 21:35:45,paypal,success,NONE,229.27,USD,mobile,66,8809
PAY000003115,BKG000003115,1021865,2013-12-20 00:44:38,debit_card,success,NONE,172.59,USD,desktop,205,8288
PAY000003116,BKG000003116,353258,2014-11-02 20:06:42,credit_card,success,NONE,302.2,USD,desktop,66,44241
PAY000003117,BKG000003117,912750,2014-04-13 17:15:19,credit_card,success,NONE,219.28,USD,desktop,66,12483
PAY000003118,BKG000003118,444851,2014-03-14 15:34:02,apple_pay,success,NONE,593.04,USD,desktop,66,8216
PAY000003119,BKG000003119,151897,2013-10-13 08:17:54,credit_card,success,NONE,166.84,USD,desktop,205,20225
PAY000003120,BKG000003120,595867,2014-09-17 08:35:57,apple_pay,success,NONE,178.49,USD,mobile,70,20968
PAY000003121,BKG000003121,1000158,2014-12-26 10:25:21,debit_card,success,NONE,261.4,USD,mobile,66,12372
PAY000003122,BKG000003122,565094,2013-06-06 15:03:51,debit_card,success,NONE,467.19,USD,desktop,66,15520
PAY000003123,BKG000003123,318225,2013-03-10 15:23:00,credit_card,success,NONE,238.61,USD,desktop,205,8788
PAY000003124,BKG000003124,549006,2013-03-19 07:56:44,debit_card,success,NONE,659.23,USD,desktop,66,13441
PAY000003125,BKG000003125,562997,2013-03-17 12:58:32,credit_card,success,NONE,914.74,USD,desktop,66,11439
PAY000003126,BKG000003126,486315,2014-07-09 14:39:50,debit_card,success,NONE,678.29,EUR,desktop,0,8213
PAY000003127,BKG000003127,991468,2014-06-27 23:35:37,debit_card,success,NONE,485.63,USD,mobile,205,8250
PAY000003128,BKG000003128,49940,2014-08-13 09:44:27,google_pay,success,NONE,392.04,USD,desktop,235,8745
PAY000003129,BKG000003129,578198,2014-09-05 22:12:58,apple_pay,success,NONE,512.24,USD,mobile,66,8279
PAY000003130,BKG000003130,56730,2014-02-12 13:17:47,bank_transfer,success,NONE,128.17,USD,mobile,66,25204
PAY000003131,BKG000003131,269580,2013-03-06 13:43:03,credit_card,success,NONE,263.61,USD,desktop,230,12227
PAY000003132,BKG000003132,1154779,2014-06-14 03:02:06,apple_pay,success,NONE,213.04,EUR,desktop,3,21787
PAY000003133,BKG000003133,319446,2014-09-20 14:15:49,credit_card,failed,3DS_FAILED,250.15,USD,mobile,66,8788
PAY000003134,BKG000003134,1005050,2013-11-28 13:46:51,apple_pay,success,NONE,713.19,USD,desktop,66,24897
PAY000003135,BKG000003135,229359,2013-06-22 11:46:55,bank_transfer,success,NONE,172.44,USD,desktop,66,12218
PAY000003136,BKG000003136,1004889,2014-07-31 17:19:18,debit_card,success,NONE,534.99,USD,desktop,46,21124
PAY000003137,BKG000003137,404749,2014-04-26 01:38:06,bank_transfer,success,NONE,1410.12,USD,desktop,69,18965
PAY000003138,BKG000003138,930740,2014-10-19 17:47:18,debit_card,success,NONE,137.47,USD,desktop,66,12603
PAY000003139,BKG000003139,1133924,2014-04-02 09:08:53,credit_card,success,NONE,236.72,USD,desktop,66,25967
PAY000003140,BKG000003140,1144817,2013-03-02 09:33:54,debit_card,success,NONE,1407.01,USD,desktop,66,8804
PAY000003141,BKG000003141,615154,2013-11-27 10:43:41,credit_card,success,NONE,3123.56,USD,desktop,66,4675
PAY000003142,BKG000003142,543645,2014-08-21 11:28:59,credit_card,success,NONE,314.42,EUR,desktop,3,8220
PAY000003143,BKG000003143,469124,2014-08-22 08:11:03,credit_card,success,NONE,267.76,USD,desktop,148,12471
PAY000003144,BKG000003144,989839,2014-06-09 12:04:38,credit_card,success,NONE,213.03,USD,desktop,66,6043
PAY000003145,BKG000003145,901088,2013-08-23 17:06:08,debit_card,failed,INSUFFICIENT_FUNDS,214.89,USD,desktop,66,8267
PAY000003146,BKG000003146,274565,2014-07-23 04:14:33,credit_card,success,NONE,218.48,USD,desktop,66,12189
PAY000003147,BKG000003147,164267,2014-06-13 21:01:12,google_pay,success,NONE,226.39,USD,desktop,66,24278
PAY000003148,BKG000003148,631283,2014-07-29 12:36:51,debit_card,success,NONE,198.25,USD,desktop,69,889
PAY000003149,BKG000003149,519332,2014-07-21 13:26:46,bank_transfer,success,NONE,117.38,USD,desktop,66,11922
PAY000003150,BKG000003150,41891,2014-02-04 09:36:04,credit_card,success,NONE,493.41,USD,desktop,66,11373
PAY000003151,BKG000003151,610509,2014-11-09 19:36:06,debit_card,success,NONE,140.53,USD,mobile,66,52797
PAY000003152,BKG000003152,1123934,2013-01-24 00:54:27,credit_card,success,NONE,386.96,USD,desktop,69,18663
PAY000003153,BKG000003153,876544,2013-10-06 21:08:43,credit_card,failed,CARD_DECLINED,238.61,USD,desktop,66,8279
PAY000003154,BKG000003154,1121426,2014-05-16 12:39:31,google_pay,success,NONE,191.32,USD,desktop,66,26583
PAY000003155,BKG000003155,810449,2014-06-30 17:28:18,debit_card,success,NONE,369.18,USD,desktop,66,12014
PAY000003156,BKG000003156,459884,2014-10-01 11:57:00,credit_card,success,NONE,282.34,USD,desktop,66,8268
PAY000003157,BKG000003157,655133,2014-10-27 08:49:57,debit_card,success,NONE,784.29,USD,desktop,66,20224
PAY000003158,BKG000003158,1099756,2013-09-25 17:01:49,paypal,success,NONE,244.08,USD,desktop,66,19546
PAY000003159,BKG000003159,346522,2014-04-21 12:40:39,paypal,success,NONE,198.5,USD,desktop,66,8231
PAY000003160,BKG000003160,1000423,2013-08-14 23:22:24,apple_pay,success,NONE,77.73,USD,mobile,66,12217
PAY000003161,BKG000003161,959137,2013-11-23 10:14:06,credit_card,failed,INSUFFICIENT_FUNDS,108.47,USD,desktop,66,23693
PAY000003162,BKG000003162,1153816,2013-12-13 22:44:13,debit_card,success,NONE,231.65,EUR,desktop,63,24892
PAY000003163,BKG000003163,847383,2014-08-11 11:43:05,paypal,success,NONE,148.71,USD,desktop,66,12175
PAY000003164,BKG000003164,847383,2014-08-11 14:50:05,debit_card,success,NONE,123.34,USD,desktop,66,12175
PAY000003165,BKG000003165,732452,2014-11-19 16:55:46,debit_card,success,NONE,302.8,USD,desktop,66,347
PAY000003166,BKG000003166,566745,2013-06-24 14:42:05,credit_card,success,NONE,268.85,USD,desktop,205,13813
PAY000003167,BKG000003167,969445,2013-07-18 14:19:08,credit_card,success,NONE,834.79,USD,desktop,148,2387
PAY000003168,BKG000003168,794006,2013-07-26 20:55:48,debit_card,success,NONE,185.09,USD,desktop,66,23528
PAY000003169,BKG000003169,399580,2014-12-03 14:28:24,google_pay,success,NONE,215.37,USD,desktop,148,8745
PAY000003170,BKG000003170,1144889,2014-05-18 22:17:27,credit_card,failed,AUTH_TIMEOUT,225.4,USD,desktop,66,24943
PAY000003171,BKG000003171,769407,2013-05-15 14:18:44,credit_card,success,NONE,227.89,USD,desktop,46,21593
PAY000003172,BKG000003172,944066,2013-02-26 10:18:13,credit_card,success,NONE,142.82,USD,desktop,66,11683
PAY000003173,BKG000003173,1075657,2013-02-07 17:51:31,credit_card,success,NONE,236.2,USD,desktop,66,30794
PAY000003174,BKG000003174,654837,2014-04-17 20:17:02,credit_card,success,NONE,875.79,USD,desktop,66,8267
PAY000003175,BKG000003175,568784,2013-05-17 18:31:42,debit_card,success,NONE,370.49,USD,desktop,66,8281
PAY000003176,BKG000003176,220382,2014-05-30 07:01:00,debit_card,success,NONE,113.16,USD,desktop,208,8797
PAY000003177,BKG000003177,288833,2014-10-08 16:50:41,credit_card,success,NONE,108.08,USD,desktop,205,46124
PAY000003178,BKG000003178,386687,2014-09-25 08:02:48,apple_pay,success,NONE,519.31,USD,desktop,66,25419
PAY000003179,BKG000003179,586142,2014-07-14 08:20:25,paypal,failed,PAYMENT_PROVIDER_ERROR,1495.55,USD,desktop,48,11860
PAY000003180,BKG000003180,516643,2013-12-03 08:49:01,credit_card,success,NONE,1433.44,USD,desktop,66,16986
PAY000003181,BKG000003181,244411,2014-07-31 00:20:33,credit_card,success,NONE,446.68,USD,desktop,66,21788
PAY000003182,BKG000003182,449587,2014-09-10 14:39:44,credit_card,success,NONE,241.45,USD,desktop,66,12261
PAY000003183,BKG000003183,494286,2013-07-20 00:28:28,paypal,success,NONE,221.81,USD,desktop,66,4380
PAY000003184,BKG000003184,421961,2014-04-11 17:18:45,credit_card,success,NONE,266.04,USD,desktop,66,24147
PAY000003185,BKG000003185,1062510,2014-10-10 12:34:41,debit_card,success,NONE,193.48,USD,desktop,66,27321
PAY000003186,BKG000003186,366052,2014-07-15 22:12:41,debit_card,success,NONE,160.88,USD,desktop,69,12206
PAY000003187,BKG000003187,1181466,2014-08-15 16:33:15,google_pay,success,NONE,511.18,USD,desktop,46,26414
PAY000003188,BKG000003188,1102281,2014-11-11 22:15:27,google_pay,failed,CARD_DECLINED,437.76,USD,desktop,66,44249
PAY000003189,BKG000003189,661867,2014-07-04 17:10:48,debit_card,success,NONE,421.77,USD,desktop,93,21911
PAY000003190,BKG000003190,399876,2013-04-21 15:34:06,credit_card,success,NONE,235.08,USD,desktop,19,12225
PAY000003191,BKG000003191,18156,2014-06-20 23:09:44,apple_pay,success,NONE,88.03,USD,mobile,69,23116
PAY000003192,BKG000003192,196734,2014-09-18 10:17:31,bank_transfer,success,NONE,382.36,USD,desktop,66,28650
PAY000003193,BKG000003193,514722,2013-08-23 23:46:17,google_pay,success,NONE,131.05,USD,desktop,66,12175
PAY000003194,BKG000003194,453847,2014-05-29 15:10:25,bank_transfer,success,NONE,232.23,USD,desktop,66,6234
PAY000003195,BKG000003195,332212,2014-08-04 13:00:13,credit_card,success,NONE,625.18,USD,desktop,66,11938
PAY000003196,BKG000003196,203248,2014-10-27 12:02:18,credit_card,success,NONE,230.24,USD,desktop,66,24785
PAY000003197,BKG000003197,598239,2014-11-03 19:24:05,debit_card,success,NONE,260.44,GBP,desktop,77,22345
PAY000003198,BKG000003198,968191,2014-03-24 15:32:32,google_pay,failed,INSUFFICIENT_FUNDS,490.36,USD,desktop,66,11853
PAY000003199,BKG000003199,762384,2014-11-28 00:47:20,paypal,success,NONE,254.15,USD,desktop,66,13318
PAY000003200,BKG000003200,311441,2014-03-10 14:23:12,credit_card,success,NONE,245.31,USD,desktop,66,26647
PAY000003201,BKG000003201,311441,2014-03-10 17:22:12,debit_card,success,NONE,253.2,USD,desktop,66,26647
PAY000003202,BKG000003202,1089423,2014-08-20 01:18:35,credit_card,success,NONE,108.54,USD,desktop,66,12217
PAY000003203,BKG000003203,242259,2013-10-13 11:02:07,credit_card,success,NONE,193.39,USD,desktop,66,27699
PAY000003204,BKG000003204,944333,2014-08-26 19:59:19,paypal,success,NONE,132.29,USD,desktop,3,12501
PAY000003205,BKG000003205,1140603,2014-09-20 01:07:00,bank_transfer,success,NONE,819.21,USD,desktop,66,8819
PAY000003206,BKG000003206,389448,2013-07-11 22:56:06,google_pay,success,NONE,227.32,USD,desktop,66,23477
PAY000003207,BKG000003207,1175584,2014-07-31 12:38:38,credit_card,success,NONE,874.28,EUR,desktop,3,8267
PAY000003208,BKG000003208,383162,2014-07-28 13:54:00,debit_card,success,NONE,346.39,USD,desktop,66,8215
PAY000003209,BKG000003209,1180566,2014-10-04 19:41:55,paypal,success,NONE,511.58,EUR,desktop,3,8267
PAY000003210,BKG000003210,979231,2013-10-05 22:28:16,paypal,success,NONE,997.11,USD,desktop,69,8267
PAY000003211,BKG000003211,363605,2014-01-28 05:33:42,paypal,success,NONE,487.02,USD,desktop,71,8266
PAY000003212,BKG000003212,210549,2013-09-28 18:46:57,debit_card,success,NONE,250.41,EUR,desktop,3,20666
PAY000003213,BKG000003213,382861,2013-04-21 20:48:46,apple_pay,success,NONE,249.51,USD,desktop,205,12826
PAY000003214,BKG000003214,420870,2014-11-14 14:24:43,paypal,success,NONE,371.56,USD,desktop,66,8542
PAY000003215,BKG000003215,678336,2014-12-15 22:10:38,credit_card,success,NONE,1022.33,USD,desktop,27,44256
PAY000003216,BKG000003216,604084,2014-07-25 09:45:46,debit_card,success,NONE,182.0,USD,desktop,205,8788
PAY000003217,BKG000003217,940799,2013-06-27 22:08:46,paypal,success,NONE,373.21,USD,desktop,119,8253
PAY000003218,BKG000003218,1034061,2014-02-08 20:42:35,credit_card,success,NONE,253.04,USD,desktop,66,12669
PAY000003219,BKG000003219,1173311,2013-03-10 23:18:33,credit_card,failed,PAYMENT_PROVIDER_ERROR,340.93,EUR,desktop,3,8220
PAY000003220,BKG000003220,413140,2014-08-12 12:36:11,debit_card,success,NONE,212.68,USD,desktop,69,23253
PAY000003221,BKG000003221,228131,2014-09-16 15:33:34,debit_card,failed,AUTH_TIMEOUT,446.25,USD,desktop,66,8250
PAY000003222,BKG000003222,1197830,2014-03-14 07:31:41,credit_card,success,NONE,261.92,USD,desktop,66,8271
PAY000003223,BKG000003223,277309,2014-03-31 16:15:29,debit_card,success,NONE,463.46,USD,desktop,66,8238
PAY000003224,BKG000003224,1053453,2014-02-24 20:41:59,bank_transfer,success,NONE,237.43,USD,desktop,66,8273
PAY000003225,BKG000003225,660423,2013-05-23 12:24:18,credit_card,success,NONE,194.51,USD,mobile,66,12602
PAY000003226,BKG000003226,598765,2013-10-24 11:28:56,debit_card,success,NONE,781.68,GBP,desktop,195,669
PAY000003227,BKG000003227,240677,2013-05-22 10:32:59,credit_card,success,NONE,101.5,USD,desktop,66,12951
PAY000003228,BKG000003228,766426,2013-04-30 00:56:58,google_pay,success,NONE,301.82,USD,desktop,93,18773
PAY000003229,BKG000003229,1023497,2014-03-21 18:21:12,paypal,failed,INSUFFICIENT_FUNDS,372.8,USD,desktop,66,11821
PAY000003230,BKG000003230,172069,2013-02-05 12:25:18,credit_card,success,NONE,798.86,USD,desktop,12,21918
PAY000003231,BKG000003231,274653,2014-02-05 09:29:57,credit_card,failed,3DS_FAILED,262.08,EUR,desktop,3,635
PAY000003232,BKG000003232,856126,2013-01-16 18:01:40,credit_card,success,NONE,353.86,USD,desktop,66,12206
PAY000003233,BKG000003233,1081576,2014-02-20 13:00:42,credit_card,success,NONE,430.15,USD,desktop,66,23674
PAY000003234,BKG000003234,1037716,2014-08-22 22:32:41,apple_pay,success,NONE,488.14,USD,desktop,46,24902
PAY000003235,BKG000003235,261060,2014-08-18 13:33:44,bank_transfer,success,NONE,254.34,USD,desktop,66,24185
PAY000003236,BKG000003236,582973,2014-09-08 15:16:33,paypal,success,NONE,234.76,USD,desktop,66,15846
PAY000003237,BKG000003237,74175,2014-03-11 11:49:56,debit_card,failed,INSUFFICIENT_FUNDS,667.24,USD,desktop,1,8808
PAY000003238,BKG000003238,825361,2013-12-11 01:02:43,debit_card,success,NONE,261.65,USD,desktop,12,8253
PAY000003239,BKG000003239,1076412,2013-05-30 15:33:52,apple_pay,success,NONE,166.61,USD,desktop,66,3220
PAY000003240,BKG000003240,1155408,2014-02-23 13:11:34,debit_card,failed,AUTH_TIMEOUT,306.76,EUR,mobile,3,3072
PAY000003241,BKG000003241,1144665,2014-10-17 15:17:56,credit_card,success,NONE,1118.04,USD,desktop,62,8245
PAY000003242,BKG000003242,514869,2014-10-19 10:40:38,debit_card,success,NONE,390.73,USD,desktop,205,628
PAY000003243,BKG000003243,829404,2013-11-16 04:22:58,paypal,success,NONE,285.25,USD,desktop,123,8282
PAY000003244,BKG000003244,570015,2014-12-25 19:18:32,debit_card,success,NONE,213.49,USD,desktop,66,7782
PAY000003245,BKG000003245,328732,2014-04-03 12:20:58,credit_card,success,NONE,271.49,USD,mobile,48,11860
PAY000003246,BKG000003246,727496,2014-05-12 18:09:31,credit_card,success,NONE,1083.62,USD,desktop,66,26499
PAY000003247,BKG000003247,73354,2014-07-27 21:32:35,credit_card,success,NONE,364.73,EUR,desktop,23,8745
PAY000003248,BKG000003248,347449,2014-06-16 03:40:56,credit_card,success,NONE,259.57,USD,desktop,205,14875
PAY000003249,BKG000003249,840439,2014-09-26 16:20:14,debit_card,success,NONE,265.28,USD,mobile,133,18663
PAY000003250,BKG000003250,588720,2014-05-27 19:37:52,apple_pay,success,NONE,234.25,USD,desktop,66,26370
PAY000003251,BKG000003251,883864,2014-05-04 16:22:24,debit_card,success,NONE,1775.74,USD,desktop,62,8267
PAY000003252,BKG000003252,243983,2014-02-17 18:55:16,credit_card,success,NONE,511.4,USD,desktop,66,22617
PAY000003253,BKG000003253,352223,2014-12-28 01:31:35,paypal,success,NONE,163.08,USD,desktop,222,23508
PAY000003254,BKG000003254,878680,2014-10-26 16:56:08,google_pay,success,NONE,371.45,USD,desktop,66,8253
PAY000003255,BKG000003255,664852,2014-01-07 22:07:17,credit_card,success,NONE,237.24,USD,desktop,66,43002
PAY000003256,BKG000003256,209604,2013-09-09 16:33:39,credit_card,success,NONE,478.2,GBP,desktop,77,22536
PAY000003257,BKG000003257,702758,2014-12-14 17:53:11,google_pay,success,NONE,351.05,USD,desktop,205,48988
PAY000003258,BKG000003258,321255,2013-01-14 06:16:03,credit_card,success,NONE,174.62,USD,desktop,3,8220
PAY000003259,BKG000003259,1093905,2013-10-10 09:39:44,credit_card,success,NONE,117.1,USD,desktop,66,25890
PAY000003260,BKG000003260,1037922,2014-05-20 12:48:58,apple_pay,success,NONE,567.32,USD,desktop,66,5869
PAY000003261,BKG000003261,1164057,2014-02-18 20:51:32,credit_card,success,NONE,1380.29,USD,desktop,66,16971
PAY000003262,BKG000003262,888588,2013-10-15 17:43:58,apple_pay,success,NONE,325.86,USD,desktop,66,20330
PAY000003263,BKG000003263,1140950,2014-03-26 07:20:25,bank_transfer,success,NONE,208.67,USD,desktop,66,8291
PAY000003264,BKG000003264,1181633,2014-07-08 02:35:35,google_pay,success,NONE,376.5,USD,mobile,3,19548
PAY000003265,BKG000003265,353580,2014-01-25 17:43:27,credit_card,success,NONE,243.22,USD,desktop,66,4228
PAY000003266,BKG000003266,809953,2013-05-07 19:58:05,credit_card,success,NONE,201.82,USD,desktop,69,8224
PAY000003267,BKG000003267,797497,2014-12-28 10:30:38,apple_pay,success,NONE,235.25,USD,desktop,69,12181
PAY000003268,BKG000003268,504378,2013-02-16 21:32:27,apple_pay,success,NONE,771.89,USD,desktop,66,12188
PAY000003269,BKG000003269,539501,2014-10-09 16:39:23,google_pay,success,NONE,214.49,USD,desktop,52,20425
PAY000003270,BKG000003270,534127,2014-05-17 11:24:39,credit_card,success,NONE,530.67,USD,desktop,205,8260
PAY000003271,BKG000003271,192394,2014-02-23 19:27:35,debit_card,success,NONE,279.52,USD,desktop,66,15093
PAY000003272,BKG000003272,199390,2014-07-08 19:32:28,paypal,success,NONE,744.17,USD,desktop,205,26227
PAY000003273,BKG000003273,647086,2014-02-20 08:34:43,google_pay,success,NONE,804.29,USD,desktop,66,8279
PAY000003274,BKG000003274,1007709,2014-08-30 01:30:21,credit_card,success,NONE,247.06,USD,desktop,66,8271
PAY000003275,BKG000003275,1114383,2013-11-18 18:27:54,debit_card,success,NONE,208.71,USD,desktop,205,8228
PAY000003276,BKG000003276,325943,2013-05-12 15:28:27,credit_card,failed,INSUFFICIENT_FUNDS,180.78,USD,desktop,66,12489
PAY000003277,BKG000003277,1139921,2014-12-17 07:11:20,credit_card,failed,AUTH_TIMEOUT,242.2,USD,desktop,66,25083
PAY000003278,BKG000003278,336936,2014-01-07 23:59:06,credit_card,success,NONE,657.43,USD,desktop,66,8268
PAY000003279,BKG000003279,73370,2014-07-22 23:41:38,debit_card,success,NONE,193.54,EUR,desktop,3,43171
PAY000003280,BKG000003280,158768,2014-12-15 11:30:18,credit_card,success,NONE,208.45,USD,desktop,66,11321
PAY000003281,BKG000003281,158768,2014-12-15 11:02:18,debit_card,success,NONE,195.57,USD,desktop,66,11321
PAY000003282,BKG000003282,655383,2013-10-22 14:44:51,credit_card,success,NONE,505.84,USD,desktop,205,45120
PAY000003283,BKG000003283,4678,2014-09-22 16:55:49,credit_card,success,NONE,1587.65,USD,desktop,69,23054
PAY000003284,BKG000003284,270098,2013-11-05 10:35:25,credit_card,success,NONE,142.0,USD,desktop,66,8837
PAY000003285,BKG000003285,845957,2013-06-25 00:46:54,paypal,failed,3DS_FAILED,110.42,USD,desktop,66,8278
PAY000003286,BKG000003286,214808,2013-02-15 16:27:17,credit_card,success,NONE,154.2,EUR,desktop,3,8282
PAY000003287,BKG000003287,735033,2014-06-30 18:20:24,debit_card,success,NONE,605.71,GBP,desktop,77,8282
PAY000003288,BKG000003288,614109,2013-03-10 14:36:35,paypal,success,NONE,399.39,USD,desktop,66,14978
PAY000003289,BKG000003289,75249,2014-11-06 22:27:07,credit_card,success,NONE,197.2,USD,desktop,66,24374
PAY000003290,BKG000003290,1038005,2013-03-28 10:40:06,credit_card,failed,CARD_DECLINED,218.71,USD,desktop,66,8219
PAY000003291,BKG000003291,374868,2014-12-04 18:10:59,debit_card,failed,INSUFFICIENT_FUNDS,197.94,USD,desktop,205,1493
PAY000003292,BKG000003292,374062,2014-10-20 15:35:56,credit_card,success,NONE,541.02,USD,desktop,66,8276
PAY000003293,BKG000003293,339490,2014-09-05 19:49:58,credit_card,success,NONE,332.76,USD,desktop,66,12132
PAY000003294,BKG000003294,109008,2014-09-29 12:05:53,apple_pay,success,NONE,173.74,USD,desktop,66,8250
PAY000003295,BKG000003295,271889,2013-04-09 18:45:45,credit_card,failed,PAYMENT_PROVIDER_ERROR,215.67,USD,desktop,205,26538
PAY000003296,BKG000003296,1034162,2013-09-23 11:17:53,credit_card,success,NONE,291.97,USD,desktop,62,8745
PAY000003297,BKG000003297,735988,2014-12-19 17:07:50,debit_card,success,NONE,432.66,USD,desktop,66,8267
PAY000003298,BKG000003298,1061652,2014-07-30 20:35:18,credit_card,success,NONE,424.53,USD,mobile,205,52392
PAY000003299,BKG000003299,992426,2013-06-14 01:18:41,paypal,success,NONE,265.94,GBP,desktop,77,8819
PAY000003300,BKG000003300,803203,2013-06-17 20:34:15,credit_card,success,NONE,580.2,USD,desktop,23,43199
PAY000003301,BKG000003301,1064937,2014-04-30 01:45:36,credit_card,success,NONE,461.69,USD,desktop,0,8268
PAY000003302,BKG000003302,2421,2014-10-28 00:20:08,paypal,success,NONE,706.06,USD,desktop,66,8216
PAY000003303,BKG000003303,443182,2014-09-29 01:32:15,credit_card,success,NONE,318.79,EUR,desktop,194,8220
PAY000003304,BKG000003304,1187010,2013-11-24 22:39:52,apple_pay,success,NONE,568.18,USD,desktop,87,8267
PAY000003305,BKG000003305,224322,2014-04-03 14:02:22,credit_card,success,NONE,770.86,USD,desktop,68,8223
PAY000003306,BKG000003306,1050172,2014-04-26 11:34:52,debit_card,success,NONE,2631.18,USD,desktop,66,8791
PAY000003307,BKG000003307,203404,2014-08-25 22:52:57,debit_card,success,NONE,1255.03,USD,mobile,71,8817
PAY000003308,BKG000003308,1004682,2013-02-13 12:20:36,bank_transfer,success,NONE,788.45,USD,desktop,80,21222
PAY000003309,BKG000003309,206514,2014-02-20 14:55:58,credit_card,success,NONE,480.01,USD,desktop,66,12191
PAY000003310,BKG000003310,949360,2014-02-14 19:09:55,paypal,success,NONE,76.87,USD,mobile,205,26023
PAY000003311,BKG000003311,128594,2014-04-09 15:03:44,credit_card,success,NONE,412.97,USD,desktop,66,12194
PAY000003312,BKG000003312,549479,2014-06-01 17:19:35,bank_transfer,success,NONE,891.91,USD,desktop,66,8273
PAY000003313,BKG000003313,1102243,2014-10-22 12:44:01,credit_card,success,NONE,133.81,USD,desktop,66,8287
PAY000003314,BKG000003314,552858,2013-08-15 19:59:45,credit_card,success,NONE,798.06,USD,desktop,215,12226
PAY000003315,BKG000003315,137615,2014-10-18 10:48:34,apple_pay,success,NONE,636.97,USD,desktop,69,468
PAY000003316,BKG000003316,603963,2014-11-04 01:18:24,google_pay,failed,CARD_DECLINED,119.21,USD,mobile,133,22336
PAY000003317,BKG000003317,49374,2013-10-29 03:22:47,credit_card,failed,CARD_DECLINED,659.58,USD,desktop,205,8216
PAY000003318,BKG000003318,1100574,2013-05-22 04:37:23,credit_card,success,NONE,221.84,USD,mobile,66,12823
PAY000003319,BKG000003319,858941,2014-10-27 13:14:13,apple_pay,success,NONE,214.12,USD,desktop,82,40859
PAY000003320,BKG000003320,335176,2014-03-07 13:32:19,credit_card,success,NONE,259.19,USD,desktop,66,8253
PAY000003321,BKG000003321,155365,2014-10-20 14:00:54,credit_card,success,NONE,2413.15,USD,desktop,66,8791
PAY000003322,BKG000003322,466173,2014-02-03 21:43:00,google_pay,success,NONE,1126.14,EUR,desktop,70,24722
PAY000003323,BKG000003323,1058494,2013-07-13 00:17:51,apple_pay,success,NONE,237.9,USD,desktop,66,8287
PAY000003324,BKG000003324,975557,2013-05-07 13:58:12,bank_transfer,success,NONE,202.92,USD,desktop,188,17886
PAY000003325,BKG000003325,251747,2013-01-19 19:48:18,credit_card,success,NONE,475.17,USD,desktop,69,8808
PAY000003326,BKG000003326,613809,2014-03-27 12:34:59,credit_card,success,NONE,289.83,USD,desktop,205,8216
PAY000003327,BKG000003327,811936,2014-04-04 13:55:12,apple_pay,success,NONE,237.84,USD,desktop,66,12745
PAY000003328,BKG000003328,217675,2014-03-20 23:43:18,credit_card,success,NONE,98.24,USD,mobile,66,24952
PAY000003329,BKG000003329,819406,2013-08-15 13:12:14,credit_card,success,NONE,118.61,USD,desktop,46,21588
PAY000003330,BKG000003330,894834,2014-01-10 14:21:38,credit_card,success,NONE,200.14,USD,desktop,66,8249
PAY000003331,BKG000003331,566326,2013-09-15 08:35:29,apple_pay,success,NONE,268.6,USD,mobile,66,8235
PAY000003332,BKG000003332,283805,2014-07-15 11:11:47,bank_transfer,success,NONE,219.77,USD,desktop,66,13663
PAY000003333,BKG000003333,220452,2014-04-14 11:11:21,debit_card,success,NONE,584.27,USD,desktop,69,23300
PAY000003334,BKG000003334,315156,2014-12-18 02:05:06,bank_transfer,success,NONE,411.36,USD,desktop,66,8791
PAY000003335,BKG000003335,762530,2014-09-18 10:27:24,credit_card,success,NONE,190.55,USD,desktop,66,8218
PAY000003336,BKG000003336,982020,2014-02-15 07:56:46,credit_card,success,NONE,269.07,USD,desktop,66,11929
PAY000003337,BKG000003337,895235,2013-09-03 17:07:57,apple_pay,success,NONE,437.92,USD,desktop,215,8259
PAY000003338,BKG000003338,959621,2014-06-26 11:48:38,bank_transfer,success,NONE,190.93,USD,desktop,66,8252
PAY000003339,BKG000003339,299864,2014-04-02 01:05:17,paypal,success,NONE,460.21,USD,desktop,66,8739
PAY000003340,BKG000003340,169274,2014-07-07 18:54:55,bank_transfer,success,NONE,444.85,USD,desktop,215,8279
PAY000003341,BKG000003341,319816,2014-04-07 12:14:56,paypal,success,NONE,490.19,USD,desktop,66,8260
PAY000003342,BKG000003342,1016309,2014-08-13 13:57:33,apple_pay,success,NONE,503.17,USD,desktop,46,2709
PAY000003343,BKG000003343,974446,2014-12-20 14:37:05,credit_card,success,NONE,266.25,USD,desktop,66,8834
PAY000003344,BKG000003344,958306,2014-07-16 13:46:57,paypal,success,NONE,1443.1,USD,desktop,46,18884
PAY000003345,BKG000003345,952468,2014-10-13 18:33:49,paypal,success,NONE,265.09,USD,desktop,231,12235
PAY000003346,BKG000003346,975756,2014-09-23 16:57:16,debit_card,success,NONE,388.18,USD,desktop,182,8234
PAY000003347,BKG000003347,615759,2014-06-12 19:24:44,credit_card,success,NONE,695.42,USD,desktop,66,8814
PAY000003348,BKG000003348,238015,2013-11-05 20:51:24,debit_card,success,NONE,622.98,USD,desktop,66,8268
PAY000003349,BKG000003349,1182561,2014-05-09 03:08:41,debit_card,success,NONE,3528.14,EUR,desktop,3,20953
PAY000003350,BKG000003350,555201,2014-03-05 21:28:31,debit_card,success,NONE,419.88,USD,desktop,205,1863
PAY000003351,BKG000003351,1048980,2013-07-15 20:51:39,paypal,failed,CARD_DECLINED,590.01,USD,desktop,66,8810
PAY000003352,BKG000003352,1026745,2014-07-10 18:17:43,credit_card,success,NONE,411.86,USD,desktop,68,8281
PAY000003353,BKG000003353,1100828,2014-03-17 20:19:02,paypal,success,NONE,210.08,USD,desktop,66,10220
PAY000003354,BKG000003354,636332,2014-12-04 10:38:06,apple_pay,success,NONE,196.87,USD,desktop,66,15662
PAY000003355,BKG000003355,632206,2014-05-06 13:07:48,debit_card,success,NONE,286.55,USD,desktop,149,468
PAY000003356,BKG000003356,985016,2013-10-22 09:08:39,credit_card,success,NONE,160.61,USD,desktop,66,8244
PAY000003357,BKG000003357,311087,2014-07-29 19:02:22,bank_transfer,failed,CARD_DECLINED,328.72,USD,desktop,66,66
PAY000003358,BKG000003358,862744,2014-09-25 23:23:56,credit_card,success,NONE,299.52,EUR,desktop,3,8862
PAY000003359,BKG000003359,443071,2014-08-20 19:27:46,credit_card,success,NONE,223.44,EUR,desktop,115,25644
PAY000003360,BKG000003360,166454,2014-10-03 06:54:53,google_pay,success,NONE,213.19,USD,desktop,66,8250
PAY000003361,BKG000003361,447662,2014-10-08 18:31:49,paypal,success,NONE,280.69,GBP,desktop,77,23507
PAY000003362,BKG000003362,359699,2013-11-05 23:13:25,debit_card,success,NONE,158.68,USD,desktop,205,22456
PAY000003363,BKG000003363,783973,2014-08-20 16:41:39,credit_card,success,NONE,325.23,USD,desktop,46,20844
PAY000003364,BKG000003364,34914,2013-09-24 08:44:34,credit_card,success,NONE,159.88,USD,desktop,66,28723
PAY000003365,BKG000003365,413445,2013-01-11 14:55:01,bank_transfer,success,NONE,706.32,USD,desktop,66,8281
PAY000003366,BKG000003366,566829,2014-12-13 15:09:25,paypal,success,NONE,676.83,USD,mobile,66,8236
PAY000003367,BKG000003367,889217,2014-04-03 13:31:06,debit_card,failed,3DS_FAILED,200.52,USD,desktop,162,8159
PAY000003368,BKG000003368,1123607,2014-11-18 15:24:15,credit_card,failed,CARD_DECLINED,632.14,USD,desktop,69,2646
PAY000003369,BKG000003369,779543,2013-01-23 16:51:03,credit_card,success,NONE,1065.71,USD,desktop,66,12225
PAY000003370,BKG000003370,877293,2014-12-15 21:06:00,credit_card,success,NONE,236.01,USD,desktop,66,8250
PAY000003371,BKG000003371,358770,2013-06-02 01:47:31,debit_card,success,NONE,168.73,USD,desktop,205,11315
PAY000003372,BKG000003372,28506,2013-09-01 22:42:42,debit_card,success,NONE,255.37,EUR,desktop,70,51689
PAY000003373,BKG000003373,859916,2013-10-22 02:39:55,credit_card,success,NONE,509.42,USD,mobile,66,21648
PAY000003374,BKG000003374,444935,2014-12-09 20:47:50,credit_card,success,NONE,90.87,USD,desktop,1,8799
PAY000003375,BKG000003375,871283,2014-11-11 09:22:46,debit_card,success,NONE,344.42,USD,desktop,69,8090
PAY000003376,BKG000003376,1062587,2014-10-22 09:05:22,google_pay,success,NONE,613.25,USD,desktop,66,29107
PAY000003377,BKG000003377,358926,2014-12-15 10:39:14,bank_transfer,success,NONE,119.29,USD,desktop,66,60473
PAY000003378,BKG000003378,335122,2013-04-01 15:58:47,apple_pay,success,NONE,216.02,USD,desktop,66,560
PAY000003379,BKG000003379,107107,2013-10-06 12:44:08,credit_card,success,NONE,138.23,USD,desktop,205,61297
PAY000003380,BKG000003380,229235,2013-08-26 17:32:03,bank_transfer,success,NONE,449.55,USD,desktop,46,8267
PAY000003381,BKG000003381,1167785,2013-09-06 17:07:50,credit_card,failed,CARD_DECLINED,701.18,GBP,desktop,77,18077
PAY000003382,BKG000003382,775797,2014-06-08 18:54:56,paypal,success,NONE,112.83,USD,desktop,66,35453
PAY000003383,BKG000003383,558606,2014-06-24 02:19:13,credit_card,success,NONE,232.43,USD,desktop,66,12843
PAY000003384,BKG000003384,434154,2014-05-28 16:52:47,credit_card,success,NONE,648.71,USD,desktop,66,18879
PAY000003385,BKG000003385,792910,2014-07-10 14:42:13,credit_card,success,NONE,251.81,USD,desktop,66,44254
PAY000003386,BKG000003386,363911,2014-03-14 14:26:02,credit_card,failed,3DS_FAILED,240.72,USD,desktop,66,8231
PAY000003387,BKG000003387,880768,2014-10-20 17:17:20,credit_card,failed,INSUFFICIENT_FUNDS,355.63,USD,desktop,66,16810
PAY000003388,BKG000003388,336279,2013-12-22 13:09:21,debit_card,success,NONE,136.27,USD,desktop,66,12603
PAY000003389,BKG000003389,889715,2013-07-19 09:44:47,debit_card,success,NONE,138.44,USD,mobile,66,5436
PAY000003390,BKG000003390,1156307,2013-01-08 18:01:51,google_pay,success,NONE,132.29,EUR,desktop,3,8740
PAY000003391,BKG000003391,188279,2014-04-19 14:25:49,google_pay,success,NONE,109.19,USD,desktop,205,21562
PAY000003392,BKG000003392,623054,2013-01-09 13:56:19,bank_transfer,success,NONE,1025.16,USD,desktop,66,19034
PAY000003393,BKG000003393,125376,2013-02-28 20:54:05,bank_transfer,success,NONE,321.91,USD,desktop,66,1691
PAY000003394,BKG000003394,953019,2014-11-25 14:10:24,debit_card,success,NONE,473.75,USD,desktop,66,36157
PAY000003395,BKG000003395,1078686,2013-05-02 23:02:02,debit_card,success,NONE,125.37,USD,desktop,66,8266
PAY000003396,BKG000003396,376981,2013-10-23 04:23:17,paypal,success,NONE,210.41,USD,desktop,46,8788
PAY000003397,BKG000003397,562874,2014-03-28 17:21:01,paypal,success,NONE,218.83,USD,desktop,66,26499
PAY000003398,BKG000003398,1182587,2013-08-08 10:07:25,debit_card,success,NONE,2163.94,USD,desktop,1,8242
PAY000003399,BKG000003399,609633,2014-04-16 11:11:54,credit_card,success,NONE,243.53,USD,desktop,215,8253
PAY000003400,BKG000003400,671182,2014-07-19 17:07:51,paypal,success,NONE,196.29,USD,desktop,205,11620
PAY000003401,BKG000003401,779561,2013-07-18 11:59:45,debit_card,success,NONE,187.05,USD,desktop,66,12483
PAY000003402,BKG000003402,766096,2014-02-17 22:20:33,credit_card,success,NONE,478.85,USD,desktop,66,8277
PAY000003403,BKG000003403,110491,2014-06-26 00:22:07,debit_card,success,NONE,943.62,USD,desktop,66,8810
PAY000003404,BKG000003404,579692,2014-08-06 01:33:40,debit_card,success,NONE,143.61,USD,desktop,66,12010
PAY000003405,BKG000003405,657019,2014-12-23 07:56:45,credit_card,success,NONE,446.11,USD,desktop,66,8223
PAY000003406,BKG000003406,978148,2014-02-13 18:01:14,debit_card,success,NONE,201.06,GBP,desktop,66,23685
PAY000003407,BKG000003407,584871,2013-08-04 12:18:16,credit_card,success,NONE,131.79,USD,desktop,205,12643
PAY000003408,BKG000003408,515819,2014-03-05 12:02:30,credit_card,failed,PAYMENT_PROVIDER_ERROR,175.25,USD,desktop,205,12951
PAY000003409,BKG000003409,1141685,2014-04-21 17:53:28,debit_card,failed,INSUFFICIENT_FUNDS,194.14,USD,desktop,66,5980
PAY000003410,BKG000003410,57155,2013-05-16 00:52:16,paypal,success,NONE,2000.04,USD,desktop,46,8846
PAY000003411,BKG000003411,903835,2014-10-29 13:20:48,google_pay,success,NONE,141.67,USD,desktop,66,11358
PAY000003412,BKG000003412,1010315,2014-12-15 14:35:00,credit_card,success,NONE,258.15,USD,mobile,66,8250
PAY000003413,BKG000003413,689304,2014-11-09 15:05:27,bank_transfer,success,NONE,225.26,USD,desktop,46,21632
PAY000003414,BKG000003414,274565,2014-08-06 06:53:30,paypal,failed,PAYMENT_PROVIDER_ERROR,196.0,USD,desktop,66,12189
PAY000003415,BKG000003415,793341,2014-06-24 17:36:49,paypal,success,NONE,176.81,USD,desktop,63,22104
PAY000003416,BKG000003416,69146,2013-03-31 11:03:57,paypal,failed,3DS_FAILED,171.52,USD,desktop,66,28387
PAY000003417,BKG000003417,1169360,2014-07-23 11:53:56,credit_card,failed,CARD_DECLINED,430.94,GBP,desktop,77,8745
PAY000003418,BKG000003418,633516,2014-10-06 21:50:30,debit_card,success,NONE,495.5,USD,desktop,66,8834
PAY000003419,BKG000003419,135516,2014-07-16 16:55:47,paypal,success,NONE,1523.89,USD,desktop,66,35988
PAY000003420,BKG000003420,788747,2014-02-28 22:46:47,google_pay,success,NONE,439.12,USD,desktop,66,8255
PAY000003421,BKG000003421,396839,2013-07-02 14:13:50,debit_card,success,NONE,355.08,USD,desktop,66,11373
PAY000003422,BKG000003422,656362,2014-12-06 19:17:58,credit_card,success,NONE,258.55,USD,desktop,66,8279
PAY000003423,BKG000003423,145763,2014-06-07 23:45:19,debit_card,success,NONE,143.34,USD,desktop,69,23508
PAY000003424,BKG000003424,351201,2013-08-06 19:59:18,debit_card,success,NONE,213.65,USD,desktop,66,8225
PAY000003425,BKG000003425,798346,2014-09-16 21:07:03,google_pay,success,NONE,845.13,EUR,desktop,3,12556
PAY000003426,BKG000003426,333570,2014-03-05 11:24:20,debit_card,success,NONE,274.47,USD,desktop,63,23479
PAY000003427,BKG000003427,1180982,2014-01-30 11:51:06,credit_card,success,NONE,122.94,USD,desktop,66,11977
PAY000003428,BKG000003428,252104,2014-10-22 11:44:30,apple_pay,success,NONE,378.28,USD,desktop,66,12272
PAY000003429,BKG000003429,914913,2014-12-28 19:55:39,credit_card,success,NONE,376.2,USD,mobile,66,44694
PAY000003430,BKG000003430,186031,2013-11-25 14:28:43,google_pay,success,NONE,662.91,USD,desktop,66,11647
PAY000003431,BKG000003431,39965,2013-07-12 21:59:24,credit_card,success,NONE,537.13,EUR,desktop,202,8819
PAY000003432,BKG000003432,454346,2014-06-23 22:02:08,debit_card,success,NONE,192.02,USD,mobile,66,11569
PAY000003433,BKG000003433,594184,2013-07-17 16:25:04,credit_card,success,NONE,223.84,USD,desktop,179,24946
PAY000003434,BKG000003434,1179726,2013-11-03 19:13:17,google_pay,success,NONE,615.66,EUR,desktop,3,8819
PAY000003435,BKG000003435,1179726,2013-11-03 18:26:17,google_pay,success,NONE,755.4,EUR,desktop,3,8819
PAY000003436,BKG000003436,1082664,2014-09-25 17:14:37,paypal,success,NONE,83.44,USD,desktop,62,52677
PAY000003437,BKG000003437,1009304,2014-03-20 21:40:32,credit_card,success,NONE,93.98,USD,desktop,66,18046
PAY000003438,BKG000003438,1024212,2014-02-23 23:56:16,paypal,success,NONE,206.02,USD,desktop,66,26451
PAY000003439,BKG000003439,1159126,2014-11-10 03:44:06,credit_card,success,NONE,305.53,USD,desktop,66,8287
PAY000003440,BKG000003440,937576,2013-09-25 11:55:12,paypal,success,NONE,165.01,USD,desktop,205,11827
PAY000003441,BKG000003441,309572,2013-06-18 14:33:18,paypal,success,NONE,153.45,USD,desktop,66,8262
PAY000003442,BKG000003442,1013707,2014-07-05 14:35:00,paypal,failed,INSUFFICIENT_FUNDS,193.93,USD,desktop,66,26405
PAY000003443,BKG000003443,652917,2013-09-12 08:02:13,bank_transfer,success,NONE,87.42,USD,desktop,66,12017
PAY000003444,BKG000003444,17345,2014-10-22 19:09:51,credit_card,success,NONE,372.84,USD,desktop,66,12228
PAY000003445,BKG000003445,536348,2013-10-05 06:15:24,credit_card,success,NONE,185.8,USD,desktop,66,12257
PAY000003446,BKG000003446,935833,2014-09-22 09:46:46,paypal,failed,INSUFFICIENT_FUNDS,1108.59,USD,desktop,57,12495
PAY000003447,BKG000003447,383282,2014-05-07 17:54:02,credit_card,success,NONE,421.05,USD,desktop,66,20218
PAY000003448,BKG000003448,1099762,2013-01-07 16:45:06,credit_card,failed,INSUFFICIENT_FUNDS,101.3,USD,mobile,66,12603
PAY000003449,BKG000003449,1024327,2013-02-20 17:36:13,debit_card,success,NONE,409.31,USD,desktop,66,8272
PAY000003450,BKG000003450,1069480,2014-07-09 07:20:09,credit_card,success,NONE,249.08,USD,desktop,66,8219
PAY000003451,BKG000003451,392718,2013-05-31 14:36:14,credit_card,failed,INSUFFICIENT_FUNDS,1769.9,USD,desktop,69,43235
PAY000003452,BKG000003452,1028942,2014-04-07 18:18:27,apple_pay,success,NONE,194.44,USD,desktop,66,12014
PAY000003453,BKG000003453,959395,2013-11-18 16:33:50,apple_pay,success,NONE,146.06,USD,desktop,66,21558
PAY000003454,BKG000003454,462090,2013-10-23 15:42:27,debit_card,success,NONE,876.12,USD,desktop,46,12206
PAY000003455,BKG000003455,736532,2013-04-19 17:30:14,apple_pay,success,NONE,700.2,USD,desktop,46,8797
PAY000003456,BKG000003456,316088,2013-06-08 10:15:46,debit_card,success,NONE,146.12,USD,desktop,205,1840
PAY000003457,BKG000003457,813677,2013-07-12 12:48:42,debit_card,success,NONE,220.93,USD,desktop,205,8798
PAY000003458,BKG000003458,976882,2013-08-09 18:56:26,credit_card,success,NONE,179.19,EUR,desktop,3,1501
PAY000003459,BKG000003459,156678,2014-01-17 17:42:07,credit_card,success,NONE,117.76,USD,desktop,66,23507
PAY000003460,BKG000003460,965637,2014-05-06 18:32:04,google_pay,success,NONE,278.04,USD,desktop,66,348
PAY000003461,BKG000003461,443963,2014-07-15 13:20:22,credit_card,success,NONE,452.7,USD,desktop,1,20561
PAY000003462,BKG000003462,629242,2014-07-06 16:52:41,apple_pay,success,NONE,889.44,USD,mobile,66,8267
PAY000003463,BKG000003463,215752,2013-04-15 18:09:22,apple_pay,success,NONE,187.63,EUR,desktop,3,8278
PAY000003464,BKG000003464,1058171,2013-10-01 22:03:23,debit_card,success,NONE,465.68,USD,desktop,66,8288
PAY000003465,BKG000003465,654260,2014-10-14 17:57:01,credit_card,success,NONE,188.0,USD,desktop,66,8828
PAY000003466,BKG000003466,448937,2014-12-31 12:48:29,debit_card,success,NONE,247.18,USD,desktop,66,50750
PAY000003467,BKG000003467,756219,2014-10-29 10:40:20,debit_card,failed,INSUFFICIENT_FUNDS,140.86,USD,desktop,148,13237
PAY000003468,BKG000003468,140155,2013-03-12 01:33:30,credit_card,success,NONE,257.06,USD,desktop,66,24901
PAY000003469,BKG000003469,71678,2014-04-25 13:36:00,credit_card,success,NONE,801.01,USD,desktop,66,6638
PAY000003470,BKG000003470,735037,2014-01-17 09:59:23,credit_card,success,NONE,883.95,USD,desktop,66,8855
PAY000003471,BKG000003471,93705,2014-02-20 21:31:24,bank_transfer,success,NONE,2603.15,USD,desktop,66,8267
PAY000003472,BKG000003472,769937,2013-01-15 21:04:29,credit_card,success,NONE,338.27,USD,desktop,71,12257
PAY000003473,BKG000003473,409524,2013-02-20 19:54:15,paypal,success,NONE,104.9,USD,desktop,205,8278
PAY000003474,BKG000003474,572381,2014-07-07 14:15:22,debit_card,success,NONE,209.82,USD,desktop,205,12547
PAY000003475,BKG000003475,1145065,2014-01-22 20:16:31,credit_card,success,NONE,142.06,USD,desktop,205,11813
PAY000003476,BKG000003476,283978,2014-12-06 18:21:17,debit_card,success,NONE,591.89,USD,desktop,66,19520
PAY000003477,BKG000003477,1197944,2013-03-29 00:15:33,credit_card,success,NONE,428.67,EUR,desktop,3,8220
PAY000003478,BKG000003478,9127,2014-02-26 15:57:40,credit_card,success,NONE,200.02,USD,desktop,69,23484
PAY000003479,BKG000003479,42233,2013-09-25 12:27:22,debit_card,success,NONE,245.67,USD,desktop,69,26503
PAY000003480,BKG000003480,133194,2014-09-10 12:23:08,debit_card,success,NONE,126.59,USD,desktop,215,22795
PAY000003481,BKG000003481,907221,2014-08-15 23:10:54,bank_transfer,success,NONE,250.98,USD,desktop,66,26444
PAY000003482,BKG000003482,662336,2013-07-12 01:41:46,debit_card,success,NONE,587.41,USD,desktop,66,8250
PAY000003483,BKG000003483,477009,2014-03-16 16:24:00,debit_card,success,NONE,115.44,USD,mobile,66,12453
PAY000003484,BKG000003484,277634,2013-05-27 11:06:18,google_pay,success,NONE,429.28,USD,desktop,205,8259
PAY000003485,BKG000003485,891674,2014-07-14 10:58:05,credit_card,success,NONE,1229.07,USD,desktop,66,669
PAY000003486,BKG000003486,360390,2013-12-20 09:59:23,credit_card,success,NONE,220.57,USD,desktop,66,11821
PAY000003487,BKG000003487,530333,2014-08-20 09:29:10,credit_card,success,NONE,312.1,USD,desktop,205,26023
PAY000003488,BKG000003488,929786,2014-10-29 17:58:19,apple_pay,success,NONE,403.63,USD,desktop,66,12280
PAY000003489,BKG000003489,511831,2014-03-18 18:15:28,bank_transfer,success,NONE,372.37,USD,desktop,66,20254
PAY000003490,BKG000003490,979738,2013-01-22 17:31:04,apple_pay,success,NONE,1167.47,USD,desktop,66,8791
PAY000003491,BKG000003491,1101769,2013-04-02 21:11:34,credit_card,success,NONE,238.96,USD,desktop,1,18046
PAY000003492,BKG000003492,419906,2014-02-01 19:39:27,debit_card,failed,INSUFFICIENT_FUNDS,1746.77,USD,mobile,66,12654
PAY000003493,BKG000003493,87438,2014-07-28 12:53:36,credit_card,success,NONE,219.68,USD,desktop,66,8820
PAY000003494,BKG000003494,1164994,2014-09-15 21:10:22,apple_pay,failed,3DS_FAILED,967.2,USD,desktop,66,8267
PAY000003495,BKG000003495,1069502,2014-06-06 13:46:13,credit_card,success,NONE,210.72,USD,desktop,1,54872
PAY000003496,BKG000003496,1154246,2013-05-28 16:00:57,credit_card,success,NONE,416.84,USD,desktop,66,44252
PAY000003497,BKG000003497,323707,2013-11-06 18:14:36,credit_card,success,NONE,474.28,USD,desktop,69,22556
PAY000003498,BKG000003498,249254,2014-08-12 19:11:50,credit_card,success,NONE,70.0,USD,desktop,66,8806
PAY000003499,BKG000003499,874103,2013-04-28 04:16:00,google_pay,success,NONE,826.02,USD,desktop,133,55208
PAY000003500,BKG000003500,105155,2013-07-24 18:51:33,credit_card,success,NONE,241.46,USD,desktop,205,27530
PAY000003501,BKG000003501,1192274,2013-12-30 22:37:22,apple_pay,success,NONE,743.75,GBP,desktop,77,8819
PAY000003502,BKG000003502,495393,2014-11-29 14:07:52,debit_card,success,NONE,383.84,USD,desktop,66,11835
PAY000003503,BKG000003503,495393,2014-11-29 14:35:52,debit_card,success,NONE,360.74,USD,desktop,66,11835
PAY000003504,BKG000003504,250259,2014-10-03 08:57:25,debit_card,success,NONE,853.88,USD,desktop,66,4417
PAY000003505,BKG000003505,331309,2014-08-13 10:21:56,credit_card,success,NONE,405.3,EUR,desktop,3,21787
PAY000003506,BKG000003506,307991,2014-07-30 07:47:13,debit_card,failed,INSUFFICIENT_FUNDS,555.04,USD,desktop,66,64483
PAY000003507,BKG000003507,811936,2014-02-19 10:43:13,credit_card,success,NONE,264.05,USD,desktop,66,28585
PAY000003508,BKG000003508,297722,2013-06-01 17:23:12,debit_card,success,NONE,229.83,USD,desktop,66,8790
PAY000003509,BKG000003509,588266,2013-08-04 23:20:55,credit_card,success,NONE,382.78,USD,desktop,205,22802
PAY000003510,BKG000003510,1162722,2014-10-11 17:10:49,credit_card,success,NONE,364.02,EUR,desktop,3,8740
PAY000003511,BKG000003511,588288,2014-01-27 12:15:54,apple_pay,success,NONE,726.52,USD,desktop,215,11922
PAY000003512,BKG000003512,394466,2014-04-03 10:01:48,credit_card,success,NONE,1097.94,USD,desktop,205,8279
PAY000003513,BKG000003513,647731,2013-01-11 14:24:16,apple_pay,success,NONE,638.9,USD,desktop,66,11373
PAY000003514,BKG000003514,696009,2014-11-19 20:53:03,apple_pay,success,NONE,86.44,EUR,desktop,3,8220
PAY000003515,BKG000003515,943030,2014-09-15 17:11:58,credit_card,success,NONE,184.54,USD,desktop,205,12971
PAY000003516,BKG000003516,557759,2014-04-10 09:56:47,credit_card,success,NONE,2555.48,USD,mobile,66,12227
PAY000003517,BKG000003517,565386,2014-03-26 00:32:21,paypal,success,NONE,661.68,USD,desktop,129,23679
PAY000003518,BKG000003518,1130691,2014-07-28 20:57:16,credit_card,success,NONE,659.92,USD,desktop,205,7063
PAY000003519,BKG000003519,1023552,2014-06-21 19:44:12,debit_card,success,NONE,430.51,USD,desktop,66,26093
PAY000003520,BKG000003520,1057920,2014-08-24 10:16:02,paypal,failed,INSUFFICIENT_FUNDS,385.36,USD,desktop,66,23541
PAY000003521,BKG000003521,1155308,2014-11-20 17:27:34,debit_card,success,NONE,545.83,EUR,desktop,3,8282
PAY000003522,BKG000003522,462662,2014-08-16 22:29:57,credit_card,failed,3DS_FAILED,280.91,USD,desktop,133,8846
PAY000003523,BKG000003523,800285,2014-07-29 21:09:20,google_pay,success,NONE,216.94,USD,mobile,66,27568
PAY000003524,BKG000003524,750986,2014-09-17 16:56:07,credit_card,failed,CARD_DECLINED,230.84,USD,desktop,66,8834
PAY000003525,BKG000003525,590410,2014-10-07 21:36:34,debit_card,success,NONE,276.86,USD,mobile,66,8268
PAY000003526,BKG000003526,889738,2013-01-07 04:02:27,credit_card,failed,AUTH_TIMEOUT,140.59,USD,desktop,46,8743
PAY000003527,BKG000003527,736171,2014-07-17 10:28:48,paypal,failed,PAYMENT_PROVIDER_ERROR,277.46,USD,desktop,66,8746
PAY000003528,BKG000003528,772748,2014-06-12 05:12:46,credit_card,success,NONE,103.05,USD,desktop,12,8240
PAY000003529,BKG000003529,152717,2013-04-26 12:06:26,debit_card,success,NONE,312.38,USD,desktop,205,8270
PAY000003530,BKG000003530,421464,2013-03-15 13:17:14,credit_card,success,NONE,435.68,USD,desktop,66,34893
PAY000003531,BKG000003531,755422,2013-04-14 20:42:22,debit_card,success,NONE,138.63,USD,desktop,205,8287
PAY000003532,BKG000003532,53437,2014-09-12 15:35:28,google_pay,success,NONE,181.9,USD,desktop,66,12196
PAY000003533,BKG000003533,871831,2013-07-27 18:01:56,credit_card,success,NONE,537.71,USD,desktop,205,14875
PAY000003534,BKG000003534,1182428,2014-11-09 02:17:08,bank_transfer,success,NONE,216.29,USD,desktop,66,11337
PAY000003535,BKG000003535,367018,2013-11-13 14:15:10,credit_card,success,NONE,121.04,USD,desktop,66,11840
PAY000003536,BKG000003536,741583,2013-05-16 19:13:13,bank_transfer,success,NONE,696.96,USD,desktop,66,8746
PAY000003537,BKG000003537,277274,2014-10-31 21:55:12,bank_transfer,success,NONE,408.79,USD,desktop,66,8267
PAY000003538,BKG000003538,1123502,2014-04-14 08:58:58,google_pay,success,NONE,365.44,USD,desktop,133,24427
PAY000003539,BKG000003539,226094,2014-08-25 12:02:43,credit_card,failed,3DS_FAILED,1252.38,USD,desktop,66,56510
PAY000003540,BKG000003540,829982,2014-07-23 15:23:27,debit_card,success,NONE,159.62,USD,desktop,66,8266
PAY000003541,BKG000003541,705129,2014-11-10 09:01:52,debit_card,success,NONE,394.22,USD,desktop,66,11320
PAY000003542,BKG000003542,414240,2014-12-16 09:48:40,debit_card,success,NONE,220.49,USD,desktop,149,53146
PAY000003543,BKG000003543,126553,2013-06-02 09:18:30,credit_card,success,NONE,342.62,USD,desktop,66,26496
PAY000003544,BKG000003544,17869,2013-08-28 21:43:39,paypal,success,NONE,99.55,USD,desktop,66,24124
PAY000003545,BKG000003545,568752,2014-01-30 04:10:32,paypal,success,NONE,406.11,USD,desktop,85,8279
PAY000003546,BKG000003546,698461,2014-11-05 10:22:20,bank_transfer,success,NONE,1470.69,USD,desktop,66,8268
PAY000003547,BKG000003547,673438,2013-04-11 11:16:48,credit_card,success,NONE,128.33,USD,desktop,205,8228
PAY000003548,BKG000003548,196968,2014-12-11 17:12:12,debit_card,success,NONE,252.29,USD,desktop,66,8791
PAY000003549,BKG000003549,866097,2014-11-23 15:50:56,credit_card,success,NONE,156.54,EUR,desktop,3,8288
PAY000003550,BKG000003550,1042494,2014-06-17 17:46:06,credit_card,success,NONE,272.31,USD,mobile,66,12813
PAY000003551,BKG000003551,930362,2013-09-20 21:09:35,paypal,success,NONE,636.02,EUR,desktop,50,8806
PAY000003552,BKG000003552,930362,2013-09-20 19:36:35,credit_card,failed,CARD_DECLINED,350.28,EUR,desktop,50,8806
PAY000003553,BKG000003553,575740,2014-02-05 19:01:49,debit_card,success,NONE,178.46,USD,desktop,167,921
PAY000003554,BKG000003554,12740,2013-12-13 16:24:55,credit_card,success,NONE,372.18,USD,desktop,66,44863
PAY000003555,BKG000003555,817776,2014-07-11 19:37:20,credit_card,success,NONE,446.16,USD,desktop,205,23856
PAY000003556,BKG000003556,666821,2014-09-11 12:39:42,apple_pay,success,NONE,160.2,USD,desktop,66,8837
PAY000003557,BKG000003557,1159286,2013-05-05 17:12:01,debit_card,success,NONE,1102.99,EUR,desktop,3,12834
PAY000003558,BKG000003558,673101,2013-01-23 15:03:50,credit_card,success,NONE,135.83,USD,desktop,230,46323
PAY000003559,BKG000003559,673101,2013-01-23 15:06:50,bank_transfer,success,NONE,163.45,USD,desktop,230,46323
PAY000003560,BKG000003560,861216,2014-04-28 17:32:27,apple_pay,success,NONE,119.81,USD,desktop,66,3276
PAY000003561,BKG000003561,708411,2014-10-18 22:23:11,credit_card,success,NONE,367.05,USD,desktop,66,800
PAY000003562,BKG000003562,31323,2013-12-10 05:06:55,paypal,success,NONE,220.41,USD,desktop,48,8250
PAY000003563,BKG000003563,585608,2013-06-24 16:29:18,credit_card,success,NONE,190.68,USD,desktop,66,29440
PAY000003564,BKG000003564,347590,2013-08-04 09:07:41,credit_card,success,NONE,625.79,USD,desktop,66,8230
PAY000003565,BKG000003565,986267,2014-12-26 20:02:02,credit_card,success,NONE,488.25,USD,desktop,66,8834
PAY000003566,BKG000003566,424737,2013-07-18 18:03:56,credit_card,success,NONE,203.2,USD,desktop,66,3779
PAY000003567,BKG000003567,205543,2014-01-12 20:10:07,bank_transfer,success,NONE,701.17,USD,desktop,66,8230
PAY000003568,BKG000003568,564286,2014-11-18 01:23:54,bank_transfer,success,NONE,623.74,EUR,mobile,194,20112
PAY000003569,BKG000003569,649816,2014-03-14 16:47:22,paypal,success,NONE,1500.44,USD,desktop,66,8824
PAY000003570,BKG000003570,607721,2014-07-07 20:29:53,credit_card,success,NONE,851.17,USD,desktop,66,8250
PAY000003571,BKG000003571,1007626,2013-01-28 18:02:49,bank_transfer,success,NONE,957.89,USD,desktop,205,27183
PAY000003572,BKG000003572,84169,2014-02-09 22:08:58,credit_card,success,NONE,248.4,USD,desktop,205,28702
PAY000003573,BKG000003573,740271,2014-11-27 23:22:07,credit_card,success,NONE,257.44,USD,mobile,66,25669
PAY000003574,BKG000003574,946810,2014-11-04 13:31:11,debit_card,success,NONE,97.43,USD,desktop,66,12010
PAY000003575,BKG000003575,749480,2014-01-16 11:40:54,debit_card,success,NONE,697.89,USD,desktop,66,8267
PAY000003576,BKG000003576,978619,2014-06-11 14:43:43,credit_card,success,NONE,751.55,GBP,desktop,195,8267
PAY000003577,BKG000003577,1165685,2013-12-17 18:52:04,paypal,success,NONE,237.53,USD,desktop,39,48812
PAY000003578,BKG000003578,22245,2013-08-23 12:10:03,google_pay,success,NONE,572.5,USD,desktop,1,8253
PAY000003579,BKG000003579,881527,2014-03-27 08:16:06,paypal,success,NONE,217.75,USD,desktop,205,8279
PAY000003580,BKG000003580,919059,2014-11-24 08:20:23,debit_card,success,NONE,1075.85,USD,desktop,211,8746
PAY000003581,BKG000003581,480318,2013-10-15 15:37:38,apple_pay,success,NONE,584.67,EUR,desktop,3,268
PAY000003582,BKG000003582,281387,2014-07-14 21:38:05,debit_card,success,NONE,495.13,USD,desktop,66,8277
PAY000003583,BKG000003583,673861,2013-10-31 11:22:00,credit_card,success,NONE,315.47,USD,desktop,66,12181
PAY000003584,BKG000003584,224833,2013-05-13 16:55:39,bank_transfer,failed,PAYMENT_PROVIDER_ERROR,280.46,USD,desktop,46,8253
PAY000003585,BKG000003585,1042480,2014-12-10 12:51:22,debit_card,success,NONE,361.47,USD,desktop,55,12247
PAY000003586,BKG000003586,378730,2013-01-26 11:14:07,debit_card,success,NONE,252.07,USD,desktop,66,12669
PAY000003587,BKG000003587,831985,2013-11-05 16:20:33,bank_transfer,success,NONE,179.11,USD,desktop,66,8254
PAY000003588,BKG000003588,793118,2014-06-22 14:22:39,credit_card,success,NONE,97.31,USD,desktop,66,8262
PAY000003589,BKG000003589,727962,2014-11-08 05:19:24,credit_card,success,NONE,123.35,USD,mobile,66,8254
PAY000003590,BKG000003590,116008,2014-08-31 18:20:33,credit_card,success,NONE,408.27,EUR,desktop,167,19489
PAY000003591,BKG000003591,316843,2013-09-04 02:40:10,credit_card,success,NONE,997.73,USD,desktop,231,14846
PAY000003592,BKG000003592,1117664,2014-06-21 06:36:51,credit_card,success,NONE,333.24,USD,desktop,66,6729
PAY000003593,BKG000003593,412927,2014-11-12 17:44:10,paypal,success,NONE,356.96,USD,desktop,66,3913
PAY000003594,BKG000003594,80182,2014-06-26 13:47:23,apple_pay,success,NONE,446.69,USD,desktop,66,50917
PAY000003595,BKG000003595,68068,2014-04-10 10:23:42,credit_card,success,NONE,464.76,USD,desktop,217,22918
PAY000003596,BKG000003596,1068504,2014-03-18 08:08:29,debit_card,success,NONE,162.59,USD,mobile,205,12262
PAY000003597,BKG000003597,149405,2014-07-04 13:29:02,google_pay,success,NONE,784.23,USD,desktop,66,8259
PAY000003598,BKG000003598,508022,2014-01-02 14:40:51,debit_card,success,NONE,1107.84,USD,desktop,205,8791
PAY000003599,BKG000003599,934138,2014-08-04 19:08:51,credit_card,success,NONE,284.8,USD,desktop,80,12389
PAY000003600,BKG000003600,416062,2013-10-29 00:25:17,credit_card,success,NONE,171.42,USD,desktop,167,12682
PAY000003601,BKG000003601,12107,2013-04-07 10:17:35,bank_transfer,success,NONE,140.16,EUR,desktop,70,20225
PAY000003602,BKG000003602,44929,2014-02-18 02:56:22,google_pay,success,NONE,845.28,USD,mobile,215,8791
PAY000003603,BKG000003603,134602,2013-09-19 18:56:46,credit_card,failed,INSUFFICIENT_FUNDS,106.04,USD,desktop,66,8740
PAY000003604,BKG000003604,467549,2014-04-01 23:24:37,credit_card,success,NONE,132.67,USD,desktop,66,12215
PAY000003605,BKG000003605,879998,2014-04-22 13:39:50,paypal,success,NONE,1460.97,USD,desktop,66,8230
PAY000003606,BKG000003606,373877,2014-09-29 00:43:05,paypal,success,NONE,244.46,USD,desktop,93,8254
PAY000003607,BKG000003607,1017877,2014-11-29 20:22:20,google_pay,success,NONE,349.24,USD,desktop,66,64627
PAY000003608,BKG000003608,152725,2013-07-26 14:00:20,google_pay,success,NONE,378.41,USD,desktop,230,8816
PAY000003609,BKG000003609,548964,2014-06-01 09:37:59,credit_card,success,NONE,183.84,USD,desktop,66,12952
PAY000003610,BKG000003610,210699,2014-09-02 18:41:11,google_pay,success,NONE,189.64,EUR,desktop,3,54188
PAY000003611,BKG000003611,280320,2014-09-08 00:24:47,paypal,success,NONE,248.6,USD,desktop,66,11319
PAY000003612,BKG000003612,717294,2013-07-28 11:24:13,bank_transfer,success,NONE,544.1,USD,desktop,205,22456
PAY000003613,BKG000003613,1146365,2013-10-01 13:33:00,debit_card,success,NONE,737.2,USD,desktop,66,506
PAY000003614,BKG000003614,1186961,2014-05-02 12:11:41,credit_card,success,NONE,776.86,EUR,desktop,3,436
PAY000003615,BKG000003615,1022692,2013-07-05 12:58:44,credit_card,success,NONE,722.7,USD,mobile,66,8791
PAY000003616,BKG000003616,322129,2014-08-17 19:13:55,paypal,success,NONE,1390.95,USD,desktop,66,48970
PAY000003617,BKG000003617,831712,2014-07-15 23:35:17,debit_card,success,NONE,361.85,USD,desktop,66,8267
PAY000003618,BKG000003618,201552,2014-12-01 13:36:38,credit_card,success,NONE,381.24,USD,desktop,66,8859
PAY000003619,BKG000003619,319669,2014-11-11 09:30:28,debit_card,success,NONE,194.14,USD,desktop,66,12015
PAY000003620,BKG000003620,114465,2013-08-04 10:20:20,google_pay,success,NONE,239.55,USD,desktop,66,32661
PAY000003621,BKG000003621,346808,2014-06-08 19:56:18,debit_card,success,NONE,482.53,USD,desktop,205,12682
PAY000003622,BKG000003622,20882,2014-06-04 18:31:48,bank_transfer,success,NONE,603.1,USD,desktop,66,19363
PAY000003623,BKG000003623,668060,2014-07-22 16:55:07,credit_card,success,NONE,595.97,USD,desktop,66,8268
PAY000003624,BKG000003624,470109,2014-09-17 23:28:47,google_pay,success,NONE,274.43,USD,desktop,66,27401
PAY000003625,BKG000003625,1198490,2014-09-17 13:53:42,debit_card,success,NONE,142.64,USD,desktop,66,12193
PAY000003626,BKG000003626,795556,2013-05-13 03:12:24,apple_pay,success,NONE,1696.66,USD,desktop,52,11353
PAY000003627,BKG000003627,766157,2013-08-30 08:43:03,google_pay,success,NONE,100.67,USD,desktop,66,25028
PAY000003628,BKG000003628,946976,2014-06-21 18:06:24,credit_card,success,NONE,169.41,USD,mobile,66,12550
PAY000003629,BKG000003629,602738,2014-05-28 15:41:01,paypal,success,NONE,1109.51,USD,desktop,66,13172
PAY000003630,BKG000003630,3878,2014-07-16 13:46:59,apple_pay,failed,CARD_DECLINED,691.26,USD,desktop,66,11998
PAY000003631,BKG000003631,30066,2013-05-10 21:05:46,credit_card,success,NONE,136.4,USD,desktop,205,14808
PAY000003632,BKG000003632,626301,2014-09-10 19:16:19,credit_card,success,NONE,173.26,USD,desktop,66,17907
PAY000003633,BKG000003633,263053,2013-06-11 11:51:59,paypal,failed,CARD_DECLINED,168.42,USD,desktop,66,4211
PAY000003634,BKG000003634,85843,2014-09-08 14:51:04,debit_card,success,NONE,281.56,USD,desktop,66,53940
PAY000003635,BKG000003635,865582,2014-02-03 14:48:49,apple_pay,success,NONE,437.72,USD,desktop,205,8250
PAY000003636,BKG000003636,832376,2013-07-02 19:12:45,apple_pay,success,NONE,132.37,USD,desktop,205,55237
PAY000003637,BKG000003637,516871,2014-10-04 16:29:17,debit_card,success,NONE,132.9,USD,mobile,66,8277
PAY000003638,BKG000003638,362439,2014-11-05 08:47:15,credit_card,success,NONE,70.0,USD,desktop,66,26609
PAY000003639,BKG000003639,672265,2014-12-07 19:02:29,debit_card,success,NONE,579.05,USD,desktop,66,11373
PAY000003640,BKG000003640,794076,2014-03-10 19:03:37,apple_pay,success,NONE,256.41,USD,desktop,66,12682
PAY000003641,BKG000003641,825505,2013-02-24 14:23:03,debit_card,success,NONE,944.85,USD,desktop,66,44201
PAY000003642,BKG000003642,905679,2014-07-15 06:46:34,credit_card,success,NONE,219.77,USD,mobile,66,8253
PAY000003643,BKG000003643,307154,2014-04-08 13:58:47,paypal,success,NONE,150.31,USD,desktop,66,12209
PAY000003644,BKG000003644,1004308,2014-10-27 15:42:28,debit_card,success,NONE,320.24,EUR,desktop,0,8822
PAY000003645,BKG000003645,223135,2014-11-03 18:48:34,google_pay,failed,CARD_DECLINED,133.38,USD,desktop,1,20217
PAY000003646,BKG000003646,1026743,2014-09-25 14:34:26,google_pay,success,NONE,195.99,EUR,desktop,66,468
PAY000003647,BKG000003647,453296,2013-07-23 04:03:38,credit_card,success,NONE,174.32,USD,desktop,66,23405
PAY000003648,BKG000003648,382713,2013-05-16 23:49:28,credit_card,success,NONE,866.7,USD,desktop,66,24897
PAY000003649,BKG000003649,1092813,2013-11-08 18:36:05,paypal,success,NONE,202.44,USD,desktop,66,22114
PAY000003650,BKG000003650,104629,2013-06-12 06:24:35,credit_card,success,NONE,576.07,USD,desktop,231,8267
PAY000003651,BKG000003651,955977,2013-02-22 18:49:10,google_pay,success,NONE,1069.44,USD,mobile,66,8791
PAY000003652,BKG000003652,1093530,2014-12-30 18:24:41,debit_card,success,NONE,145.2,USD,desktop,66,8746
PAY000003653,BKG000003653,477741,2014-08-19 22:07:21,credit_card,success,NONE,205.97,USD,mobile,205,25946
PAY000003654,BKG000003654,1071471,2014-07-17 22:13:48,bank_transfer,success,NONE,274.84,USD,desktop,46,25614
PAY000003655,BKG000003655,794586,2014-11-22 14:22:23,bank_transfer,success,NONE,314.37,USD,desktop,66,8240
PAY000003656,BKG000003656,1175904,2014-09-25 00:34:27,paypal,success,NONE,269.16,USD,desktop,68,8254
PAY000003657,BKG000003657,67238,2014-08-20 11:44:25,apple_pay,success,NONE,210.96,USD,desktop,66,8236
PAY000003658,BKG000003658,1053877,2014-11-21 11:49:23,debit_card,success,NONE,292.3,USD,desktop,66,27155
PAY000003659,BKG000003659,776087,2014-07-13 11:18:49,paypal,success,NONE,220.81,EUR,desktop,66,8278
PAY000003660,BKG000003660,1190855,2014-11-07 14:12:08,debit_card,success,NONE,428.09,USD,desktop,66,19035
PAY000003661,BKG000003661,886157,2013-04-09 10:26:01,bank_transfer,success,NONE,239.43,USD,desktop,66,5980
PAY000003662,BKG000003662,238992,2013-03-20 17:56:09,credit_card,success,NONE,211.59,USD,desktop,205,5950
PAY000003663,BKG000003663,419338,2014-12-20 07:22:52,google_pay,success,NONE,191.55,USD,desktop,66,23394
PAY000003664,BKG000003664,251169,2014-08-18 16:37:45,credit_card,success,NONE,192.89,USD,desktop,205,14875
PAY000003665,BKG000003665,452447,2014-12-19 16:15:46,credit_card,success,NONE,362.35,USD,desktop,66,12270
PAY000003666,BKG000003666,181363,2014-10-27 12:39:41,credit_card,success,NONE,600.79,USD,desktop,66,12823
PAY000003667,BKG000003667,764033,2014-03-20 13:19:43,debit_card,success,NONE,108.1,USD,desktop,66,25697
PAY000003668,BKG000003668,739128,2014-10-15 15:13:02,debit_card,success,NONE,227.71,USD,desktop,66,12239
PAY000003669,BKG000003669,941728,2014-12-29 14:21:45,credit_card,success,NONE,622.83,USD,desktop,66,263
PAY000003670,BKG000003670,557326,2014-10-28 10:42:30,google_pay,success,NONE,140.41,USD,desktop,66,892
PAY000003671,BKG000003671,476774,2013-03-07 00:17:30,bank_transfer,success,NONE,1181.2,USD,desktop,69,12206
PAY000003672,BKG000003672,837400,2014-05-27 22:55:29,paypal,success,NONE,167.33,USD,desktop,66,27783
PAY000003673,BKG000003673,964239,2013-10-16 00:54:16,debit_card,success,NONE,801.05,USD,desktop,1,8253
PAY000003674,BKG000003674,1117761,2013-05-07 15:05:02,bank_transfer,success,NONE,235.05,USD,desktop,66,12792
PAY000003675,BKG000003675,101976,2013-06-26 18:05:31,debit_card,success,NONE,124.9,USD,desktop,66,8253
PAY000003676,BKG000003676,527020,2014-06-30 14:07:04,apple_pay,success,NONE,109.81,USD,desktop,12,8263
PAY000003677,BKG000003677,253925,2014-05-20 21:20:33,credit_card,success,NONE,129.04,USD,desktop,46,8289
PAY000003678,BKG000003678,832105,2014-04-22 07:35:08,apple_pay,success,NONE,216.77,USD,desktop,66,877
PAY000003679,BKG000003679,941253,2014-11-21 23:20:43,paypal,success,NONE,665.83,EUR,desktop,3,39316
PAY000003680,BKG000003680,320649,2014-06-29 13:23:06,credit_card,success,NONE,921.79,USD,mobile,69,468
PAY000003681,BKG000003681,817187,2014-05-16 08:53:41,credit_card,success,NONE,213.3,USD,desktop,231,8213
PAY000003682,BKG000003682,601892,2014-05-23 08:49:54,bank_transfer,success,NONE,1143.97,USD,desktop,39,23480
PAY000003683,BKG000003683,156548,2013-11-18 19:59:26,credit_card,success,NONE,444.9,USD,mobile,66,45327
PAY000003684,BKG000003684,827414,2014-05-08 15:51:22,paypal,success,NONE,240.72,USD,desktop,205,12320
PAY000003685,BKG000003685,315850,2014-11-12 00:16:52,debit_card,failed,CARD_DECLINED,400.12,USD,desktop,66,9147
PAY000003686,BKG000003686,164261,2014-08-11 21:17:36,credit_card,success,NONE,479.64,USD,desktop,66,347
PAY000003687,BKG000003687,570918,2014-12-20 16:35:08,apple_pay,success,NONE,626.2,USD,desktop,66,24374
PAY000003688,BKG000003688,758934,2014-01-03 10:56:40,paypal,success,NONE,618.89,USD,desktop,3,8272
PAY000003689,BKG000003689,74668,2014-11-07 20:59:33,credit_card,success,NONE,204.62,USD,mobile,66,12270
PAY000003690,BKG000003690,63314,2014-08-19 15:02:56,debit_card,success,NONE,1140.01,USD,desktop,66,8219
PAY000003691,BKG000003691,37866,2014-08-05 23:33:52,credit_card,success,NONE,100.95,USD,desktop,66,25963
PAY000003692,BKG000003692,73262,2014-06-08 06:22:48,debit_card,failed,CARD_DECLINED,287.71,USD,desktop,205,295
PAY000003693,BKG000003693,185748,2013-04-07 20:25:18,debit_card,success,NONE,278.36,USD,desktop,66,8742
PAY000003694,BKG000003694,492107,2014-03-16 08:40:10,paypal,failed,CARD_DECLINED,126.05,USD,mobile,205,1842
PAY000003695,BKG000003695,175208,2014-03-04 22:25:29,google_pay,success,NONE,710.44,USD,desktop,66,8824
PAY000003696,BKG000003696,478522,2014-12-20 19:29:11,credit_card,success,NONE,693.59,GBP,desktop,77,43632
PAY000003697,BKG000003697,223371,2014-03-19 16:28:35,paypal,success,NONE,327.93,USD,desktop,66,43204
PAY000003698,BKG000003698,297284,2013-07-20 13:54:34,apple_pay,success,NONE,198.78,USD,desktop,66,8250
PAY000003699,BKG000003699,1046843,2014-08-05 16:20:46,credit_card,success,NONE,166.0,USD,desktop,69,8242
PAY000003700,BKG000003700,255508,2014-06-21 13:56:01,credit_card,success,NONE,859.11,USD,desktop,46,12856
PAY000003701,BKG000003701,965661,2013-04-16 21:18:58,debit_card,success,NONE,233.08,USD,desktop,66,24686
PAY000003702,BKG000003702,817559,2013-03-23 18:19:36,debit_card,success,NONE,344.57,USD,mobile,66,8250
PAY000003703,BKG000003703,320148,2014-09-17 15:04:48,debit_card,success,NONE,214.15,USD,desktop,66,44258
PAY000003704,BKG000003704,380524,2014-11-09 10:52:59,apple_pay,success,NONE,281.63,USD,desktop,66,44258
PAY000003705,BKG000003705,600540,2014-02-03 15:45:06,credit_card,success,NONE,406.79,USD,desktop,46,8267
PAY000003706,BKG000003706,717640,2014-06-11 16:02:58,bank_transfer,success,NONE,216.28,USD,desktop,66,12532
PAY000003707,BKG000003707,864901,2014-10-24 21:30:39,paypal,success,NONE,264.0,USD,desktop,47,8806
PAY000003708,BKG000003708,729874,2014-11-06 15:17:49,debit_card,success,NONE,693.9,EUR,desktop,3,12828
PAY000003709,BKG000003709,1136184,2014-07-28 14:14:20,google_pay,success,NONE,179.92,USD,desktop,66,4415
PAY000003710,BKG000003710,159957,2014-08-04 23:16:49,debit_card,success,NONE,1419.32,USD,desktop,66,27142
PAY000003711,BKG000003711,520687,2014-09-28 23:31:39,debit_card,success,NONE,759.31,USD,desktop,66,8845
PAY000003712,BKG000003712,1119000,2014-10-14 00:58:55,google_pay,success,NONE,243.43,USD,mobile,66,12267
PAY000003713,BKG000003713,435937,2014-06-10 10:07:05,credit_card,success,NONE,742.0,USD,desktop,205,8250
PAY000003714,BKG000003714,980835,2013-03-24 17:34:20,credit_card,success,NONE,176.44,USD,desktop,66,12308
PAY000003715,BKG000003715,456988,2013-05-26 19:29:59,credit_card,success,NONE,526.17,GBP,desktop,77,8250
PAY000003716,BKG000003716,241779,2013-04-08 16:27:30,credit_card,success,NONE,173.82,USD,desktop,69,8234
PAY000003717,BKG000003717,556761,2014-04-10 12:04:29,credit_card,success,NONE,204.18,USD,desktop,205,8228
PAY000003718,BKG000003718,145628,2014-12-16 17:26:17,credit_card,success,NONE,396.4,EUR,desktop,70,1763
PAY000003719,BKG000003719,712756,2014-05-01 21:08:16,bank_transfer,success,NONE,622.81,USD,mobile,66,14875
PAY000003720,BKG000003720,1060280,2014-11-23 00:19:03,credit_card,success,NONE,261.42,USD,desktop,24,41137
PAY000003721,BKG000003721,853822,2014-08-25 20:21:32,credit_card,success,NONE,485.98,USD,desktop,66,64627
PAY000003722,BKG000003722,570956,2014-03-12 18:48:34,google_pay,success,NONE,113.68,USD,desktop,66,8275
PAY000003723,BKG000003723,6081,2013-12-05 21:36:31,apple_pay,success,NONE,671.56,EUR,desktop,3,8819
PAY000003724,BKG000003724,1166586,2013-06-19 21:08:26,credit_card,success,NONE,269.25,USD,desktop,66,34305
PAY000003725,BKG000003725,46662,2014-07-20 12:38:50,google_pay,success,NONE,194.98,USD,desktop,66,23631
PAY000003726,BKG000003726,236487,2014-05-30 00:41:33,credit_card,success,NONE,288.53,USD,desktop,66,8254
PAY000003727,BKG000003727,242126,2014-10-28 09:29:36,apple_pay,success,NONE,129.56,USD,desktop,1,889
PAY000003728,BKG000003728,337690,2014-06-16 06:13:04,bank_transfer,success,NONE,413.59,USD,desktop,12,8215
PAY000003729,BKG000003729,236307,2014-05-28 11:07:55,debit_card,success,NONE,487.66,GBP,desktop,77,8745
PAY000003730,BKG000003730,1015492,2014-07-29 19:55:03,bank_transfer,success,NONE,260.65,USD,desktop,66,23703
PAY000003731,BKG000003731,82717,2014-08-08 13:23:59,debit_card,success,NONE,135.16,USD,desktop,205,12950
PAY000003732,BKG000003732,714145,2013-03-18 14:50:34,apple_pay,success,NONE,327.04,USD,desktop,1,8745
PAY000003733,BKG000003733,391118,2013-03-15 20:31:35,apple_pay,success,NONE,514.13,USD,desktop,66,45017
PAY000003734,BKG000003734,1173495,2014-01-16 13:55:14,credit_card,success,NONE,442.69,GBP,desktop,77,8819
PAY000003735,BKG000003735,532345,2014-03-13 20:31:39,credit_card,success,NONE,591.81,USD,desktop,66,8250
PAY000003736,BKG000003736,421227,2014-11-10 08:56:45,debit_card,success,NONE,329.75,USD,desktop,66,4206
PAY000003737,BKG000003737,12575,2013-05-05 07:39:51,debit_card,success,NONE,404.85,USD,desktop,190,468
PAY000003738,BKG000003738,242667,2014-12-01 01:40:03,credit_card,success,NONE,665.94,GBP,desktop,195,12233
PAY000003739,BKG000003739,173760,2014-06-08 15:44:16,paypal,success,NONE,247.33,USD,desktop,66,3228
PAY000003740,BKG000003740,283422,2014-03-18 16:28:25,credit_card,success,NONE,276.08,USD,desktop,66,8847
PAY000003741,BKG000003741,959722,2013-03-20 15:55:18,google_pay,success,NONE,182.64,USD,desktop,66,51923
PAY000003742,BKG000003742,1010883,2014-04-28 13:14:22,paypal,success,NONE,193.41,USD,desktop,205,23794
PAY000003743,BKG000003743,726478,2014-02-20 12:09:39,paypal,success,NONE,281.89,USD,desktop,66,36255
PAY000003744,BKG000003744,426538,2014-10-19 21:49:28,debit_card,success,NONE,125.03,USD,desktop,205,26864
PAY000003745,BKG000003745,274939,2014-04-15 15:06:27,credit_card,success,NONE,218.72,USD,desktop,66,8264
PAY000003746,BKG000003746,503814,2014-09-19 15:16:36,google_pay,success,NONE,182.28,USD,desktop,66,7211
PAY000003747,BKG000003747,1181755,2014-02-27 17:50:09,debit_card,success,NONE,70.0,USD,desktop,68,8799
PAY000003748,BKG000003748,300385,2014-12-23 00:16:26,debit_card,success,NONE,169.16,USD,desktop,66,11821
PAY000003749,BKG000003749,746488,2014-10-21 11:37:32,apple_pay,success,NONE,117.05,USD,desktop,69,12211
PAY000003750,BKG000003750,65014,2014-08-01 17:45:24,debit_card,success,NONE,1531.87,USD,desktop,205,58068
PAY000003751,BKG000003751,961811,2014-12-30 22:38:47,paypal,success,NONE,1343.19,USD,desktop,66,8824
PAY000003752,BKG000003752,964847,2014-06-11 22:40:13,apple_pay,success,NONE,437.85,USD,desktop,66,27819
PAY000003753,BKG000003753,937537,2014-08-08 11:14:37,credit_card,success,NONE,249.65,USD,desktop,66,60714
PAY000003754,BKG000003754,954728,2014-04-13 22:45:14,google_pay,success,NONE,114.25,USD,desktop,66,4213
PAY000003755,BKG000003755,1184473,2013-10-07 00:14:46,credit_card,success,NONE,194.39,USD,desktop,66,8250
PAY000003756,BKG000003756,760588,2014-10-18 18:15:34,paypal,success,NONE,309.38,USD,desktop,66,28610
PAY000003757,BKG000003757,264254,2014-03-24 17:31:24,apple_pay,success,NONE,110.33,USD,desktop,66,11922
PAY000003758,BKG000003758,483382,2013-03-04 17:24:32,paypal,success,NONE,791.64,USD,mobile,66,24845
PAY000003759,BKG000003759,812815,2014-06-06 18:31:31,credit_card,success,NONE,409.4,USD,desktop,205,23631
PAY000003760,BKG000003760,141488,2014-04-09 13:31:27,credit_card,success,NONE,1095.2,USD,desktop,215,8267
PAY000003761,BKG000003761,772435,2014-06-30 15:34:38,credit_card,success,NONE,163.25,USD,desktop,133,8280
PAY000003762,BKG000003762,584928,2013-09-16 21:57:40,apple_pay,failed,AUTH_TIMEOUT,481.56,USD,desktop,69,8846
PAY000003763,BKG000003763,982267,2014-05-05 17:48:01,credit_card,failed,AUTH_TIMEOUT,649.44,USD,desktop,46,23942
PAY000003764,BKG000003764,721812,2014-06-14 01:32:31,debit_card,success,NONE,682.21,EUR,desktop,3,8279
PAY000003765,BKG000003765,974700,2014-12-04 00:13:18,google_pay,success,NONE,923.51,USD,desktop,66,9600
PAY000003766,BKG000003766,1182053,2014-03-27 18:48:57,credit_card,failed,PAYMENT_PROVIDER_ERROR,427.52,USD,desktop,66,8864
PAY000003767,BKG000003767,798671,2013-08-16 15:25:31,bank_transfer,success,NONE,132.0,USD,desktop,66,12010
PAY000003768,BKG000003768,615066,2014-01-02 11:52:18,credit_card,success,NONE,509.92,USD,desktop,66,59886
PAY000003769,BKG000003769,962078,2014-06-25 21:02:16,debit_card,failed,CARD_DECLINED,211.91,USD,mobile,66,27277
PAY000003770,BKG000003770,809174,2013-06-05 02:29:31,apple_pay,success,NONE,522.52,USD,desktop,66,8250
PAY000003771,BKG000003771,313173,2013-05-03 20:42:12,debit_card,success,NONE,310.23,USD,mobile,69,53949
PAY000003772,BKG000003772,891043,2014-08-21 07:23:28,google_pay,failed,PAYMENT_PROVIDER_ERROR,757.98,USD,desktop,205,8285
PAY000003773,BKG000003773,629646,2013-07-03 18:01:43,credit_card,success,NONE,767.29,USD,desktop,235,8250
PAY000003774,BKG000003774,1141966,2014-12-02 22:16:11,paypal,success,NONE,355.94,USD,desktop,66,23250
PAY000003775,BKG000003775,796507,2013-07-27 00:03:43,credit_card,success,NONE,512.81,USD,desktop,69,25077
PAY000003776,BKG000003776,662966,2014-04-06 17:08:16,credit_card,success,NONE,363.78,USD,desktop,66,45782
PAY000003777,BKG000003777,427001,2013-02-13 11:13:45,credit_card,failed,3DS_FAILED,519.37,USD,desktop,66,9068
PAY000003778,BKG000003778,427253,2013-09-10 20:54:52,apple_pay,success,NONE,240.81,USD,desktop,66,19034
PAY000003779,BKG000003779,362103,2014-06-15 12:46:03,paypal,failed,AUTH_TIMEOUT,127.75,USD,desktop,66,3182
PAY000003780,BKG000003780,9305,2013-07-30 15:35:55,google_pay,success,NONE,87.57,GBP,desktop,195,8257
PAY000003781,BKG000003781,49135,2014-10-04 02:26:45,google_pay,success,NONE,195.72,USD,desktop,66,8220
PAY000003782,BKG000003782,279486,2013-05-30 16:28:07,debit_card,success,NONE,227.14,USD,desktop,66,25061
PAY000003783,BKG000003783,579009,2014-01-05 01:12:16,paypal,success,NONE,167.86,USD,desktop,66,21080
PAY000003784,BKG000003784,11300,2013-04-19 21:25:45,apple_pay,success,NONE,679.41,USD,desktop,69,17657
PAY000003785,BKG000003785,716661,2014-08-22 11:28:00,credit_card,success,NONE,271.28,USD,desktop,205,8254
PAY000003786,BKG000003786,671587,2014-06-03 20:17:56,credit_card,failed,3DS_FAILED,343.2,USD,desktop,66,12206
PAY000003787,BKG000003787,408554,2014-12-30 14:28:17,debit_card,success,NONE,159.83,USD,desktop,66,23704
PAY000003788,BKG000003788,904926,2013-02-06 14:00:52,debit_card,success,NONE,808.06,USD,desktop,66,8250
PAY000003789,BKG000003789,762060,2014-09-03 22:34:01,credit_card,failed,CARD_DECLINED,230.35,USD,mobile,66,44215
PAY000003790,BKG000003790,853958,2013-03-20 11:55:53,bank_transfer,success,NONE,84.51,USD,desktop,66,12266
PAY000003791,BKG000003791,776959,2014-03-06 01:25:30,debit_card,success,NONE,300.47,USD,desktop,231,23076
PAY000003792,BKG000003792,1004144,2013-02-06 15:54:01,paypal,success,NONE,3049.48,USD,mobile,66,3916
PAY000003793,BKG000003793,495363,2014-08-25 16:50:53,credit_card,success,NONE,258.07,USD,desktop,46,8223
PAY000003794,BKG000003794,924999,2014-05-15 20:41:42,google_pay,success,NONE,625.5,USD,desktop,66,8250
PAY000003795,BKG000003795,807587,2014-10-05 09:13:20,debit_card,success,NONE,120.42,USD,mobile,66,8291
PAY000003796,BKG000003796,352264,2013-05-21 18:29:55,bank_transfer,success,NONE,409.78,USD,mobile,66,26035
PAY000003797,BKG000003797,222577,2014-11-07 13:54:24,credit_card,success,NONE,151.45,USD,desktop,66,10369
PAY000003798,BKG000003798,883734,2013-09-30 15:00:42,credit_card,failed,CARD_DECLINED,171.61,USD,desktop,66,12230
PAY000003799,BKG000003799,329490,2014-12-22 17:53:29,google_pay,success,NONE,843.63,USD,mobile,66,12227
PAY000003800,BKG000003800,1123467,2013-08-31 23:26:07,credit_card,success,NONE,507.97,USD,desktop,69,23631
PAY000003801,BKG000003801,1008594,2014-03-24 10:13:47,debit_card,success,NONE,369.38,USD,desktop,66,8237
PAY000003802,BKG000003802,994185,2014-06-28 11:19:53,google_pay,success,NONE,273.19,USD,desktop,66,8802
PAY000003803,BKG000003803,209567,2014-12-09 01:49:07,apple_pay,success,NONE,111.74,EUR,desktop,3,12217
PAY000003804,BKG000003804,598764,2014-03-12 18:19:59,google_pay,success,NONE,382.83,USD,desktop,22,12768
PAY000003805,BKG000003805,87087,2013-01-16 08:22:30,debit_card,success,NONE,221.59,USD,mobile,66,13094
PAY000003806,BKG000003806,902676,2014-12-09 19:58:06,paypal,failed,INSUFFICIENT_FUNDS,122.61,USD,desktop,66,26881
PAY000003807,BKG000003807,816558,2013-04-02 18:22:35,apple_pay,success,NONE,457.86,USD,desktop,69,6451
PAY000003808,BKG000003808,984317,2014-08-26 18:17:15,credit_card,success,NONE,227.76,USD,desktop,66,1391
PAY000003809,BKG000003809,242695,2013-06-03 13:37:15,apple_pay,success,NONE,1448.28,USD,desktop,69,12749
PAY000003810,BKG000003810,1036393,2014-05-19 14:41:47,credit_card,success,NONE,150.0,USD,desktop,66,12412
PAY000003811,BKG000003811,1070436,2013-12-22 00:06:42,bank_transfer,success,NONE,263.82,USD,desktop,66,12654
PAY000003812,BKG000003812,737837,2014-05-06 12:15:27,debit_card,success,NONE,231.45,USD,desktop,66,8214
PAY000003813,BKG000003813,883317,2013-03-14 04:03:30,credit_card,success,NONE,376.03,USD,desktop,66,8254
PAY000003814,BKG000003814,196151,2013-10-21 03:27:19,apple_pay,success,NONE,129.79,USD,mobile,1,8746
PAY000003815,BKG000003815,946299,2013-12-03 02:20:36,paypal,success,NONE,270.38,EUR,desktop,3,512
PAY000003816,BKG000003816,928838,2014-07-31 15:12:39,bank_transfer,success,NONE,225.89,USD,desktop,66,35597
PAY000003817,BKG000003817,9418,2014-05-22 14:27:47,paypal,success,NONE,549.5,USD,desktop,69,8224
PAY000003818,BKG000003818,425378,2013-07-09 13:52:38,debit_card,success,NONE,249.56,USD,desktop,66,8267
PAY000003819,BKG000003819,396465,2013-07-16 04:23:45,debit_card,success,NONE,1092.48,USD,desktop,235,12246
PAY000003820,BKG000003820,1101924,2013-10-11 22:46:15,credit_card,success,NONE,1187.93,USD,mobile,66,45631
PAY000003821,BKG000003821,218066,2013-07-12 16:47:19,paypal,success,NONE,214.47,USD,desktop,66,24374
PAY000003822,BKG000003822,1180698,2013-03-06 12:58:39,apple_pay,success,NONE,538.4,EUR,desktop,229,19940
PAY000003823,BKG000003823,1180698,2013-03-06 11:46:39,apple_pay,success,NONE,535.21,EUR,desktop,229,19940
PAY000003824,BKG000003824,356831,2014-04-10 10:23:17,apple_pay,failed,3DS_FAILED,385.34,USD,desktop,66,12332
PAY000003825,BKG000003825,1080773,2014-12-25 19:40:55,paypal,success,NONE,460.11,USD,mobile,66,8275
PAY000003826,BKG000003826,206827,2013-02-18 22:46:26,debit_card,success,NONE,1289.91,USD,desktop,66,8250
PAY000003827,BKG000003827,466651,2014-11-24 04:39:13,paypal,success,NONE,1762.73,USD,desktop,66,8267
PAY000003828,BKG000003828,1190100,2014-12-07 05:28:13,google_pay,success,NONE,161.28,EUR,desktop,3,19969
PAY000003829,BKG000003829,375518,2014-06-23 09:12:43,google_pay,success,NONE,198.46,USD,desktop,205,25746
PAY000003830,BKG000003830,118207,2013-12-05 12:09:36,bank_transfer,success,NONE,219.6,USD,desktop,66,1031
PAY000003831,BKG000003831,556435,2014-04-17 04:22:39,apple_pay,success,NONE,989.9,USD,desktop,46,20262
PAY000003832,BKG000003832,1124300,2014-09-10 21:25:22,paypal,success,NONE,1552.41,GBP,desktop,77,8819
PAY000003833,BKG000003833,98593,2013-03-04 07:53:24,bank_transfer,success,NONE,261.47,USD,mobile,66,14802
PAY000003834,BKG000003834,524145,2014-11-05 00:41:02,paypal,success,NONE,195.38,USD,desktop,66,12682
PAY000003835,BKG000003835,255437,2013-10-28 22:49:57,credit_card,success,NONE,1102.92,GBP,mobile,195,8849
PAY000003836,BKG000003836,99156,2014-07-05 08:36:57,apple_pay,success,NONE,801.51,USD,desktop,205,17672
PAY000003837,BKG000003837,349186,2014-02-16 02:19:59,google_pay,success,NONE,107.36,USD,desktop,66,25470
PAY000003838,BKG000003838,169311,2014-10-27 08:13:25,google_pay,success,NONE,489.51,USD,desktop,66,53940
PAY000003839,BKG000003839,399279,2014-05-02 00:08:10,debit_card,failed,CARD_DECLINED,224.1,USD,desktop,66,8214
PAY000003840,BKG000003840,772939,2014-08-20 17:03:37,credit_card,success,NONE,159.82,USD,desktop,66,1400
PAY000003841,BKG000003841,242261,2014-10-24 21:26:41,debit_card,success,NONE,387.64,USD,desktop,66,12757
PAY000003842,BKG000003842,94150,2014-09-20 02:14:23,bank_transfer,success,NONE,273.46,USD,desktop,235,8291
PAY000003843,BKG000003843,823178,2014-05-14 00:49:55,credit_card,success,NONE,344.2,EUR,desktop,3,8275
PAY000003844,BKG000003844,522134,2013-03-10 10:29:30,debit_card,success,NONE,458.2,USD,desktop,66,8283
PAY000003845,BKG000003845,947560,2013-10-19 22:00:19,debit_card,success,NONE,247.23,USD,desktop,66,24860
PAY000003846,BKG000003846,596552,2014-02-02 11:20:35,credit_card,success,NONE,511.45,USD,desktop,69,23357
PAY000003847,BKG000003847,803819,2014-06-23 10:28:03,credit_card,success,NONE,201.09,USD,desktop,66,27819
PAY000003848,BKG000003848,368940,2013-06-05 21:41:03,credit_card,failed,CARD_DECLINED,217.32,USD,mobile,69,33520
PAY000003849,BKG000003849,835138,2014-05-07 15:29:26,google_pay,success,NONE,276.64,USD,desktop,66,21451
PAY000003850,BKG000003850,1056656,2014-07-28 01:33:23,credit_card,success,NONE,297.63,USD,desktop,66,12859
PAY000003851,BKG000003851,789399,2013-03-15 22:07:35,credit_card,success,NONE,475.93,USD,desktop,66,375
PAY000003852,BKG000003852,1093010,2014-04-25 14:50:46,debit_card,success,NONE,175.06,USD,mobile,205,4474
PAY000003853,BKG000003853,91509,2014-03-11 15:45:42,apple_pay,success,NONE,189.67,USD,desktop,66,11361
PAY000003854,BKG000003854,1141562,2014-09-03 12:46:36,debit_card,success,NONE,93.62,USD,desktop,205,12010
PAY000003855,BKG000003855,930445,2014-10-10 15:24:31,credit_card,success,NONE,471.96,USD,desktop,179,22648
PAY000003856,BKG000003856,887042,2014-08-07 18:43:04,bank_transfer,success,NONE,324.78,USD,desktop,66,9147
PAY000003857,BKG000003857,1064319,2014-10-14 17:56:08,paypal,success,NONE,165.87,USD,desktop,66,8277
PAY000003858,BKG000003858,76596,2014-10-27 14:12:34,credit_card,success,NONE,408.72,USD,desktop,66,12264
PAY000003859,BKG000003859,76596,2014-10-27 17:11:34,debit_card,success,NONE,453.36,USD,desktop,66,12264
PAY000003860,BKG000003860,698498,2014-12-04 19:32:47,credit_card,success,NONE,670.53,USD,mobile,66,11819
PAY000003861,BKG000003861,53005,2014-02-03 19:49:33,apple_pay,failed,AUTH_TIMEOUT,1026.69,USD,desktop,205,8279
PAY000003862,BKG000003862,655520,2014-11-09 21:29:14,google_pay,failed,CARD_DECLINED,935.69,USD,desktop,3,8819
PAY000003863,BKG000003863,824551,2014-05-15 08:55:31,google_pay,success,NONE,227.32,USD,desktop,66,5043
PAY000003864,BKG000003864,685349,2013-08-26 18:48:26,debit_card,success,NONE,449.04,USD,desktop,66,12669
PAY000003865,BKG000003865,243733,2014-03-20 08:26:28,credit_card,success,NONE,78.57,USD,desktop,205,12218
PAY000003866,BKG000003866,943504,2013-10-20 08:18:20,credit_card,success,NONE,247.94,USD,mobile,66,12273
PAY000003867,BKG000003867,350434,2013-08-07 01:52:23,credit_card,success,NONE,204.09,USD,desktop,231,11815
PAY000003868,BKG000003868,1073147,2013-02-02 15:10:29,debit_card,success,NONE,98.0,USD,desktop,66,9147
PAY000003869,BKG000003869,873896,2014-04-03 18:51:11,credit_card,success,NONE,1171.86,USD,desktop,66,8824
PAY000003870,BKG000003870,1079100,2014-03-22 16:15:30,apple_pay,failed,AUTH_TIMEOUT,229.1,USD,mobile,66,8229
PAY000003871,BKG000003871,605119,2014-03-22 11:11:24,paypal,success,NONE,308.32,USD,desktop,66,14804
PAY000003872,BKG000003872,605119,2014-03-22 14:27:24,debit_card,success,NONE,320.46,USD,desktop,66,14804
PAY000003873,BKG000003873,1123450,2014-11-05 18:17:21,bank_transfer,success,NONE,216.89,USD,desktop,205,26396
PAY000003874,BKG000003874,575762,2014-10-16 22:45:58,credit_card,failed,INSUFFICIENT_FUNDS,213.51,USD,desktop,69,25967
PAY000003875,BKG000003875,543888,2014-07-02 22:45:07,debit_card,success,NONE,205.05,USD,desktop,66,21787
PAY000003876,BKG000003876,401612,2014-08-20 14:19:08,paypal,success,NONE,304.86,USD,desktop,66,8254
PAY000003877,BKG000003877,1080564,2013-02-12 20:25:18,debit_card,success,NONE,288.77,USD,desktop,66,8785
PAY000003878,BKG000003878,1043089,2013-07-07 22:08:31,apple_pay,success,NONE,485.97,USD,desktop,66,3177
PAY000003879,BKG000003879,363737,2014-04-14 19:56:25,bank_transfer,success,NONE,189.25,USD,desktop,66,25592
PAY000003880,BKG000003880,1127058,2014-12-05 21:03:38,debit_card,success,NONE,240.86,USD,desktop,66,8281
PAY000003881,BKG000003881,644183,2014-08-17 21:08:30,credit_card,success,NONE,348.48,USD,desktop,66,8267
PAY000003882,BKG000003882,1002577,2014-04-02 00:08:39,debit_card,success,NONE,219.86,USD,desktop,69,6622
PAY000003883,BKG000003883,506589,2014-02-23 18:50:43,google_pay,success,NONE,225.74,USD,desktop,205,6843
PAY000003884,BKG000003884,430321,2014-12-20 02:00:12,bank_transfer,success,NONE,378.39,EUR,desktop,3,8241
PAY000003885,BKG000003885,760363,2014-10-06 23:22:27,debit_card,success,NONE,213.23,USD,desktop,70,12471
PAY000003886,BKG000003886,35407,2014-03-25 20:29:16,paypal,success,NONE,350.31,USD,desktop,66,8746
PAY000003887,BKG000003887,1142319,2013-05-23 08:14:38,debit_card,success,NONE,156.08,USD,desktop,66,22977
PAY000003888,BKG000003888,956836,2014-04-21 23:28:21,paypal,success,NONE,673.52,USD,desktop,69,8279
PAY000003889,BKG000003889,1166033,2014-11-19 14:36:01,credit_card,success,NONE,928.23,USD,desktop,205,55715
PAY000003890,BKG000003890,849169,2013-07-31 19:12:39,google_pay,success,NONE,1537.34,USD,desktop,66,8278
PAY000003891,BKG000003891,707198,2013-09-12 13:25:23,bank_transfer,success,NONE,180.17,USD,desktop,66,11821
PAY000003892,BKG000003892,1181307,2014-03-18 00:47:36,debit_card,failed,3DS_FAILED,481.64,EUR,desktop,3,1901
PAY000003893,BKG000003893,151050,2014-05-12 18:08:53,credit_card,success,NONE,476.46,USD,desktop,66,874
PAY000003894,BKG000003894,164613,2014-07-22 13:58:10,credit_card,success,NONE,143.16,EUR,mobile,119,20227
PAY000003895,BKG000003895,816812,2013-10-08 00:22:20,credit_card,success,NONE,146.96,USD,desktop,66,12222
PAY000003896,BKG000003896,136639,2013-09-05 10:20:13,credit_card,success,NONE,1152.62,USD,desktop,66,3628
PAY000003897,BKG000003897,1152306,2014-07-22 01:22:31,credit_card,failed,3DS_FAILED,598.25,USD,desktop,66,18811
PAY000003898,BKG000003898,1145404,2014-08-02 12:33:20,debit_card,success,NONE,137.01,USD,desktop,205,25588
PAY000003899,BKG000003899,413951,2014-05-02 11:54:36,apple_pay,success,NONE,272.52,USD,desktop,52,8804
PAY000003900,BKG000003900,358700,2013-07-02 12:34:56,credit_card,success,NONE,231.6,USD,desktop,205,26227
PAY000003901,BKG000003901,1066452,2014-09-13 14:03:40,credit_card,success,NONE,660.04,GBP,desktop,77,8285
PAY000003902,BKG000003902,170457,2014-09-04 22:48:30,bank_transfer,success,NONE,102.22,USD,desktop,66,22240
PAY000003903,BKG000003903,523955,2013-11-21 21:46:10,credit_card,success,NONE,578.0,USD,desktop,66,12175
PAY000003904,BKG000003904,597582,2013-09-21 18:08:17,debit_card,success,NONE,563.17,USD,mobile,205,8791
PAY000003905,BKG000003905,437637,2013-03-21 06:31:34,credit_card,success,NONE,126.91,USD,desktop,66,26954
PAY000003906,BKG000003906,897534,2014-12-07 17:35:55,debit_card,success,NONE,279.34,USD,desktop,66,8834
PAY000003907,BKG000003907,1190107,2013-02-21 05:17:48,debit_card,success,NONE,488.68,EUR,desktop,3,8822
PAY000003908,BKG000003908,169555,2013-06-10 16:09:56,apple_pay,success,NONE,217.95,USD,desktop,205,6210
PAY000003909,BKG000003909,737135,2014-05-12 12:54:45,credit_card,success,NONE,451.93,USD,desktop,215,8278
PAY000003910,BKG000003910,737135,2014-05-12 13:46:45,credit_card,failed,AUTH_TIMEOUT,390.87,USD,desktop,215,8278
PAY000003911,BKG000003911,737135,2014-05-12 14:02:45,credit_card,success,NONE,316.0,USD,desktop,215,8278
PAY000003912,BKG000003912,737135,2014-05-12 11:48:45,paypal,success,NONE,509.36,USD,desktop,215,8278
PAY000003913,BKG000003913,737135,2014-05-12 14:23:45,debit_card,success,NONE,649.14,USD,desktop,215,8278
PAY000003914,BKG000003914,44115,2014-03-27 18:53:15,paypal,success,NONE,955.3,USD,desktop,66,8289
PAY000003915,BKG000003915,756659,2014-11-25 14:05:01,credit_card,success,NONE,138.45,USD,desktop,205,25954
PAY000003916,BKG000003916,1008629,2014-12-18 09:49:13,google_pay,success,NONE,917.8,USD,desktop,205,12207
PAY000003917,BKG000003917,200080,2014-03-05 23:16:20,bank_transfer,success,NONE,440.68,USD,mobile,66,8250
PAY000003918,BKG000003918,1163789,2013-09-06 19:39:59,credit_card,success,NONE,137.79,EUR,desktop,3,8221
PAY000003919,BKG000003919,211425,2014-09-30 10:36:00,debit_card,success,NONE,166.0,USD,desktop,66,25336
PAY000003920,BKG000003920,346817,2013-11-20 11:58:53,credit_card,success,NONE,939.29,USD,desktop,66,5686
PAY000003921,BKG000003921,78643,2014-03-10 11:48:17,credit_card,success,NONE,2037.57,USD,desktop,77,20116
PAY000003922,BKG000003922,959743,2014-09-14 15:06:13,apple_pay,success,NONE,255.32,USD,desktop,66,26491
PAY000003923,BKG000003923,407467,2014-09-27 19:27:55,google_pay,success,NONE,287.73,USD,desktop,66,26794
PAY000003924,BKG000003924,522882,2013-07-02 23:22:27,apple_pay,success,NONE,246.69,USD,desktop,66,14139
PAY000003925,BKG000003925,203341,2014-10-26 13:46:41,credit_card,success,NONE,216.71,USD,desktop,66,41697
PAY000003926,BKG000003926,761997,2014-09-10 17:57:35,debit_card,failed,CARD_DECLINED,253.41,USD,desktop,66,8745
PAY000003927,BKG000003927,1018332,2014-09-25 12:16:18,debit_card,success,NONE,319.41,USD,desktop,66,44197
PAY000003928,BKG000003928,6006,2014-11-28 02:36:54,credit_card,failed,CARD_DECLINED,487.19,EUR,desktop,3,8241
PAY000003929,BKG000003929,1188581,2013-03-05 03:59:40,credit_card,failed,AUTH_TIMEOUT,560.64,EUR,desktop,3,8220
PAY000003930,BKG000003930,505224,2014-12-28 21:35:36,credit_card,failed,CARD_DECLINED,615.2,EUR,desktop,167,18569
PAY000003931,BKG000003931,1111579,2014-03-11 18:16:40,credit_card,success,NONE,133.01,USD,desktop,66,8283
PAY000003932,BKG000003932,738399,2013-08-14 21:25:27,paypal,success,NONE,697.07,USD,desktop,46,8808
PAY000003933,BKG000003933,22051,2014-06-13 17:23:17,paypal,success,NONE,651.09,USD,mobile,66,8281
PAY000003934,BKG000003934,1037679,2014-10-17 17:48:54,paypal,success,NONE,203.69,USD,desktop,1,8480
PAY000003935,BKG000003935,1066448,2014-04-24 16:25:55,credit_card,success,NONE,1959.7,GBP,desktop,77,19566
PAY000003936,BKG000003936,64240,2014-05-18 08:06:57,debit_card,success,NONE,134.12,USD,desktop,66,27671
PAY000003937,BKG000003937,217917,2014-12-03 11:09:42,credit_card,success,NONE,124.93,USD,desktop,63,20863
PAY000003938,BKG000003938,861221,2014-03-16 19:43:36,debit_card,success,NONE,473.93,USD,desktop,66,8252
PAY000003939,BKG000003939,854426,2013-05-07 15:06:31,debit_card,success,NONE,414.64,USD,desktop,66,18721
PAY000003940,BKG000003940,388222,2014-04-06 13:53:06,google_pay,success,NONE,179.58,USD,desktop,66,12453
PAY000003941,BKG000003941,1166373,2013-07-28 23:39:46,apple_pay,success,NONE,446.05,USD,desktop,46,12213
PAY000003942,BKG000003942,347112,2014-11-27 11:22:15,google_pay,success,NONE,292.41,USD,desktop,66,64627
PAY000003943,BKG000003943,739911,2014-10-20 10:12:47,apple_pay,failed,INSUFFICIENT_FUNDS,125.49,USD,desktop,205,40607
PAY000003944,BKG000003944,346910,2014-06-15 12:27:18,credit_card,success,NONE,240.18,USD,desktop,205,8251
PAY000003945,BKG000003945,854678,2014-03-13 21:06:46,paypal,success,NONE,1025.82,USD,mobile,66,8791
PAY000003946,BKG000003946,430644,2014-05-13 06:07:18,credit_card,success,NONE,161.78,USD,mobile,66,26511
PAY000003947,BKG000003947,951247,2013-01-28 17:51:08,debit_card,success,NONE,344.86,USD,desktop,69,41137
PAY000003948,BKG000003948,1015067,2014-10-11 08:16:15,apple_pay,success,NONE,587.67,USD,desktop,188,18788
PAY000003949,BKG000003949,334334,2014-12-12 22:22:33,google_pay,success,NONE,2256.65,USD,desktop,1,8260
PAY000003950,BKG000003950,801786,2014-11-03 01:33:06,bank_transfer,success,NONE,864.97,USD,desktop,66,8791
PAY000003951,BKG000003951,233226,2014-06-27 10:40:58,apple_pay,success,NONE,246.09,USD,desktop,66,8250
PAY000003952,BKG000003952,927065,2013-02-14 18:55:22,debit_card,success,NONE,536.77,USD,desktop,179,11439
PAY000003953,BKG000003953,859780,2014-03-20 13:23:20,debit_card,failed,CARD_DECLINED,172.24,USD,desktop,66,14803
PAY000003954,BKG000003954,876475,2013-06-11 16:38:30,credit_card,success,NONE,150.97,USD,desktop,66,20841
PAY000003955,BKG000003955,340363,2013-01-28 13:47:16,apple_pay,success,NONE,282.29,USD,desktop,69,8255
PAY000003956,BKG000003956,775425,2013-04-01 21:24:51,credit_card,success,NONE,757.87,USD,desktop,205,8822
PAY000003957,BKG000003957,1125209,2014-09-17 15:54:59,paypal,success,NONE,1231.81,USD,desktop,69,21324
PAY000003958,BKG000003958,114273,2014-01-13 00:10:04,debit_card,success,NONE,158.91,USD,desktop,50,12682
PAY000003959,BKG000003959,987147,2014-12-22 21:44:24,paypal,success,NONE,149.41,USD,mobile,66,11647
PAY000003960,BKG000003960,189810,2014-08-19 19:17:22,google_pay,failed,CARD_DECLINED,1340.26,USD,desktop,66,11439
PAY000003961,BKG000003961,275993,2014-09-08 07:56:33,debit_card,success,NONE,174.06,USD,desktop,66,19771
PAY000003962,BKG000003962,557132,2014-07-18 02:42:38,credit_card,success,NONE,308.11,USD,mobile,66,12206
PAY000003963,BKG000003963,304802,2014-07-03 21:48:20,paypal,success,NONE,1104.68,USD,desktop,66,12257
PAY000003964,BKG000003964,247949,2014-08-27 20:40:14,apple_pay,success,NONE,76.15,USD,desktop,66,12603
PAY000003965,BKG000003965,296307,2014-03-16 05:11:56,apple_pay,success,NONE,416.04,USD,desktop,158,12471
PAY000003966,BKG000003966,1142442,2013-03-16 20:57:40,credit_card,success,NONE,183.35,USD,desktop,66,26419
PAY000003967,BKG000003967,859628,2014-07-26 04:02:51,debit_card,success,NONE,120.06,USD,desktop,167,8254
PAY000003968,BKG000003968,1089981,2013-10-17 20:39:26,credit_card,success,NONE,1192.0,USD,mobile,66,8242
PAY000003969,BKG000003969,1089981,2013-10-17 18:44:26,credit_card,success,NONE,798.04,USD,mobile,66,8242
PAY000003970,BKG000003970,250722,2014-04-01 22:32:03,bank_transfer,success,NONE,181.75,USD,desktop,66,8222
PAY000003971,BKG000003971,548851,2014-12-13 16:50:36,credit_card,success,NONE,2639.27,USD,desktop,182,12466
PAY000003972,BKG000003972,975031,2013-12-01 21:28:15,google_pay,success,NONE,113.68,USD,mobile,66,8837
PAY000003973,BKG000003973,187172,2013-09-24 20:28:24,google_pay,success,NONE,369.74,USD,desktop,205,41548
PAY000003974,BKG000003974,984110,2014-03-13 01:39:11,paypal,success,NONE,900.84,USD,desktop,66,8810
PAY000003975,BKG000003975,109838,2014-03-23 11:57:26,bank_transfer,success,NONE,341.62,USD,desktop,205,8287
PAY000003976,BKG000003976,110541,2013-06-07 20:47:09,google_pay,success,NONE,216.0,USD,mobile,66,40806
PAY000003977,BKG000003977,78745,2014-07-24 00:54:34,paypal,success,NONE,717.63,USD,desktop,66,8267
PAY000003978,BKG000003978,933775,2014-12-07 19:39:03,debit_card,success,NONE,410.46,USD,desktop,66,12008
PAY000003979,BKG000003979,846904,2014-04-09 15:02:26,debit_card,failed,3DS_FAILED,1371.02,USD,desktop,66,8268
PAY000003980,BKG000003980,478462,2014-12-28 08:06:07,credit_card,failed,PAYMENT_PROVIDER_ERROR,641.4,USD,desktop,215,8259
PAY000003981,BKG000003981,20589,2013-10-28 20:32:04,bank_transfer,success,NONE,531.15,EUR,desktop,3,8227
PAY000003982,BKG000003982,392533,2014-07-14 10:09:33,credit_card,success,NONE,720.93,USD,desktop,66,8238
PAY000003983,BKG000003983,287086,2013-05-01 21:23:25,credit_card,success,NONE,130.01,USD,desktop,69,1951
PAY000003984,BKG000003984,1116246,2014-07-08 14:47:52,credit_card,success,NONE,676.03,USD,desktop,66,15093
PAY000003985,BKG000003985,958150,2014-07-04 13:55:11,bank_transfer,success,NONE,125.05,USD,desktop,205,26235
PAY000003986,BKG000003986,193769,2014-12-23 23:33:01,credit_card,success,NONE,525.71,USD,desktop,66,8262
PAY000003987,BKG000003987,351885,2014-04-10 20:40:06,credit_card,success,NONE,273.41,USD,desktop,66,19479
PAY000003988,BKG000003988,1159338,2014-05-17 05:16:59,apple_pay,success,NONE,181.46,USD,desktop,95,23631
PAY000003989,BKG000003989,111905,2013-02-04 13:25:46,credit_card,success,NONE,582.82,USD,desktop,66,12194
PAY000003990,BKG000003990,317377,2014-12-06 09:57:04,apple_pay,success,NONE,462.83,USD,desktop,66,12206
PAY000003991,BKG000003991,1037170,2014-10-09 21:56:30,bank_transfer,success,NONE,263.24,GBP,desktop,77,8286
PAY000003992,BKG000003992,113886,2013-02-11 03:32:13,debit_card,success,NONE,696.47,USD,mobile,69,468
PAY000003993,BKG000003993,1058298,2014-10-30 07:44:40,credit_card,success,NONE,2549.21,USD,desktop,66,8252
PAY000003994,BKG000003994,1181479,2014-06-12 15:16:20,debit_card,failed,3DS_FAILED,490.22,USD,desktop,215,8805
PAY000003995,BKG000003995,121833,2013-04-30 02:51:04,google_pay,success,NONE,583.7,USD,desktop,66,8791
PAY000003996,BKG000003996,423028,2014-12-19 21:26:41,debit_card,failed,CARD_DECLINED,3983.1,EUR,desktop,3,22532
PAY000003997,BKG000003997,468493,2014-03-09 19:04:50,paypal,success,NONE,1554.91,USD,desktop,66,8740
PAY000003998,BKG000003998,1170265,2013-04-07 08:53:35,bank_transfer,success,NONE,205.77,USD,mobile,66,24500
PAY000003999,BKG000003999,1191270,2014-11-03 22:57:50,bank_transfer,success,NONE,112.23,USD,desktop,66,3744
PAY000004000,BKG000004000,540560,2014-09-23 02:55:23,debit_card,success,NONE,417.07,USD,mobile,47,21915
PAY000004001,BKG000004001,488400,2014-11-29 22:30:53,google_pay,failed,PAYMENT_PROVIDER_ERROR,289.7,USD,desktop,66,13994
PAY000004002,BKG000004002,419401,2014-07-16 09:27:20,apple_pay,success,NONE,844.43,USD,desktop,66,8230
PAY000004003,BKG000004003,666828,2014-06-08 12:12:39,credit_card,success,NONE,199.77,USD,desktop,66,8250
PAY000004004,BKG000004004,539690,2014-06-02 12:29:25,credit_card,success,NONE,149.29,USD,desktop,66,24404
PAY000004005,BKG000004005,409146,2014-10-31 18:38:28,google_pay,failed,CARD_DECLINED,121.67,USD,desktop,66,4200
PAY000004006,BKG000004006,860553,2013-09-18 22:00:06,apple_pay,success,NONE,231.51,USD,desktop,66,11320
PAY000004007,BKG000004007,1169492,2013-05-16 15:07:05,bank_transfer,success,NONE,1123.58,USD,desktop,66,21645
PAY000004008,BKG000004008,100499,2014-07-23 10:28:41,credit_card,success,NONE,1849.06,USD,desktop,205,12190
PAY000004009,BKG000004009,975563,2013-10-06 22:18:13,credit_card,success,NONE,153.22,EUR,desktop,3,8220
PAY000004010,BKG000004010,418974,2013-08-06 21:39:40,apple_pay,success,NONE,844.71,USD,desktop,3,8747
PAY000004011,BKG000004011,570570,2013-01-27 22:32:37,credit_card,success,NONE,384.3,USD,desktop,66,12548
PAY000004012,BKG000004012,1121543,2014-12-30 22:47:57,apple_pay,success,NONE,976.92,USD,mobile,66,44045
PAY000004013,BKG000004013,194570,2014-12-07 12:14:08,google_pay,success,NONE,699.65,USD,desktop,66,25785
PAY000004014,BKG000004014,1123368,2014-12-24 16:53:24,google_pay,success,NONE,420.55,USD,desktop,66,12206
PAY000004015,BKG000004015,320153,2014-11-05 13:29:47,google_pay,success,NONE,120.86,USD,desktop,80,12210
PAY000004016,BKG000004016,669787,2014-10-30 08:30:47,debit_card,success,NONE,103.08,USD,desktop,66,8291
PAY000004017,BKG000004017,489625,2014-08-07 17:25:11,credit_card,success,NONE,154.2,USD,desktop,66,148
PAY000004018,BKG000004018,103374,2014-11-05 10:14:11,credit_card,success,NONE,789.35,USD,desktop,66,8274
PAY000004019,BKG000004019,481101,2013-10-17 19:15:48,apple_pay,success,NONE,498.3,USD,desktop,66,4474
PAY000004020,BKG000004020,534303,2013-11-15 19:01:51,debit_card,success,NONE,318.63,USD,desktop,66,23693
PAY000004021,BKG000004021,915468,2013-07-12 10:51:33,debit_card,success,NONE,107.72,USD,desktop,66,8235
PAY000004022,BKG000004022,139353,2013-11-12 22:52:26,debit_card,success,NONE,91.35,USD,desktop,205,26414
PAY000004023,BKG000004023,845896,2013-01-17 03:08:54,credit_card,success,NONE,869.68,USD,desktop,66,8279
PAY000004024,BKG000004024,462497,2014-09-08 08:56:57,debit_card,success,NONE,207.33,USD,desktop,66,26045
PAY000004025,BKG000004025,908655,2014-06-28 01:09:59,credit_card,success,NONE,177.24,USD,desktop,218,12535
PAY000004026,BKG000004026,611833,2013-07-23 13:04:21,apple_pay,success,NONE,603.0,USD,desktop,205,26022
PAY000004027,BKG000004027,870741,2013-10-02 12:55:03,bank_transfer,success,NONE,401.6,USD,desktop,66,8235
PAY000004028,BKG000004028,672081,2014-09-08 01:22:37,credit_card,success,NONE,284.42,USD,mobile,69,8740
PAY000004029,BKG000004029,883315,2014-04-25 12:00:49,credit_card,success,NONE,102.43,USD,desktop,66,13237
PAY000004030,BKG000004030,497579,2013-07-12 21:48:01,bank_transfer,success,NONE,177.68,USD,desktop,66,14875
PAY000004031,BKG000004031,239236,2013-06-20 07:04:44,paypal,success,NONE,117.39,USD,desktop,63,21123
PAY000004032,BKG000004032,873069,2014-10-27 16:21:10,credit_card,success,NONE,369.64,USD,desktop,205,25974
PAY000004033,BKG000004033,883421,2014-05-19 18:42:11,credit_card,success,NONE,277.31,USD,mobile,1,60274
PAY000004034,BKG000004034,267329,2014-12-31 16:57:03,credit_card,success,NONE,180.23,USD,desktop,46,1493
PAY000004035,BKG000004035,548323,2014-11-15 22:00:27,apple_pay,success,NONE,84.38,USD,mobile,66,12217
PAY000004036,BKG000004036,666767,2014-09-19 17:21:24,bank_transfer,success,NONE,226.08,USD,desktop,66,8225
PAY000004037,BKG000004037,865053,2013-04-10 14:13:24,paypal,success,NONE,1139.98,USD,desktop,69,8281
PAY000004038,BKG000004038,987168,2013-03-18 08:48:49,debit_card,success,NONE,283.94,USD,desktop,80,8351
PAY000004039,BKG000004039,1012935,2014-02-12 13:25:25,credit_card,success,NONE,703.12,USD,mobile,205,6307
PAY000004040,BKG000004040,1042597,2013-07-12 23:20:31,bank_transfer,success,NONE,1887.15,USD,desktop,52,9927
PAY000004041,BKG000004041,1143151,2013-08-22 04:22:44,credit_card,success,NONE,74.35,USD,desktop,66,12603
PAY000004042,BKG000004042,55529,2014-07-27 12:59:11,paypal,success,NONE,142.26,USD,desktop,66,4565
PAY000004043,BKG000004043,208953,2013-08-16 03:35:20,debit_card,success,NONE,279.07,EUR,desktop,119,6198
PAY000004044,BKG000004044,560127,2014-06-01 10:51:26,debit_card,success,NONE,808.38,USD,mobile,66,8272
PAY000004045,BKG000004045,215199,2013-07-08 22:15:04,credit_card,success,NONE,517.77,USD,desktop,1,20040
PAY000004046,BKG000004046,239806,2013-04-04 22:01:09,debit_card,failed,CARD_DECLINED,480.77,EUR,desktop,70,8819
PAY000004047,BKG000004047,71491,2014-02-04 16:06:59,debit_card,success,NONE,585.65,USD,desktop,66,5052
PAY000004048,BKG000004048,1069086,2014-07-25 12:40:40,credit_card,success,NONE,94.51,USD,desktop,66,16458
PAY000004049,BKG000004049,149749,2013-03-18 11:39:18,credit_card,success,NONE,221.56,USD,desktop,66,12603
PAY000004050,BKG000004050,639305,2013-10-08 19:40:05,apple_pay,success,NONE,469.44,USD,mobile,66,8216
PAY000004051,BKG000004051,978120,2014-11-06 01:00:29,apple_pay,success,NONE,446.25,USD,desktop,69,17886
PAY000004052,BKG000004052,906946,2014-02-11 07:54:21,debit_card,success,NONE,258.95,USD,desktop,63,8257
PAY000004053,BKG000004053,550868,2014-08-31 21:58:38,paypal,success,NONE,249.77,USD,mobile,66,24538
PAY000004054,BKG000004054,863489,2013-06-15 13:13:50,paypal,success,NONE,173.46,USD,desktop,66,24516
PAY000004055,BKG000004055,1066366,2013-07-19 17:08:26,credit_card,success,NONE,440.42,USD,desktop,69,21238
PAY000004056,BKG000004056,441930,2014-03-25 00:52:30,credit_card,success,NONE,406.64,USD,desktop,66,43678
PAY000004057,BKG000004057,313636,2013-06-15 18:44:02,apple_pay,success,NONE,624.58,USD,desktop,149,8837
PAY000004058,BKG000004058,313331,2014-08-29 12:34:57,apple_pay,success,NONE,378.19,USD,desktop,205,40642
PAY000004059,BKG000004059,422194,2014-11-19 17:48:50,debit_card,success,NONE,540.38,USD,desktop,69,21918
PAY000004060,BKG000004060,413140,2014-07-02 12:44:49,credit_card,success,NONE,257.2,USD,desktop,69,8632
PAY000004061,BKG000004061,1177437,2014-07-22 21:12:12,paypal,success,NONE,254.79,USD,desktop,66,3103
PAY000004062,BKG000004062,823533,2014-06-17 21:37:10,credit_card,success,NONE,151.92,USD,desktop,217,12217
PAY000004063,BKG000004063,15289,2014-07-02 18:25:01,paypal,success,NONE,246.98,USD,desktop,66,27703
PAY000004064,BKG000004064,88032,2014-08-08 06:29:43,credit_card,success,NONE,599.19,USD,desktop,66,12191
PAY000004065,BKG000004065,1086670,2014-07-10 17:20:09,debit_card,success,NONE,746.05,USD,desktop,66,12268
PAY000004066,BKG000004066,1193869,2014-09-04 10:26:41,google_pay,success,NONE,1232.97,USD,desktop,69,12184
PAY000004067,BKG000004067,99794,2014-03-21 14:52:53,credit_card,success,NONE,353.21,USD,desktop,66,27504
PAY000004068,BKG000004068,761919,2014-06-22 08:57:09,credit_card,success,NONE,533.11,USD,mobile,66,305
PAY000004069,BKG000004069,97209,2014-09-12 13:18:25,debit_card,success,NONE,1548.11,USD,desktop,66,8816
PAY000004070,BKG000004070,1186199,2014-04-30 14:21:14,apple_pay,success,NONE,214.79,EUR,desktop,23,8817
PAY000004071,BKG000004071,209552,2014-06-15 16:43:40,google_pay,success,NONE,645.59,USD,desktop,66,8229
PAY000004072,BKG000004072,708156,2014-05-25 11:52:43,credit_card,success,NONE,236.68,USD,desktop,19,12821
PAY000004073,BKG000004073,1096375,2013-12-06 11:20:47,credit_card,success,NONE,333.03,USD,desktop,66,26864
PAY000004074,BKG000004074,308908,2014-05-05 07:32:49,paypal,success,NONE,123.77,USD,desktop,66,12402
PAY000004075,BKG000004075,790098,2013-04-05 09:06:47,credit_card,success,NONE,205.94,USD,desktop,80,23048
PAY000004076,BKG000004076,637923,2014-06-28 20:53:43,bank_transfer,success,NONE,196.95,USD,desktop,66,6843
PAY000004077,BKG000004077,1033034,2014-07-30 21:06:04,google_pay,success,NONE,220.07,USD,desktop,205,26242
PAY000004078,BKG000004078,529610,2013-03-12 22:23:01,bank_transfer,success,NONE,728.21,USD,desktop,66,16266
PAY000004079,BKG000004079,643924,2013-04-15 13:12:37,paypal,success,NONE,159.04,USD,desktop,66,427
PAY000004080,BKG000004080,217431,2014-07-09 16:36:41,credit_card,success,NONE,218.43,USD,desktop,66,25127
PAY000004081,BKG000004081,795642,2014-09-11 03:59:35,paypal,success,NONE,392.53,USD,desktop,85,21442
PAY000004082,BKG000004082,1176463,2013-04-07 16:51:20,paypal,success,NONE,144.42,EUR,desktop,3,8785
PAY000004083,BKG000004083,659706,2014-12-12 07:45:35,bank_transfer,success,NONE,550.03,USD,desktop,66,8267
PAY000004084,BKG000004084,485792,2014-04-13 22:51:10,paypal,success,NONE,142.42,USD,desktop,66,8254
PAY000004085,BKG000004085,1100316,2013-12-06 00:30:05,paypal,success,NONE,194.38,USD,desktop,3,30235
PAY000004086,BKG000004086,229083,2014-07-11 19:32:26,google_pay,success,NONE,318.58,USD,desktop,69,8747
PAY000004087,BKG000004087,622982,2013-08-16 16:46:16,bank_transfer,success,NONE,2593.88,USD,desktop,66,8279
PAY000004088,BKG000004088,189999,2014-11-14 00:12:01,credit_card,failed,3DS_FAILED,642.53,USD,desktop,66,8268
PAY000004089,BKG000004089,1074649,2014-12-31 10:46:51,credit_card,success,NONE,466.15,USD,desktop,66,8267
PAY000004090,BKG000004090,493842,2014-11-26 07:29:17,credit_card,success,NONE,181.11,EUR,desktop,3,18569
PAY000004091,BKG000004091,702208,2014-06-22 20:37:19,apple_pay,success,NONE,481.75,USD,mobile,66,8827
PAY000004092,BKG000004092,766313,2014-04-02 13:04:23,credit_card,success,NONE,158.26,USD,desktop,205,26022
PAY000004093,BKG000004093,1116098,2014-08-03 00:58:40,credit_card,success,NONE,564.32,USD,desktop,69,24652
PAY000004094,BKG000004094,1079422,2013-06-06 13:39:52,credit_card,success,NONE,866.21,USD,desktop,66,8236
PAY000004095,BKG000004095,401440,2014-11-05 01:26:33,google_pay,success,NONE,153.08,EUR,desktop,202,47466
PAY000004096,BKG000004096,1076796,2014-12-01 19:19:36,google_pay,success,NONE,214.32,USD,desktop,66,12181
PAY000004097,BKG000004097,361704,2013-06-24 22:35:33,google_pay,success,NONE,305.06,USD,desktop,1,18491
PAY000004098,BKG000004098,698146,2014-10-19 19:05:59,google_pay,success,NONE,232.52,USD,desktop,66,27618
PAY000004099,BKG000004099,726258,2014-05-01 17:51:18,apple_pay,success,NONE,132.0,USD,desktop,66,25470
PAY000004100,BKG000004100,1076770,2013-07-02 13:38:54,bank_transfer,success,NONE,275.42,USD,desktop,66,12836
PAY000004101,BKG000004101,755654,2014-11-10 17:27:54,debit_card,success,NONE,663.16,USD,desktop,157,8745
PAY000004102,BKG000004102,642735,2013-08-30 15:34:35,debit_card,success,NONE,729.61,USD,mobile,66,8279
PAY000004103,BKG000004103,401400,2014-03-24 12:03:48,bank_transfer,success,NONE,497.01,USD,desktop,66,23484
PAY000004104,BKG000004104,448545,2013-12-19 15:48:40,google_pay,success,NONE,472.01,USD,desktop,66,8279
PAY000004105,BKG000004105,1042826,2014-08-01 18:42:28,credit_card,success,NONE,153.73,USD,mobile,66,25734
PAY000004106,BKG000004106,352458,2014-09-22 12:39:48,credit_card,success,NONE,604.16,USD,desktop,66,12194
PAY000004107,BKG000004107,965391,2014-02-11 12:01:18,debit_card,success,NONE,168.08,USD,desktop,1,8803
PAY000004108,BKG000004108,276767,2013-03-31 02:02:18,bank_transfer,success,NONE,274.51,USD,desktop,205,8270
PAY000004109,BKG000004109,58454,2014-03-31 17:48:28,credit_card,success,NONE,100.75,USD,desktop,66,1427
PAY000004110,BKG000004110,354211,2014-12-12 17:43:39,google_pay,success,NONE,236.46,USD,desktop,66,8267
PAY000004111,BKG000004111,341961,2014-09-29 13:15:33,credit_card,success,NONE,228.43,USD,desktop,66,28497
PAY000004112,BKG000004112,659790,2013-06-06 13:15:28,credit_card,success,NONE,130.61,USD,desktop,66,8277
PAY000004113,BKG000004113,1175100,2014-12-24 13:26:15,credit_card,success,NONE,606.68,USD,desktop,66,11982
PAY000004114,BKG000004114,858974,2014-10-26 20:04:51,credit_card,success,NONE,909.67,USD,mobile,66,1536
PAY000004115,BKG000004115,1153891,2013-03-04 21:49:46,credit_card,success,NONE,179.27,EUR,mobile,3,4992
PAY000004116,BKG000004116,579967,2013-02-03 13:36:35,paypal,success,NONE,457.59,USD,desktop,205,11334
PAY000004117,BKG000004117,160727,2013-08-28 11:20:15,credit_card,success,NONE,239.57,USD,desktop,66,8827
PAY000004118,BKG000004118,930132,2014-10-28 11:37:32,paypal,failed,CARD_DECLINED,389.06,USD,desktop,66,18058
PAY000004119,BKG000004119,970807,2014-07-20 17:12:23,credit_card,success,NONE,128.28,USD,desktop,1,21591
PAY000004120,BKG000004120,1051375,2014-08-12 23:27:02,google_pay,success,NONE,1202.09,USD,desktop,66,8268
PAY000004121,BKG000004121,931407,2014-10-07 12:21:49,google_pay,success,NONE,409.13,USD,desktop,66,17915
PAY000004122,BKG000004122,644225,2013-08-27 19:27:05,debit_card,success,NONE,234.29,USD,desktop,66,25967
PAY000004123,BKG000004123,659713,2014-09-08 19:48:44,credit_card,success,NONE,144.13,USD,desktop,85,20525
PAY000004124,BKG000004124,246988,2014-04-16 22:04:43,apple_pay,success,NONE,548.4,USD,desktop,66,8791
PAY000004125,BKG000004125,443443,2014-11-24 12:46:33,debit_card,failed,CARD_DECLINED,257.44,USD,desktop,66,25587
PAY000004126,BKG000004126,576803,2013-03-28 18:29:18,paypal,success,NONE,265.55,USD,mobile,235,11353
PAY000004127,BKG000004127,348596,2013-09-01 18:31:18,debit_card,success,NONE,181.47,USD,desktop,66,11569
PAY000004128,BKG000004128,524711,2014-10-29 15:34:51,credit_card,failed,INSUFFICIENT_FUNDS,731.46,USD,desktop,154,19957
PAY000004129,BKG000004129,661363,2013-04-13 00:29:18,debit_card,success,NONE,214.69,USD,desktop,99,6051
PAY000004130,BKG000004130,404051,2013-09-15 21:22:08,credit_card,success,NONE,801.75,USD,desktop,66,11319
PAY000004131,BKG000004131,844387,2014-09-24 04:29:11,credit_card,success,NONE,797.35,EUR,desktop,3,8822
PAY000004132,BKG000004132,677737,2014-09-11 20:59:40,credit_card,success,NONE,163.88,EUR,desktop,119,5401
PAY000004133,BKG000004133,493371,2014-06-11 14:40:26,debit_card,failed,AUTH_TIMEOUT,705.4,USD,desktop,66,8279
PAY000004134,BKG000004134,437884,2014-11-12 19:23:13,google_pay,success,NONE,142.41,USD,mobile,66,1427
PAY000004135,BKG000004135,888490,2014-05-17 20:12:13,google_pay,success,NONE,223.76,USD,desktop,66,8234
PAY000004136,BKG000004136,91572,2014-08-18 04:24:57,credit_card,success,NONE,191.97,USD,desktop,46,8739
PAY000004137,BKG000004137,1016613,2014-10-26 21:41:46,paypal,success,NONE,154.48,USD,desktop,66,12603
PAY000004138,BKG000004138,112681,2014-09-24 08:34:22,credit_card,success,NONE,373.22,USD,desktop,66,11835
PAY000004139,BKG000004139,267955,2014-11-24 15:54:32,credit_card,failed,INSUFFICIENT_FUNDS,1766.69,USD,desktop,66,8267
PAY000004140,BKG000004140,1006106,2013-06-03 14:29:09,paypal,success,NONE,289.98,USD,desktop,205,26472
PAY000004141,BKG000004141,596151,2014-08-17 19:16:14,credit_card,success,NONE,569.29,USD,desktop,66,8282
PAY000004142,BKG000004142,1054681,2014-10-12 22:06:39,credit_card,failed,INSUFFICIENT_FUNDS,1210.38,GBP,desktop,77,8824
PAY000004143,BKG000004143,1181,2014-09-08 21:41:49,credit_card,success,NONE,333.3,USD,desktop,66,15956
PAY000004144,BKG000004144,527686,2014-12-06 00:15:34,debit_card,failed,PAYMENT_PROVIDER_ERROR,260.26,USD,mobile,50,8220
PAY000004145,BKG000004145,873042,2013-08-13 13:41:01,bank_transfer,success,NONE,235.18,USD,desktop,69,33294
PAY000004146,BKG000004146,595596,2013-09-24 14:58:46,credit_card,success,NONE,432.79,USD,desktop,66,8251
PAY000004147,BKG000004147,617417,2014-07-12 01:13:37,credit_card,failed,CARD_DECLINED,128.31,USD,desktop,1,8215
PAY000004148,BKG000004148,1056122,2013-06-06 12:49:44,google_pay,success,NONE,233.04,USD,desktop,66,25416
PAY000004149,BKG000004149,1157112,2013-12-04 17:38:52,credit_card,success,NONE,1763.22,USD,desktop,66,8250
PAY000004150,BKG000004150,926996,2014-09-04 22:22:12,credit_card,success,NONE,194.6,USD,desktop,66,23678
PAY000004151,BKG000004151,232752,2014-09-18 17:57:59,apple_pay,success,NONE,548.09,EUR,desktop,3,8282
PAY000004152,BKG000004152,296634,2014-10-15 14:48:56,paypal,success,NONE,326.43,USD,mobile,66,25670
PAY000004153,BKG000004153,234968,2014-12-18 12:10:00,credit_card,success,NONE,172.9,USD,desktop,66,26628
PAY000004154,BKG000004154,99524,2013-03-13 00:10:02,debit_card,success,NONE,388.08,USD,mobile,205,12846
PAY000004155,BKG000004155,28810,2014-06-06 07:10:15,credit_card,success,NONE,219.7,USD,desktop,66,24845
PAY000004156,BKG000004156,1049701,2014-11-03 13:13:30,paypal,success,NONE,239.67,USD,desktop,205,12495
PAY000004157,BKG000004157,852077,2014-09-30 14:27:03,debit_card,success,NONE,463.16,USD,desktop,66,50118
PAY000004158,BKG000004158,647708,2013-07-20 21:50:48,debit_card,success,NONE,201.37,USD,desktop,66,8261
PAY000004159,BKG000004159,296887,2014-03-22 15:16:57,credit_card,success,NONE,929.16,USD,desktop,66,12184
PAY000004160,BKG000004160,452286,2014-08-22 10:31:34,debit_card,success,NONE,663.84,USD,desktop,205,8288
PAY000004161,BKG000004161,73704,2013-03-23 17:41:10,apple_pay,success,NONE,136.27,USD,desktop,66,12549
PAY000004162,BKG000004162,147884,2013-04-08 12:47:29,debit_card,success,NONE,335.1,USD,desktop,205,6843
PAY000004163,BKG000004163,1193785,2014-12-20 13:37:27,apple_pay,success,NONE,317.84,GBP,desktop,77,20408
PAY000004164,BKG000004164,383549,2014-10-05 18:13:58,bank_transfer,success,NONE,384.87,USD,desktop,215,8745
PAY000004165,BKG000004165,262185,2013-06-25 08:40:38,credit_card,success,NONE,166.52,USD,mobile,205,25949
PAY000004166,BKG000004166,464212,2014-12-05 04:53:25,bank_transfer,success,NONE,186.13,USD,desktop,93,8245
PAY000004167,BKG000004167,233734,2014-06-06 00:09:37,credit_card,success,NONE,350.98,EUR,desktop,3,8813
PAY000004168,BKG000004168,359446,2013-07-22 08:16:22,bank_transfer,success,NONE,257.45,USD,desktop,205,8291
PAY000004169,BKG000004169,535871,2014-04-27 02:03:28,debit_card,failed,3DS_FAILED,560.2,USD,desktop,66,12206
PAY000004170,BKG000004170,1088588,2013-03-06 16:49:49,bank_transfer,success,NONE,108.42,USD,desktop,66,25471
PAY000004171,BKG000004171,1142430,2013-02-19 09:03:59,credit_card,success,NONE,207.88,USD,desktop,66,7635
PAY000004172,BKG000004172,44273,2014-04-02 12:39:43,credit_card,success,NONE,489.33,USD,mobile,215,1667
PAY000004173,BKG000004173,245350,2013-12-09 12:36:00,apple_pay,success,NONE,89.53,USD,desktop,66,12389
PAY000004174,BKG000004174,63048,2013-04-09 00:31:42,apple_pay,success,NONE,103.18,USD,desktop,66,8249
PAY000004175,BKG000004175,356557,2014-04-02 14:44:50,debit_card,success,NONE,125.23,USD,desktop,66,25750
PAY000004176,BKG000004176,450961,2014-03-24 15:19:05,credit_card,success,NONE,190.98,USD,desktop,66,8230
PAY000004177,BKG000004177,776211,2014-11-03 23:33:39,debit_card,success,NONE,630.46,EUR,desktop,3,8250
PAY000004178,BKG000004178,776211,2014-11-03 23:19:39,paypal,success,NONE,374.79,EUR,desktop,3,8250
PAY000004179,BKG000004179,29870,2013-10-31 22:09:20,credit_card,success,NONE,782.73,USD,desktop,66,22863
PAY000004180,BKG000004180,402497,2014-06-05 00:29:35,credit_card,success,NONE,326.55,USD,mobile,66,8785
PAY000004181,BKG000004181,87077,2014-06-12 10:07:02,bank_transfer,success,NONE,573.32,USD,desktop,66,28499
PAY000004182,BKG000004182,418305,2013-01-13 20:21:49,debit_card,failed,3DS_FAILED,116.4,USD,desktop,66,22806
PAY000004183,BKG000004183,756157,2014-04-22 10:56:21,credit_card,success,NONE,170.2,USD,desktop,66,8250
PAY000004184,BKG000004184,114836,2014-08-04 00:05:13,credit_card,success,NONE,213.51,USD,desktop,66,17202
PAY000004185,BKG000004185,1038806,2014-02-18 12:05:23,credit_card,failed,AUTH_TIMEOUT,266.24,USD,desktop,205,8287
PAY000004186,BKG000004186,44173,2014-12-30 18:14:57,debit_card,failed,INSUFFICIENT_FUNDS,243.64,USD,desktop,19,28070
PAY000004187,BKG000004187,750285,2013-06-16 16:41:07,apple_pay,success,NONE,471.08,USD,desktop,214,8746
PAY000004188,BKG000004188,515120,2014-03-17 15:17:26,google_pay,success,NONE,527.44,USD,desktop,205,8250
PAY000004189,BKG000004189,790269,2014-03-17 20:52:57,credit_card,failed,CARD_DECLINED,145.74,USD,mobile,205,26472
PAY000004190,BKG000004190,305380,2013-11-20 16:08:34,credit_card,success,NONE,298.92,USD,desktop,205,12544
PAY000004191,BKG000004191,452761,2014-11-30 22:47:33,paypal,success,NONE,226.53,USD,mobile,46,53940
PAY000004192,BKG000004192,837581,2014-04-16 10:30:16,bank_transfer,failed,INSUFFICIENT_FUNDS,495.68,USD,desktop,66,8221
PAY000004193,BKG000004193,47394,2013-08-16 10:34:51,credit_card,success,NONE,969.09,USD,desktop,66,8236
PAY000004194,BKG000004194,520415,2014-08-05 02:17:54,debit_card,success,NONE,217.78,USD,desktop,66,22864
PAY000004195,BKG000004195,234530,2013-11-05 12:35:19,credit_card,success,NONE,807.57,USD,desktop,205,268
PAY000004196,BKG000004196,158968,2014-02-27 17:43:35,bank_transfer,success,NONE,255.66,USD,desktop,66,11976
PAY000004197,BKG000004197,317291,2014-08-25 22:19:49,google_pay,failed,3DS_FAILED,168.35,USD,mobile,66,7766
PAY000004198,BKG000004198,83157,2014-09-19 14:24:42,credit_card,success,NONE,392.34,USD,desktop,66,11988
PAY000004199,BKG000004199,928150,2014-01-12 22:16:05,credit_card,success,NONE,328.77,USD,desktop,66,21484
PAY000004200,BKG000004200,1143306,2014-10-07 19:23:54,debit_card,success,NONE,515.87,USD,desktop,66,8824
PAY000004201,BKG000004201,977408,2014-07-24 19:39:42,credit_card,success,NONE,167.63,USD,desktop,66,11320
PAY000004202,BKG000004202,930374,2014-11-17 16:28:23,debit_card,success,NONE,462.62,USD,desktop,66,12756
PAY000004203,BKG000004203,1111812,2014-05-20 08:36:31,apple_pay,success,NONE,193.18,USD,desktop,66,8231
PAY000004204,BKG000004204,755745,2014-11-04 14:57:13,credit_card,success,NONE,406.93,EUR,desktop,3,8253
PAY000004205,BKG000004205,25554,2014-02-18 00:34:27,debit_card,success,NONE,162.88,USD,desktop,205,26419
PAY000004206,BKG000004206,609282,2014-02-20 11:24:45,credit_card,success,NONE,618.38,USD,mobile,66,11439
PAY000004207,BKG000004207,352661,2013-10-11 10:15:45,paypal,success,NONE,526.06,USD,desktop,66,61382
PAY000004208,BKG000004208,1061442,2013-06-05 15:56:48,bank_transfer,success,NONE,158.98,USD,desktop,133,51923
PAY000004209,BKG000004209,541158,2014-10-17 16:41:49,credit_card,success,NONE,940.89,USD,desktop,66,18773
PAY000004210,BKG000004210,41051,2014-07-28 22:25:11,credit_card,success,NONE,392.47,USD,desktop,205,552
PAY000004211,BKG000004211,903146,2014-11-11 07:47:21,google_pay,success,NONE,208.6,USD,desktop,46,8276
PAY000004212,BKG000004212,347249,2014-08-27 19:10:51,paypal,success,NONE,456.89,USD,desktop,66,11621
PAY000004213,BKG000004213,463065,2014-09-23 10:13:30,bank_transfer,success,NONE,423.22,USD,desktop,66,44976
PAY000004214,BKG000004214,675681,2013-08-21 16:34:56,paypal,success,NONE,348.61,USD,desktop,66,723
PAY000004215,BKG000004215,505739,2014-07-09 23:04:34,credit_card,success,NONE,485.03,USD,desktop,205,8811
PAY000004216,BKG000004216,1005038,2014-03-28 19:30:51,credit_card,failed,AUTH_TIMEOUT,181.65,USD,desktop,68,38811
PAY000004217,BKG000004217,994900,2014-07-21 11:33:30,debit_card,success,NONE,1360.43,USD,desktop,205,8281
PAY000004218,BKG000004218,79448,2014-11-23 20:26:26,credit_card,success,NONE,564.4,USD,desktop,66,8267
PAY000004219,BKG000004219,365501,2013-12-18 14:08:51,credit_card,success,NONE,544.01,USD,desktop,66,8824
PAY000004220,BKG000004220,685490,2014-10-02 18:30:52,apple_pay,failed,CARD_DECLINED,423.2,USD,desktop,66,12733
PAY000004221,BKG000004221,947775,2014-09-11 14:00:08,credit_card,success,NONE,331.3,USD,desktop,66,8250
PAY000004222,BKG000004222,235254,2013-07-27 01:38:36,bank_transfer,success,NONE,1653.75,USD,desktop,46,8267
PAY000004223,BKG000004223,98050,2014-06-22 09:31:11,credit_card,success,NONE,440.25,USD,mobile,66,5093
PAY000004224,BKG000004224,721703,2014-04-08 18:57:17,credit_card,success,NONE,466.81,USD,desktop,205,26414
PAY000004225,BKG000004225,823978,2013-12-02 14:00:00,debit_card,success,NONE,344.07,USD,desktop,66,8288
PAY000004226,BKG000004226,699028,2013-04-23 00:34:25,credit_card,success,NONE,236.9,EUR,desktop,3,17884
PAY000004227,BKG000004227,1144817,2013-01-20 10:12:45,apple_pay,success,NONE,227.84,USD,mobile,66,23400
PAY000004228,BKG000004228,898612,2014-09-22 19:52:08,credit_card,success,NONE,402.66,USD,mobile,66,11993
PAY000004229,BKG000004229,711098,2014-11-11 10:05:32,credit_card,success,NONE,286.59,USD,desktop,1,8785
PAY000004230,BKG000004230,29671,2014-06-21 14:49:11,credit_card,success,NONE,379.5,USD,desktop,66,7635
PAY000004231,BKG000004231,600299,2014-04-09 13:41:46,credit_card,success,NONE,199.73,USD,desktop,66,17911
PAY000004232,BKG000004232,1182966,2014-09-06 15:49:49,credit_card,success,NONE,177.36,USD,desktop,66,23395
PAY000004233,BKG000004233,605813,2014-02-13 00:45:25,debit_card,success,NONE,444.09,USD,mobile,66,24374
PAY000004234,BKG000004234,1084040,2014-08-14 11:53:24,credit_card,success,NONE,248.87,USD,desktop,66,11320
PAY000004235,BKG000004235,979156,2014-11-17 06:27:14,paypal,success,NONE,137.76,USD,desktop,66,12934
PAY000004236,BKG000004236,1197378,2013-07-10 13:10:05,credit_card,failed,3DS_FAILED,121.68,USD,desktop,66,26739
PAY000004237,BKG000004237,1179681,2013-02-13 21:52:37,credit_card,success,NONE,247.51,USD,desktop,46,8741
PAY000004238,BKG000004238,1069742,2014-04-21 14:30:57,debit_card,success,NONE,306.51,USD,desktop,28,12314
PAY000004239,BKG000004239,805939,2013-08-19 13:30:25,debit_card,success,NONE,502.38,USD,desktop,66,43678
PAY000004240,BKG000004240,964426,2013-08-01 04:09:08,credit_card,success,NONE,441.91,EUR,desktop,3,669
PAY000004241,BKG000004241,627051,2014-12-26 14:21:13,credit_card,success,NONE,129.28,USD,desktop,66,62962
PAY000004242,BKG000004242,322883,2014-10-20 20:03:10,paypal,success,NONE,1299.72,USD,desktop,205,8810
PAY000004243,BKG000004243,1021414,2013-03-25 04:21:13,paypal,success,NONE,1218.78,USD,desktop,205,8267
PAY000004244,BKG000004244,742273,2013-04-21 13:45:02,debit_card,success,NONE,112.41,USD,desktop,66,12278
PAY000004245,BKG000004245,777840,2014-11-03 16:13:01,debit_card,success,NONE,835.35,USD,desktop,66,8791
PAY000004246,BKG000004246,587459,2013-06-07 16:24:40,credit_card,failed,CARD_DECLINED,485.46,USD,desktop,156,8791
PAY000004247,BKG000004247,717271,2014-02-12 09:19:35,debit_card,success,NONE,318.81,USD,desktop,66,9171
PAY000004248,BKG000004248,672501,2014-08-22 16:27:52,credit_card,failed,CARD_DECLINED,152.69,USD,desktop,46,11569
PAY000004249,BKG000004249,457946,2013-06-25 15:07:10,apple_pay,success,NONE,215.19,USD,desktop,69,8230
PAY000004250,BKG000004250,391742,2014-06-26 13:42:29,paypal,success,NONE,212.68,USD,desktop,66,8244
PAY000004251,BKG000004251,1193813,2013-04-28 12:29:55,debit_card,success,NONE,167.62,EUR,desktop,3,4992
PAY000004252,BKG000004252,213372,2014-11-16 02:56:11,paypal,success,NONE,117.3,EUR,desktop,3,12248
PAY000004253,BKG000004253,902708,2014-08-28 10:01:25,credit_card,success,NONE,130.09,USD,desktop,205,1891
PAY000004254,BKG000004254,1026911,2014-04-02 23:20:36,debit_card,success,NONE,551.08,USD,desktop,66,18633
PAY000004255,BKG000004255,534395,2013-04-26 07:31:28,paypal,success,NONE,155.19,USD,desktop,205,26227
PAY000004256,BKG000004256,474981,2014-05-12 12:28:58,credit_card,success,NONE,147.39,USD,desktop,66,28505
PAY000004257,BKG000004257,493459,2014-04-10 22:52:23,google_pay,success,NONE,130.17,USD,desktop,66,8288
PAY000004258,BKG000004258,1190201,2013-03-31 10:52:04,credit_card,success,NONE,384.53,EUR,desktop,3,20332
PAY000004259,BKG000004259,322596,2014-12-15 12:56:49,debit_card,success,NONE,140.59,USD,desktop,66,1901
PAY000004260,BKG000004260,965364,2013-07-02 16:42:37,debit_card,success,NONE,131.78,USD,desktop,66,27120
PAY000004261,BKG000004261,622719,2013-03-03 09:41:44,credit_card,success,NONE,164.33,EUR,desktop,0,22704
PAY000004262,BKG000004262,325622,2014-09-24 15:00:54,credit_card,success,NONE,153.85,USD,desktop,66,23545
PAY000004263,BKG000004263,81431,2013-09-14 18:58:30,debit_card,success,NONE,150.68,USD,mobile,66,14942
PAY000004264,BKG000004264,1106272,2013-03-19 01:07:57,credit_card,success,NONE,712.5,USD,desktop,66,669
PAY000004265,BKG000004265,821063,2014-01-23 09:38:11,debit_card,success,NONE,150.8,USD,desktop,69,8743
PAY000004266,BKG000004266,102184,2014-05-25 09:56:13,debit_card,success,NONE,301.23,USD,desktop,66,9147
PAY000004267,BKG000004267,90585,2014-04-14 09:32:01,credit_card,success,NONE,261.48,USD,desktop,66,12181
PAY000004268,BKG000004268,1041515,2014-07-02 18:14:41,credit_card,success,NONE,183.26,USD,desktop,63,17590
PAY000004269,BKG000004269,421150,2013-08-11 23:30:09,credit_card,success,NONE,229.71,USD,desktop,62,8224
PAY000004270,BKG000004270,58905,2014-04-22 11:00:10,google_pay,success,NONE,284.74,USD,desktop,66,12010
PAY000004271,BKG000004271,749694,2014-08-23 16:10:02,apple_pay,success,NONE,344.67,EUR,desktop,119,8822
PAY000004272,BKG000004272,167328,2013-11-25 16:24:42,credit_card,success,NONE,318.35,USD,desktop,148,8746
PAY000004273,BKG000004273,65431,2014-09-28 03:31:21,credit_card,success,NONE,231.98,USD,desktop,80,468
PAY000004274,BKG000004274,333162,2014-07-14 16:29:02,credit_card,success,NONE,865.94,USD,desktop,1,8745
PAY000004275,BKG000004275,68139,2014-01-08 03:17:13,credit_card,success,NONE,78.09,USD,desktop,66,12217
PAY000004276,BKG000004276,791927,2014-12-19 11:50:16,debit_card,success,NONE,404.14,USD,desktop,205,172
PAY000004277,BKG000004277,1185620,2013-06-19 20:02:56,debit_card,success,NONE,129.62,GBP,desktop,77,8253
PAY000004278,BKG000004278,739733,2014-07-25 02:23:10,apple_pay,success,NONE,597.3,USD,desktop,69,53920
PAY000004279,BKG000004279,717673,2014-09-19 05:06:41,paypal,success,NONE,296.63,USD,desktop,66,8745
PAY000004280,BKG000004280,717673,2014-09-19 04:59:41,paypal,success,NONE,233.09,USD,desktop,66,8745
PAY000004281,BKG000004281,717673,2014-09-19 06:48:41,credit_card,success,NONE,291.43,USD,desktop,66,8745
PAY000004282,BKG000004282,835807,2014-07-04 14:28:59,credit_card,success,NONE,199.92,EUR,desktop,23,20330
PAY000004283,BKG000004283,44398,2014-04-29 20:34:04,credit_card,success,NONE,196.62,USD,desktop,66,11982
PAY000004284,BKG000004284,914816,2014-06-22 18:21:37,debit_card,success,NONE,265.27,USD,desktop,66,11353
PAY000004285,BKG000004285,796136,2014-04-30 20:38:24,debit_card,success,NONE,238.81,USD,desktop,66,8278
PAY000004286,BKG000004286,509305,2014-10-10 19:24:49,debit_card,success,NONE,730.9,GBP,desktop,77,8253
PAY000004287,BKG000004287,322304,2014-05-12 15:10:29,credit_card,success,NONE,186.85,USD,desktop,48,12866
PAY000004288,BKG000004288,326012,2014-12-28 09:31:27,bank_transfer,success,NONE,861.58,USD,desktop,205,8824
PAY000004289,BKG000004289,432808,2013-04-25 11:37:11,credit_card,success,NONE,176.66,USD,desktop,66,12452
PAY000004290,BKG000004290,470814,2014-10-06 12:39:14,apple_pay,success,NONE,692.26,USD,desktop,66,8223
PAY000004291,BKG000004291,974805,2013-02-16 16:36:41,google_pay,success,NONE,226.96,USD,desktop,205,1829
PAY000004292,BKG000004292,851263,2014-05-17 21:07:17,credit_card,success,NONE,346.0,USD,desktop,205,8740
PAY000004293,BKG000004293,32517,2014-11-07 22:12:32,debit_card,success,NONE,438.87,USD,desktop,1,53271
PAY000004294,BKG000004294,187994,2013-05-19 09:58:27,debit_card,success,NONE,539.24,USD,desktop,66,26414
PAY000004295,BKG000004295,1079958,2013-06-12 15:21:31,debit_card,success,NONE,493.54,USD,desktop,103,8267
PAY000004296,BKG000004296,357286,2014-05-25 16:35:09,credit_card,success,NONE,159.47,USD,desktop,205,23508
PAY000004297,BKG000004297,93638,2014-08-07 13:08:52,paypal,success,NONE,3938.38,EUR,desktop,3,8747
PAY000004298,BKG000004298,833420,2013-03-12 05:54:50,google_pay,success,NONE,296.11,USD,desktop,205,8250
PAY000004299,BKG000004299,756784,2014-04-26 09:26:54,credit_card,success,NONE,233.84,EUR,desktop,3,8221
PAY000004300,BKG000004300,451295,2013-06-14 15:34:20,credit_card,failed,INSUFFICIENT_FUNDS,775.99,EUR,desktop,3,8220
PAY000004301,BKG000004301,451295,2013-06-14 18:58:20,apple_pay,success,NONE,925.74,EUR,desktop,3,8220
PAY000004302,BKG000004302,265906,2014-04-18 16:25:08,debit_card,success,NONE,234.6,USD,desktop,66,11647
PAY000004303,BKG000004303,287810,2014-07-11 16:18:16,credit_card,success,NONE,1455.15,EUR,desktop,3,20332
PAY000004304,BKG000004304,809208,2014-05-09 15:22:22,credit_card,success,NONE,690.22,USD,desktop,205,9171
PAY000004305,BKG000004305,343526,2014-06-02 13:32:52,apple_pay,success,NONE,272.37,USD,desktop,62,42572
PAY000004306,BKG000004306,141839,2014-03-09 12:24:01,paypal,success,NONE,398.68,USD,mobile,66,13443
PAY000004307,BKG000004307,757556,2013-09-07 11:20:58,debit_card,success,NONE,218.04,USD,desktop,66,14881
PAY000004308,BKG000004308,917346,2014-04-29 21:23:24,debit_card,success,NONE,199.16,USD,mobile,66,8218
PAY000004309,BKG000004309,243954,2013-01-12 09:32:18,credit_card,success,NONE,448.07,USD,desktop,66,7635
PAY000004310,BKG000004310,745592,2013-12-09 20:43:13,debit_card,success,NONE,223.36,USD,desktop,23,8818
PAY000004311,BKG000004311,1139975,2013-02-19 19:19:00,google_pay,success,NONE,553.07,USD,desktop,66,8809
PAY000004312,BKG000004312,701208,2014-07-19 22:09:27,google_pay,success,NONE,239.75,USD,desktop,149,46372
PAY000004313,BKG000004313,774144,2014-07-14 21:31:19,credit_card,success,NONE,462.72,EUR,desktop,194,23240
PAY000004314,BKG000004314,441411,2013-10-13 23:12:54,apple_pay,success,NONE,192.75,USD,desktop,0,8052
PAY000004315,BKG000004315,864546,2014-05-16 00:37:00,bank_transfer,success,NONE,647.6,USD,desktop,66,8791
PAY000004316,BKG000004316,766496,2014-04-04 01:36:05,credit_card,success,NONE,134.63,USD,mobile,205,8288
PAY000004317,BKG000004317,1030086,2014-07-01 16:48:37,credit_card,success,NONE,363.45,USD,desktop,66,8230
PAY000004318,BKG000004318,698753,2013-01-20 06:28:41,debit_card,success,NONE,118.7,USD,mobile,188,40642
PAY000004319,BKG000004319,640010,2014-07-22 19:10:45,google_pay,success,NONE,139.76,USD,desktop,66,58405
PAY000004320,BKG000004320,162012,2013-07-26 18:44:14,google_pay,success,NONE,317.47,USD,desktop,66,25817
PAY000004321,BKG000004321,1000281,2014-11-12 04:27:14,paypal,failed,CARD_DECLINED,850.12,USD,desktop,156,12780
PAY000004322,BKG000004322,181808,2014-04-10 00:01:43,paypal,success,NONE,784.84,USD,desktop,215,8277
PAY000004323,BKG000004323,381180,2013-08-24 23:23:40,debit_card,success,NONE,345.67,USD,desktop,66,12602
PAY000004324,BKG000004324,840474,2014-12-17 18:05:51,credit_card,success,NONE,257.72,USD,desktop,66,8279
PAY000004325,BKG000004325,365250,2014-03-31 21:24:23,bank_transfer,success,NONE,134.77,USD,desktop,205,25951
PAY000004326,BKG000004326,593538,2014-10-21 09:10:35,paypal,success,NONE,174.72,USD,desktop,66,12150
PAY000004327,BKG000004327,253108,2013-04-10 14:29:21,credit_card,success,NONE,178.78,GBP,desktop,77,1330
PAY000004328,BKG000004328,215207,2014-12-20 23:30:30,apple_pay,success,NONE,260.23,GBP,desktop,77,20414
PAY000004329,BKG000004329,787411,2014-03-13 06:29:58,apple_pay,success,NONE,671.55,USD,desktop,66,28514
PAY000004330,BKG000004330,417628,2014-12-08 16:09:21,bank_transfer,success,NONE,169.42,USD,mobile,66,12218
PAY000004331,BKG000004331,869763,2014-11-19 18:15:34,paypal,success,NONE,2332.12,USD,desktop,66,8250
PAY000004332,BKG000004332,1104358,2014-10-25 17:49:40,credit_card,success,NONE,164.6,USD,desktop,66,35104
PAY000004333,BKG000004333,664990,2014-06-24 02:21:17,credit_card,success,NONE,850.76,USD,desktop,66,12823
PAY000004334,BKG000004334,479439,2014-09-13 18:18:15,apple_pay,success,NONE,529.76,USD,desktop,133,21078
PAY000004335,BKG000004335,828793,2014-02-09 12:54:19,credit_card,success,NONE,206.08,USD,desktop,66,8809
PAY000004336,BKG000004336,633202,2013-02-07 12:55:41,credit_card,success,NONE,230.0,USD,desktop,205,8857
PAY000004337,BKG000004337,33352,2014-09-17 10:00:38,credit_card,success,NONE,484.85,USD,desktop,19,12227
PAY000004338,BKG000004338,740345,2014-09-22 12:04:42,debit_card,success,NONE,319.72,EUR,desktop,3,23731
PAY000004339,BKG000004339,230221,2013-09-30 15:26:14,credit_card,success,NONE,238.73,GBP,desktop,77,8803
PAY000004340,BKG000004340,1025460,2014-08-07 11:26:59,bank_transfer,success,NONE,612.92,USD,desktop,23,8267
PAY000004341,BKG000004341,742694,2013-12-16 22:09:35,credit_card,success,NONE,384.61,USD,desktop,66,8274
PAY000004342,BKG000004342,878299,2013-06-24 15:53:11,debit_card,failed,INSUFFICIENT_FUNDS,630.24,USD,desktop,66,1391
PAY000004343,BKG000004343,985177,2014-07-18 03:51:55,bank_transfer,success,NONE,317.31,USD,desktop,66,12266
PAY000004344,BKG000004344,130618,2014-06-02 13:30:06,paypal,success,NONE,159.74,USD,desktop,66,12011
PAY000004345,BKG000004345,755139,2014-01-15 14:00:46,credit_card,success,NONE,399.26,USD,desktop,205,8270
PAY000004346,BKG000004346,313373,2014-11-20 18:57:02,credit_card,success,NONE,143.47,USD,desktop,205,24017
PAY000004347,BKG000004347,296684,2013-08-21 19:25:13,debit_card,success,NONE,177.26,USD,desktop,66,4187
PAY000004348,BKG000004348,292114,2013-01-24 12:42:41,debit_card,success,NONE,576.21,USD,desktop,133,8254
PAY000004349,BKG000004349,1090726,2014-04-23 19:25:32,bank_transfer,success,NONE,470.32,USD,desktop,162,33942
PAY000004350,BKG000004350,583757,2014-04-03 14:53:01,credit_card,success,NONE,820.13,USD,desktop,66,8223
PAY000004351,BKG000004351,647964,2014-02-10 12:15:13,credit_card,failed,PAYMENT_PROVIDER_ERROR,115.0,USD,desktop,66,25182
PAY000004352,BKG000004352,200640,2014-11-20 00:07:20,bank_transfer,success,NONE,113.51,USD,desktop,69,23479
PAY000004353,BKG000004353,291392,2013-11-11 00:29:39,paypal,failed,INSUFFICIENT_FUNDS,1133.91,USD,desktop,235,8213
PAY000004354,BKG000004354,537385,2014-04-03 10:27:29,bank_transfer,failed,CARD_DECLINED,210.77,USD,desktop,66,4624
PAY000004355,BKG000004355,558191,2013-09-12 21:16:23,paypal,success,NONE,925.24,USD,desktop,66,8291
PAY000004356,BKG000004356,824483,2014-07-03 13:00:15,credit_card,success,NONE,2912.53,USD,desktop,66,23293
PAY000004357,BKG000004357,255901,2014-09-06 15:51:33,credit_card,success,NONE,429.94,USD,mobile,66,11853
PAY000004358,BKG000004358,864837,2013-11-13 12:13:10,debit_card,success,NONE,148.29,USD,desktop,69,16972
PAY000004359,BKG000004359,264808,2014-11-04 04:51:26,bank_transfer,success,NONE,735.54,USD,desktop,1,2427
PAY000004360,BKG000004360,1131496,2014-08-01 18:11:59,paypal,success,NONE,567.31,USD,desktop,69,45833
PAY000004361,BKG000004361,1064871,2014-02-09 11:18:35,bank_transfer,success,NONE,702.49,USD,desktop,66,8268
PAY000004362,BKG000004362,606724,2014-02-24 23:15:35,credit_card,success,NONE,596.12,USD,desktop,205,8287
PAY000004363,BKG000004363,1129213,2014-07-16 09:11:45,credit_card,success,NONE,181.31,USD,desktop,66,8785
PAY000004364,BKG000004364,371410,2013-05-20 19:23:47,credit_card,success,NONE,397.41,USD,desktop,154,330
PAY000004365,BKG000004365,988758,2014-03-29 16:43:40,debit_card,success,NONE,250.19,USD,desktop,66,7331
PAY000004366,BKG000004366,852039,2014-07-05 09:23:29,debit_card,success,NONE,191.05,USD,desktop,66,8281
PAY000004367,BKG000004367,98898,2014-07-04 06:13:43,google_pay,success,NONE,439.05,USD,mobile,66,8793
PAY000004368,BKG000004368,102644,2014-08-29 09:14:45,credit_card,success,NONE,430.26,USD,desktop,66,44285
PAY000004369,BKG000004369,106216,2013-03-22 12:15:03,debit_card,success,NONE,147.34,USD,desktop,205,8287
PAY000004370,BKG000004370,637629,2014-09-01 12:43:07,credit_card,failed,CARD_DECLINED,285.32,USD,desktop,12,12357
PAY000004371,BKG000004371,70312,2014-04-30 12:24:04,bank_transfer,failed,CARD_DECLINED,132.66,USD,mobile,46,44035
PAY000004372,BKG000004372,81681,2014-03-29 15:00:00,bank_transfer,success,NONE,122.66,USD,desktop,66,9147
PAY000004373,BKG000004373,416769,2014-08-06 16:31:32,google_pay,success,NONE,270.92,USD,desktop,69,20070
PAY000004374,BKG000004374,1022048,2014-07-10 15:52:31,credit_card,success,NONE,454.84,USD,mobile,66,25657
PAY000004375,BKG000004375,1100582,2014-08-07 01:25:01,debit_card,success,NONE,132.16,USD,mobile,66,11620
PAY000004376,BKG000004376,695118,2013-12-25 16:56:21,credit_card,success,NONE,220.95,USD,mobile,133,8785
PAY000004377,BKG000004377,240663,2014-03-03 11:37:29,credit_card,success,NONE,474.21,USD,desktop,66,12227
PAY000004378,BKG000004378,218199,2014-12-15 08:51:15,credit_card,success,NONE,113.24,USD,mobile,12,8813
PAY000004379,BKG000004379,746110,2014-04-12 14:01:21,credit_card,failed,CARD_DECLINED,488.78,EUR,desktop,3,22825
PAY000004380,BKG000004380,236086,2014-11-30 12:43:05,google_pay,success,NONE,199.38,USD,desktop,69,8804
PAY000004381,BKG000004381,1160887,2014-12-28 22:13:44,debit_card,failed,3DS_FAILED,361.64,EUR,desktop,167,735
PAY000004382,BKG000004382,750782,2014-08-30 15:00:23,credit_card,success,NONE,539.56,USD,desktop,66,8279
PAY000004383,BKG000004383,334406,2014-06-25 13:07:33,paypal,success,NONE,562.59,GBP,desktop,77,8789
PAY000004384,BKG000004384,921092,2013-04-01 00:55:01,credit_card,success,NONE,244.15,USD,desktop,66,12175
PAY000004385,BKG000004385,314635,2014-07-04 15:14:49,apple_pay,success,NONE,108.35,USD,desktop,205,8228
PAY000004386,BKG000004386,431748,2014-01-27 07:41:51,paypal,success,NONE,755.26,USD,desktop,66,23686
PAY000004387,BKG000004387,132164,2013-06-10 10:18:01,credit_card,success,NONE,250.5,USD,desktop,60,8234
PAY000004388,BKG000004388,540136,2014-11-28 18:47:05,credit_card,failed,3DS_FAILED,88.59,USD,desktop,133,23507
PAY000004389,BKG000004389,601189,2014-08-08 13:10:35,credit_card,success,NONE,237.4,USD,desktop,66,28620
PAY000004390,BKG000004390,663450,2013-11-03 17:21:19,apple_pay,success,NONE,258.19,USD,desktop,63,22535
PAY000004391,BKG000004391,1046664,2014-03-10 18:22:27,debit_card,success,NONE,1984.82,USD,desktop,133,8267
PAY000004392,BKG000004392,875846,2014-04-04 23:12:56,paypal,success,NONE,162.75,USD,desktop,66,24492
PAY000004393,BKG000004393,295969,2014-11-27 12:07:58,google_pay,success,NONE,779.57,USD,desktop,46,51340
PAY000004394,BKG000004394,445796,2014-11-30 21:16:19,bank_transfer,success,NONE,504.03,USD,desktop,4,8216
PAY000004395,BKG000004395,247078,2013-11-06 03:47:28,credit_card,success,NONE,515.53,USD,desktop,66,8250
PAY000004396,BKG000004396,443553,2014-03-12 00:57:02,debit_card,failed,INSUFFICIENT_FUNDS,208.48,USD,desktop,66,45629
PAY000004397,BKG000004397,349493,2013-10-03 19:36:32,credit_card,success,NONE,118.83,USD,desktop,205,26205
PAY000004398,BKG000004398,251989,2014-01-07 10:36:45,apple_pay,success,NONE,403.37,USD,desktop,66,8276
PAY000004399,BKG000004399,948273,2014-07-22 08:20:25,credit_card,success,NONE,449.63,USD,desktop,66,16831
PAY000004400,BKG000004400,213356,2014-08-15 20:54:51,debit_card,success,NONE,726.93,EUR,desktop,23,6305
PAY000004401,BKG000004401,667413,2013-05-14 17:44:08,debit_card,success,NONE,309.41,USD,mobile,205,8262
PAY000004402,BKG000004402,672782,2013-02-23 00:37:56,google_pay,success,NONE,119.48,USD,desktop,66,12916
PAY000004403,BKG000004403,333908,2014-09-24 16:58:09,google_pay,failed,PAYMENT_PROVIDER_ERROR,249.17,USD,desktop,69,12210
PAY000004404,BKG000004404,456806,2013-01-25 11:08:07,credit_card,success,NONE,535.78,EUR,desktop,202,8819
PAY000004405,BKG000004405,1000331,2014-02-11 11:27:52,credit_card,success,NONE,428.96,USD,desktop,66,12216
PAY000004406,BKG000004406,1056846,2013-02-08 21:20:25,credit_card,success,NONE,137.88,USD,desktop,46,457
PAY000004407,BKG000004407,449336,2014-10-23 16:33:40,credit_card,success,NONE,392.95,USD,mobile,66,23545
PAY000004408,BKG000004408,629928,2013-08-26 16:59:25,debit_card,success,NONE,1225.94,USD,mobile,66,12346
PAY000004409,BKG000004409,906942,2014-08-19 13:52:37,debit_card,success,NONE,247.33,USD,desktop,66,24374
PAY000004410,BKG000004410,49600,2014-07-16 22:38:39,credit_card,success,NONE,179.48,USD,desktop,205,41667
PAY000004411,BKG000004411,650456,2014-05-31 04:23:13,credit_card,success,NONE,251.38,USD,desktop,1,17823
PAY000004412,BKG000004412,1080971,2013-06-22 05:33:48,bank_transfer,success,NONE,953.39,USD,desktop,66,20313
PAY000004413,BKG000004413,741046,2013-03-15 21:29:45,credit_card,success,NONE,169.43,USD,desktop,66,23610
PAY000004414,BKG000004414,669893,2013-10-22 01:09:46,credit_card,success,NONE,215.51,USD,desktop,19,22930
PAY000004415,BKG000004415,683271,2014-12-30 23:28:25,apple_pay,success,NONE,258.62,USD,desktop,66,8743
PAY000004416,BKG000004416,442226,2013-01-23 20:41:41,credit_card,success,NONE,319.41,USD,desktop,66,11569
PAY000004417,BKG000004417,932730,2014-07-17 08:00:48,apple_pay,success,NONE,279.14,USD,desktop,66,8284
PAY000004418,BKG000004418,229552,2013-11-17 23:37:55,credit_card,success,NONE,300.79,USD,desktop,66,8235
PAY000004419,BKG000004419,1024288,2014-06-27 18:32:47,debit_card,success,NONE,288.16,USD,mobile,66,11621
PAY000004420,BKG000004420,448101,2013-04-01 16:38:11,credit_card,success,NONE,226.58,USD,desktop,66,26616
PAY000004421,BKG000004421,281084,2013-12-02 15:05:28,bank_transfer,success,NONE,164.94,USD,desktop,66,148
PAY000004422,BKG000004422,586179,2014-05-26 11:04:20,debit_card,success,NONE,257.33,USD,desktop,66,18055
PAY000004423,BKG000004423,283727,2014-07-17 07:14:19,credit_card,success,NONE,181.84,USD,desktop,66,11983
PAY000004424,BKG000004424,360599,2014-10-03 17:40:42,credit_card,success,NONE,151.69,USD,desktop,66,26631
PAY000004425,BKG000004425,754078,2014-09-24 21:20:41,google_pay,success,NONE,316.19,EUR,desktop,3,8739
PAY000004426,BKG000004426,517656,2014-12-18 14:30:03,credit_card,success,NONE,147.9,USD,mobile,66,24816
PAY000004427,BKG000004427,892534,2014-06-16 22:46:45,debit_card,success,NONE,154.78,USD,desktop,66,8863
PAY000004428,BKG000004428,301427,2014-05-19 12:39:59,google_pay,success,NONE,428.75,USD,desktop,66,21489
PAY000004429,BKG000004429,184187,2013-09-04 20:49:16,apple_pay,success,NONE,239.72,USD,desktop,66,19364
PAY000004430,BKG000004430,585202,2014-11-21 18:49:42,debit_card,success,NONE,421.8,USD,desktop,66,24081
PAY000004431,BKG000004431,685378,2014-12-13 12:33:46,debit_card,success,NONE,151.02,USD,desktop,205,26410
PAY000004432,BKG000004432,969192,2014-08-01 10:20:53,credit_card,success,NONE,257.35,USD,desktop,66,8285
PAY000004433,BKG000004433,1123184,2014-01-19 15:06:30,credit_card,success,NONE,250.04,USD,desktop,66,8250
PAY000004434,BKG000004434,438167,2013-11-18 19:38:30,credit_card,success,NONE,1571.5,USD,desktop,66,8250
PAY000004435,BKG000004435,943511,2013-10-31 10:57:15,paypal,success,NONE,1205.34,USD,desktop,66,16449
PAY000004436,BKG000004436,144480,2013-04-08 18:08:01,apple_pay,success,NONE,228.44,USD,desktop,66,29928
PAY000004437,BKG000004437,955164,2014-06-25 20:45:26,credit_card,success,NONE,274.08,USD,desktop,66,23682
PAY000004438,BKG000004438,12303,2014-10-15 21:08:52,debit_card,success,NONE,226.97,EUR,desktop,3,8220
PAY000004439,BKG000004439,1196275,2014-12-08 00:00:54,google_pay,success,NONE,327.29,EUR,desktop,3,23825
PAY000004440,BKG000004440,65290,2013-06-05 21:28:18,debit_card,failed,INSUFFICIENT_FUNDS,920.84,USD,desktop,66,8267
PAY000004441,BKG000004441,1015430,2014-07-07 22:55:14,credit_card,success,NONE,132.0,USD,desktop,66,16090
PAY000004442,BKG000004442,52575,2014-10-26 13:44:45,debit_card,success,NONE,266.0,USD,desktop,66,25611
PAY000004443,BKG000004443,161665,2013-08-10 12:28:17,debit_card,success,NONE,199.53,USD,desktop,66,8291
PAY000004444,BKG000004444,539075,2013-04-05 13:32:01,apple_pay,success,NONE,366.95,USD,desktop,66,12418
PAY000004445,BKG000004445,863048,2013-08-06 22:15:42,paypal,success,NONE,464.0,USD,desktop,69,12132
PAY000004446,BKG000004446,223991,2013-11-30 14:46:45,credit_card,failed,CARD_DECLINED,349.61,EUR,desktop,0,20525
PAY000004447,BKG000004447,866640,2014-08-18 15:58:54,credit_card,success,NONE,247.11,USD,desktop,66,12267
PAY000004448,BKG000004448,842286,2014-12-10 19:36:35,google_pay,success,NONE,201.13,USD,mobile,66,7658
PAY000004449,BKG000004449,162967,2013-04-12 06:09:38,credit_card,success,NONE,245.2,USD,desktop,69,46990
PAY000004450,BKG000004450,360152,2014-09-30 18:02:16,debit_card,success,NONE,901.34,USD,desktop,69,24174
PAY000004451,BKG000004451,630176,2014-11-16 19:16:19,credit_card,success,NONE,199.3,USD,desktop,66,3488
PAY000004452,BKG000004452,438054,2013-05-29 05:34:42,debit_card,success,NONE,420.35,USD,desktop,63,12225
PAY000004453,BKG000004453,543650,2013-04-28 09:15:01,google_pay,success,NONE,508.34,USD,desktop,205,7635
PAY000004454,BKG000004454,687880,2014-04-04 13:46:23,credit_card,success,NONE,162.97,USD,desktop,66,18924
PAY000004455,BKG000004455,5444,2014-03-12 16:28:54,credit_card,success,NONE,289.01,EUR,desktop,3,669
PAY000004456,BKG000004456,964638,2014-12-05 10:02:07,credit_card,failed,CARD_DECLINED,369.52,USD,desktop,66,8230
PAY000004457,BKG000004457,230598,2013-05-25 21:41:31,bank_transfer,success,NONE,641.22,USD,desktop,66,13094
PAY000004458,BKG000004458,789950,2014-03-24 21:48:05,debit_card,success,NONE,158.69,USD,desktop,205,8847
PAY000004459,BKG000004459,416780,2014-06-01 15:30:13,credit_card,success,NONE,1087.65,USD,desktop,66,44751
PAY000004460,BKG000004460,500283,2014-02-08 16:20:20,debit_card,success,NONE,140.0,USD,desktop,66,12175
PAY000004461,BKG000004461,817046,2015-01-01 00:49:56,credit_card,success,NONE,362.61,USD,desktop,66,8250
PAY000004462,BKG000004462,130268,2013-11-01 21:22:43,credit_card,success,NONE,447.08,USD,desktop,66,11373
PAY000004463,BKG000004463,802772,2014-12-16 03:51:45,debit_card,success,NONE,706.78,USD,desktop,66,8230
PAY000004464,BKG000004464,802772,2014-12-16 00:41:45,credit_card,success,NONE,770.65,USD,desktop,66,8230
PAY000004465,BKG000004465,831719,2013-11-26 12:00:48,paypal,success,NONE,272.5,USD,desktop,181,12344
PAY000004466,BKG000004466,94885,2014-07-17 10:26:57,credit_card,success,NONE,544.99,USD,desktop,205,8250
PAY000004467,BKG000004467,154282,2014-09-16 16:48:11,debit_card,success,NONE,1379.79,USD,desktop,66,8254
PAY000004468,BKG000004468,709446,2013-03-02 17:31:44,apple_pay,success,NONE,432.48,USD,desktop,66,8279
PAY000004469,BKG000004469,1135181,2014-11-02 15:03:55,paypal,success,NONE,1578.79,EUR,desktop,3,1318
PAY000004470,BKG000004470,319405,2013-06-03 10:32:17,credit_card,failed,PAYMENT_PROVIDER_ERROR,773.6,USD,desktop,66,8250
PAY000004471,BKG000004471,669757,2014-04-05 19:32:52,credit_card,success,NONE,112.7,USD,desktop,66,27468
PAY000004472,BKG000004472,461791,2014-10-10 00:14:29,credit_card,failed,INSUFFICIENT_FUNDS,217.41,EUR,desktop,3,22478
PAY000004473,BKG000004473,747887,2013-10-19 17:48:32,credit_card,success,NONE,1108.11,USD,desktop,205,12234
PAY000004474,BKG000004474,468799,2013-02-05 23:35:38,credit_card,success,NONE,453.24,USD,mobile,66,8243
PAY000004475,BKG000004475,937520,2014-12-16 19:15:18,google_pay,success,NONE,526.22,USD,desktop,66,8281
PAY000004476,BKG000004476,203007,2014-08-19 19:44:44,debit_card,success,NONE,205.66,USD,desktop,205,12654
PAY000004477,BKG000004477,394281,2013-02-22 08:25:28,paypal,success,NONE,448.85,USD,desktop,66,8252
PAY000004478,BKG000004478,394281,2013-02-22 08:41:28,credit_card,success,NONE,369.17,USD,desktop,66,8252
PAY000004479,BKG000004479,394281,2013-02-22 08:41:28,credit_card,success,NONE,387.05,USD,desktop,66,8252
PAY000004480,BKG000004480,394281,2013-02-22 10:09:28,debit_card,failed,PAYMENT_PROVIDER_ERROR,392.13,USD,desktop,66,8252
PAY000004481,BKG000004481,394281,2013-02-22 08:50:28,credit_card,success,NONE,457.38,USD,desktop,66,8252
PAY000004482,BKG000004482,394281,2013-02-22 08:09:28,credit_card,success,NONE,436.53,USD,desktop,66,8252
PAY000004483,BKG000004483,394281,2013-02-22 07:14:28,paypal,success,NONE,441.58,USD,desktop,66,8252
PAY000004484,BKG000004484,1004407,2014-04-16 10:13:34,paypal,success,NONE,262.53,USD,mobile,202,12826
PAY000004485,BKG000004485,673900,2013-01-12 14:47:29,bank_transfer,success,NONE,1045.36,USD,desktop,66,8791
PAY000004486,BKG000004486,1161992,2014-09-04 20:26:23,debit_card,success,NONE,1007.6,USD,desktop,66,8745
PAY000004487,BKG000004487,782465,2014-05-02 12:20:58,credit_card,success,NONE,179.22,USD,desktop,66,60840
PAY000004488,BKG000004488,115464,2014-06-23 08:36:32,debit_card,success,NONE,224.92,USD,desktop,66,8809
PAY000004489,BKG000004489,268073,2014-08-26 22:03:32,bank_transfer,success,NONE,436.38,USD,desktop,66,24278
PAY000004490,BKG000004490,1146476,2014-08-24 00:33:16,credit_card,success,NONE,385.36,USD,desktop,66,8855
PAY000004491,BKG000004491,598416,2013-01-29 16:20:39,credit_card,success,NONE,520.23,USD,desktop,66,8291
PAY000004492,BKG000004492,162199,2014-02-16 14:17:38,debit_card,success,NONE,466.44,USD,desktop,205,8250
PAY000004493,BKG000004493,1192316,2013-08-05 17:36:03,credit_card,success,NONE,226.63,USD,desktop,69,12483
PAY000004494,BKG000004494,592302,2013-06-18 19:34:41,credit_card,success,NONE,385.88,USD,desktop,168,8253
PAY000004495,BKG000004495,680631,2014-09-04 20:07:39,google_pay,success,NONE,540.03,EUR,desktop,3,14908
PAY000004496,BKG000004496,1075380,2013-07-27 22:37:30,credit_card,failed,AUTH_TIMEOUT,972.81,USD,desktop,66,8810
PAY000004497,BKG000004497,662997,2013-10-01 15:05:17,credit_card,success,NONE,192.87,USD,desktop,69,13411
PAY000004498,BKG000004498,896261,2014-06-06 14:03:30,debit_card,success,NONE,255.24,USD,desktop,66,24924
PAY000004499,BKG000004499,1027481,2014-11-14 12:13:01,apple_pay,success,NONE,1002.35,EUR,desktop,167,8220
PAY000004500,BKG000004500,521872,2014-04-26 09:42:52,google_pay,success,NONE,496.49,USD,desktop,66,8279
PAY000004501,BKG000004501,17712,2013-12-21 14:52:44,bank_transfer,success,NONE,588.96,EUR,desktop,3,4992
PAY000004502,BKG000004502,595829,2014-10-14 17:36:29,paypal,success,NONE,180.45,USD,desktop,66,12003
PAY000004503,BKG000004503,198748,2013-08-25 17:43:53,credit_card,success,NONE,717.83,USD,desktop,66,12019
PAY000004504,BKG000004504,738502,2013-07-17 11:36:32,debit_card,failed,INSUFFICIENT_FUNDS,217.23,USD,desktop,66,26140
PAY000004505,BKG000004505,503668,2014-09-10 10:42:17,credit_card,success,NONE,208.41,USD,desktop,66,8291
PAY000004506,BKG000004506,1182697,2014-12-13 23:54:53,paypal,success,NONE,197.94,USD,desktop,46,11341
PAY000004507,BKG000004507,756247,2014-07-05 22:54:01,paypal,success,NONE,236.39,USD,mobile,66,8793
PAY000004508,BKG000004508,1010052,2013-06-02 21:03:54,debit_card,failed,CARD_DECLINED,279.71,USD,desktop,205,25954
PAY000004509,BKG000004509,736236,2014-03-22 21:19:00,credit_card,success,NONE,630.73,USD,desktop,69,8788
PAY000004510,BKG000004510,185980,2014-10-20 06:17:12,bank_transfer,success,NONE,122.74,USD,desktop,66,24851
PAY000004511,BKG000004511,627181,2013-02-03 09:04:37,debit_card,success,NONE,126.36,USD,mobile,66,26762
PAY000004512,BKG000004512,663181,2013-09-08 07:50:19,bank_transfer,failed,CARD_DECLINED,208.02,USD,desktop,66,14845
PAY000004513,BKG000004513,1041042,2014-10-29 19:44:35,debit_card,success,NONE,267.77,USD,desktop,66,8253
PAY000004514,BKG000004514,844677,2013-05-30 21:40:08,paypal,success,NONE,261.6,USD,desktop,66,8279
PAY000004515,BKG000004515,594378,2014-10-16 15:20:16,credit_card,failed,CARD_DECLINED,894.16,USD,desktop,70,12682
PAY000004516,BKG000004516,9185,2013-01-07 16:16:21,debit_card,success,NONE,307.21,USD,desktop,66,8250
PAY000004517,BKG000004517,9185,2013-01-07 17:49:21,debit_card,success,NONE,387.95,USD,desktop,66,8250
PAY000004518,BKG000004518,196539,2014-02-21 11:24:54,credit_card,success,NONE,572.93,USD,desktop,66,8788
PAY000004519,BKG000004519,912657,2014-03-17 17:47:56,bank_transfer,success,NONE,95.08,USD,desktop,66,8254
PAY000004520,BKG000004520,1185934,2014-02-16 11:11:44,paypal,success,NONE,429.68,GBP,desktop,77,635
PAY000004521,BKG000004521,90761,2013-07-04 21:21:45,debit_card,success,NONE,234.4,USD,desktop,46,14384
PAY000004522,BKG000004522,1054614,2014-04-08 17:36:16,debit_card,success,NONE,143.9,USD,desktop,66,35991
PAY000004523,BKG000004523,1117736,2013-10-13 19:38:26,paypal,failed,CARD_DECLINED,1329.8,USD,desktop,66,8230
PAY000004524,BKG000004524,360497,2014-09-15 09:52:17,debit_card,success,NONE,272.61,USD,desktop,66,8288
PAY000004525,BKG000004525,415442,2013-04-09 08:20:15,google_pay,success,NONE,141.51,USD,mobile,66,26414
PAY000004526,BKG000004526,409479,2014-06-16 12:05:22,debit_card,success,NONE,1301.13,USD,desktop,55,8213
PAY000004527,BKG000004527,722852,2013-11-08 21:12:17,credit_card,success,NONE,417.99,USD,desktop,119,8242
PAY000004528,BKG000004528,425653,2013-02-26 23:16:22,google_pay,success,NONE,201.52,USD,desktop,66,22322
PAY000004529,BKG000004529,364073,2014-11-06 14:58:51,bank_transfer,success,NONE,315.04,USD,desktop,205,27083
PAY000004530,BKG000004530,201632,2014-10-23 09:31:56,debit_card,success,NONE,327.12,USD,desktop,66,8287
PAY000004531,BKG000004531,320329,2013-06-06 15:04:07,google_pay,success,NONE,516.81,USD,desktop,66,8278
PAY000004532,BKG000004532,715426,2014-05-04 12:58:25,paypal,success,NONE,1056.46,USD,desktop,46,8217
PAY000004533,BKG000004533,1031093,2013-01-11 10:33:48,bank_transfer,success,NONE,232.05,USD,mobile,66,27347
PAY000004534,BKG000004534,1013452,2013-04-24 02:02:29,credit_card,failed,CARD_DECLINED,1360.07,USD,mobile,1,7635
PAY000004535,BKG000004535,381110,2014-03-16 06:23:25,debit_card,success,NONE,238.4,USD,desktop,46,38551
PAY000004536,BKG000004536,757191,2013-11-23 19:27:00,debit_card,success,NONE,202.28,USD,desktop,69,8213
PAY000004537,BKG000004537,169866,2014-11-22 13:05:45,credit_card,success,NONE,257.7,USD,desktop,66,8279
PAY000004538,BKG000004538,658020,2014-05-10 16:41:17,apple_pay,success,NONE,201.11,USD,desktop,66,27215
PAY000004539,BKG000004539,59784,2014-11-09 14:13:51,credit_card,success,NONE,119.45,USD,mobile,66,25331
PAY000004540,BKG000004540,1182735,2014-04-26 05:34:27,debit_card,success,NONE,137.13,EUR,desktop,3,8803
PAY000004541,BKG000004541,198238,2014-02-12 23:48:34,credit_card,failed,CARD_DECLINED,216.23,USD,desktop,163,708
PAY000004542,BKG000004542,933118,2014-03-30 21:20:00,debit_card,success,NONE,226.66,USD,mobile,215,8824
PAY000004543,BKG000004543,989761,2014-05-27 18:44:32,credit_card,success,NONE,161.17,USD,desktop,148,25972
PAY000004544,BKG000004544,259511,2014-08-12 18:07:00,credit_card,success,NONE,315.43,USD,desktop,69,10160
PAY000004545,BKG000004545,705132,2013-04-26 17:39:32,credit_card,failed,AUTH_TIMEOUT,227.49,GBP,desktop,77,8286
PAY000004546,BKG000004546,239442,2014-10-01 04:46:45,credit_card,success,NONE,379.21,EUR,desktop,3,8220
PAY000004547,BKG000004547,137568,2014-08-07 12:49:20,credit_card,success,NONE,209.18,USD,desktop,180,23636
PAY000004548,BKG000004548,1088752,2014-07-24 23:33:17,bank_transfer,success,NONE,860.94,USD,desktop,66,8268
PAY000004549,BKG000004549,378738,2014-06-11 19:56:27,paypal,success,NONE,579.24,USD,desktop,69,8788
PAY000004550,BKG000004550,1071625,2013-02-18 09:05:18,apple_pay,success,NONE,295.21,USD,desktop,66,8218
PAY000004551,BKG000004551,672104,2013-10-23 19:29:25,credit_card,success,NONE,112.63,USD,desktop,154,12526
PAY000004552,BKG000004552,400501,2014-10-27 20:59:19,debit_card,success,NONE,278.8,USD,desktop,66,8745
PAY000004553,BKG000004553,1117705,2014-09-17 17:08:43,credit_card,failed,CARD_DECLINED,410.72,USD,desktop,66,12843
PAY000004554,BKG000004554,1103046,2014-04-29 16:36:55,apple_pay,success,NONE,176.81,USD,desktop,66,7195
PAY000004555,BKG000004555,4476,2014-11-18 14:21:30,apple_pay,success,NONE,341.6,USD,desktop,56,20207
PAY000004556,BKG000004556,568841,2013-03-13 10:13:50,credit_card,success,NONE,394.4,USD,desktop,66,3203
PAY000004557,BKG000004557,99311,2013-01-31 11:15:57,apple_pay,success,NONE,792.19,USD,desktop,52,22615
PAY000004558,BKG000004558,421351,2013-10-15 16:02:49,google_pay,success,NONE,257.95,USD,desktop,66,12669
PAY000004559,BKG000004559,21511,2014-09-27 16:31:14,bank_transfer,failed,INSUFFICIENT_FUNDS,237.33,USD,desktop,66,12905
PAY000004560,BKG000004560,371949,2014-06-14 22:27:13,debit_card,success,NONE,140.73,USD,desktop,66,10953
PAY000004561,BKG000004561,695762,2014-03-01 18:28:25,bank_transfer,success,NONE,342.44,USD,desktop,69,8213
PAY000004562,BKG000004562,180985,2013-11-08 05:57:27,apple_pay,success,NONE,175.21,USD,desktop,66,8213
PAY000004563,BKG000004563,557897,2013-10-07 17:34:12,paypal,success,NONE,586.01,USD,mobile,66,10776
PAY000004564,BKG000004564,124052,2013-05-24 12:44:27,credit_card,failed,INSUFFICIENT_FUNDS,103.06,USD,desktop,66,12010
PAY000004565,BKG000004565,1153427,2013-04-06 20:56:16,credit_card,failed,AUTH_TIMEOUT,475.71,EUR,desktop,3,8286
PAY000004566,BKG000004566,1101151,2013-10-18 15:12:57,credit_card,success,NONE,292.0,USD,desktop,66,12720
PAY000004567,BKG000004567,799340,2013-04-09 01:15:12,credit_card,success,NONE,269.42,USD,desktop,205,12244
PAY000004568,BKG000004568,122302,2014-10-21 15:53:49,credit_card,failed,CARD_DECLINED,194.26,USD,desktop,66,41639
PAY000004569,BKG000004569,58690,2014-10-31 06:59:30,debit_card,success,NONE,374.64,USD,desktop,66,44250
PAY000004570,BKG000004570,646604,2013-06-28 13:07:37,paypal,success,NONE,662.48,USD,desktop,66,8288
PAY000004571,BKG000004571,317093,2014-01-30 23:12:46,credit_card,success,NONE,649.75,USD,desktop,66,19034
PAY000004572,BKG000004572,766212,2014-02-05 13:53:38,credit_card,success,NONE,152.8,USD,desktop,205,12603
PAY000004573,BKG000004573,814949,2013-04-03 21:48:54,google_pay,success,NONE,164.94,USD,desktop,66,9145
PAY000004574,BKG000004574,532860,2014-11-25 00:13:57,paypal,success,NONE,128.17,USD,desktop,66,12428
PAY000004575,BKG000004575,594005,2014-09-10 17:49:35,credit_card,success,NONE,3597.06,USD,desktop,46,5497
PAY000004576,BKG000004576,25077,2014-01-15 20:07:28,debit_card,success,NONE,1659.87,USD,desktop,66,8268
PAY000004577,BKG000004577,1175931,2013-09-10 23:27:55,google_pay,failed,PAYMENT_PROVIDER_ERROR,414.45,EUR,desktop,3,8747
PAY000004578,BKG000004578,281665,2014-12-15 22:10:05,paypal,success,NONE,227.0,USD,mobile,215,12220
PAY000004579,BKG000004579,297468,2014-07-14 12:35:30,google_pay,success,NONE,274.32,USD,desktop,66,3257
PAY000004580,BKG000004580,1149188,2013-03-21 23:33:39,credit_card,success,NONE,336.97,USD,desktop,66,23514
PAY000004581,BKG000004581,1018518,2013-09-04 19:44:59,credit_card,success,NONE,261.51,USD,desktop,66,11940
PAY000004582,BKG000004582,804372,2013-08-06 16:44:35,credit_card,success,NONE,641.72,USD,desktop,66,8267
PAY000004583,BKG000004583,772731,2014-01-26 08:55:43,bank_transfer,failed,3DS_FAILED,209.68,USD,mobile,205,12669
PAY000004584,BKG000004584,710491,2014-09-29 15:51:14,credit_card,success,NONE,390.13,USD,desktop,66,14839
PAY000004585,BKG000004585,1015106,2013-02-26 13:44:08,debit_card,success,NONE,418.25,USD,desktop,191,14760
PAY000004586,BKG000004586,187990,2014-03-14 17:27:53,credit_card,success,NONE,196.95,USD,desktop,66,12003
PAY000004587,BKG000004587,276561,2013-02-13 23:39:42,credit_card,success,NONE,114.89,USD,desktop,205,8798
PAY000004588,BKG000004588,220712,2014-11-19 21:10:47,credit_card,success,NONE,224.85,EUR,desktop,3,20404
PAY000004589,BKG000004589,147750,2014-12-13 15:05:31,debit_card,success,NONE,881.16,USD,desktop,46,25452
PAY000004590,BKG000004590,713478,2014-03-30 16:44:23,apple_pay,success,NONE,233.17,USD,desktop,69,12228
PAY000004591,BKG000004591,1040338,2014-12-04 15:25:43,debit_card,failed,INSUFFICIENT_FUNDS,453.27,USD,desktop,55,8245
PAY000004592,BKG000004592,250071,2014-03-04 20:56:35,bank_transfer,success,NONE,91.24,USD,mobile,205,62824
PAY000004593,BKG000004593,250982,2014-01-08 20:28:28,credit_card,failed,INSUFFICIENT_FUNDS,724.83,USD,mobile,66,8250
PAY000004594,BKG000004594,1050628,2013-04-20 21:56:48,credit_card,success,NONE,126.51,USD,desktop,66,12264
PAY000004595,BKG000004595,484818,2014-09-01 12:33:17,paypal,success,NONE,203.61,USD,desktop,1,21905
PAY000004596,BKG000004596,788042,2014-04-09 18:05:40,credit_card,success,NONE,311.08,USD,mobile,168,22795
PAY000004597,BKG000004597,520997,2013-04-22 21:07:51,apple_pay,success,NONE,376.78,USD,desktop,205,26022
PAY000004598,BKG000004598,71156,2014-02-28 12:24:28,apple_pay,success,NONE,515.34,USD,desktop,66,8814
PAY000004599,BKG000004599,453867,2014-11-25 08:56:56,debit_card,success,NONE,411.81,USD,desktop,179,22648
PAY000004600,BKG000004600,630126,2013-06-16 14:41:33,credit_card,success,NONE,254.52,USD,mobile,66,11353
PAY000004601,BKG000004601,482446,2014-11-28 22:34:10,debit_card,success,NONE,434.38,USD,mobile,205,8267
PAY000004602,BKG000004602,777052,2013-12-11 08:39:25,credit_card,success,NONE,245.63,USD,desktop,80,14210
PAY000004603,BKG000004603,17612,2013-07-07 23:22:26,credit_card,failed,CARD_DECLINED,221.21,EUR,desktop,3,8253
PAY000004604,BKG000004604,183462,2014-06-22 13:19:21,credit_card,success,NONE,217.01,USD,desktop,182,8743
PAY000004605,BKG000004605,35757,2014-06-21 14:32:50,debit_card,success,NONE,194.08,USD,mobile,166,11357
PAY000004606,BKG000004606,650592,2013-10-25 19:00:48,credit_card,success,NONE,235.92,USD,mobile,215,21403
PAY000004607,BKG000004607,358204,2014-10-04 09:49:51,credit_card,failed,INSUFFICIENT_FUNDS,930.53,USD,mobile,12,22434
PAY000004608,BKG000004608,726005,2014-08-08 08:54:05,credit_card,success,NONE,332.19,USD,desktop,66,26987
PAY000004609,BKG000004609,382754,2014-03-24 01:07:07,credit_card,success,NONE,425.9,USD,mobile,66,14797
PAY000004610,BKG000004610,539630,2014-10-07 17:11:08,credit_card,failed,AUTH_TIMEOUT,198.23,USD,desktop,66,8230
PAY000004611,BKG000004611,886453,2014-10-06 15:23:06,credit_card,success,NONE,126.37,USD,desktop,66,16547
PAY000004612,BKG000004612,404479,2013-05-31 01:41:08,apple_pay,failed,INSUFFICIENT_FUNDS,1050.51,USD,desktop,205,669
PAY000004613,BKG000004613,1167301,2014-08-02 22:18:27,credit_card,success,NONE,102.05,EUR,desktop,3,20225
PAY000004614,BKG000004614,834442,2014-11-06 04:57:00,debit_card,success,NONE,198.27,USD,desktop,66,27070
PAY000004615,BKG000004615,25057,2013-06-10 19:20:45,debit_card,success,NONE,531.41,USD,desktop,66,8846
PAY000004616,BKG000004616,144786,2014-09-21 02:19:34,credit_card,success,NONE,103.99,USD,desktop,66,8293
PAY000004617,BKG000004617,294817,2014-01-27 17:22:14,bank_transfer,success,NONE,259.7,USD,desktop,66,21489
PAY000004618,BKG000004618,749425,2013-11-30 14:36:27,debit_card,success,NONE,429.01,USD,desktop,230,22863
PAY000004619,BKG000004619,303782,2013-08-29 21:12:46,debit_card,success,NONE,236.24,USD,desktop,66,12017
PAY000004620,BKG000004620,1169848,2013-08-09 11:30:10,paypal,success,NONE,295.11,EUR,desktop,3,8242
PAY000004621,BKG000004621,620381,2014-08-17 14:11:15,credit_card,success,NONE,230.97,USD,desktop,66,47583
PAY000004622,BKG000004622,513158,2013-04-25 10:10:50,credit_card,success,NONE,77.97,USD,desktop,205,12217
PAY000004623,BKG000004623,99866,2014-05-06 22:48:04,paypal,success,NONE,393.83,USD,desktop,66,25761
PAY000004624,BKG000004624,1156353,2013-01-28 14:01:27,paypal,success,NONE,358.05,EUR,desktop,3,33390
PAY000004625,BKG000004625,1059863,2014-09-10 21:22:16,debit_card,success,NONE,150.9,USD,desktop,66,8278
PAY000004626,BKG000004626,821515,2014-05-16 18:06:52,bank_transfer,success,NONE,360.49,USD,desktop,66,8272
PAY000004627,BKG000004627,1074162,2014-05-05 16:03:43,bank_transfer,success,NONE,640.22,USD,desktop,66,8234
PAY000004628,BKG000004628,258988,2013-05-18 12:29:15,paypal,success,NONE,222.39,USD,desktop,66,8250
PAY000004629,BKG000004629,105498,2013-04-21 14:17:16,paypal,success,NONE,113.29,USD,mobile,205,13805
PAY000004630,BKG000004630,639124,2013-06-27 13:43:53,credit_card,success,NONE,130.88,USD,desktop,66,11974
PAY000004631,BKG000004631,1087406,2014-10-31 13:37:14,debit_card,success,NONE,326.16,EUR,desktop,3,8220
PAY000004632,BKG000004632,584663,2013-09-29 19:11:41,credit_card,success,NONE,256.92,USD,desktop,66,8229
PAY000004633,BKG000004633,384655,2013-09-03 13:11:44,paypal,success,NONE,156.41,USD,desktop,66,51998
PAY000004634,BKG000004634,747907,2014-07-02 23:38:25,credit_card,success,NONE,216.57,USD,desktop,205,23541
PAY000004635,BKG000004635,631254,2014-01-28 07:25:35,credit_card,success,NONE,1089.64,USD,desktop,66,8791
PAY000004636,BKG000004636,998722,2014-05-23 02:59:21,debit_card,success,NONE,126.11,USD,desktop,66,12603
PAY000004637,BKG000004637,882061,2013-05-11 02:43:21,credit_card,success,NONE,330.9,USD,desktop,66,12206
PAY000004638,BKG000004638,1005311,2014-03-21 16:21:43,bank_transfer,success,NONE,500.36,GBP,desktop,77,1503
PAY000004639,BKG000004639,357748,2013-02-27 15:24:40,debit_card,success,NONE,348.1,USD,desktop,178,8740
PAY000004640,BKG000004640,975258,2014-07-03 23:04:18,apple_pay,success,NONE,195.78,USD,desktop,205,8259
PAY000004641,BKG000004641,857699,2014-04-27 21:46:31,bank_transfer,success,NONE,1048.03,USD,desktop,3,8263
PAY000004642,BKG000004642,610086,2013-03-20 15:18:55,credit_card,failed,CARD_DECLINED,138.55,USD,desktop,66,918
PAY000004643,BKG000004643,1152075,2013-12-03 14:12:27,credit_card,success,NONE,210.68,USD,desktop,66,11569
PAY000004644,BKG000004644,688378,2014-12-23 01:30:45,credit_card,failed,3DS_FAILED,106.08,USD,desktop,198,8740
PAY000004645,BKG000004645,592992,2014-09-04 19:48:42,credit_card,success,NONE,462.61,USD,desktop,66,8250
PAY000004646,BKG000004646,215034,2014-11-04 23:36:19,debit_card,success,NONE,999.84,EUR,desktop,3,8267
PAY000004647,BKG000004647,1187079,2013-08-28 11:54:14,credit_card,success,NONE,508.28,USD,desktop,66,8829
PAY000004648,BKG000004648,70413,2014-12-26 16:24:55,credit_card,success,NONE,103.28,USD,mobile,66,8218
PAY000004649,BKG000004649,815699,2014-12-01 14:24:59,google_pay,success,NONE,558.44,USD,desktop,66,11812
PAY000004650,BKG000004650,827614,2013-07-13 11:33:05,credit_card,success,NONE,260.22,USD,desktop,66,8279
PAY000004651,BKG000004651,336620,2014-07-14 10:48:10,credit_card,success,NONE,341.27,USD,desktop,66,8262
PAY000004652,BKG000004652,1161765,2013-04-15 03:11:33,credit_card,success,NONE,380.81,USD,mobile,55,20782
PAY000004653,BKG000004653,980179,2014-03-31 17:14:32,paypal,failed,AUTH_TIMEOUT,237.19,USD,desktop,205,8281
PAY000004654,BKG000004654,336092,2014-11-05 09:44:12,bank_transfer,success,NONE,247.92,USD,desktop,66,723
PAY000004655,BKG000004655,938907,2013-02-27 10:22:07,paypal,success,NONE,684.26,USD,desktop,66,18788
PAY000004656,BKG000004656,608427,2014-09-02 00:18:37,debit_card,success,NONE,476.89,EUR,desktop,3,8803
PAY000004657,BKG000004657,769509,2013-07-06 08:53:04,credit_card,success,NONE,263.32,USD,desktop,66,24538
PAY000004658,BKG000004658,424887,2013-07-29 14:18:47,paypal,success,NONE,236.85,USD,desktop,66,26133
PAY000004659,BKG000004659,906122,2013-08-05 05:32:00,credit_card,success,NONE,658.41,USD,desktop,66,8279
PAY000004660,BKG000004660,970556,2014-05-19 04:39:58,credit_card,success,NONE,189.98,EUR,desktop,3,33400
PAY000004661,BKG000004661,281078,2014-10-13 13:14:21,debit_card,success,NONE,201.3,USD,desktop,66,11358
PAY000004662,BKG000004662,40828,2014-12-02 08:58:37,credit_card,success,NONE,169.17,USD,desktop,66,12643
PAY000004663,BKG000004663,729407,2014-11-11 14:13:16,apple_pay,success,NONE,378.45,USD,desktop,182,8799
PAY000004664,BKG000004664,119794,2014-03-18 11:24:41,paypal,success,NONE,143.97,USD,mobile,66,19535
PAY000004665,BKG000004665,121821,2014-07-27 17:55:41,credit_card,success,NONE,115.65,USD,desktop,66,12951
PAY000004666,BKG000004666,1074789,2013-07-19 17:23:36,credit_card,success,NONE,222.3,USD,desktop,5,1909
PAY000004667,BKG000004667,675828,2014-06-23 18:21:13,credit_card,success,NONE,455.82,USD,desktop,66,42601
PAY000004668,BKG000004668,545519,2013-02-09 17:14:48,debit_card,failed,3DS_FAILED,658.78,USD,desktop,205,40606
PAY000004669,BKG000004669,91481,2013-01-25 15:24:05,google_pay,success,NONE,161.37,USD,desktop,66,5980
PAY000004670,BKG000004670,412882,2014-11-06 10:13:33,bank_transfer,failed,AUTH_TIMEOUT,688.07,USD,desktop,66,12372
PAY000004671,BKG000004671,482946,2014-02-19 18:52:03,credit_card,success,NONE,665.8,USD,desktop,66,8230
PAY000004672,BKG000004672,544878,2014-06-15 11:22:22,paypal,success,NONE,170.7,USD,desktop,205,27025
PAY000004673,BKG000004673,351337,2014-12-08 16:51:31,credit_card,success,NONE,172.83,USD,desktop,66,12001
PAY000004674,BKG000004674,709920,2014-12-13 17:49:41,credit_card,failed,CARD_DECLINED,437.96,EUR,desktop,194,17673
PAY000004675,BKG000004675,709920,2014-12-13 16:21:41,debit_card,success,NONE,459.71,EUR,desktop,194,17673
PAY000004676,BKG000004676,709920,2014-12-13 16:19:41,credit_card,success,NONE,534.79,EUR,desktop,194,17673
PAY000004677,BKG000004677,1126902,2013-01-11 15:05:32,debit_card,success,NONE,226.45,USD,desktop,66,8250
PAY000004678,BKG000004678,1190991,2014-01-06 11:56:48,credit_card,success,NONE,517.92,USD,desktop,130,12227
PAY000004679,BKG000004679,135838,2013-03-06 19:05:19,credit_card,success,NONE,209.18,USD,desktop,69,8746
PAY000004680,BKG000004680,391391,2014-09-11 21:56:33,debit_card,success,NONE,218.59,USD,desktop,205,154
PAY000004681,BKG000004681,1167097,2014-07-31 14:24:17,credit_card,success,NONE,135.98,USD,desktop,66,6021
PAY000004682,BKG000004682,518093,2014-10-22 16:26:22,paypal,failed,3DS_FAILED,820.86,USD,desktop,66,8250
PAY000004683,BKG000004683,186074,2014-08-13 22:25:43,paypal,success,NONE,429.37,USD,desktop,66,13441
PAY000004684,BKG000004684,1194971,2013-07-18 02:26:37,credit_card,success,NONE,166.72,EUR,desktop,3,8818
PAY000004685,BKG000004685,118269,2014-02-06 18:35:49,credit_card,failed,INSUFFICIENT_FUNDS,313.74,USD,desktop,179,12532
PAY000004686,BKG000004686,102383,2013-12-02 06:24:55,debit_card,success,NONE,215.99,USD,desktop,66,8220
PAY000004687,BKG000004687,16109,2014-11-16 09:37:07,google_pay,success,NONE,206.59,USD,desktop,66,9147
PAY000004688,BKG000004688,11109,2014-03-05 01:24:27,credit_card,success,NONE,324.74,USD,desktop,66,12175
PAY000004689,BKG000004689,216485,2014-12-18 16:14:57,google_pay,success,NONE,412.95,USD,desktop,66,27269
PAY000004690,BKG000004690,665014,2014-01-09 12:55:26,credit_card,success,NONE,480.1,USD,desktop,66,24185
PAY000004691,BKG000004691,575345,2014-02-12 14:08:06,debit_card,failed,3DS_FAILED,183.34,USD,desktop,66,1440
PAY000004692,BKG000004692,502172,2014-11-11 10:12:40,debit_card,success,NONE,128.77,USD,desktop,66,35991
PAY000004693,BKG000004693,902038,2014-06-24 16:55:15,credit_card,success,NONE,409.71,USD,desktop,66,8230
PAY000004694,BKG000004694,899868,2014-09-17 05:01:57,debit_card,success,NONE,172.53,USD,desktop,205,33393
PAY000004695,BKG000004695,366112,2013-01-08 06:42:13,debit_card,success,NONE,261.21,USD,desktop,66,12011
PAY000004696,BKG000004696,305761,2014-05-15 11:27:29,paypal,success,NONE,77.05,USD,desktop,66,25470
PAY000004697,BKG000004697,355565,2014-12-09 19:38:52,paypal,success,NONE,331.95,USD,desktop,149,26400
PAY000004698,BKG000004698,416601,2014-12-30 13:31:38,credit_card,success,NONE,549.18,USD,desktop,66,8267
PAY000004699,BKG000004699,81112,2013-12-27 16:06:58,credit_card,success,NONE,120.19,USD,desktop,205,21790
PAY000004700,BKG000004700,105895,2014-07-25 18:49:30,debit_card,failed,CARD_DECLINED,466.05,GBP,desktop,77,22434
PAY000004701,BKG000004701,647038,2013-03-22 14:39:17,credit_card,success,NONE,221.02,USD,desktop,66,8274
PAY000004702,BKG000004702,622419,2014-02-10 15:41:04,credit_card,success,NONE,512.91,USD,desktop,68,8253
PAY000004703,BKG000004703,749826,2014-10-07 02:00:40,apple_pay,success,NONE,237.48,USD,desktop,66,12233
PAY000004704,BKG000004704,822836,2014-12-19 03:43:47,credit_card,success,NONE,310.5,GBP,mobile,1,19353
PAY000004705,BKG000004705,296302,2014-05-13 18:23:19,paypal,success,NONE,126.84,USD,desktop,46,11352
PAY000004706,BKG000004706,729921,2014-11-03 21:03:23,credit_card,success,NONE,197.71,EUR,desktop,202,1571
PAY000004707,BKG000004707,564220,2013-08-23 23:22:24,credit_card,success,NONE,125.76,USD,desktop,66,12010
PAY000004708,BKG000004708,1152840,2014-04-21 12:12:57,debit_card,success,NONE,812.9,USD,desktop,230,7635
PAY000004709,BKG000004709,796049,2013-12-30 19:43:27,google_pay,success,NONE,967.36,USD,desktop,46,8267
PAY000004710,BKG000004710,865102,2013-12-15 00:39:24,paypal,success,NONE,122.39,USD,desktop,205,5649
PAY000004711,BKG000004711,967373,2013-05-30 12:56:03,bank_transfer,success,NONE,223.23,USD,desktop,1,12471
PAY000004712,BKG000004712,576405,2014-06-21 23:58:49,credit_card,failed,CARD_DECLINED,430.91,USD,desktop,66,8281
PAY000004713,BKG000004713,942621,2013-06-13 14:38:51,credit_card,success,NONE,164.13,USD,desktop,70,40673
PAY000004714,BKG000004714,15403,2013-03-27 18:28:28,google_pay,success,NONE,449.72,USD,desktop,66,8234
PAY000004715,BKG000004715,426114,2014-10-28 18:39:49,credit_card,success,NONE,1648.46,USD,desktop,66,12439
PAY000004716,BKG000004716,624324,2014-03-18 06:21:37,credit_card,success,NONE,317.18,USD,desktop,66,44035
PAY000004717,BKG000004717,350891,2014-07-11 15:57:37,paypal,success,NONE,345.06,USD,desktop,66,8811
PAY000004718,BKG000004718,1189772,2013-03-31 19:35:30,credit_card,success,NONE,199.1,USD,desktop,133,20802
PAY000004719,BKG000004719,126919,2014-04-29 01:42:34,google_pay,success,NONE,281.31,GBP,desktop,77,20211
PAY000004720,BKG000004720,79688,2014-02-13 23:45:30,credit_card,success,NONE,1324.7,USD,desktop,66,22595
PAY000004721,BKG000004721,458421,2013-02-15 20:47:29,bank_transfer,success,NONE,588.08,USD,desktop,69,21594
PAY000004722,BKG000004722,801769,2014-09-28 16:28:33,paypal,success,NONE,169.8,USD,desktop,215,8277
PAY000004723,BKG000004723,189380,2014-09-08 22:51:33,credit_card,failed,INSUFFICIENT_FUNDS,530.66,USD,desktop,66,1125
PAY000004724,BKG000004724,255007,2014-09-12 23:28:51,bank_transfer,success,NONE,398.75,USD,desktop,66,12175
PAY000004725,BKG000004725,367452,2014-09-10 19:30:50,credit_card,success,NONE,436.09,USD,desktop,66,12220
PAY000004726,BKG000004726,1071881,2013-04-28 16:42:13,credit_card,success,NONE,179.17,USD,desktop,66,12548
PAY000004727,BKG000004727,1002004,2014-07-28 00:38:38,credit_card,success,NONE,212.45,USD,desktop,66,1258
PAY000004728,BKG000004728,428082,2014-10-02 00:57:25,debit_card,failed,PAYMENT_PROVIDER_ERROR,562.5,USD,desktop,66,45631
PAY000004729,BKG000004729,252176,2014-10-10 15:40:14,credit_card,success,NONE,282.83,USD,desktop,66,8243
PAY000004730,BKG000004730,904613,2014-03-19 10:07:09,credit_card,success,NONE,902.81,USD,desktop,66,30232
PAY000004731,BKG000004731,388657,2013-11-22 12:52:45,apple_pay,success,NONE,895.72,USD,desktop,66,12206
PAY000004732,BKG000004732,381068,2013-06-20 13:28:02,paypal,success,NONE,679.4,USD,desktop,66,8250
PAY000004733,BKG000004733,540567,2013-03-23 14:43:08,credit_card,success,NONE,1767.16,USD,desktop,66,11353
PAY000004734,BKG000004734,728771,2014-05-19 20:13:30,credit_card,success,NONE,167.63,USD,desktop,66,12556
PAY000004735,BKG000004735,843398,2014-03-16 20:50:33,google_pay,success,NONE,109.22,USD,desktop,66,8838
PAY000004736,BKG000004736,364503,2014-10-02 04:58:38,credit_card,success,NONE,348.17,EUR,desktop,10,8822
PAY000004737,BKG000004737,230226,2014-01-25 20:37:49,credit_card,success,NONE,186.31,USD,desktop,217,12603
PAY000004738,BKG000004738,506964,2014-06-16 07:33:50,google_pay,success,NONE,127.64,USD,desktop,205,11361
PAY000004739,BKG000004739,818682,2014-09-15 22:08:14,credit_card,success,NONE,403.92,EUR,desktop,3,20404
PAY000004740,BKG000004740,777376,2014-03-30 09:48:39,credit_card,success,NONE,305.96,USD,desktop,66,12008
PAY000004741,BKG000004741,241999,2014-12-03 15:32:57,bank_transfer,success,NONE,855.68,USD,desktop,66,45327
PAY000004742,BKG000004742,318373,2014-04-22 21:14:11,credit_card,success,NONE,138.45,USD,desktop,205,12943
PAY000004743,BKG000004743,1033245,2013-07-17 09:14:55,credit_card,success,NONE,179.08,USD,mobile,205,1829
PAY000004744,BKG000004744,633584,2013-08-15 22:17:30,debit_card,success,NONE,641.48,USD,desktop,69,8746
PAY000004745,BKG000004745,819303,2013-09-27 18:47:16,bank_transfer,failed,INSUFFICIENT_FUNDS,318.08,USD,desktop,50,12682
PAY000004746,BKG000004746,870031,2014-04-02 13:46:06,credit_card,success,NONE,111.2,USD,desktop,215,12264
PAY000004747,BKG000004747,1024087,2014-06-25 16:02:10,debit_card,success,NONE,295.43,USD,desktop,66,13636
PAY000004748,BKG000004748,352940,2013-07-05 21:31:50,credit_card,success,NONE,1804.97,USD,desktop,66,11821
PAY000004749,BKG000004749,586408,2014-11-25 16:04:15,credit_card,failed,PAYMENT_PROVIDER_ERROR,250.24,EUR,desktop,231,52333
PAY000004750,BKG000004750,719954,2014-04-30 11:34:17,debit_card,success,NONE,146.43,USD,desktop,66,14846
PAY000004751,BKG000004751,945138,2013-04-29 19:12:42,debit_card,success,NONE,233.81,USD,desktop,46,20183
PAY000004752,BKG000004752,1183482,2014-11-24 19:55:37,debit_card,success,NONE,515.27,USD,desktop,66,26361
PAY000004753,BKG000004753,259358,2013-10-03 20:16:51,credit_card,success,NONE,391.11,USD,desktop,66,8217
PAY000004754,BKG000004754,825765,2014-04-22 18:36:13,bank_transfer,success,NONE,266.42,USD,desktop,66,8268
PAY000004755,BKG000004755,452128,2013-11-07 21:21:30,paypal,success,NONE,914.16,USD,desktop,46,22889
PAY000004756,BKG000004756,102112,2014-07-02 13:16:54,paypal,success,NONE,137.09,USD,desktop,66,24146
PAY000004757,BKG000004757,73436,2014-07-24 10:11:45,debit_card,success,NONE,368.94,USD,desktop,66,8267
PAY000004758,BKG000004758,101060,2014-07-25 17:30:59,debit_card,success,NONE,360.03,EUR,desktop,167,8803
PAY000004759,BKG000004759,721398,2013-02-19 22:33:34,bank_transfer,success,NONE,105.9,USD,desktop,12,22074
PAY000004760,BKG000004760,293221,2014-10-12 19:33:23,debit_card,success,NONE,1417.24,USD,desktop,69,20824
PAY000004761,BKG000004761,491221,2014-06-02 20:27:24,paypal,success,NONE,347.6,USD,desktop,66,26501
PAY000004762,BKG000004762,735832,2014-12-03 14:13:12,paypal,success,NONE,346.21,EUR,desktop,3,51615
PAY000004763,BKG000004763,294539,2014-11-23 01:11:05,google_pay,failed,INSUFFICIENT_FUNDS,922.35,EUR,desktop,3,8818
PAY000004764,BKG000004764,194284,2014-03-13 12:23:44,credit_card,failed,INSUFFICIENT_FUNDS,175.89,USD,mobile,1,8788
PAY000004765,BKG000004765,251872,2013-07-13 09:00:12,debit_card,failed,CARD_DECLINED,213.4,USD,desktop,66,12208
PAY000004766,BKG000004766,754886,2014-11-23 17:08:28,paypal,success,NONE,142.48,USD,desktop,66,17859
PAY000004767,BKG000004767,594357,2013-09-21 10:53:00,credit_card,success,NONE,428.48,USD,desktop,66,23248
PAY000004768,BKG000004768,952379,2014-11-18 17:50:31,debit_card,success,NONE,726.94,USD,desktop,206,12677
PAY000004769,BKG000004769,70165,2013-02-07 01:10:57,credit_card,success,NONE,196.68,USD,desktop,205,8287
PAY000004770,BKG000004770,483807,2013-12-02 23:53:12,paypal,success,NONE,1120.24,USD,mobile,66,8288
PAY000004771,BKG000004771,915333,2014-12-20 05:25:33,credit_card,success,NONE,153.16,USD,desktop,66,12149
PAY000004772,BKG000004772,162817,2013-06-24 08:36:06,credit_card,success,NONE,760.36,USD,desktop,66,7645
PAY000004773,BKG000004773,51498,2014-09-20 02:14:57,bank_transfer,success,NONE,138.97,USD,desktop,205,44354
PAY000004774,BKG000004774,821434,2014-12-06 10:42:17,paypal,success,NONE,296.38,USD,desktop,66,3072
PAY000004775,BKG000004775,836366,2013-07-04 05:17:24,paypal,success,NONE,331.88,USD,desktop,66,20966
PAY000004776,BKG000004776,656657,2013-07-26 23:29:34,credit_card,success,NONE,1212.38,USD,desktop,66,8791
PAY000004777,BKG000004777,959304,2013-08-11 00:41:48,credit_card,failed,INSUFFICIENT_FUNDS,220.8,USD,desktop,66,468
PAY000004778,BKG000004778,253673,2014-09-09 21:21:12,apple_pay,success,NONE,270.36,USD,desktop,66,8789
PAY000004779,BKG000004779,942009,2014-08-18 04:31:08,credit_card,success,NONE,126.07,USD,desktop,0,12603
PAY000004780,BKG000004780,511947,2014-10-27 21:54:41,paypal,success,NONE,116.0,USD,mobile,133,8255
PAY000004781,BKG000004781,165199,2013-06-03 10:40:50,paypal,success,NONE,147.36,USD,desktop,205,1891
PAY000004782,BKG000004782,57683,2014-04-07 22:38:42,paypal,success,NONE,226.29,EUR,desktop,23,62262
PAY000004783,BKG000004783,1067306,2014-11-10 04:21:02,apple_pay,failed,INSUFFICIENT_FUNDS,284.52,USD,desktop,66,3361
PAY000004784,BKG000004784,344409,2014-12-12 01:50:49,bank_transfer,success,NONE,266.93,USD,desktop,46,8289
PAY000004785,BKG000004785,1076552,2014-04-02 13:43:59,paypal,failed,AUTH_TIMEOUT,99.38,USD,desktop,66,11984
PAY000004786,BKG000004786,314560,2013-10-10 17:48:44,paypal,success,NONE,227.05,USD,desktop,66,12669
PAY000004787,BKG000004787,871009,2013-05-28 09:18:05,paypal,success,NONE,3449.64,USD,desktop,71,8268
PAY000004788,BKG000004788,1047975,2014-11-06 10:24:52,paypal,success,NONE,172.39,USD,desktop,205,8242
PAY000004789,BKG000004789,483072,2013-02-16 15:06:36,google_pay,success,NONE,476.88,USD,desktop,66,20209
PAY000004790,BKG000004790,167174,2014-08-07 13:51:54,credit_card,success,NONE,194.45,USD,desktop,66,25689
PAY000004791,BKG000004791,69910,2013-09-14 17:57:30,credit_card,success,NONE,513.79,USD,desktop,66,30523
PAY000004792,BKG000004792,234374,2014-11-29 17:17:35,credit_card,success,NONE,182.6,USD,desktop,162,8744
PAY000004793,BKG000004793,435208,2013-01-18 09:32:59,credit_card,success,NONE,421.18,USD,desktop,66,12748
PAY000004794,BKG000004794,936462,2013-05-16 05:08:05,debit_card,success,NONE,297.95,USD,desktop,43,8291
PAY000004795,BKG000004795,365881,2013-12-28 12:26:42,credit_card,success,NONE,225.53,USD,desktop,66,8273
PAY000004796,BKG000004796,256555,2013-05-17 18:11:52,debit_card,success,NONE,732.34,USD,desktop,66,42524
PAY000004797,BKG000004797,974641,2014-01-02 04:47:42,google_pay,success,NONE,181.72,USD,desktop,66,27376
PAY000004798,BKG000004798,1178299,2013-04-06 15:36:29,credit_card,success,NONE,447.76,USD,desktop,66,11625
PAY000004799,BKG000004799,654397,2014-10-27 10:08:21,credit_card,success,NONE,170.39,USD,desktop,66,4057
PAY000004800,BKG000004800,993467,2014-10-25 09:43:28,credit_card,success,NONE,1053.5,USD,mobile,66,64741
PAY000004801,BKG000004801,1198109,2014-07-01 20:21:34,credit_card,success,NONE,723.3,USD,desktop,66,1114
PAY000004802,BKG000004802,889807,2014-04-27 07:39:02,credit_card,success,NONE,294.09,USD,desktop,231,8242
PAY000004803,BKG000004803,113570,2014-12-09 17:14:00,apple_pay,success,NONE,188.0,USD,desktop,69,24401
PAY000004804,BKG000004804,679505,2013-05-13 12:17:25,debit_card,success,NONE,336.15,USD,mobile,215,8791
PAY000004805,BKG000004805,128601,2014-02-21 14:29:13,credit_card,success,NONE,383.99,USD,desktop,69,12449
PAY000004806,BKG000004806,128601,2014-02-21 13:17:13,credit_card,success,NONE,421.09,USD,desktop,69,12449
PAY000004807,BKG000004807,706042,2013-06-22 23:37:29,paypal,success,NONE,429.42,EUR,desktop,3,8291
PAY000004808,BKG000004808,670713,2014-02-05 22:41:53,paypal,success,NONE,1685.83,USD,desktop,52,12148
PAY000004809,BKG000004809,874819,2014-05-18 23:00:34,credit_card,success,NONE,118.0,USD,desktop,66,24125
PAY000004810,BKG000004810,178001,2013-12-08 08:17:19,credit_card,success,NONE,269.88,USD,desktop,66,5253
PAY000004811,BKG000004811,745994,2014-10-30 10:44:05,bank_transfer,success,NONE,149.22,EUR,desktop,3,48040
PAY000004812,BKG000004812,599758,2014-08-14 11:21:43,credit_card,success,NONE,440.8,USD,desktop,66,27600
PAY000004813,BKG000004813,252812,2014-08-09 01:46:59,paypal,success,NONE,542.05,USD,mobile,205,14985
PAY000004814,BKG000004814,81589,2014-04-17 12:16:26,apple_pay,success,NONE,399.45,USD,desktop,66,8746
PAY000004815,BKG000004815,832729,2014-10-10 14:36:53,credit_card,success,NONE,335.04,USD,desktop,205,12801
PAY000004816,BKG000004816,204792,2014-10-31 13:24:22,debit_card,success,NONE,477.69,USD,desktop,66,12206
PAY000004817,BKG000004817,813109,2014-12-24 14:19:53,credit_card,success,NONE,291.76,USD,desktop,71,8260
PAY000004818,BKG000004818,780265,2014-04-03 13:53:02,paypal,success,NONE,301.07,USD,desktop,63,8289
PAY000004819,BKG000004819,985114,2014-01-20 13:41:21,apple_pay,success,NONE,269.46,USD,desktop,69,8806
PAY000004820,BKG000004820,974464,2014-09-19 09:28:05,credit_card,success,NONE,539.26,USD,desktop,66,11439
PAY000004821,BKG000004821,183275,2014-10-19 11:01:20,credit_card,success,NONE,132.38,USD,desktop,69,8213
PAY000004822,BKG000004822,354488,2013-10-31 22:33:07,google_pay,success,NONE,679.76,USD,desktop,66,8223
PAY000004823,BKG000004823,1002925,2014-12-25 07:29:14,credit_card,success,NONE,391.19,USD,desktop,66,8230
PAY000004824,BKG000004824,898539,2014-09-07 18:39:40,apple_pay,success,NONE,166.82,USD,desktop,66,12749
PAY000004825,BKG000004825,851983,2014-04-05 16:18:49,debit_card,success,NONE,443.18,USD,desktop,66,12190
PAY000004826,BKG000004826,260660,2013-07-07 18:54:54,credit_card,success,NONE,905.73,GBP,desktop,77,8853
PAY000004827,BKG000004827,774957,2014-12-27 05:22:11,paypal,success,NONE,157.75,USD,desktop,23,20324
PAY000004828,BKG000004828,333940,2013-02-02 01:22:20,bank_transfer,success,NONE,721.92,USD,mobile,205,8250
PAY000004829,BKG000004829,1038405,2014-02-05 17:17:31,debit_card,success,NONE,724.73,USD,desktop,66,8824
PAY000004830,BKG000004830,78604,2013-10-16 10:49:41,bank_transfer,success,NONE,128.48,USD,desktop,66,23507
PAY000004831,BKG000004831,141477,2014-08-15 13:04:01,credit_card,success,NONE,375.45,USD,desktop,66,8243
PAY000004832,BKG000004832,389908,2014-02-25 10:55:36,bank_transfer,success,NONE,499.72,USD,desktop,66,7620
PAY000004833,BKG000004833,1187360,2013-12-17 23:26:35,bank_transfer,success,NONE,1113.42,GBP,desktop,77,8803
PAY000004834,BKG000004834,700473,2013-12-13 20:48:30,debit_card,failed,CARD_DECLINED,444.89,EUR,desktop,3,8819
PAY000004835,BKG000004835,977599,2014-12-09 14:05:44,credit_card,success,NONE,91.63,USD,desktop,66,1521
PAY000004836,BKG000004836,614782,2013-07-01 17:01:23,debit_card,success,NONE,1123.53,USD,desktop,66,8267
PAY000004837,BKG000004837,3204,2014-04-23 12:40:22,debit_card,success,NONE,1228.21,EUR,desktop,3,41329
PAY000004838,BKG000004838,616452,2014-02-07 10:38:28,google_pay,success,NONE,142.0,USD,desktop,66,8277
PAY000004839,BKG000004839,408230,2014-02-25 12:55:53,google_pay,success,NONE,335.99,USD,desktop,66,1531
PAY000004840,BKG000004840,27615,2014-10-25 12:28:23,bank_transfer,success,NONE,1109.02,GBP,desktop,77,11815
PAY000004841,BKG000004841,706027,2013-11-02 01:25:59,debit_card,success,NONE,3608.13,EUR,desktop,0,468
PAY000004842,BKG000004842,698990,2014-06-23 01:22:46,debit_card,success,NONE,372.74,USD,mobile,71,8788
PAY000004843,BKG000004843,227816,2014-06-19 13:29:00,debit_card,success,NONE,238.29,EUR,desktop,3,12236
PAY000004844,BKG000004844,217021,2013-07-09 08:02:19,credit_card,success,NONE,782.23,USD,desktop,66,8855
PAY000004845,BKG000004845,297485,2014-05-13 18:02:43,bank_transfer,success,NONE,682.22,GBP,desktop,195,40797
PAY000004846,BKG000004846,1036387,2013-03-06 22:23:30,bank_transfer,success,NONE,485.47,USD,desktop,12,30332
PAY000004847,BKG000004847,970871,2014-08-16 09:47:25,bank_transfer,success,NONE,1106.82,USD,desktop,66,8284
PAY000004848,BKG000004848,391858,2014-05-18 09:32:28,paypal,success,NONE,407.73,USD,desktop,80,8743
PAY000004849,BKG000004849,413020,2014-12-23 14:06:22,credit_card,success,NONE,102.67,USD,desktop,215,8437
PAY000004850,BKG000004850,455357,2013-11-30 15:22:36,credit_card,success,NONE,556.97,USD,desktop,66,8220
PAY000004851,BKG000004851,1052649,2014-04-22 11:11:43,credit_card,success,NONE,315.83,USD,desktop,66,8250
PAY000004852,BKG000004852,409637,2013-10-29 06:17:39,credit_card,success,NONE,105.45,USD,desktop,66,26958
PAY000004853,BKG000004853,208214,2014-05-02 09:57:59,credit_card,success,NONE,70.0,USD,desktop,66,12280
PAY000004854,BKG000004854,539219,2013-08-06 15:51:33,debit_card,success,NONE,157.67,USD,mobile,66,235
PAY000004855,BKG000004855,938226,2014-06-17 02:01:37,credit_card,success,NONE,176.16,USD,desktop,66,15742
PAY000004856,BKG000004856,270695,2014-09-15 17:50:21,debit_card,failed,INSUFFICIENT_FUNDS,1054.47,USD,desktop,215,1630
PAY000004857,BKG000004857,1153669,2013-08-01 08:11:08,google_pay,success,NONE,145.34,EUR,desktop,3,43705
PAY000004858,BKG000004858,844517,2014-05-17 10:31:33,credit_card,success,NONE,319.13,USD,desktop,231,19961
PAY000004859,BKG000004859,301503,2014-09-26 11:28:50,credit_card,success,NONE,421.16,USD,desktop,66,9589
PAY000004860,BKG000004860,393321,2014-04-23 12:27:56,apple_pay,success,NONE,250.88,USD,desktop,66,12495
PAY000004861,BKG000004861,220382,2013-03-09 17:24:57,google_pay,success,NONE,157.28,USD,desktop,69,12356
PAY000004862,BKG000004862,576621,2013-03-12 11:58:37,debit_card,success,NONE,335.16,USD,mobile,168,8250
PAY000004863,BKG000004863,618283,2013-07-11 22:50:23,paypal,success,NONE,225.22,USD,desktop,66,651
PAY000004864,BKG000004864,1060694,2014-01-03 07:28:46,google_pay,success,NONE,1568.35,USD,desktop,205,468
PAY000004865,BKG000004865,829105,2014-06-05 18:04:34,debit_card,success,NONE,91.05,USD,desktop,66,4273
PAY000004866,BKG000004866,1092974,2014-08-13 18:14:22,debit_card,success,NONE,533.56,USD,desktop,57,8278
PAY000004867,BKG000004867,658836,2014-08-01 12:51:40,google_pay,success,NONE,329.06,USD,desktop,205,8236
PAY000004868,BKG000004868,603081,2014-10-24 01:04:16,apple_pay,success,NONE,456.21,EUR,mobile,167,19450
PAY000004869,BKG000004869,93451,2014-03-18 00:49:59,credit_card,success,NONE,1065.38,USD,desktop,115,13111
PAY000004870,BKG000004870,978895,2014-08-24 22:49:54,credit_card,success,NONE,236.61,USD,desktop,66,8745
PAY000004871,BKG000004871,814128,2014-04-18 06:10:57,debit_card,success,NONE,758.49,USD,mobile,66,8855
PAY000004872,BKG000004872,174410,2014-07-28 18:53:09,credit_card,success,NONE,1008.9,USD,desktop,66,13747
PAY000004873,BKG000004873,73946,2014-08-18 19:27:52,credit_card,success,NONE,243.42,USD,desktop,69,23273
PAY000004874,BKG000004874,881342,2014-07-08 13:37:15,apple_pay,success,NONE,585.68,USD,desktop,66,8746
PAY000004875,BKG000004875,1056858,2014-10-22 23:30:41,paypal,success,NONE,470.82,GBP,mobile,77,20896
PAY000004876,BKG000004876,670363,2014-07-03 07:04:17,credit_card,success,NONE,410.95,USD,desktop,66,1319
PAY000004877,BKG000004877,132192,2013-03-01 11:07:41,credit_card,success,NONE,122.36,USD,desktop,66,8785
PAY000004878,BKG000004878,697474,2014-07-28 11:23:50,credit_card,success,NONE,631.6,USD,desktop,66,8250
PAY000004879,BKG000004879,273507,2013-03-29 12:36:23,apple_pay,success,NONE,518.16,USD,desktop,133,17467
PAY000004880,BKG000004880,749429,2014-07-23 20:17:05,apple_pay,success,NONE,153.74,USD,desktop,66,13635
PAY000004881,BKG000004881,451528,2014-04-13 04:21:46,google_pay,success,NONE,219.93,USD,desktop,141,468
PAY000004882,BKG000004882,885713,2014-09-01 08:36:06,debit_card,success,NONE,150.17,USD,mobile,66,28554
PAY000004883,BKG000004883,291540,2013-11-08 20:56:06,debit_card,success,NONE,455.05,USD,desktop,69,8804
PAY000004884,BKG000004884,171415,2014-11-07 16:52:03,paypal,success,NONE,321.94,USD,desktop,66,4211
PAY000004885,BKG000004885,444644,2014-10-21 22:52:43,credit_card,success,NONE,882.3,EUR,desktop,3,43130
PAY000004886,BKG000004886,786151,2013-07-09 12:10:56,apple_pay,success,NONE,802.8,USD,desktop,66,8267
PAY000004887,BKG000004887,650050,2014-07-16 09:52:43,credit_card,failed,INSUFFICIENT_FUNDS,197.01,USD,desktop,66,8291
PAY000004888,BKG000004888,598573,2014-04-19 02:00:49,apple_pay,success,NONE,791.66,USD,mobile,66,16124
PAY000004889,BKG000004889,1033742,2014-10-07 21:34:18,apple_pay,failed,INSUFFICIENT_FUNDS,203.85,USD,mobile,66,8288
PAY000004890,BKG000004890,612137,2014-04-26 09:05:28,paypal,success,NONE,878.25,USD,desktop,66,44281
PAY000004891,BKG000004891,659128,2014-07-02 00:04:25,bank_transfer,success,NONE,418.46,USD,desktop,46,468
PAY000004892,BKG000004892,428942,2014-02-19 08:44:01,google_pay,success,NONE,153.48,USD,desktop,66,13876
PAY000004893,BKG000004893,1172315,2014-06-11 11:58:01,apple_pay,success,NONE,163.75,USD,desktop,66,12273
PAY000004894,BKG000004894,553545,2014-03-23 15:37:24,bank_transfer,success,NONE,714.38,USD,desktop,66,8266
PAY000004895,BKG000004895,181069,2014-06-19 15:41:59,debit_card,success,NONE,224.66,USD,desktop,66,12152
PAY000004896,BKG000004896,974083,2014-10-03 05:01:52,google_pay,success,NONE,1356.69,USD,desktop,66,24902
PAY000004897,BKG000004897,904018,2014-09-10 21:29:57,bank_transfer,success,NONE,169.84,USD,desktop,27,50249
PAY000004898,BKG000004898,617982,2013-12-17 10:13:09,debit_card,success,NONE,272.5,GBP,desktop,195,12471
PAY000004899,BKG000004899,1116663,2014-11-19 09:12:03,debit_card,success,NONE,139.19,USD,desktop,66,12556
PAY000004900,BKG000004900,183987,2014-10-02 16:31:44,credit_card,success,NONE,441.82,USD,desktop,30,22648
PAY000004901,BKG000004901,609193,2014-07-18 12:20:07,credit_card,success,NONE,229.76,USD,desktop,205,8267
PAY000004902,BKG000004902,1093526,2014-02-04 22:34:46,credit_card,success,NONE,2243.87,USD,desktop,66,8791
PAY000004903,BKG000004903,783849,2014-12-03 09:12:45,credit_card,success,NONE,748.95,USD,desktop,230,12495
PAY000004904,BKG000004904,57711,2013-09-24 21:27:36,apple_pay,failed,CARD_DECLINED,245.85,USD,desktop,205,17660
PAY000004905,BKG000004905,866619,2014-02-22 11:16:08,credit_card,success,NONE,595.85,USD,desktop,205,26277
PAY000004906,BKG000004906,744450,2013-06-12 16:37:02,credit_card,success,NONE,672.67,USD,desktop,66,11821
PAY000004907,BKG000004907,985988,2013-06-17 16:41:16,credit_card,success,NONE,160.06,USD,desktop,66,8253
PAY000004908,BKG000004908,332143,2014-06-12 12:42:11,paypal,failed,CARD_DECLINED,153.18,USD,desktop,66,11816
PAY000004909,BKG000004909,1094755,2014-07-02 11:01:12,apple_pay,success,NONE,188.68,USD,desktop,5,21562
PAY000004910,BKG000004910,1155763,2014-08-03 20:33:15,bank_transfer,success,NONE,729.28,EUR,desktop,3,8282
PAY000004911,BKG000004911,565819,2013-11-13 15:09:53,debit_card,success,NONE,257.38,USD,desktop,66,11435
PAY000004912,BKG000004912,951560,2013-05-11 10:12:40,paypal,success,NONE,265.26,USD,desktop,46,12267
PAY000004913,BKG000004913,62459,2013-04-30 09:07:38,credit_card,success,NONE,202.58,USD,desktop,66,1212
PAY000004914,BKG000004914,484792,2014-11-23 20:57:08,credit_card,success,NONE,114.79,USD,mobile,66,11984
PAY000004915,BKG000004915,210534,2013-08-27 13:01:53,credit_card,success,NONE,1364.34,EUR,desktop,3,6574
PAY000004916,BKG000004916,116370,2013-09-07 20:47:21,bank_transfer,success,NONE,1245.66,USD,mobile,66,12273
PAY000004917,BKG000004917,996146,2014-07-18 22:13:42,debit_card,success,NONE,520.28,USD,desktop,66,8235
PAY000004918,BKG000004918,904325,2013-01-26 13:38:37,apple_pay,success,NONE,121.63,USD,desktop,205,53932
PAY000004919,BKG000004919,474444,2013-09-03 18:04:39,paypal,success,NONE,229.88,USD,mobile,66,8230
PAY000004920,BKG000004920,845562,2013-04-21 23:29:48,debit_card,success,NONE,774.63,USD,desktop,205,5695
PAY000004921,BKG000004921,118585,2013-08-17 21:51:01,debit_card,success,NONE,368.33,USD,desktop,205,11373
PAY000004922,BKG000004922,134581,2013-05-18 11:30:43,debit_card,success,NONE,183.42,USD,mobile,66,58250
PAY000004923,BKG000004923,401517,2013-02-06 00:23:37,credit_card,success,NONE,470.24,USD,desktop,66,12010
PAY000004924,BKG000004924,881730,2014-04-08 23:45:45,credit_card,success,NONE,474.2,USD,desktop,3,20841
PAY000004925,BKG000004925,181017,2014-08-07 00:14:06,paypal,success,NONE,74.95,USD,desktop,66,12010
PAY000004926,BKG000004926,456926,2014-11-06 20:07:01,credit_card,success,NONE,283.4,USD,mobile,66,8279
PAY000004927,BKG000004927,575909,2014-10-16 13:27:35,paypal,success,NONE,244.4,USD,desktop,66,8218
PAY000004928,BKG000004928,777006,2014-12-07 15:37:31,paypal,success,NONE,757.83,USD,desktop,66,8253
PAY000004929,BKG000004929,1171636,2013-05-09 11:48:59,bank_transfer,success,NONE,134.92,USD,desktop,66,8278
PAY000004930,BKG000004930,531157,2014-11-28 14:04:09,google_pay,success,NONE,334.62,USD,desktop,66,12214
PAY000004931,BKG000004931,575800,2014-07-17 08:22:14,debit_card,success,NONE,184.77,USD,desktop,205,8256
PAY000004932,BKG000004932,812367,2014-07-06 17:35:32,paypal,success,NONE,412.44,USD,desktop,66,8855
PAY000004933,BKG000004933,452244,2014-03-04 16:47:00,credit_card,success,NONE,432.95,EUR,mobile,66,8250
PAY000004934,BKG000004934,513866,2014-12-14 23:42:13,debit_card,success,NONE,1319.38,USD,desktop,66,19994
PAY000004935,BKG000004935,385897,2014-10-20 11:21:17,debit_card,success,NONE,339.37,USD,desktop,66,27269
PAY000004936,BKG000004936,508966,2014-07-04 14:12:29,debit_card,success,NONE,451.43,USD,desktop,66,62
PAY000004937,BKG000004937,470246,2014-04-25 18:25:24,paypal,success,NONE,945.44,USD,desktop,66,1742
PAY000004938,BKG000004938,62917,2014-11-13 04:37:53,bank_transfer,success,NONE,228.35,USD,mobile,115,8220
PAY000004939,BKG000004939,1057420,2014-07-16 08:40:31,debit_card,success,NONE,743.9,USD,desktop,66,16436
PAY000004940,BKG000004940,62259,2014-05-15 16:18:39,credit_card,success,NONE,256.24,USD,desktop,66,25611
PAY000004941,BKG000004941,931071,2013-11-21 12:08:42,debit_card,success,NONE,420.98,USD,mobile,28,8788
PAY000004942,BKG000004942,1120414,2014-08-21 06:31:47,debit_card,success,NONE,534.96,USD,desktop,66,25224
PAY000004943,BKG000004943,754841,2013-11-08 10:08:27,paypal,success,NONE,638.68,USD,desktop,80,46375
PAY000004944,BKG000004944,928235,2014-10-22 12:15:53,paypal,success,NONE,104.63,USD,mobile,66,25700
PAY000004945,BKG000004945,602106,2013-11-12 13:56:26,paypal,success,NONE,166.75,USD,desktop,205,8287
PAY000004946,BKG000004946,135112,2014-07-02 10:07:02,credit_card,success,NONE,137.65,USD,desktop,205,1901
PAY000004947,BKG000004947,699035,2013-09-14 10:25:34,debit_card,success,NONE,165.6,EUR,desktop,3,8246
PAY000004948,BKG000004948,925275,2014-06-23 16:17:43,paypal,success,NONE,112.03,EUR,desktop,115,8741
PAY000004949,BKG000004949,1068446,2014-10-17 20:52:27,paypal,success,NONE,238.87,USD,desktop,3,8834
PAY000004950,BKG000004950,1097578,2014-10-15 09:38:13,credit_card,success,NONE,1950.56,USD,desktop,218,8250
PAY000004951,BKG000004951,956068,2014-09-07 19:06:50,apple_pay,success,NONE,398.04,USD,desktop,66,8250
PAY000004952,BKG000004952,244089,2013-03-06 20:25:03,credit_card,success,NONE,239.06,USD,desktop,66,5270
PAY000004953,BKG000004953,618792,2013-08-11 06:18:39,credit_card,success,NONE,210.52,USD,desktop,66,12895
PAY000004954,BKG000004954,628207,2013-08-03 03:17:46,credit_card,success,NONE,221.79,USD,desktop,71,12509
PAY000004955,BKG000004955,384999,2014-01-13 07:15:27,credit_card,success,NONE,1060.82,USD,desktop,66,12269
PAY000004956,BKG000004956,810070,2013-12-25 14:18:17,apple_pay,success,NONE,261.66,USD,desktop,205,21103
PAY000004957,BKG000004957,124314,2014-07-22 02:01:53,paypal,success,NONE,233.96,USD,desktop,69,43784
PAY000004958,BKG000004958,1146691,2014-08-11 08:40:32,bank_transfer,success,NONE,247.73,USD,desktop,66,25331
PAY000004959,BKG000004959,623450,2013-02-08 22:03:20,paypal,success,NONE,234.21,USD,desktop,66,38454
PAY000004960,BKG000004960,9305,2013-05-20 16:14:55,credit_card,success,NONE,1798.18,GBP,desktop,195,12233
PAY000004961,BKG000004961,1014059,2013-02-18 09:07:16,credit_card,success,NONE,103.93,USD,desktop,66,26981
PAY000004962,BKG000004962,1086250,2014-11-28 21:18:34,bank_transfer,success,NONE,934.72,USD,desktop,133,8747
PAY000004963,BKG000004963,762225,2014-07-16 13:26:38,debit_card,success,NONE,493.27,USD,desktop,66,8550
PAY000004964,BKG000004964,51195,2013-03-08 14:07:47,apple_pay,success,NONE,199.21,USD,desktop,66,12423
PAY000004965,BKG000004965,504199,2013-09-18 14:33:01,apple_pay,success,NONE,208.74,USD,desktop,66,8223
PAY000004966,BKG000004966,504199,2013-09-18 12:47:01,bank_transfer,success,NONE,239.02,USD,desktop,66,8223
PAY000004967,BKG000004967,809546,2013-06-14 21:39:46,credit_card,success,NONE,545.25,USD,desktop,66,11337
PAY000004968,BKG000004968,1171040,2014-08-06 21:44:28,credit_card,success,NONE,260.21,USD,desktop,66,11939
PAY000004969,BKG000004969,447594,2013-06-28 10:48:55,paypal,success,NONE,943.33,GBP,desktop,77,6264
PAY000004970,BKG000004970,879590,2014-03-19 16:14:23,bank_transfer,success,NONE,232.75,USD,desktop,66,43678
PAY000004971,BKG000004971,770151,2014-08-14 14:19:28,debit_card,success,NONE,130.08,USD,desktop,66,25383
PAY000004972,BKG000004972,609504,2013-07-02 12:30:56,google_pay,success,NONE,1014.28,USD,desktop,66,8824
PAY000004973,BKG000004973,576397,2014-11-27 00:28:09,debit_card,success,NONE,288.94,USD,desktop,66,11359
PAY000004974,BKG000004974,1034936,2013-08-05 09:13:57,paypal,success,NONE,298.95,USD,desktop,66,25426
PAY000004975,BKG000004975,690661,2013-10-01 17:47:32,apple_pay,success,NONE,200.47,EUR,desktop,3,8253
PAY000004976,BKG000004976,699035,2013-10-09 07:08:22,credit_card,success,NONE,210.25,EUR,desktop,3,20113
PAY000004977,BKG000004977,600165,2014-07-17 10:28:19,credit_card,success,NONE,228.17,GBP,desktop,77,8286
PAY000004978,BKG000004978,1115209,2014-02-25 09:45:07,credit_card,success,NONE,285.83,USD,desktop,66,8243
PAY000004979,BKG000004979,701384,2014-12-29 17:42:55,bank_transfer,success,NONE,452.16,USD,desktop,1,8746
PAY000004980,BKG000004980,533381,2014-06-25 14:09:09,debit_card,success,NONE,388.38,USD,desktop,66,8745
PAY000004981,BKG000004981,367121,2014-12-13 14:29:48,credit_card,failed,CARD_DECLINED,84.3,USD,desktop,205,11256
PAY000004982,BKG000004982,619874,2014-12-07 00:12:11,credit_card,success,NONE,145.72,USD,desktop,68,21958
PAY000004983,BKG000004983,797691,2013-07-08 07:31:10,debit_card,failed,CARD_DECLINED,247.34,USD,mobile,66,5714
PAY000004984,BKG000004984,758755,2014-08-08 08:25:15,credit_card,success,NONE,560.33,USD,desktop,66,13094
PAY000004985,BKG000004985,722693,2013-10-05 03:50:27,google_pay,success,NONE,692.82,USD,mobile,66,8279
PAY000004986,BKG000004986,823915,2013-11-20 17:18:50,bank_transfer,success,NONE,209.11,USD,desktop,66,44915
PAY000004987,BKG000004987,246692,2014-03-06 11:22:00,credit_card,success,NONE,126.52,USD,desktop,133,12686
PAY000004988,BKG000004988,704815,2014-06-11 21:16:05,credit_card,success,NONE,1776.69,GBP,desktop,77,8267
PAY000004989,BKG000004989,570505,2013-03-04 11:32:21,debit_card,success,NONE,371.67,USD,desktop,66,8233
PAY000004990,BKG000004990,379291,2014-10-21 11:22:07,bank_transfer,failed,CARD_DECLINED,286.04,USD,desktop,66,60984
PAY000004991,BKG000004991,124263,2014-10-07 15:03:55,credit_card,success,NONE,2037.79,USD,desktop,133,22133
PAY000004992,BKG000004992,948641,2014-11-09 19:13:18,paypal,success,NONE,668.88,USD,mobile,66,12015
PAY000004993,BKG000004993,498753,2013-03-03 09:16:47,debit_card,success,NONE,144.76,USD,desktop,12,8799
PAY000004994,BKG000004994,252694,2014-12-11 17:15:55,credit_card,success,NONE,404.33,GBP,desktop,77,20559
PAY000004995,BKG000004995,140570,2013-04-14 23:53:00,debit_card,failed,3DS_FAILED,1697.45,USD,desktop,66,11938
PAY000004996,BKG000004996,943934,2014-07-05 13:08:04,credit_card,success,NONE,74.29,USD,mobile,91,19851
PAY000004997,BKG000004997,1135306,2014-01-11 11:20:24,credit_card,success,NONE,448.65,USD,desktop,69,8745
PAY000004998,BKG000004998,582272,2013-02-21 17:49:32,bank_transfer,success,NONE,1092.47,USD,desktop,66,12175
PAY000004999,BKG000004999,298907,2014-05-01 09:10:56,google_pay,success,NONE,195.99,USD,desktop,66,12367
PAY000005000,BKG000005000,815743,2014-08-25 14:40:02,paypal,failed,3DS_FAILED,1171.46,USD,desktop,66,8267
PAY000005001,BKG000005001,226910,2014-05-09 10:45:29,credit_card,success,NONE,314.12,USD,desktop,66,35452
PAY000005002,BKG000005002,161485,2013-10-14 23:36:59,credit_card,success,NONE,250.48,USD,desktop,66,12199
PAY000005003,BKG000005003,968149,2013-02-04 14:46:55,debit_card,success,NONE,881.33,USD,desktop,66,21895
PAY000005004,BKG000005004,1062024,2013-04-09 20:22:40,debit_card,success,NONE,270.56,USD,desktop,66,8216
PAY000005005,BKG000005005,614902,2013-10-20 17:45:39,credit_card,success,NONE,906.56,USD,desktop,66,12132
PAY000005006,BKG000005006,407233,2014-02-06 22:47:40,google_pay,success,NONE,242.48,USD,desktop,66,12715
PAY000005007,BKG000005007,876575,2013-01-22 17:25:26,google_pay,success,NONE,441.22,USD,desktop,66,8266
PAY000005008,BKG000005008,831288,2014-09-29 09:08:55,debit_card,success,NONE,274.93,USD,desktop,66,8260
PAY000005009,BKG000005009,463179,2014-11-17 20:08:45,credit_card,success,NONE,835.49,USD,desktop,1,8221
PAY000005010,BKG000005010,894745,2013-02-05 23:12:52,credit_card,success,NONE,548.82,USD,desktop,66,26357
PAY000005011,BKG000005011,1065736,2013-04-09 18:43:05,paypal,success,NONE,398.25,EUR,mobile,70,18569
PAY000005012,BKG000005012,1065736,2013-04-09 17:09:05,credit_card,success,NONE,421.57,EUR,mobile,70,18569
PAY000005013,BKG000005013,1065736,2013-04-09 17:33:05,credit_card,success,NONE,551.39,EUR,mobile,70,18569
PAY000005014,BKG000005014,746238,2014-09-09 18:50:46,debit_card,success,NONE,262.08,USD,desktop,27,12225
PAY000005015,BKG000005015,942572,2013-06-11 16:32:10,paypal,success,NONE,297.87,USD,desktop,205,613
PAY000005016,BKG000005016,813517,2013-06-19 00:23:06,credit_card,success,NONE,165.71,USD,desktop,66,1493
PAY000005017,BKG000005017,341798,2014-08-07 18:53:13,debit_card,success,NONE,240.24,USD,desktop,205,41554
PAY000005018,BKG000005018,39380,2014-08-21 20:43:03,paypal,success,NONE,230.56,USD,mobile,69,17886
PAY000005019,BKG000005019,423619,2014-06-19 22:06:06,credit_card,success,NONE,603.52,USD,desktop,66,26601
PAY000005020,BKG000005020,786525,2014-08-02 14:13:31,credit_card,failed,AUTH_TIMEOUT,124.94,USD,desktop,66,12575
PAY000005021,BKG000005021,979783,2014-08-10 19:27:21,credit_card,success,NONE,372.3,USD,desktop,1,25561
PAY000005022,BKG000005022,356218,2014-04-16 02:44:54,debit_card,success,NONE,431.34,USD,mobile,66,12206
PAY000005023,BKG000005023,683375,2014-12-18 18:30:54,apple_pay,success,NONE,1838.82,USD,desktop,182,952
PAY000005024,BKG000005024,700953,2014-09-19 13:35:36,credit_card,success,NONE,820.23,USD,desktop,66,8810
PAY000005025,BKG000005025,827307,2013-08-04 00:52:26,apple_pay,success,NONE,264.84,USD,desktop,70,8819
PAY000005026,BKG000005026,961175,2014-03-20 20:09:12,credit_card,success,NONE,603.79,USD,desktop,66,14875
PAY000005027,BKG000005027,273290,2013-08-23 09:01:47,debit_card,success,NONE,199.7,USD,desktop,205,9341
PAY000005028,BKG000005028,88281,2014-12-05 10:07:21,debit_card,failed,CARD_DECLINED,690.33,USD,mobile,66,14846
PAY000005029,BKG000005029,447594,2014-06-25 15:18:51,google_pay,success,NONE,162.6,GBP,desktop,77,4688
PAY000005030,BKG000005030,447594,2014-06-25 14:56:51,credit_card,success,NONE,132.0,GBP,desktop,77,4688
PAY000005031,BKG000005031,914037,2013-03-11 21:24:47,bank_transfer,success,NONE,111.75,USD,desktop,66,14797
PAY000005032,BKG000005032,544878,2013-07-25 11:32:45,credit_card,success,NONE,133.91,USD,desktop,205,26023
PAY000005033,BKG000005033,394151,2014-02-17 21:32:45,credit_card,success,NONE,995.22,USD,desktop,66,8817
PAY000005034,BKG000005034,308456,2013-03-20 20:31:23,google_pay,success,NONE,698.52,USD,desktop,215,8216
PAY000005035,BKG000005035,526835,2013-10-04 13:16:03,credit_card,success,NONE,821.23,USD,desktop,1,468
PAY000005036,BKG000005036,560759,2013-06-14 07:55:36,apple_pay,success,NONE,458.31,USD,desktop,66,11337
PAY000005037,BKG000005037,336250,2014-08-22 20:31:28,credit_card,success,NONE,232.0,USD,desktop,66,26940
PAY000005038,BKG000005038,501591,2014-08-15 15:57:26,debit_card,success,NONE,204.19,USD,desktop,205,12654
PAY000005039,BKG000005039,753366,2013-09-04 19:43:15,credit_card,success,NONE,606.41,USD,desktop,69,11643
PAY000005040,BKG000005040,583111,2014-06-01 12:15:14,credit_card,success,NONE,1034.02,USD,mobile,80,9066
PAY000005041,BKG000005041,352600,2014-09-29 15:57:24,bank_transfer,success,NONE,190.06,USD,desktop,66,8815
PAY000005042,BKG000005042,538604,2013-06-12 22:25:32,credit_card,success,NONE,232.94,USD,desktop,66,8820
PAY000005043,BKG000005043,224317,2014-06-22 17:34:51,credit_card,success,NONE,466.81,USD,desktop,66,8232
PAY000005044,BKG000005044,317050,2014-03-08 13:39:43,credit_card,success,NONE,194.95,USD,desktop,66,27606
PAY000005045,BKG000005045,1084677,2014-03-25 16:21:04,paypal,success,NONE,761.79,USD,mobile,188,8814
PAY000005046,BKG000005046,552039,2013-10-28 10:24:13,paypal,success,NONE,148.0,USD,desktop,66,26344
PAY000005047,BKG000005047,572988,2014-08-12 23:43:39,credit_card,success,NONE,309.6,USD,desktop,66,64627
PAY000005048,BKG000005048,105232,2013-03-31 21:42:10,debit_card,success,NONE,223.96,USD,desktop,66,12387
PAY000005049,BKG000005049,343358,2013-03-21 17:52:59,bank_transfer,success,NONE,1115.9,USD,desktop,66,8816
PAY000005050,BKG000005050,83530,2014-12-16 01:30:31,paypal,success,NONE,368.88,EUR,mobile,119,18569
PAY000005051,BKG000005051,696810,2014-06-02 16:19:56,credit_card,success,NONE,380.15,USD,desktop,66,12008
PAY000005052,BKG000005052,288708,2014-08-14 22:16:00,credit_card,success,NONE,446.64,USD,desktop,66,24860
PAY000005053,BKG000005053,288708,2014-08-14 22:26:00,credit_card,success,NONE,547.31,USD,desktop,66,24860
PAY000005054,BKG000005054,534088,2014-09-04 15:54:22,debit_card,success,NONE,312.49,USD,desktop,66,25523
PAY000005055,BKG000005055,695620,2013-08-30 19:15:42,debit_card,success,NONE,578.73,USD,desktop,69,23631
PAY000005056,BKG000005056,358171,2014-08-16 13:53:43,credit_card,success,NONE,3784.31,GBP,desktop,77,8267
PAY000005057,BKG000005057,996312,2014-12-31 21:51:30,debit_card,success,NONE,1020.9,EUR,desktop,3,14908
PAY000005058,BKG000005058,114945,2014-09-18 18:46:30,debit_card,success,NONE,642.99,USD,desktop,66,8791
PAY000005059,BKG000005059,649678,2014-03-05 16:40:54,credit_card,success,NONE,269.44,USD,desktop,66,8275
PAY000005060,BKG000005060,566284,2013-11-24 02:19:02,apple_pay,success,NONE,351.23,USD,desktop,205,8791
PAY000005061,BKG000005061,360278,2013-03-03 15:45:39,bank_transfer,success,NONE,399.64,USD,desktop,149,48970
PAY000005062,BKG000005062,785174,2014-08-13 23:32:12,debit_card,success,NONE,116.66,USD,desktop,215,22219
PAY000005063,BKG000005063,290067,2014-06-05 10:40:13,credit_card,success,NONE,1035.1,USD,desktop,66,8856
PAY000005064,BKG000005064,700219,2014-08-16 21:19:24,paypal,success,NONE,762.26,USD,desktop,46,17563
PAY000005065,BKG000005065,700219,2014-08-16 18:55:24,credit_card,failed,CARD_DECLINED,689.44,USD,desktop,46,17563
PAY000005066,BKG000005066,419671,2014-04-24 21:13:14,bank_transfer,failed,AUTH_TIMEOUT,455.44,USD,mobile,66,26051
PAY000005067,BKG000005067,150766,2013-03-01 10:52:28,apple_pay,success,NONE,140.11,USD,desktop,66,17869
PAY000005068,BKG000005068,274188,2014-05-16 16:49:12,credit_card,success,NONE,244.03,EUR,desktop,3,8241
PAY000005069,BKG000005069,910108,2014-05-01 10:10:18,bank_transfer,success,NONE,218.98,USD,desktop,66,119
PAY000005070,BKG000005070,522978,2014-04-07 10:13:00,credit_card,success,NONE,223.18,USD,desktop,205,17327
PAY000005071,BKG000005071,749612,2014-06-27 00:21:15,bank_transfer,success,NONE,331.6,USD,mobile,66,8278
PAY000005072,BKG000005072,300974,2014-12-05 13:29:30,credit_card,success,NONE,2574.99,EUR,desktop,119,21084
PAY000005073,BKG000005073,643127,2014-04-09 10:07:27,bank_transfer,success,NONE,242.11,USD,desktop,205,11976
PAY000005074,BKG000005074,709550,2013-06-15 11:11:49,credit_card,success,NONE,756.32,USD,mobile,66,8791
PAY000005075,BKG000005075,356426,2013-10-30 15:01:08,debit_card,success,NONE,208.76,USD,mobile,66,12008
PAY000005076,BKG000005076,179256,2014-07-10 13:04:59,credit_card,success,NONE,177.39,USD,desktop,205,45134
PAY000005077,BKG000005077,222073,2014-12-26 23:52:29,debit_card,success,NONE,691.17,USD,desktop,205,8822
PAY000005078,BKG000005078,854355,2013-02-18 17:17:27,apple_pay,success,NONE,245.86,USD,desktop,66,11984
PAY000005079,BKG000005079,400088,2014-11-11 15:32:01,debit_card,success,NONE,922.34,USD,desktop,66,8745
PAY000005080,BKG000005080,558958,2014-05-09 10:46:57,debit_card,success,NONE,521.22,USD,desktop,66,27559
PAY000005081,BKG000005081,823209,2014-04-13 22:56:29,debit_card,success,NONE,184.58,USD,desktop,205,1810
PAY000005082,BKG000005082,496906,2014-12-11 12:50:36,paypal,success,NONE,196.39,USD,desktop,205,26460
PAY000005083,BKG000005083,128160,2014-10-01 17:14:47,google_pay,success,NONE,73.24,USD,desktop,52,8234
PAY000005084,BKG000005084,163194,2014-03-19 21:17:30,debit_card,success,NONE,266.97,USD,desktop,66,12548
PAY000005085,BKG000005085,1000372,2014-07-02 11:22:08,apple_pay,success,NONE,2041.92,USD,desktop,103,18764
PAY000005086,BKG000005086,393648,2014-08-16 14:19:58,credit_card,success,NONE,794.95,EUR,desktop,70,8505
PAY000005087,BKG000005087,145020,2013-12-31 18:22:47,credit_card,success,NONE,225.57,USD,desktop,205,8260
PAY000005088,BKG000005088,605899,2014-04-14 11:31:41,credit_card,success,NONE,237.49,USD,desktop,66,3908
PAY000005089,BKG000005089,20896,2014-10-20 13:48:13,paypal,success,NONE,537.44,USD,desktop,66,21593
PAY000005090,BKG000005090,456081,2014-12-21 19:44:32,debit_card,success,NONE,708.96,USD,desktop,66,11315
PAY000005091,BKG000005091,885733,2013-05-28 17:34:28,paypal,failed,PAYMENT_PROVIDER_ERROR,177.28,USD,desktop,205,8250
PAY000005092,BKG000005092,396781,2014-10-16 12:34:39,credit_card,success,NONE,225.81,USD,desktop,48,8788
PAY000005093,BKG000005093,548329,2014-09-05 17:22:04,paypal,success,NONE,103.11,USD,desktop,66,4492
PAY000005094,BKG000005094,320264,2013-02-19 12:31:49,apple_pay,success,NONE,4435.1,USD,mobile,59,39090
PAY000005095,BKG000005095,958698,2013-04-05 22:32:23,paypal,success,NONE,132.03,USD,desktop,66,12453
PAY000005096,BKG000005096,3300,2014-03-08 02:48:35,paypal,failed,CARD_DECLINED,776.33,EUR,desktop,3,8224
PAY000005097,BKG000005097,131556,2013-03-06 01:26:50,credit_card,success,NONE,343.55,USD,mobile,66,1901
PAY000005098,BKG000005098,109074,2014-09-26 08:03:21,credit_card,failed,3DS_FAILED,199.26,USD,desktop,66,1725
PAY000005099,BKG000005099,995315,2014-07-13 19:34:24,google_pay,success,NONE,122.98,USD,mobile,62,8813
PAY000005100,BKG000005100,466173,2013-03-09 21:18:45,paypal,success,NONE,379.98,EUR,desktop,229,20224
PAY000005101,BKG000005101,595038,2014-01-08 20:14:37,credit_card,success,NONE,143.41,USD,desktop,205,12662
PAY000005102,BKG000005102,683213,2014-11-29 19:06:51,paypal,success,NONE,1396.86,USD,desktop,68,11643
PAY000005103,BKG000005103,1021268,2013-05-29 07:39:27,credit_card,success,NONE,560.5,USD,mobile,66,8251
PAY000005104,BKG000005104,559903,2013-02-11 10:38:47,credit_card,success,NONE,644.16,USD,desktop,66,1744
PAY000005105,BKG000005105,133086,2013-10-17 07:13:48,paypal,success,NONE,175.67,USD,desktop,205,50881
PAY000005106,BKG000005106,115680,2014-06-19 19:53:20,paypal,success,NONE,735.72,USD,desktop,66,42630
PAY000005107,BKG000005107,592879,2014-04-18 23:08:53,credit_card,success,NONE,209.79,USD,mobile,66,44045
PAY000005108,BKG000005108,773412,2014-10-26 09:57:38,credit_card,success,NONE,567.68,USD,desktop,66,8250
PAY000005109,BKG000005109,422114,2013-10-01 16:55:28,bank_transfer,success,NONE,535.63,USD,desktop,32,23025
PAY000005110,BKG000005110,776389,2014-11-25 20:29:09,credit_card,success,NONE,511.5,USD,desktop,66,8250
PAY000005111,BKG000005111,770982,2014-04-16 14:40:50,credit_card,success,NONE,539.53,USD,desktop,66,8233
PAY000005112,BKG000005112,1026535,2014-07-15 18:15:23,credit_card,success,NONE,260.68,USD,desktop,66,3107
PAY000005113,BKG000005113,645163,2014-02-13 15:20:39,bank_transfer,success,NONE,357.26,USD,desktop,66,8213
PAY000005114,BKG000005114,54750,2014-09-07 10:54:54,credit_card,success,NONE,141.69,USD,desktop,69,8745
PAY000005115,BKG000005115,619216,2013-08-19 17:13:41,bank_transfer,success,NONE,210.52,GBP,desktop,195,53932
PAY000005116,BKG000005116,616032,2014-09-19 13:07:52,bank_transfer,success,NONE,167.65,USD,desktop,66,8250
PAY000005117,BKG000005117,898960,2014-10-22 13:34:02,debit_card,failed,CARD_DECLINED,1518.41,USD,desktop,66,53146
PAY000005118,BKG000005118,653827,2014-09-23 13:49:51,credit_card,success,NONE,499.04,USD,desktop,66,8288
PAY000005119,BKG000005119,1067677,2014-03-29 16:05:23,credit_card,success,NONE,433.89,USD,desktop,1,8220
PAY000005120,BKG000005120,522596,2013-03-17 13:37:56,credit_card,success,NONE,140.26,USD,desktop,205,26022
PAY000005121,BKG000005121,537133,2014-10-13 14:06:51,apple_pay,success,NONE,104.36,USD,desktop,66,8741
PAY000005122,BKG000005122,144220,2013-02-13 20:04:30,credit_card,success,NONE,366.66,USD,desktop,66,8250
PAY000005123,BKG000005123,826848,2014-11-13 20:48:16,credit_card,success,NONE,366.75,USD,desktop,66,11923
PAY000005124,BKG000005124,484205,2014-10-29 04:14:08,bank_transfer,success,NONE,390.44,USD,desktop,66,8273
PAY000005125,BKG000005125,384804,2013-04-01 11:53:29,credit_card,success,NONE,134.12,USD,desktop,66,21264
PAY000005126,BKG000005126,852573,2014-06-24 18:46:01,credit_card,success,NONE,211.92,USD,mobile,66,12466
PAY000005127,BKG000005127,1155930,2014-10-02 22:39:42,apple_pay,success,NONE,171.35,EUR,desktop,3,8250
PAY000005128,BKG000005128,13210,2013-01-24 19:05:12,credit_card,success,NONE,193.64,EUR,desktop,3,12209
PAY000005129,BKG000005129,1147643,2014-04-17 09:53:34,credit_card,success,NONE,747.01,USD,desktop,66,28443
PAY000005130,BKG000005130,272005,2014-10-06 19:49:14,debit_card,success,NONE,250.01,USD,desktop,66,26943
PAY000005131,BKG000005131,1182326,2014-06-16 21:16:59,apple_pay,success,NONE,136.12,USD,desktop,66,8254
PAY000005132,BKG000005132,709576,2014-02-12 07:25:38,apple_pay,failed,CARD_DECLINED,765.19,USD,desktop,66,8791
PAY000005133,BKG000005133,763946,2014-02-27 17:57:41,paypal,success,NONE,231.03,USD,desktop,66,8218
PAY000005134,BKG000005134,1124222,2013-02-02 12:33:51,debit_card,success,NONE,269.27,USD,desktop,66,25032
PAY000005135,BKG000005135,486773,2013-04-22 21:46:55,credit_card,success,NONE,359.44,EUR,desktop,167,43150
PAY000005136,BKG000005136,1097649,2014-05-26 02:23:41,credit_card,success,NONE,155.69,USD,desktop,205,55658
PAY000005137,BKG000005137,966553,2014-09-09 10:08:41,bank_transfer,success,NONE,277.1,USD,desktop,66,11924
PAY000005138,BKG000005138,960241,2014-11-30 04:12:57,apple_pay,success,NONE,186.82,USD,desktop,46,4284
PAY000005139,BKG000005139,1131042,2014-09-29 09:45:25,google_pay,success,NONE,207.16,USD,desktop,66,12132
PAY000005140,BKG000005140,148533,2014-10-16 11:28:37,debit_card,success,NONE,848.52,USD,desktop,205,7635
PAY000005141,BKG000005141,10131,2013-01-08 01:08:50,debit_card,success,NONE,414.32,EUR,desktop,66,12823
PAY000005142,BKG000005142,62163,2014-07-17 11:10:40,credit_card,success,NONE,180.69,USD,desktop,66,8847
PAY000005143,BKG000005143,1098924,2014-01-30 16:30:50,credit_card,success,NONE,161.94,USD,desktop,66,8233
PAY000005144,BKG000005144,694869,2013-07-22 18:04:34,credit_card,success,NONE,802.65,USD,mobile,66,21405
PAY000005145,BKG000005145,565982,2013-10-28 08:49:56,bank_transfer,success,NONE,1379.97,USD,desktop,182,8268
PAY000005146,BKG000005146,976166,2014-04-09 12:03:19,debit_card,success,NONE,239.38,USD,desktop,66,8274
PAY000005147,BKG000005147,844240,2014-07-24 09:39:20,credit_card,success,NONE,185.75,USD,desktop,66,11921
PAY000005148,BKG000005148,169542,2014-03-13 13:28:43,google_pay,failed,INSUFFICIENT_FUNDS,196.73,USD,desktop,66,12261
PAY000005149,BKG000005149,213314,2014-09-04 17:20:00,apple_pay,failed,CARD_DECLINED,167.35,USD,desktop,69,8788
PAY000005150,BKG000005150,987003,2014-01-21 12:33:56,bank_transfer,success,NONE,1582.35,USD,desktop,63,8272
PAY000005151,BKG000005151,302615,2014-08-22 02:13:44,credit_card,failed,INSUFFICIENT_FUNDS,403.47,USD,mobile,85,64167
PAY000005152,BKG000005152,1196959,2013-07-20 12:49:56,paypal,success,NONE,255.93,USD,desktop,1,23684
PAY000005153,BKG000005153,890529,2014-10-01 14:40:28,credit_card,success,NONE,203.92,USD,desktop,66,8747
PAY000005154,BKG000005154,159042,2014-07-29 13:31:15,apple_pay,failed,INSUFFICIENT_FUNDS,197.72,USD,desktop,66,21572
PAY000005155,BKG000005155,804167,2014-08-31 04:48:21,google_pay,success,NONE,515.24,USD,mobile,119,12795
PAY000005156,BKG000005156,662406,2014-07-09 18:20:59,credit_card,failed,CARD_DECLINED,1150.22,USD,desktop,66,12228
PAY000005157,BKG000005157,718528,2014-02-12 01:22:15,credit_card,success,NONE,532.2,USD,desktop,66,268
PAY000005158,BKG000005158,757794,2014-08-09 01:45:17,credit_card,success,NONE,616.56,EUR,desktop,3,1072
PAY000005159,BKG000005159,1022480,2014-09-10 18:12:31,bank_transfer,success,NONE,599.77,USD,desktop,66,8230
PAY000005160,BKG000005160,559176,2014-07-03 18:25:19,google_pay,success,NONE,194.3,USD,mobile,66,8250
PAY000005161,BKG000005161,499033,2013-10-01 15:59:54,credit_card,success,NONE,120.13,USD,desktop,1,18046
PAY000005162,BKG000005162,889403,2013-11-10 17:28:53,credit_card,success,NONE,443.12,USD,desktop,66,8268
PAY000005163,BKG000005163,446707,2014-11-23 20:56:40,credit_card,success,NONE,440.03,USD,desktop,66,8223
PAY000005164,BKG000005164,1135286,2013-12-29 11:16:32,debit_card,success,NONE,207.1,USD,desktop,215,12696
PAY000005165,BKG000005165,855969,2013-01-30 22:51:02,credit_card,success,NONE,609.01,USD,desktop,66,8272
PAY000005166,BKG000005166,1157123,2013-09-13 17:09:43,paypal,success,NONE,213.46,USD,desktop,69,45032
PAY000005167,BKG000005167,1169226,2013-09-20 01:42:07,credit_card,success,NONE,302.99,EUR,mobile,3,8282
PAY000005168,BKG000005168,1122756,2014-04-01 13:33:37,credit_card,success,NONE,235.76,USD,desktop,66,25803
PAY000005169,BKG000005169,806485,2013-04-12 19:24:46,credit_card,success,NONE,229.38,USD,mobile,66,17563
PAY000005170,BKG000005170,500898,2014-08-11 05:36:41,credit_card,success,NONE,246.66,USD,mobile,69,11940
PAY000005171,BKG000005171,39064,2014-12-01 18:46:32,paypal,success,NONE,77.34,USD,desktop,66,27279
PAY000005172,BKG000005172,1130028,2014-12-23 22:55:48,paypal,success,NONE,440.21,EUR,desktop,167,8279
PAY000005173,BKG000005173,356316,2014-12-16 07:44:22,credit_card,success,NONE,119.18,USD,desktop,66,64627
PAY000005174,BKG000005174,448768,2014-10-14 11:37:46,debit_card,success,NONE,168.23,USD,desktop,1,53920
PAY000005175,BKG000005175,75798,2014-06-11 10:43:04,credit_card,success,NONE,394.5,USD,desktop,66,24374
PAY000005176,BKG000005176,534251,2014-11-24 14:24:18,paypal,success,NONE,132.42,USD,desktop,205,25965
PAY000005177,BKG000005177,1076135,2013-03-16 12:24:43,credit_card,success,NONE,1670.01,USD,desktop,66,49086
PAY000005178,BKG000005178,206637,2013-08-13 05:21:47,paypal,success,NONE,243.8,USD,desktop,66,9147
PAY000005179,BKG000005179,618329,2014-01-08 15:33:23,credit_card,success,NONE,442.6,GBP,desktop,77,8745
PAY000005180,BKG000005180,407794,2014-04-16 11:07:40,credit_card,success,NONE,158.36,USD,desktop,66,8277
PAY000005181,BKG000005181,336500,2014-02-23 07:34:08,bank_transfer,success,NONE,210.13,USD,desktop,66,8267
PAY000005182,BKG000005182,475263,2014-12-05 22:51:12,bank_transfer,failed,3DS_FAILED,343.99,USD,desktop,66,11924
PAY000005183,BKG000005183,488785,2014-12-29 22:35:34,debit_card,failed,AUTH_TIMEOUT,417.93,USD,desktop,66,12654
PAY000005184,BKG000005184,491486,2014-07-25 16:40:11,credit_card,success,NONE,271.47,USD,desktop,205,8811
PAY000005185,BKG000005185,915316,2014-06-09 17:10:51,debit_card,success,NONE,875.04,USD,desktop,93,874
PAY000005186,BKG000005186,659584,2013-06-13 01:17:38,credit_card,success,NONE,254.83,USD,desktop,198,25658
PAY000005187,BKG000005187,324233,2013-04-14 12:22:46,credit_card,success,NONE,158.16,USD,desktop,205,26023
PAY000005188,BKG000005188,367249,2014-08-21 21:07:17,debit_card,success,NONE,196.5,USD,desktop,133,8407
PAY000005189,BKG000005189,1055524,2014-01-30 06:10:46,credit_card,success,NONE,178.05,USD,desktop,66,17859
PAY000005190,BKG000005190,135575,2014-06-04 11:40:51,debit_card,success,NONE,781.71,USD,desktop,66,12603
PAY000005191,BKG000005191,1111038,2014-01-02 18:50:25,debit_card,success,NONE,263.15,USD,desktop,66,9068
PAY000005192,BKG000005192,181727,2013-07-24 19:30:47,credit_card,success,NONE,336.19,USD,desktop,66,35991
PAY000005193,BKG000005193,1022161,2014-04-25 23:03:32,credit_card,failed,CARD_DECLINED,2195.18,USD,desktop,205,8279
PAY000005194,BKG000005194,1162142,2014-11-29 17:45:40,credit_card,success,NONE,852.55,USD,desktop,235,44281
PAY000005195,BKG000005195,841563,2013-06-06 00:56:18,bank_transfer,success,NONE,534.68,USD,desktop,66,8254
PAY000005196,BKG000005196,1130741,2013-04-26 17:28:23,credit_card,success,NONE,214.45,USD,desktop,66,53466
PAY000005197,BKG000005197,223221,2013-05-15 23:50:54,credit_card,failed,CARD_DECLINED,188.39,USD,desktop,5,21632
PAY000005198,BKG000005198,110572,2013-03-04 21:35:01,apple_pay,success,NONE,725.1,USD,desktop,66,8791
PAY000005199,BKG000005199,195862,2013-04-09 18:06:15,paypal,success,NONE,124.0,USD,desktop,205,8289
PAY000005200,BKG000005200,298645,2013-12-25 16:18:37,credit_card,success,NONE,543.57,USD,desktop,205,42630
PAY000005201,BKG000005201,825683,2014-10-29 18:57:50,credit_card,success,NONE,329.8,USD,desktop,69,8614
PAY000005202,BKG000005202,235482,2014-03-11 00:07:25,debit_card,success,NONE,1391.61,USD,desktop,68,8267
PAY000005203,BKG000005203,698813,2014-02-17 13:04:54,credit_card,failed,INSUFFICIENT_FUNDS,227.25,USD,desktop,46,9842
PAY000005204,BKG000005204,623026,2014-12-27 03:01:45,debit_card,success,NONE,463.8,USD,desktop,66,1531
PAY000005205,BKG000005205,778132,2013-06-16 09:24:53,google_pay,success,NONE,1620.78,USD,mobile,66,8279
PAY000005206,BKG000005206,143166,2014-03-21 08:03:28,paypal,failed,INSUFFICIENT_FUNDS,1418.98,USD,mobile,66,16864
PAY000005207,BKG000005207,463499,2014-06-16 17:51:12,debit_card,success,NONE,782.48,USD,mobile,209,12057
PAY000005208,BKG000005208,550504,2013-08-28 18:54:21,google_pay,success,NONE,696.1,USD,desktop,66,7635
PAY000005209,BKG000005209,486878,2014-02-17 18:26:51,apple_pay,failed,3DS_FAILED,143.4,USD,desktop,66,12319
PAY000005210,BKG000005210,217943,2014-09-08 00:38:42,debit_card,success,NONE,443.61,USD,mobile,66,8855
PAY000005211,BKG000005211,1146381,2014-04-19 17:50:33,apple_pay,success,NONE,134.79,USD,mobile,205,11951
PAY000005212,BKG000005212,1087534,2014-03-26 20:50:04,paypal,failed,CARD_DECLINED,1574.26,USD,desktop,66,8268
PAY000005213,BKG000005213,821014,2013-09-01 12:52:36,apple_pay,success,NONE,297.3,USD,desktop,205,22270
PAY000005214,BKG000005214,1149199,2014-02-28 22:41:36,credit_card,success,NONE,1394.43,USD,mobile,66,8268
PAY000005215,BKG000005215,641766,2013-05-11 02:44:34,credit_card,success,NONE,137.41,USD,desktop,63,25972
PAY000005216,BKG000005216,315289,2014-05-14 21:46:15,paypal,success,NONE,1205.85,USD,desktop,3,23541
PAY000005217,BKG000005217,1182358,2013-07-06 01:23:05,credit_card,success,NONE,210.46,EUR,desktop,3,12000
PAY000005218,BKG000005218,728480,2014-03-10 18:44:53,debit_card,failed,INSUFFICIENT_FUNDS,518.24,USD,desktop,1,8745
PAY000005219,BKG000005219,45512,2014-02-26 20:37:56,bank_transfer,success,NONE,1408.16,USD,desktop,66,8791
PAY000005220,BKG000005220,777629,2013-03-05 09:28:02,paypal,success,NONE,248.03,USD,desktop,205,8267
PAY000005221,BKG000005221,894372,2013-06-25 15:34:56,credit_card,success,NONE,2224.87,USD,desktop,66,8250
PAY000005222,BKG000005222,793064,2013-09-13 14:01:54,credit_card,success,NONE,230.38,USD,desktop,66,27348
PAY000005223,BKG000005223,797573,2014-06-08 13:23:39,debit_card,success,NONE,194.41,EUR,desktop,0,22402
PAY000005224,BKG000005224,444160,2014-06-22 15:58:18,credit_card,success,NONE,248.45,EUR,desktop,3,8279
PAY000005225,BKG000005225,384932,2014-02-12 15:43:26,debit_card,success,NONE,82.0,USD,desktop,66,8254
PAY000005226,BKG000005226,1104970,2014-04-14 17:44:20,paypal,success,NONE,433.18,USD,desktop,55,8245
PAY000005227,BKG000005227,1173353,2014-12-16 16:15:22,google_pay,failed,INSUFFICIENT_FUNDS,147.26,USD,desktop,66,8278
PAY000005228,BKG000005228,534337,2014-07-16 18:50:10,credit_card,success,NONE,3591.85,USD,desktop,235,17584
PAY000005229,BKG000005229,205056,2014-04-09 14:14:29,credit_card,success,NONE,388.82,USD,mobile,66,16883
PAY000005230,BKG000005230,867354,2014-12-09 10:28:31,bank_transfer,success,NONE,265.94,USD,desktop,66,25588
PAY000005231,BKG000005231,679990,2014-12-03 11:22:26,credit_card,success,NONE,227.02,USD,desktop,66,8793
PAY000005232,BKG000005232,26700,2014-03-09 21:45:43,paypal,success,NONE,125.63,USD,desktop,66,25331
PAY000005233,BKG000005233,946716,2013-04-02 21:54:32,paypal,success,NONE,820.34,USD,mobile,66,8279
PAY000005234,BKG000005234,401113,2014-05-15 17:07:03,bank_transfer,success,NONE,133.9,USD,desktop,66,8254
PAY000005235,BKG000005235,1022128,2014-02-05 18:28:33,google_pay,success,NONE,116.86,USD,desktop,205,1891
PAY000005236,BKG000005236,247210,2014-08-23 16:29:21,debit_card,success,NONE,196.7,GBP,desktop,77,12246
PAY000005237,BKG000005237,764603,2014-06-23 09:28:02,credit_card,success,NONE,1779.13,USD,mobile,230,8260
PAY000005238,BKG000005238,1044794,2014-01-14 12:18:44,credit_card,success,NONE,200.57,USD,desktop,1,8797
PAY000005239,BKG000005239,755089,2014-04-17 01:51:55,credit_card,success,NONE,258.26,EUR,desktop,3,8215
PAY000005240,BKG000005240,1011683,2014-01-25 14:36:14,credit_card,success,NONE,1198.61,USD,desktop,71,8230
PAY000005241,BKG000005241,164314,2014-06-07 07:52:29,apple_pay,success,NONE,154.36,USD,desktop,66,22238
PAY000005242,BKG000005242,513944,2013-02-06 19:43:08,credit_card,success,NONE,394.62,USD,desktop,66,8230
PAY000005243,BKG000005243,747550,2014-11-25 23:12:49,google_pay,success,NONE,199.8,USD,desktop,173,8263
PAY000005244,BKG000005244,670538,2013-10-23 23:10:48,debit_card,failed,CARD_DECLINED,188.54,USD,desktop,66,8857
PAY000005245,BKG000005245,399974,2014-05-22 17:30:40,paypal,success,NONE,1438.71,USD,desktop,66,12057
PAY000005246,BKG000005246,782904,2014-10-04 23:01:51,google_pay,success,NONE,272.47,EUR,desktop,3,8741
PAY000005247,BKG000005247,332616,2013-02-14 11:44:38,debit_card,success,NONE,188.12,USD,desktop,69,8224
PAY000005248,BKG000005248,433862,2014-10-06 15:40:51,credit_card,success,NONE,279.35,USD,desktop,66,1066
PAY000005249,BKG000005249,1157590,2014-05-19 13:50:16,credit_card,failed,PAYMENT_PROVIDER_ERROR,143.56,USD,desktop,66,12402
PAY000005250,BKG000005250,518650,2014-01-29 16:55:12,apple_pay,success,NONE,223.15,USD,desktop,66,8238
PAY000005251,BKG000005251,265249,2014-07-05 09:40:45,credit_card,success,NONE,338.53,USD,mobile,66,8215
PAY000005252,BKG000005252,117241,2014-04-11 02:26:21,apple_pay,success,NONE,1096.51,GBP,desktop,77,11815
PAY000005253,BKG000005253,1041559,2014-04-30 00:34:43,credit_card,success,NONE,272.7,USD,desktop,119,8242
PAY000005254,BKG000005254,107474,2013-07-31 11:31:13,credit_card,success,NONE,295.48,USD,desktop,66,8827
PAY000005255,BKG000005255,46825,2014-03-13 15:10:50,apple_pay,success,NONE,221.87,USD,desktop,66,12514
PAY000005256,BKG000005256,232262,2014-01-27 06:56:01,paypal,success,NONE,922.82,USD,desktop,80,8156
PAY000005257,BKG000005257,951183,2014-09-17 05:30:09,paypal,failed,3DS_FAILED,132.56,EUR,desktop,3,20408
PAY000005258,BKG000005258,1058462,2013-06-12 16:55:10,paypal,success,NONE,265.3,USD,desktop,66,1031
PAY000005259,BKG000005259,96102,2014-03-26 22:57:15,google_pay,failed,AUTH_TIMEOUT,115.54,USD,desktop,205,26428
PAY000005260,BKG000005260,630144,2013-07-08 20:20:42,credit_card,success,NONE,670.8,USD,desktop,66,8250
PAY000005261,BKG000005261,489753,2014-09-18 18:16:39,debit_card,success,NONE,4108.59,USD,desktop,66,7635
PAY000005262,BKG000005262,639496,2014-07-13 15:45:47,debit_card,success,NONE,300.4,USD,desktop,66,19535
PAY000005263,BKG000005263,716714,2014-03-27 14:08:20,credit_card,success,NONE,179.96,USD,desktop,66,12266
PAY000005264,BKG000005264,203489,2014-07-06 20:24:37,credit_card,success,NONE,254.53,USD,desktop,205,20922
PAY000005265,BKG000005265,488445,2014-03-11 00:45:59,credit_card,success,NONE,1535.02,USD,desktop,66,18881
PAY000005266,BKG000005266,617806,2013-04-12 23:30:27,google_pay,success,NONE,198.9,GBP,desktop,133,21124
PAY000005267,BKG000005267,51160,2014-09-23 21:56:38,debit_card,success,NONE,1315.54,USD,desktop,66,8253
PAY000005268,BKG000005268,206829,2014-09-01 19:58:03,apple_pay,success,NONE,432.73,USD,desktop,215,6568
PAY000005269,BKG000005269,646150,2014-09-18 22:32:20,debit_card,success,NONE,188.98,USD,desktop,205,12650
PAY000005270,BKG000005270,979721,2013-01-25 16:30:40,apple_pay,failed,3DS_FAILED,221.99,USD,desktop,66,12756
PAY000005271,BKG000005271,34232,2013-08-19 19:04:56,google_pay,success,NONE,487.98,USD,desktop,66,25327
PAY000005272,BKG000005272,241055,2014-10-02 12:02:03,paypal,success,NONE,235.09,USD,desktop,66,8267
PAY000005273,BKG000005273,893173,2013-02-23 19:33:16,bank_transfer,success,NONE,516.06,USD,desktop,66,42630
PAY000005274,BKG000005274,763623,2014-11-17 14:04:02,google_pay,success,NONE,1289.47,USD,desktop,69,12687
PAY000005275,BKG000005275,198104,2013-01-23 00:57:23,bank_transfer,success,NONE,279.75,USD,desktop,66,12826
PAY000005276,BKG000005276,390779,2014-12-01 20:18:23,debit_card,success,NONE,1529.55,GBP,desktop,77,783
PAY000005277,BKG000005277,418341,2014-04-08 19:04:42,paypal,success,NONE,944.16,USD,desktop,66,8273
PAY000005278,BKG000005278,79655,2014-01-03 14:07:21,debit_card,success,NONE,265.17,USD,desktop,79,468
PAY000005279,BKG000005279,795453,2013-12-16 22:53:03,credit_card,success,NONE,197.58,USD,desktop,66,8793
PAY000005280,BKG000005280,1177277,2013-10-24 16:35:39,debit_card,success,NONE,379.22,EUR,desktop,3,12375
PAY000005281,BKG000005281,3672,2014-06-11 12:33:52,credit_card,success,NONE,198.16,USD,desktop,66,17845
PAY000005282,BKG000005282,1086618,2014-07-17 13:05:07,google_pay,success,NONE,373.06,EUR,desktop,119,8818
PAY000005283,BKG000005283,912239,2014-06-24 19:37:04,paypal,success,NONE,139.05,EUR,desktop,194,12598
PAY000005284,BKG000005284,1014723,2014-05-25 22:24:39,apple_pay,success,NONE,1468.37,GBP,desktop,77,8268
PAY000005285,BKG000005285,582721,2013-03-12 15:17:21,google_pay,success,NONE,162.18,USD,desktop,66,8243
PAY000005286,BKG000005286,590466,2013-05-02 00:08:02,paypal,success,NONE,189.72,USD,desktop,66,7658
PAY000005287,BKG000005287,30187,2014-12-24 13:43:02,debit_card,success,NONE,991.16,USD,desktop,66,1398
PAY000005288,BKG000005288,270761,2014-11-28 10:46:59,credit_card,success,NONE,1185.83,USD,desktop,66,12267
PAY000005289,BKG000005289,810483,2014-08-13 20:20:15,debit_card,success,NONE,86.03,USD,desktop,205,25928
PAY000005290,BKG000005290,875345,2013-01-23 23:12:02,credit_card,failed,INSUFFICIENT_FUNDS,784.0,USD,desktop,66,8225
PAY000005291,BKG000005291,721392,2014-09-18 10:37:09,credit_card,success,NONE,1168.66,USD,desktop,66,11353
PAY000005292,BKG000005292,847860,2014-05-16 17:51:15,credit_card,success,NONE,217.36,USD,desktop,66,21872
PAY000005293,BKG000005293,1012224,2014-09-05 12:39:21,paypal,success,NONE,158.73,USD,desktop,215,1068
PAY000005294,BKG000005294,791308,2014-08-08 20:39:05,debit_card,success,NONE,928.44,USD,desktop,66,27182
PAY000005295,BKG000005295,799336,2014-08-09 18:28:05,apple_pay,success,NONE,451.4,USD,desktop,205,5649
PAY000005296,BKG000005296,515906,2014-11-22 18:35:49,credit_card,success,NONE,717.1,EUR,desktop,194,12544
PAY000005297,BKG000005297,818515,2013-02-18 13:50:09,credit_card,success,NONE,526.96,USD,desktop,66,12206
PAY000005298,BKG000005298,408821,2013-05-05 22:59:23,debit_card,failed,PAYMENT_PROVIDER_ERROR,853.07,USD,desktop,66,8745
PAY000005299,BKG000005299,269931,2014-11-12 16:38:36,google_pay,success,NONE,192.59,USD,desktop,66,28891
PAY000005300,BKG000005300,1019004,2014-08-20 18:29:49,paypal,success,NONE,651.57,USD,desktop,66,8259
PAY000005301,BKG000005301,808778,2014-06-25 09:32:49,apple_pay,success,NONE,404.75,USD,desktop,66,15304
PAY000005302,BKG000005302,305701,2013-08-18 02:28:01,google_pay,success,NONE,526.26,USD,desktop,191,8851
PAY000005303,BKG000005303,165003,2014-03-20 08:59:10,debit_card,success,NONE,1118.8,USD,desktop,32,27147
PAY000005304,BKG000005304,694063,2013-06-25 16:45:15,credit_card,success,NONE,253.76,USD,desktop,205,14875
PAY000005305,BKG000005305,554744,2014-04-23 22:29:56,credit_card,success,NONE,268.6,USD,desktop,205,13140
PAY000005306,BKG000005306,650681,2013-07-04 22:34:39,debit_card,success,NONE,110.08,USD,desktop,69,26023
PAY000005307,BKG000005307,1123458,2014-09-23 17:13:51,credit_card,success,NONE,215.64,USD,desktop,66,8214
PAY000005308,BKG000005308,1014429,2013-07-26 16:13:19,debit_card,success,NONE,464.29,EUR,desktop,0,30232
PAY000005309,BKG000005309,774462,2014-08-12 13:44:22,paypal,success,NONE,133.29,USD,desktop,66,9147
PAY000005310,BKG000005310,1045197,2014-09-20 14:57:32,debit_card,failed,CARD_DECLINED,91.23,USD,desktop,66,24970
PAY000005311,BKG000005311,53135,2013-11-07 14:24:43,apple_pay,success,NONE,347.03,USD,desktop,205,26414
PAY000005312,BKG000005312,138413,2013-08-07 11:46:52,credit_card,success,NONE,322.55,USD,desktop,69,22688
PAY000005313,BKG000005313,28637,2014-09-21 17:48:05,debit_card,success,NONE,143.54,USD,desktop,66,14803
PAY000005314,BKG000005314,213314,2013-09-06 19:50:36,debit_card,success,NONE,1071.67,USD,desktop,69,8267
PAY000005315,BKG000005315,759468,2013-01-15 19:26:10,credit_card,success,NONE,485.24,USD,desktop,69,24234
PAY000005316,BKG000005316,1184587,2014-06-03 22:34:34,debit_card,failed,CARD_DECLINED,377.95,USD,desktop,66,24374
PAY000005317,BKG000005317,897473,2014-12-24 17:23:46,apple_pay,success,NONE,305.69,USD,desktop,205,8287
PAY000005318,BKG000005318,133808,2014-06-16 13:45:12,credit_card,success,NONE,459.51,USD,desktop,205,11976
PAY000005319,BKG000005319,893461,2013-09-09 07:36:06,bank_transfer,success,NONE,701.26,USD,desktop,66,11353
PAY000005320,BKG000005320,762243,2014-03-26 02:54:26,debit_card,success,NONE,526.09,USD,desktop,205,60770
PAY000005321,BKG000005321,359264,2013-03-13 17:09:20,paypal,success,NONE,115.84,USD,desktop,66,12690
PAY000005322,BKG000005322,759558,2014-07-26 03:34:44,bank_transfer,success,NONE,217.11,USD,desktop,46,18633
PAY000005323,BKG000005323,1064807,2013-08-14 14:13:41,google_pay,success,NONE,308.99,USD,desktop,66,792
PAY000005324,BKG000005324,776963,2014-03-07 14:46:20,credit_card,success,NONE,562.42,USD,desktop,205,8268
PAY000005325,BKG000005325,1182371,2014-06-29 21:52:45,apple_pay,success,NONE,296.66,EUR,desktop,3,8245
PAY000005326,BKG000005326,115412,2013-06-27 14:03:02,debit_card,success,NONE,135.63,USD,desktop,66,8278
PAY000005327,BKG000005327,674862,2014-08-15 10:30:58,credit_card,success,NONE,773.39,USD,desktop,66,8272
PAY000005328,BKG000005328,739984,2014-11-28 21:47:28,credit_card,success,NONE,583.0,USD,desktop,69,8242
PAY000005329,BKG000005329,454402,2014-09-02 13:57:29,paypal,success,NONE,102.79,USD,desktop,66,25693
PAY000005330,BKG000005330,969388,2014-08-10 21:25:46,apple_pay,success,NONE,190.7,USD,desktop,66,23631
PAY000005331,BKG000005331,695264,2013-03-23 14:21:12,credit_card,success,NONE,182.43,USD,desktop,66,12214
PAY000005332,BKG000005332,389857,2014-06-22 21:49:24,paypal,success,NONE,351.54,USD,desktop,66,8250
PAY000005333,BKG000005333,380859,2014-12-04 03:12:23,bank_transfer,success,NONE,131.43,USD,desktop,69,18652
PAY000005334,BKG000005334,888452,2014-03-13 09:30:43,credit_card,success,NONE,90.55,USD,desktop,66,8218
PAY000005335,BKG000005335,96178,2014-03-19 16:55:36,bank_transfer,success,NONE,345.63,USD,desktop,66,8265
PAY000005336,BKG000005336,869001,2014-02-11 20:41:23,apple_pay,failed,3DS_FAILED,209.76,USD,desktop,205,59873
PAY000005337,BKG000005337,1185788,2014-11-20 10:59:16,google_pay,success,NONE,232.78,USD,desktop,191,8289
PAY000005338,BKG000005338,1059841,2014-01-24 16:34:56,paypal,success,NONE,331.77,USD,desktop,66,438
PAY000005339,BKG000005339,717131,2014-09-15 16:36:59,debit_card,success,NONE,115.57,USD,desktop,66,12215
PAY000005340,BKG000005340,164613,2014-07-21 23:22:49,debit_card,success,NONE,181.84,EUR,desktop,119,20227
PAY000005341,BKG000005341,1196884,2014-09-29 19:28:08,bank_transfer,success,NONE,198.08,EUR,desktop,3,20327
PAY000005342,BKG000005342,1196884,2014-09-29 19:35:08,paypal,success,NONE,163.22,EUR,desktop,3,20327
PAY000005343,BKG000005343,778753,2014-11-29 08:13:17,credit_card,success,NONE,364.0,USD,desktop,205,22235
PAY000005344,BKG000005344,968918,2014-08-12 14:54:47,debit_card,success,NONE,194.97,USD,desktop,69,23089
PAY000005345,BKG000005345,1174616,2014-12-15 13:10:35,credit_card,failed,PAYMENT_PROVIDER_ERROR,454.97,USD,desktop,182,8800
PAY000005346,BKG000005346,224452,2013-05-24 11:36:46,debit_card,failed,3DS_FAILED,130.87,EUR,desktop,3,13094
PAY000005347,BKG000005347,940207,2014-11-03 08:29:37,debit_card,success,NONE,336.28,USD,desktop,55,8739
PAY000005348,BKG000005348,390223,2014-10-19 14:18:41,debit_card,success,NONE,444.51,USD,desktop,19,8816
PAY000005349,BKG000005349,991012,2014-11-27 19:44:26,paypal,success,NONE,155.74,EUR,desktop,0,20552
PAY000005350,BKG000005350,688975,2014-04-16 09:43:21,paypal,success,NONE,890.54,USD,mobile,66,8229
PAY000005351,BKG000005351,667440,2014-07-24 15:13:40,credit_card,success,NONE,2459.83,USD,desktop,66,12466
PAY000005352,BKG000005352,689324,2014-01-18 23:31:53,credit_card,success,NONE,166.11,EUR,desktop,70,8220
PAY000005353,BKG000005353,171994,2014-07-02 03:33:46,credit_card,success,NONE,169.3,USD,desktop,133,18495
PAY000005354,BKG000005354,714566,2014-07-10 13:28:25,debit_card,success,NONE,166.69,USD,desktop,205,8788
PAY000005355,BKG000005355,536360,2014-04-04 21:53:12,debit_card,success,NONE,337.29,USD,desktop,69,8745
PAY000005356,BKG000005356,385385,2014-10-15 17:11:08,debit_card,success,NONE,210.03,USD,mobile,66,12905
PAY000005357,BKG000005357,621482,2014-11-11 20:29:22,debit_card,success,NONE,1808.6,USD,desktop,69,8268
PAY000005358,BKG000005358,1171490,2014-06-18 20:27:58,apple_pay,success,NONE,311.47,USD,desktop,66,8250
PAY000005359,BKG000005359,593961,2014-07-20 14:58:37,credit_card,success,NONE,265.8,USD,desktop,141,17823
PAY000005360,BKG000005360,1028053,2014-12-15 15:15:59,credit_card,success,NONE,332.8,USD,desktop,66,12132
PAY000005361,BKG000005361,1114984,2014-03-10 08:59:27,debit_card,success,NONE,167.26,USD,desktop,66,12319
PAY000005362,BKG000005362,440389,2014-12-18 18:22:48,debit_card,success,NONE,1070.83,USD,desktop,66,8250
PAY000005363,BKG000005363,860343,2013-09-02 16:54:02,google_pay,success,NONE,282.01,USD,desktop,205,26022
PAY000005364,BKG000005364,876694,2014-04-12 11:33:15,google_pay,success,NONE,154.07,USD,desktop,66,8828
PAY000005365,BKG000005365,447200,2014-05-30 13:23:29,debit_card,success,NONE,298.62,USD,desktop,66,14875
PAY000005366,BKG000005366,918112,2014-09-27 02:50:47,paypal,success,NONE,1074.22,USD,desktop,69,18483
PAY000005367,BKG000005367,696343,2014-10-10 06:34:06,apple_pay,success,NONE,572.34,USD,desktop,66,1919
PAY000005368,BKG000005368,419073,2014-06-07 20:24:27,paypal,success,NONE,188.29,USD,desktop,205,8254
PAY000005369,BKG000005369,1028351,2014-08-06 11:26:47,paypal,success,NONE,414.67,USD,desktop,66,8747
PAY000005370,BKG000005370,1118416,2013-04-03 22:39:38,credit_card,success,NONE,144.7,USD,desktop,66,8250
PAY000005371,BKG000005371,232344,2013-08-27 11:36:07,credit_card,success,NONE,273.19,USD,desktop,215,1630
PAY000005372,BKG000005372,406042,2014-12-04 19:20:01,debit_card,success,NONE,149.63,USD,desktop,205,6196
PAY000005373,BKG000005373,772233,2013-08-31 00:40:59,credit_card,failed,PAYMENT_PROVIDER_ERROR,456.74,USD,desktop,66,14907
PAY000005374,BKG000005374,1108304,2014-11-03 21:39:09,debit_card,success,NONE,181.31,USD,mobile,205,21442
PAY000005375,BKG000005375,336826,2013-09-04 19:11:13,google_pay,success,NONE,203.74,USD,desktop,31,8821
PAY000005376,BKG000005376,1026623,2013-11-17 23:48:55,paypal,failed,AUTH_TIMEOUT,160.31,USD,desktop,66,3448
PAY000005377,BKG000005377,248078,2014-12-30 01:19:49,credit_card,success,NONE,448.37,EUR,desktop,3,8804
PAY000005378,BKG000005378,539657,2014-04-14 14:07:58,debit_card,success,NONE,1196.2,USD,desktop,66,24322
PAY000005379,BKG000005379,502297,2014-05-12 19:23:21,credit_card,success,NONE,211.92,USD,desktop,66,8267
PAY000005380,BKG000005380,361927,2014-10-23 08:24:58,credit_card,success,NONE,493.28,USD,desktop,66,28582
PAY000005381,BKG000005381,719331,2014-01-28 17:19:30,credit_card,success,NONE,616.03,USD,desktop,69,19819
PAY000005382,BKG000005382,2508,2014-10-06 12:43:59,paypal,success,NONE,473.35,USD,desktop,103,8222
PAY000005383,BKG000005383,804223,2014-06-15 19:18:07,credit_card,success,NONE,392.37,USD,desktop,66,27858
PAY000005384,BKG000005384,207727,2014-11-22 13:07:49,credit_card,success,NONE,326.13,GBP,desktop,77,12206
PAY000005385,BKG000005385,487767,2013-04-08 23:25:42,credit_card,success,NONE,679.35,USD,desktop,69,33520
PAY000005386,BKG000005386,117415,2014-08-13 16:44:04,paypal,success,NONE,307.65,USD,desktop,69,24572
PAY000005387,BKG000005387,1028157,2014-12-08 13:12:39,google_pay,failed,CARD_DECLINED,211.9,USD,desktop,12,41580
PAY000005388,BKG000005388,1195597,2013-02-27 19:41:12,credit_card,success,NONE,1045.37,USD,desktop,55,8213
PAY000005389,BKG000005389,1190600,2013-06-17 05:38:13,credit_card,success,NONE,311.69,EUR,desktop,3,24897
PAY000005390,BKG000005390,849290,2014-06-23 11:31:11,google_pay,success,NONE,179.75,USD,desktop,66,27576
PAY000005391,BKG000005391,1038719,2014-12-31 13:04:39,bank_transfer,success,NONE,232.06,USD,desktop,69,23311
PAY000005392,BKG000005392,1136427,2014-08-30 01:46:44,credit_card,success,NONE,261.49,USD,desktop,66,12008
PAY000005393,BKG000005393,228559,2013-03-17 17:01:32,paypal,success,NONE,157.3,GBP,desktop,77,4736
PAY000005394,BKG000005394,587931,2013-02-27 13:08:43,credit_card,success,NONE,230.58,USD,desktop,66,8229
PAY000005395,BKG000005395,553483,2013-06-19 08:40:34,credit_card,success,NONE,243.02,USD,desktop,66,8268
PAY000005396,BKG000005396,706395,2013-08-30 14:24:43,google_pay,success,NONE,239.7,USD,desktop,66,12231
PAY000005397,BKG000005397,81027,2014-07-01 20:34:33,credit_card,success,NONE,310.97,USD,desktop,66,8287
PAY000005398,BKG000005398,1185196,2013-11-25 20:39:06,paypal,success,NONE,544.76,USD,desktop,46,8746
PAY000005399,BKG000005399,596268,2014-08-15 20:26:21,debit_card,failed,AUTH_TIMEOUT,136.41,USD,desktop,66,975
PAY000005400,BKG000005400,959572,2014-11-16 19:48:57,paypal,success,NONE,193.45,USD,mobile,66,8291
PAY000005401,BKG000005401,464594,2013-07-31 19:40:38,bank_transfer,success,NONE,180.18,USD,mobile,19,11439
PAY000005402,BKG000005402,432915,2014-12-10 03:02:38,credit_card,success,NONE,111.41,USD,desktop,231,8254
PAY000005403,BKG000005403,1122440,2014-12-11 12:16:18,debit_card,success,NONE,196.11,USD,desktop,66,21645
PAY000005404,BKG000005404,193793,2014-08-06 13:50:01,credit_card,success,NONE,1802.0,USD,desktop,66,8250
PAY000005405,BKG000005405,1163713,2014-11-03 15:44:58,apple_pay,failed,AUTH_TIMEOUT,155.33,EUR,mobile,3,8855
PAY000005406,BKG000005406,80846,2013-09-03 12:26:32,apple_pay,success,NONE,538.96,USD,desktop,66,27494
PAY000005407,BKG000005407,1052815,2014-05-11 03:27:07,debit_card,success,NONE,103.68,USD,desktop,0,1741
PAY000005408,BKG000005408,1139591,2014-11-05 16:58:22,apple_pay,success,NONE,196.59,USD,desktop,230,3799
PAY000005409,BKG000005409,610586,2013-04-01 09:59:56,debit_card,failed,CARD_DECLINED,1001.02,USD,desktop,66,5688
PAY000005410,BKG000005410,405322,2014-08-06 12:13:22,google_pay,failed,PAYMENT_PROVIDER_ERROR,162.62,USD,desktop,205,61106
PAY000005411,BKG000005411,635894,2014-06-24 09:12:23,credit_card,success,NONE,1534.95,USD,desktop,66,9250
PAY000005412,BKG000005412,91726,2013-07-26 18:18:28,bank_transfer,success,NONE,135.57,USD,desktop,66,20271
PAY000005413,BKG000005413,84481,2013-02-28 10:21:14,apple_pay,success,NONE,838.33,USD,desktop,66,8250
PAY000005414,BKG000005414,1155608,2014-07-16 22:52:30,paypal,success,NONE,2093.86,EUR,desktop,3,22532
PAY000005415,BKG000005415,189750,2014-08-20 12:23:31,debit_card,success,NONE,232.83,USD,desktop,66,8267
PAY000005416,BKG000005416,1122013,2014-12-28 01:50:37,google_pay,success,NONE,250.45,USD,desktop,66,12669
PAY000005417,BKG000005417,464455,2014-06-10 06:19:46,credit_card,success,NONE,320.96,USD,desktop,28,8785
PAY000005418,BKG000005418,502445,2014-07-10 16:07:59,paypal,success,NONE,350.04,USD,mobile,66,7159
PAY000005419,BKG000005419,929683,2014-07-29 04:36:51,credit_card,success,NONE,145.87,EUR,desktop,3,1156
PAY000005420,BKG000005420,659059,2013-07-05 11:29:36,credit_card,success,NONE,242.17,USD,desktop,66,24482
PAY000005421,BKG000005421,892378,2014-08-15 23:52:00,paypal,success,NONE,420.38,EUR,desktop,23,8803
PAY000005422,BKG000005422,428874,2013-08-10 15:07:40,google_pay,success,NONE,137.44,USD,desktop,66,9524
PAY000005423,BKG000005423,850981,2014-08-08 14:52:15,credit_card,failed,CARD_DECLINED,102.94,USD,desktop,152,18495
PAY000005424,BKG000005424,375910,2013-08-17 18:28:14,credit_card,failed,PAYMENT_PROVIDER_ERROR,143.17,USD,desktop,69,23508
PAY000005425,BKG000005425,440857,2014-04-19 14:15:28,debit_card,success,NONE,233.05,USD,mobile,66,12233
PAY000005426,BKG000005426,1158728,2013-04-02 12:51:54,bank_transfer,success,NONE,530.38,USD,mobile,66,41837
PAY000005427,BKG000005427,986281,2014-10-26 12:28:51,google_pay,success,NONE,286.56,USD,desktop,66,8279
PAY000005428,BKG000005428,353557,2014-11-10 19:27:41,debit_card,success,NONE,207.58,USD,desktop,205,27332
PAY000005429,BKG000005429,829161,2014-05-02 11:19:14,apple_pay,success,NONE,400.98,USD,desktop,205,8270
PAY000005430,BKG000005430,62079,2013-06-23 23:08:24,credit_card,success,NONE,883.33,USD,desktop,66,12233
PAY000005431,BKG000005431,542583,2013-06-12 19:40:30,debit_card,success,NONE,268.45,USD,desktop,66,12225
PAY000005432,BKG000005432,473814,2014-12-21 16:23:44,debit_card,success,NONE,300.71,USD,desktop,66,8230
PAY000005433,BKG000005433,462744,2013-07-11 23:46:48,credit_card,failed,PAYMENT_PROVIDER_ERROR,539.02,USD,desktop,66,1909
PAY000005434,BKG000005434,756832,2013-02-21 22:13:41,debit_card,failed,CARD_DECLINED,178.22,USD,desktop,66,8218
PAY000005435,BKG000005435,882177,2013-04-29 22:50:37,credit_card,success,NONE,164.63,USD,desktop,66,11924
PAY000005436,BKG000005436,863234,2014-09-24 15:13:43,google_pay,success,NONE,594.26,USD,desktop,66,8259
PAY000005437,BKG000005437,744621,2014-03-17 10:07:06,google_pay,success,NONE,1517.08,USD,desktop,66,12273
PAY000005438,BKG000005438,403618,2013-09-22 10:13:57,debit_card,success,NONE,174.41,USD,desktop,66,20090
PAY000005439,BKG000005439,513615,2014-06-28 15:55:45,credit_card,success,NONE,203.19,USD,desktop,66,8272
PAY000005440,BKG000005440,468795,2014-09-20 14:20:08,paypal,success,NONE,639.98,USD,desktop,66,8250
PAY000005441,BKG000005441,468795,2014-09-20 12:13:08,credit_card,success,NONE,669.05,USD,desktop,66,8250
PAY000005442,BKG000005442,287064,2014-06-25 16:22:16,apple_pay,success,NONE,226.29,USD,desktop,66,8233
PAY000005443,BKG000005443,1001024,2014-07-11 22:41:52,credit_card,success,NONE,117.97,USD,desktop,69,23481
PAY000005444,BKG000005444,1158844,2014-11-22 09:00:44,credit_card,success,NONE,155.83,USD,desktop,66,23374
PAY000005445,BKG000005445,737225,2013-04-11 00:14:14,credit_card,success,NONE,132.9,USD,desktop,205,21790
PAY000005446,BKG000005446,200138,2014-04-09 18:07:56,paypal,success,NONE,940.1,USD,desktop,66,8268
PAY000005447,BKG000005447,116704,2014-06-18 16:59:13,bank_transfer,failed,CARD_DECLINED,562.83,USD,desktop,66,22407
PAY000005448,BKG000005448,944335,2014-06-25 10:17:11,credit_card,success,NONE,691.71,USD,desktop,205,8267
PAY000005449,BKG000005449,13605,2013-12-29 14:26:25,credit_card,success,NONE,280.3,EUR,desktop,3,8282
PAY000005450,BKG000005450,24786,2014-10-24 08:45:08,paypal,success,NONE,377.38,USD,desktop,66,60738
PAY000005451,BKG000005451,1179163,2013-02-26 21:24:18,debit_card,success,NONE,581.46,USD,desktop,66,12245
PAY000005452,BKG000005452,817099,2014-04-05 07:20:11,credit_card,failed,INSUFFICIENT_FUNDS,370.98,USD,mobile,66,26485
PAY000005453,BKG000005453,487685,2013-12-14 10:39:20,credit_card,success,NONE,383.29,USD,desktop,19,8816
PAY000005454,BKG000005454,610113,2014-01-22 13:43:50,credit_card,success,NONE,109.38,USD,desktop,66,14041
PAY000005455,BKG000005455,6145,2014-03-14 21:57:12,credit_card,success,NONE,812.37,EUR,mobile,119,4992
PAY000005456,BKG000005456,431137,2014-04-06 20:29:09,debit_card,success,NONE,120.14,USD,mobile,66,11633
PAY000005457,BKG000005457,154652,2014-05-22 20:02:21,google_pay,success,NONE,441.18,USD,desktop,66,8272
PAY000005458,BKG000005458,1176372,2014-07-07 01:55:26,credit_card,success,NONE,720.88,EUR,desktop,3,8407
PAY000005459,BKG000005459,977645,2014-11-21 21:37:35,apple_pay,success,NONE,274.42,GBP,desktop,195,20896
PAY000005460,BKG000005460,253185,2014-10-14 04:01:30,credit_card,success,NONE,765.95,USD,desktop,66,8281
PAY000005461,BKG000005461,876745,2014-01-18 07:08:45,debit_card,success,NONE,1688.81,USD,desktop,66,11439
PAY000005462,BKG000005462,446943,2014-02-11 00:11:39,credit_card,success,NONE,667.72,USD,desktop,46,23841
PAY000005463,BKG000005463,186646,2014-10-21 19:28:23,debit_card,success,NONE,294.89,USD,mobile,205,11361
PAY000005464,BKG000005464,1132748,2014-03-15 14:36:01,bank_transfer,success,NONE,291.63,USD,desktop,205,61702
PAY000005465,BKG000005465,515093,2014-12-25 08:10:56,debit_card,success,NONE,1597.91,USD,desktop,66,12323
PAY000005466,BKG000005466,235838,2014-07-13 03:43:29,apple_pay,failed,CARD_DECLINED,483.8,EUR,desktop,3,8220
PAY000005467,BKG000005467,686790,2013-03-11 19:09:37,paypal,success,NONE,244.99,USD,desktop,69,3668
PAY000005468,BKG000005468,864838,2013-06-10 16:22:03,credit_card,success,NONE,245.66,USD,desktop,215,5405
PAY000005469,BKG000005469,756441,2013-05-13 16:04:25,google_pay,success,NONE,135.46,USD,desktop,66,4400
PAY000005470,BKG000005470,109745,2013-10-17 10:51:09,credit_card,success,NONE,326.95,USD,desktop,66,8244
PAY000005471,BKG000005471,27118,2013-11-13 12:37:45,credit_card,success,NONE,217.31,USD,desktop,205,8785
PAY000005472,BKG000005472,29546,2013-09-20 11:16:02,credit_card,success,NONE,187.0,USD,mobile,66,47649
PAY000005473,BKG000005473,82216,2013-02-21 22:59:11,apple_pay,success,NONE,506.19,USD,desktop,103,12367
PAY000005474,BKG000005474,278157,2014-09-15 23:43:04,credit_card,success,NONE,1504.64,USD,desktop,66,11938
PAY000005475,BKG000005475,17839,2014-11-06 12:40:45,credit_card,success,NONE,122.01,EUR,desktop,3,23507
PAY000005476,BKG000005476,941368,2013-08-26 11:49:06,credit_card,success,NONE,265.16,USD,desktop,205,25954
PAY000005477,BKG000005477,13210,2013-08-18 10:09:05,credit_card,success,NONE,355.27,EUR,mobile,3,12618
PAY000005478,BKG000005478,767592,2013-07-10 10:16:32,credit_card,success,NONE,118.82,USD,desktop,205,8287
PAY000005479,BKG000005479,450339,2013-05-08 12:37:50,debit_card,success,NONE,80.35,USD,desktop,66,1440
PAY000005480,BKG000005480,624693,2014-06-16 11:32:46,credit_card,success,NONE,651.88,USD,desktop,66,9171
PAY000005481,BKG000005481,346714,2013-09-29 17:32:01,credit_card,success,NONE,169.26,USD,desktop,205,14875
PAY000005482,BKG000005482,1164456,2014-01-05 16:34:31,paypal,success,NONE,975.0,USD,desktop,66,12184
PAY000005483,BKG000005483,653749,2013-08-28 16:16:35,debit_card,success,NONE,386.2,USD,desktop,66,8250
PAY000005484,BKG000005484,237932,2014-11-12 12:11:57,paypal,success,NONE,910.43,USD,desktop,66,8791
PAY000005485,BKG000005485,426971,2013-06-15 14:59:01,apple_pay,success,NONE,325.4,USD,desktop,0,8745
PAY000005486,BKG000005486,59546,2014-03-28 15:25:22,credit_card,success,NONE,215.26,USD,desktop,66,560
PAY000005487,BKG000005487,294880,2014-03-22 21:17:50,paypal,success,NONE,208.25,USD,desktop,19,8808
PAY000005488,BKG000005488,975227,2014-04-21 14:49:39,google_pay,success,NONE,1980.19,USD,desktop,66,41681
PAY000005489,BKG000005489,100110,2013-10-23 22:49:32,debit_card,success,NONE,207.47,USD,desktop,66,7331
PAY000005490,BKG000005490,170785,2014-03-17 21:52:36,apple_pay,success,NONE,526.22,USD,desktop,205,8740
PAY000005491,BKG000005491,308049,2014-08-28 03:51:21,debit_card,success,NONE,784.59,USD,desktop,85,8267
PAY000005492,BKG000005492,839895,2014-04-07 18:47:51,bank_transfer,success,NONE,482.53,USD,desktop,66,26114
PAY000005493,BKG000005493,306911,2013-07-31 21:59:11,apple_pay,success,NONE,163.2,USD,desktop,66,23809
PAY000005494,BKG000005494,912021,2014-12-09 13:55:23,credit_card,success,NONE,179.83,USD,desktop,205,27908
PAY000005495,BKG000005495,1082468,2013-01-07 15:45:43,credit_card,success,NONE,222.59,USD,desktop,69,8252
PAY000005496,BKG000005496,1061308,2014-04-11 18:48:08,credit_card,failed,3DS_FAILED,315.73,USD,desktop,69,30337
PAY000005497,BKG000005497,697135,2014-07-19 09:48:28,credit_card,success,NONE,285.48,USD,desktop,66,8276
PAY000005498,BKG000005498,326844,2014-07-03 20:30:13,credit_card,success,NONE,243.59,USD,desktop,69,30337
PAY000005499,BKG000005499,876925,2014-05-21 08:04:43,bank_transfer,success,NONE,3269.52,USD,desktop,205,17595
PAY000005500,BKG000005500,855928,2014-03-04 13:03:53,credit_card,success,NONE,250.94,USD,desktop,24,8252
PAY000005501,BKG000005501,799145,2014-07-01 22:38:03,apple_pay,success,NONE,239.97,USD,desktop,46,48679
PAY000005502,BKG000005502,1169079,2014-08-26 18:11:56,paypal,success,NONE,143.37,EUR,desktop,3,8822
PAY000005503,BKG000005503,427233,2014-03-19 20:49:32,debit_card,success,NONE,686.85,USD,desktop,66,28622
PAY000005504,BKG000005504,641766,2014-03-16 19:55:46,credit_card,success,NONE,152.37,USD,desktop,66,24124
PAY000005505,BKG000005505,428800,2014-10-03 20:30:20,debit_card,success,NONE,168.43,USD,desktop,66,17494
PAY000005506,BKG000005506,747235,2014-05-13 17:41:40,debit_card,success,NONE,147.78,USD,desktop,66,8278
PAY000005507,BKG000005507,910750,2014-08-23 12:59:30,apple_pay,success,NONE,119.6,EUR,desktop,23,14612
PAY000005508,BKG000005508,562930,2013-01-16 06:41:27,debit_card,success,NONE,617.06,USD,desktop,23,8747
PAY000005509,BKG000005509,790575,2013-11-15 13:06:25,credit_card,success,NONE,1394.57,GBP,desktop,77,11815
PAY000005510,BKG000005510,910433,2013-05-18 19:31:47,bank_transfer,success,NONE,273.11,USD,desktop,66,8741
PAY000005511,BKG000005511,726141,2014-01-20 17:00:44,debit_card,success,NONE,956.94,USD,desktop,66,45327
PAY000005512,BKG000005512,186014,2013-09-29 08:06:58,debit_card,success,NONE,249.49,USD,desktop,66,8788
PAY000005513,BKG000005513,966474,2013-06-20 14:56:45,debit_card,success,NONE,1533.94,USD,desktop,69,21529
PAY000005514,BKG000005514,1178470,2014-11-14 21:35:31,credit_card,success,NONE,432.96,USD,desktop,182,8745
PAY000005515,BKG000005515,469677,2014-11-28 09:54:39,paypal,success,NONE,253.07,USD,desktop,66,64627
PAY000005516,BKG000005516,777376,2013-07-21 14:20:13,credit_card,success,NONE,190.38,USD,desktop,32,8273
PAY000005517,BKG000005517,670942,2014-12-05 08:51:38,apple_pay,success,NONE,903.25,USD,desktop,215,21969
PAY000005518,BKG000005518,626907,2014-05-16 18:18:38,credit_card,success,NONE,397.66,USD,desktop,69,8213
PAY000005519,BKG000005519,1095170,2014-11-09 09:36:23,credit_card,success,NONE,427.98,USD,desktop,0,8220
PAY000005520,BKG000005520,139073,2014-12-15 18:03:05,debit_card,success,NONE,188.57,EUR,desktop,119,8242
PAY000005521,BKG000005521,1195516,2013-04-24 11:13:24,paypal,success,NONE,254.56,GBP,desktop,77,8819
PAY000005522,BKG000005522,602771,2013-04-19 16:33:44,bank_transfer,success,NONE,168.98,USD,desktop,66,8254
PAY000005523,BKG000005523,938819,2014-05-26 19:02:34,paypal,success,NONE,325.27,USD,desktop,66,8250
PAY000005524,BKG000005524,791191,2014-09-15 14:21:05,debit_card,success,NONE,189.08,USD,desktop,66,27340
PAY000005525,BKG000005525,202640,2013-11-09 10:34:49,apple_pay,success,NONE,350.48,USD,desktop,12,20209
PAY000005526,BKG000005526,358106,2013-08-30 07:45:12,debit_card,success,NONE,184.89,USD,desktop,205,12175
PAY000005527,BKG000005527,449618,2014-10-27 17:47:49,google_pay,success,NONE,205.42,USD,desktop,66,8214
PAY000005528,BKG000005528,1133606,2014-07-30 02:48:37,credit_card,success,NONE,429.82,USD,desktop,66,48157
PAY000005529,BKG000005529,1004091,2014-05-07 23:01:10,bank_transfer,success,NONE,195.0,USD,desktop,66,8788
PAY000005530,BKG000005530,18106,2013-12-13 15:30:22,bank_transfer,success,NONE,423.85,USD,desktop,66,8793
PAY000005531,BKG000005531,944461,2013-03-19 21:41:26,bank_transfer,success,NONE,152.07,USD,desktop,66,8837
PAY000005532,BKG000005532,23835,2013-12-31 18:02:57,credit_card,success,NONE,239.1,USD,desktop,205,12239
PAY000005533,BKG000005533,348858,2013-09-14 21:13:59,apple_pay,success,NONE,503.02,USD,desktop,66,27819
PAY000005534,BKG000005534,983231,2014-01-21 15:02:56,apple_pay,success,NONE,231.69,USD,desktop,66,12184
PAY000005535,BKG000005535,1194994,2013-08-11 12:13:47,credit_card,success,NONE,500.87,EUR,desktop,3,19776
PAY000005536,BKG000005536,594782,2014-12-09 19:05:00,paypal,success,NONE,434.67,USD,desktop,66,12267
PAY000005537,BKG000005537,639187,2014-01-10 22:08:55,credit_card,success,NONE,432.66,USD,desktop,215,8259
PAY000005538,BKG000005538,352808,2013-07-19 10:22:41,apple_pay,success,NONE,438.63,USD,mobile,66,11569
PAY000005539,BKG000005539,851015,2014-10-23 07:39:30,paypal,success,NONE,600.06,USD,desktop,66,49089
PAY000005540,BKG000005540,309437,2013-04-21 10:48:06,paypal,success,NONE,173.93,USD,desktop,66,10477
PAY000005541,BKG000005541,1090001,2013-11-08 14:02:50,paypal,success,NONE,218.75,USD,desktop,66,8291
PAY000005542,BKG000005542,538783,2013-06-25 16:56:26,credit_card,success,NONE,477.09,USD,desktop,66,22119
PAY000005543,BKG000005543,293756,2013-07-15 04:05:02,debit_card,success,NONE,289.77,USD,mobile,54,8746
PAY000005544,BKG000005544,909748,2013-09-24 13:13:15,paypal,success,NONE,218.63,USD,desktop,103,22957
PAY000005545,BKG000005545,273964,2013-11-29 20:16:56,debit_card,success,NONE,863.28,USD,desktop,66,17587
PAY000005546,BKG000005546,1132622,2013-08-21 02:11:33,google_pay,success,NONE,109.28,USD,desktop,66,8740
PAY000005547,BKG000005547,837158,2013-03-20 11:29:20,credit_card,success,NONE,215.65,USD,desktop,66,12206
PAY000005548,BKG000005548,648883,2014-11-12 11:50:17,bank_transfer,success,NONE,104.07,USD,desktop,205,45127
PAY000005549,BKG000005549,942578,2013-08-07 15:31:31,paypal,success,NONE,769.29,USD,desktop,66,12757
PAY000005550,BKG000005550,764703,2014-12-20 04:02:46,debit_card,success,NONE,498.35,USD,desktop,66,8835
PAY000005551,BKG000005551,1197596,2013-10-04 19:53:28,google_pay,failed,INSUFFICIENT_FUNDS,702.99,EUR,desktop,167,51615
PAY000005552,BKG000005552,799928,2014-07-29 20:25:44,google_pay,success,NONE,359.74,USD,desktop,66,25818
PAY000005553,BKG000005553,323671,2014-03-16 14:02:27,paypal,failed,CARD_DECLINED,422.16,USD,desktop,66,12008
PAY000005554,BKG000005554,773501,2014-11-22 18:37:06,bank_transfer,success,NONE,287.15,USD,desktop,66,8278
PAY000005555,BKG000005555,567702,2014-04-07 22:09:18,paypal,success,NONE,850.11,USD,desktop,66,17672
PAY000005556,BKG000005556,600794,2013-07-09 12:20:02,paypal,success,NONE,479.49,USD,desktop,66,26044
PAY000005557,BKG000005557,424210,2014-05-05 20:24:14,credit_card,success,NONE,266.49,USD,desktop,66,22169
PAY000005558,BKG000005558,575396,2014-04-13 21:31:22,credit_card,success,NONE,86.53,USD,desktop,66,8797
PAY000005559,BKG000005559,981249,2013-07-08 17:39:47,credit_card,success,NONE,170.97,GBP,desktop,195,8245
PAY000005560,BKG000005560,516549,2013-05-31 07:56:32,apple_pay,success,NONE,242.29,USD,desktop,66,8288
PAY000005561,BKG000005561,256739,2013-10-26 19:22:50,credit_card,failed,3DS_FAILED,344.46,USD,desktop,66,8293
PAY000005562,BKG000005562,724266,2014-12-27 12:30:22,debit_card,success,NONE,148.43,USD,desktop,66,8266
PAY000005563,BKG000005563,141970,2014-08-12 15:19:28,credit_card,success,NONE,252.8,USD,desktop,66,8276
PAY000005564,BKG000005564,1009741,2014-08-28 12:09:24,apple_pay,success,NONE,317.47,USD,desktop,66,43676
PAY000005565,BKG000005565,776575,2014-07-06 19:30:33,credit_card,success,NONE,996.93,USD,desktop,66,23264
PAY000005566,BKG000005566,179610,2014-05-14 22:49:09,credit_card,success,NONE,208.36,EUR,desktop,167,8819
PAY000005567,BKG000005567,900858,2013-01-28 13:16:09,credit_card,success,NONE,769.89,USD,desktop,66,27819
PAY000005568,BKG000005568,968422,2014-09-23 14:36:08,debit_card,success,NONE,820.44,GBP,desktop,195,8282
PAY000005569,BKG000005569,968422,2014-09-23 12:30:08,credit_card,success,NONE,882.68,GBP,desktop,195,8282
PAY000005570,BKG000005570,299922,2014-10-25 10:01:05,bank_transfer,success,NONE,329.64,USD,mobile,66,17165
PAY000005571,BKG000005571,218140,2014-06-03 21:21:40,google_pay,success,NONE,583.57,EUR,desktop,3,20332
PAY000005572,BKG000005572,756695,2014-05-31 00:21:41,credit_card,failed,CARD_DECLINED,449.79,USD,mobile,66,15099
PAY000005573,BKG000005573,162148,2013-05-12 23:22:31,credit_card,success,NONE,258.98,USD,desktop,66,12836
PAY000005574,BKG000005574,513476,2014-02-19 15:32:18,paypal,success,NONE,294.77,USD,desktop,66,26874
PAY000005575,BKG000005575,90221,2014-12-12 01:51:13,google_pay,success,NONE,89.7,USD,desktop,66,42590
PAY000005576,BKG000005576,526523,2014-10-10 14:05:36,debit_card,failed,PAYMENT_PROVIDER_ERROR,273.25,USD,desktop,66,27369
PAY000005577,BKG000005577,404143,2013-04-16 01:00:02,debit_card,success,NONE,290.18,USD,mobile,66,23669
PAY000005578,BKG000005578,410450,2014-09-13 06:11:41,debit_card,success,NONE,1468.78,USD,desktop,190,41137
PAY000005579,BKG000005579,778189,2013-12-03 14:20:43,apple_pay,success,NONE,106.19,USD,desktop,205,25249
PAY000005580,BKG000005580,1188168,2014-08-11 19:21:34,google_pay,success,NONE,1378.12,EUR,desktop,167,8819
PAY000005581,BKG000005581,530826,2014-03-15 06:03:04,credit_card,success,NONE,467.61,USD,desktop,205,8260
PAY000005582,BKG000005582,225354,2013-10-13 20:33:19,paypal,success,NONE,138.03,USD,desktop,66,27715
PAY000005583,BKG000005583,1016031,2013-09-13 14:32:24,debit_card,success,NONE,226.5,GBP,desktop,195,12252
PAY000005584,BKG000005584,1079369,2013-10-09 14:53:32,credit_card,success,NONE,119.84,USD,desktop,66,25299
PAY000005585,BKG000005585,594083,2014-04-18 20:22:12,credit_card,failed,CARD_DECLINED,293.85,USD,mobile,66,32178
PAY000005586,BKG000005586,277037,2014-12-02 18:05:30,debit_card,success,NONE,95.18,USD,desktop,66,27967
PAY000005587,BKG000005587,1065648,2014-12-18 17:08:20,credit_card,failed,CARD_DECLINED,1112.28,USD,desktop,1,12826
PAY000005588,BKG000005588,547472,2013-08-21 16:03:45,credit_card,success,NONE,222.59,USD,desktop,66,8230
PAY000005589,BKG000005589,971639,2014-08-22 12:31:54,debit_card,success,NONE,477.63,USD,desktop,66,16523
PAY000005590,BKG000005590,305654,2013-12-02 10:34:29,debit_card,success,NONE,116.0,USD,desktop,66,24603
PAY000005591,BKG000005591,196587,2014-11-25 13:58:39,debit_card,success,NONE,257.77,USD,desktop,205,8288
PAY000005592,BKG000005592,69994,2013-06-09 01:45:39,paypal,success,NONE,255.14,USD,desktop,12,8230
PAY000005593,BKG000005593,923087,2014-12-13 19:39:41,apple_pay,success,NONE,195.36,USD,desktop,66,11620
PAY000005594,BKG000005594,981669,2013-03-31 20:11:19,bank_transfer,success,NONE,722.44,USD,desktop,66,8281
PAY000005595,BKG000005595,1165218,2014-05-11 21:48:29,credit_card,success,NONE,239.93,USD,mobile,66,1379
PAY000005596,BKG000005596,409026,2014-12-03 14:34:47,credit_card,success,NONE,465.98,USD,desktop,66,4157
PAY000005597,BKG000005597,584837,2014-06-25 20:50:13,paypal,success,NONE,219.02,USD,desktop,66,2207
PAY000005598,BKG000005598,920597,2014-07-02 13:54:03,google_pay,success,NONE,887.24,EUR,desktop,23,12598
PAY000005599,BKG000005599,779687,2014-06-07 02:38:36,debit_card,success,NONE,196.91,EUR,desktop,3,19553
PAY000005600,BKG000005600,614516,2014-12-06 05:22:53,apple_pay,success,NONE,116.29,USD,desktop,66,1212
PAY000005601,BKG000005601,303772,2014-08-18 13:21:48,credit_card,success,NONE,558.64,USD,desktop,66,8243
PAY000005602,BKG000005602,131641,2014-07-14 22:08:03,credit_card,success,NONE,171.14,USD,desktop,205,44501
PAY000005603,BKG000005603,521721,2013-04-10 11:52:09,apple_pay,success,NONE,3318.13,USD,desktop,66,12233
PAY000005604,BKG000005604,301121,2013-06-27 13:25:34,credit_card,success,NONE,320.6,USD,desktop,66,8250
PAY000005605,BKG000005605,308176,2013-02-15 10:21:04,paypal,success,NONE,121.96,USD,desktop,205,26022
PAY000005606,BKG000005606,941407,2014-11-04 18:56:47,credit_card,success,NONE,243.39,USD,desktop,66,30246
PAY000005607,BKG000005607,838612,2014-01-21 20:16:20,apple_pay,success,NONE,156.94,USD,desktop,205,26414
PAY000005608,BKG000005608,625365,2014-08-09 19:51:00,credit_card,success,NONE,141.28,USD,desktop,66,12729
PAY000005609,BKG000005609,368828,2014-01-06 14:34:24,debit_card,success,NONE,300.34,USD,desktop,66,27485
PAY000005610,BKG000005610,895955,2013-01-08 21:17:13,debit_card,success,NONE,281.19,USD,desktop,205,33922
PAY000005611,BKG000005611,306811,2014-04-02 12:59:31,credit_card,success,NONE,381.23,USD,desktop,66,27351
PAY000005612,BKG000005612,1073883,2014-02-10 00:31:27,debit_card,success,NONE,361.79,USD,desktop,46,53533
PAY000005613,BKG000005613,904413,2013-12-29 06:01:27,credit_card,success,NONE,166.86,USD,desktop,66,12175
PAY000005614,BKG000005614,656905,2014-08-19 10:00:21,paypal,success,NONE,604.69,USD,desktop,66,8255
PAY000005615,BKG000005615,1071739,2013-06-12 23:02:20,debit_card,success,NONE,151.46,USD,desktop,69,14875
PAY000005616,BKG000005616,329197,2013-11-13 19:22:01,apple_pay,success,NONE,134.27,USD,mobile,205,26390
PAY000005617,BKG000005617,952177,2014-06-30 07:53:47,credit_card,success,NONE,133.0,USD,desktop,66,12016
PAY000005618,BKG000005618,792177,2014-05-25 15:40:46,apple_pay,failed,CARD_DECLINED,239.51,USD,desktop,66,40862
PAY000005619,BKG000005619,720623,2014-09-05 06:17:35,google_pay,failed,CARD_DECLINED,142.54,USD,desktop,66,20713
PAY000005620,BKG000005620,230221,2014-10-29 13:21:35,debit_card,success,NONE,206.24,GBP,desktop,77,23027
PAY000005621,BKG000005621,225644,2013-02-13 11:52:02,debit_card,success,NONE,767.63,EUR,desktop,3,552
PAY000005622,BKG000005622,864754,2014-11-11 14:19:23,debit_card,success,NONE,213.3,USD,desktop,66,8802
PAY000005623,BKG000005623,796835,2013-02-28 14:29:51,apple_pay,success,NONE,325.42,USD,desktop,69,30337
PAY000005624,BKG000005624,253938,2014-07-06 00:01:20,google_pay,success,NONE,235.89,EUR,desktop,3,47198
PAY000005625,BKG000005625,122768,2014-09-12 11:50:42,apple_pay,success,NONE,584.04,USD,desktop,66,11842
PAY000005626,BKG000005626,1038547,2014-09-30 10:13:12,credit_card,success,NONE,112.87,USD,desktop,231,44509
PAY000005627,BKG000005627,689093,2014-06-27 23:59:24,debit_card,success,NONE,579.93,USD,desktop,66,8864
PAY000005628,BKG000005628,447173,2014-05-16 16:48:33,credit_card,success,NONE,141.02,USD,mobile,66,14808
PAY000005629,BKG000005629,822039,2014-06-23 06:19:01,credit_card,success,NONE,558.06,USD,desktop,66,12206
PAY000005630,BKG000005630,446252,2013-06-05 00:13:25,apple_pay,success,NONE,536.68,USD,desktop,66,11439
PAY000005631,BKG000005631,1100023,2013-03-02 20:16:00,credit_card,success,NONE,872.45,USD,desktop,205,8279
PAY000005632,BKG000005632,303828,2014-07-08 09:41:32,bank_transfer,success,NONE,103.78,USD,desktop,66,8278
PAY000005633,BKG000005633,984865,2013-04-05 12:35:14,apple_pay,success,NONE,103.96,USD,desktop,141,12209
PAY000005634,BKG000005634,476575,2013-08-14 02:48:19,credit_card,success,NONE,494.59,USD,desktop,66,8233
PAY000005635,BKG000005635,256089,2014-12-15 16:06:39,bank_transfer,success,NONE,1030.05,USD,desktop,66,8268
PAY000005636,BKG000005636,1004494,2014-05-14 19:54:41,bank_transfer,success,NONE,292.05,USD,desktop,68,8745
PAY000005637,BKG000005637,917145,2014-08-20 20:42:04,credit_card,success,NONE,157.58,USD,desktop,77,12427
PAY000005638,BKG000005638,843611,2014-01-25 11:01:28,apple_pay,success,NONE,115.74,USD,desktop,55,22795
PAY000005639,BKG000005639,818934,2013-04-16 17:02:25,credit_card,success,NONE,178.47,USD,desktop,66,1531
PAY000005640,BKG000005640,724528,2014-05-09 13:28:52,credit_card,success,NONE,231.21,USD,desktop,66,9147
PAY000005641,BKG000005641,665531,2014-09-13 11:18:57,credit_card,success,NONE,1045.62,EUR,desktop,194,18077
PAY000005642,BKG000005642,1146183,2014-06-30 18:38:10,google_pay,success,NONE,180.92,USD,desktop,205,12379
PAY000005643,BKG000005643,1114145,2013-05-31 02:23:56,debit_card,success,NONE,2440.02,USD,desktop,3,8273
PAY000005644,BKG000005644,879966,2014-07-23 00:48:52,credit_card,success,NONE,203.26,USD,desktop,179,22428
PAY000005645,BKG000005645,518865,2014-12-09 13:58:57,bank_transfer,success,NONE,3574.73,USD,desktop,46,8286
PAY000005646,BKG000005646,1070741,2013-04-11 12:21:45,debit_card,success,NONE,130.28,USD,desktop,52,12250
PAY000005647,BKG000005647,989034,2014-07-30 08:33:50,credit_card,success,NONE,132.42,USD,desktop,66,11975
PAY000005648,BKG000005648,1035668,2013-07-28 04:41:57,apple_pay,success,NONE,1098.31,USD,desktop,231,17357
PAY000005649,BKG000005649,930494,2013-06-11 13:23:27,debit_card,success,NONE,276.82,EUR,desktop,3,8859
PAY000005650,BKG000005650,917541,2014-03-18 19:02:06,google_pay,success,NONE,630.34,USD,desktop,66,25694
PAY000005651,BKG000005651,807247,2014-06-02 12:55:08,apple_pay,failed,CARD_DECLINED,262.6,USD,desktop,66,8283
PAY000005652,BKG000005652,370306,2013-04-23 15:04:49,paypal,success,NONE,379.91,USD,desktop,134,8746
PAY000005653,BKG000005653,136882,2014-12-01 11:20:46,credit_card,success,NONE,904.36,USD,desktop,66,8267
PAY000005654,BKG000005654,289902,2014-07-14 07:45:03,debit_card,success,NONE,387.25,USD,desktop,104,21872
PAY000005655,BKG000005655,1052215,2013-08-22 18:42:31,apple_pay,success,NONE,798.12,USD,desktop,68,20456
PAY000005656,BKG000005656,97447,2014-03-14 08:38:24,credit_card,success,NONE,129.99,USD,desktop,66,1031
PAY000005657,BKG000005657,134177,2014-12-18 22:28:53,credit_card,success,NONE,177.44,USD,desktop,194,20841
PAY000005658,BKG000005658,239750,2014-01-21 03:02:49,bank_transfer,success,NONE,115.26,EUR,desktop,119,40694
PAY000005659,BKG000005659,481120,2014-06-18 17:21:24,google_pay,success,NONE,158.39,USD,desktop,66,12150
PAY000005660,BKG000005660,599982,2014-06-11 19:34:04,paypal,success,NONE,1078.15,USD,mobile,205,8223
PAY000005661,BKG000005661,534482,2014-07-10 18:50:31,credit_card,success,NONE,228.56,USD,desktop,66,8272
PAY000005662,BKG000005662,290106,2014-05-13 23:04:45,bank_transfer,success,NONE,242.76,USD,desktop,66,8337
PAY000005663,BKG000005663,108545,2014-11-26 17:29:14,credit_card,failed,3DS_FAILED,582.41,USD,desktop,66,8230
PAY000005664,BKG000005664,77609,2014-01-06 19:45:10,credit_card,success,NONE,397.92,USD,desktop,66,45626
PAY000005665,BKG000005665,547136,2013-01-31 13:19:01,paypal,success,NONE,758.97,USD,desktop,66,23467
PAY000005666,BKG000005666,130922,2014-09-17 11:14:00,debit_card,success,NONE,177.13,USD,desktop,66,4972
PAY000005667,BKG000005667,1186145,2014-10-17 03:03:22,debit_card,success,NONE,322.68,EUR,desktop,3,12209
PAY000005668,BKG000005668,299845,2014-05-01 13:09:29,apple_pay,success,NONE,226.07,USD,desktop,69,12631
PAY000005669,BKG000005669,504657,2013-10-17 17:06:02,google_pay,success,NONE,816.39,USD,desktop,205,8278
PAY000005670,BKG000005670,516585,2013-11-11 13:23:08,credit_card,success,NONE,412.37,USD,desktop,66,60846
PAY000005671,BKG000005671,283759,2014-04-23 08:12:38,debit_card,success,NONE,493.46,USD,desktop,66,11819
PAY000005672,BKG000005672,288089,2014-09-12 21:24:19,debit_card,success,NONE,656.57,USD,desktop,119,8242
PAY000005673,BKG000005673,87781,2013-02-10 23:18:47,paypal,success,NONE,630.89,USD,desktop,66,8266
PAY000005674,BKG000005674,968488,2014-08-10 17:13:03,credit_card,success,NONE,609.87,USD,desktop,66,28441
PAY000005675,BKG000005675,722031,2013-01-23 12:03:19,google_pay,success,NONE,786.6,USD,desktop,133,12669
PAY000005676,BKG000005676,483242,2014-12-01 02:29:55,debit_card,success,NONE,295.36,USD,mobile,66,26991
PAY000005677,BKG000005677,659284,2014-02-22 12:36:03,credit_card,success,NONE,142.07,USD,desktop,66,5682
PAY000005678,BKG000005678,674280,2013-12-27 17:09:13,debit_card,success,NONE,1233.22,USD,desktop,205,56660
PAY000005679,BKG000005679,495614,2013-10-07 01:29:06,paypal,success,NONE,121.52,USD,desktop,66,24588
PAY000005680,BKG000005680,1075045,2013-06-14 01:02:29,bank_transfer,success,NONE,318.94,USD,desktop,133,8739
PAY000005681,BKG000005681,420946,2014-07-08 13:44:18,credit_card,failed,PAYMENT_PROVIDER_ERROR,208.06,USD,desktop,66,12270
PAY000005682,BKG000005682,621374,2013-09-13 12:57:52,debit_card,success,NONE,359.47,USD,desktop,1,12244
PAY000005683,BKG000005683,83133,2014-11-15 17:58:23,credit_card,success,NONE,705.02,EUR,desktop,119,8747
PAY000005684,BKG000005684,957826,2013-08-22 18:38:53,paypal,success,NONE,259.76,USD,desktop,66,8218
PAY000005685,BKG000005685,598994,2014-02-17 15:59:09,debit_card,success,NONE,142.46,USD,desktop,1,22445
PAY000005686,BKG000005686,102791,2014-09-02 22:58:29,credit_card,success,NONE,1897.1,USD,desktop,206,8254
PAY000005687,BKG000005687,602426,2014-05-14 09:19:52,apple_pay,success,NONE,169.5,USD,desktop,66,12201
PAY000005688,BKG000005688,1084117,2013-03-13 00:39:17,credit_card,success,NONE,231.5,USD,desktop,66,12194
PAY000005689,BKG000005689,1041056,2014-06-17 12:42:14,paypal,success,NONE,644.52,USD,desktop,205,8250
PAY000005690,BKG000005690,846698,2013-05-27 19:38:45,debit_card,success,NONE,260.33,USD,desktop,66,51340
PAY000005691,BKG000005691,155354,2013-07-30 21:29:02,credit_card,success,NONE,613.4,USD,desktop,66,11439
PAY000005692,BKG000005692,261696,2014-05-17 01:38:54,paypal,success,NONE,298.72,USD,desktop,68,11643
PAY000005693,BKG000005693,643578,2013-01-28 19:59:59,google_pay,failed,CARD_DECLINED,110.67,USD,desktop,66,12242
PAY000005694,BKG000005694,51914,2013-09-03 14:20:12,debit_card,success,NONE,157.81,USD,desktop,66,12602
PAY000005695,BKG000005695,345942,2013-06-14 16:11:00,paypal,success,NONE,611.02,USD,desktop,205,8250
PAY000005696,BKG000005696,452913,2014-04-08 09:20:07,apple_pay,success,NONE,633.41,USD,desktop,1,8817
PAY000005697,BKG000005697,813141,2013-10-24 15:22:07,credit_card,success,NONE,131.16,USD,desktop,66,12276
PAY000005698,BKG000005698,911222,2014-10-13 01:31:13,debit_card,success,NONE,291.64,USD,desktop,66,8250
PAY000005699,BKG000005699,1080346,2014-04-28 22:08:39,google_pay,success,NONE,236.53,USD,mobile,66,28497
PAY000005700,BKG000005700,502313,2014-07-09 15:49:04,apple_pay,success,NONE,307.13,USD,desktop,66,8243
PAY000005701,BKG000005701,317137,2013-02-14 18:50:06,bank_transfer,failed,CARD_DECLINED,156.99,USD,desktop,66,8800
PAY000005702,BKG000005702,1183047,2013-07-21 22:12:03,credit_card,success,NONE,592.42,EUR,desktop,23,669
PAY000005703,BKG000005703,547195,2014-04-16 18:24:09,google_pay,success,NONE,728.98,USD,desktop,66,11835
PAY000005704,BKG000005704,513481,2014-12-06 16:17:13,paypal,success,NONE,170.73,USD,desktop,46,18787
PAY000005705,BKG000005705,1068116,2013-09-10 14:37:48,apple_pay,success,NONE,180.04,USD,desktop,55,23060
PAY000005706,BKG000005706,833251,2014-11-18 16:27:30,credit_card,success,NONE,300.09,USD,desktop,69,12942
PAY000005707,BKG000005707,632096,2013-09-02 03:33:05,paypal,success,NONE,126.11,USD,desktop,66,38093
PAY000005708,BKG000005708,813813,2014-09-15 11:56:28,apple_pay,success,NONE,70.0,USD,mobile,66,12218
PAY000005709,BKG000005709,375596,2014-08-20 01:09:01,credit_card,success,NONE,230.75,USD,desktop,66,12186
PAY000005710,BKG000005710,323035,2013-05-30 15:16:35,debit_card,success,NONE,520.61,USD,desktop,66,8243
PAY000005711,BKG000005711,1126770,2014-12-16 19:23:38,credit_card,success,NONE,1613.4,GBP,desktop,77,18569
PAY000005712,BKG000005712,504631,2014-03-31 13:20:19,credit_card,failed,CARD_DECLINED,605.01,USD,desktop,179,18142
PAY000005713,BKG000005713,965473,2014-02-15 19:22:55,paypal,success,NONE,232.58,USD,desktop,69,25116
PAY000005714,BKG000005714,96848,2013-07-25 16:27:55,apple_pay,success,NONE,217.76,USD,desktop,66,12452
PAY000005715,BKG000005715,1134378,2014-01-14 03:35:21,paypal,success,NONE,340.16,USD,desktop,1,19934
PAY000005716,BKG000005716,622419,2014-09-18 12:20:36,apple_pay,success,NONE,179.35,USD,desktop,68,21915
PAY000005717,BKG000005717,716301,2014-03-09 17:54:31,paypal,success,NONE,136.87,USD,desktop,66,12175
PAY000005718,BKG000005718,190369,2014-05-14 12:36:07,credit_card,success,NONE,403.17,USD,desktop,24,975
PAY000005719,BKG000005719,247260,2014-10-28 18:53:38,debit_card,success,NONE,201.17,USD,desktop,66,11533
PAY000005720,BKG000005720,898165,2014-05-29 10:04:11,debit_card,success,NONE,320.21,USD,desktop,66,12206
PAY000005721,BKG000005721,966858,2013-09-26 08:38:15,credit_card,success,NONE,269.66,GBP,desktop,195,20414
PAY000005722,BKG000005722,508868,2014-07-08 10:38:03,debit_card,success,NONE,146.02,USD,desktop,55,8255
PAY000005723,BKG000005723,941920,2014-03-21 23:51:02,credit_card,success,NONE,172.16,USD,desktop,66,8250
PAY000005724,BKG000005724,685969,2014-07-27 04:06:21,credit_card,success,NONE,467.85,USD,desktop,63,8215
PAY000005725,BKG000005725,939423,2014-10-21 20:11:39,debit_card,success,NONE,257.11,USD,mobile,66,8260
PAY000005726,BKG000005726,1193833,2013-09-24 18:17:20,google_pay,success,NONE,160.32,GBP,desktop,195,21821
PAY000005727,BKG000005727,215068,2013-11-23 18:14:36,paypal,success,NONE,466.48,USD,desktop,66,27572
PAY000005728,BKG000005728,324631,2014-07-29 10:41:59,credit_card,success,NONE,176.33,USD,desktop,230,51580
PAY000005729,BKG000005729,627921,2013-02-28 17:26:48,google_pay,success,NONE,515.21,USD,desktop,205,26022
PAY000005730,BKG000005730,596905,2014-09-01 01:23:43,google_pay,success,NONE,535.58,EUR,mobile,50,8256
PAY000005731,BKG000005731,160396,2013-09-22 08:14:02,credit_card,success,NONE,188.41,USD,desktop,66,8244
PAY000005732,BKG000005732,1041937,2014-08-26 17:51:29,apple_pay,success,NONE,116.88,USD,desktop,69,8234
PAY000005733,BKG000005733,1056868,2013-10-18 18:14:27,google_pay,success,NONE,1700.79,USD,desktop,1,20425
PAY000005734,BKG000005734,223833,2014-11-28 05:45:47,credit_card,success,NONE,632.27,USD,desktop,66,27274
PAY000005735,BKG000005735,674382,2014-09-25 23:48:23,google_pay,success,NONE,251.05,USD,desktop,215,8260
PAY000005736,BKG000005736,674382,2014-09-25 23:16:23,credit_card,success,NONE,259.63,USD,desktop,215,8260
PAY000005737,BKG000005737,165691,2014-01-20 20:15:58,paypal,failed,AUTH_TIMEOUT,265.0,USD,desktop,66,17563
PAY000005738,BKG000005738,559903,2014-06-28 14:48:32,debit_card,success,NONE,183.29,USD,mobile,66,46199
PAY000005739,BKG000005739,912785,2013-02-06 00:03:18,bank_transfer,success,NONE,275.67,USD,desktop,66,6999
PAY000005740,BKG000005740,72667,2014-11-13 17:44:05,credit_card,success,NONE,291.18,USD,desktop,69,20966
PAY000005741,BKG000005741,757145,2013-10-01 14:14:25,credit_card,success,NONE,419.62,USD,desktop,66,13441
PAY000005742,BKG000005742,965486,2014-12-22 15:59:30,bank_transfer,success,NONE,620.76,USD,desktop,66,23541
PAY000005743,BKG000005743,711829,2013-04-19 13:41:24,debit_card,success,NONE,516.71,USD,desktop,46,11416
PAY000005744,BKG000005744,319311,2014-08-26 20:48:00,credit_card,success,NONE,296.64,USD,desktop,69,21816
PAY000005745,BKG000005745,777153,2013-02-26 12:37:36,debit_card,failed,AUTH_TIMEOUT,384.01,USD,desktop,66,8267
PAY000005746,BKG000005746,221940,2014-01-10 10:26:00,debit_card,success,NONE,1300.45,USD,desktop,66,8238
PAY000005747,BKG000005747,159398,2013-02-13 18:29:07,debit_card,success,NONE,99.28,USD,desktop,69,23300
PAY000005748,BKG000005748,1146981,2014-07-19 00:37:19,credit_card,success,NONE,241.77,USD,mobile,215,12701
PAY000005749,BKG000005749,954223,2014-04-09 02:13:38,credit_card,failed,CARD_DECLINED,274.42,USD,desktop,80,59001
PAY000005750,BKG000005750,41921,2013-01-31 04:33:42,paypal,success,NONE,850.49,USD,mobile,66,8250
PAY000005751,BKG000005751,366515,2014-01-07 11:34:53,apple_pay,success,NONE,117.68,USD,desktop,205,25954
PAY000005752,BKG000005752,456098,2014-12-12 13:48:13,bank_transfer,success,NONE,178.14,EUR,desktop,23,41901
PAY000005753,BKG000005753,246270,2014-10-17 21:31:10,credit_card,success,NONE,866.96,USD,mobile,69,19035
PAY000005754,BKG000005754,226150,2013-01-29 19:59:21,google_pay,success,NONE,764.39,USD,desktop,66,8819
PAY000005755,BKG000005755,1059247,2014-07-26 08:31:20,bank_transfer,failed,INSUFFICIENT_FUNDS,518.96,USD,desktop,69,11335
PAY000005756,BKG000005756,349848,2014-11-03 14:43:02,credit_card,success,NONE,221.49,USD,desktop,46,22943
PAY000005757,BKG000005757,16667,2014-11-21 13:50:20,bank_transfer,success,NONE,252.0,USD,desktop,66,17823
PAY000005758,BKG000005758,877460,2014-12-04 10:56:07,apple_pay,success,NONE,103.01,USD,desktop,66,24289
PAY000005759,BKG000005759,104336,2014-11-20 01:47:58,debit_card,failed,PAYMENT_PROVIDER_ERROR,123.34,USD,desktop,205,14984
PAY000005760,BKG000005760,848139,2013-10-27 08:44:02,paypal,failed,CARD_DECLINED,716.39,USD,desktop,66,14987
PAY000005761,BKG000005761,776920,2014-08-16 20:23:01,credit_card,success,NONE,254.27,USD,desktop,19,12225
PAY000005762,BKG000005762,1011727,2014-12-15 12:02:02,google_pay,success,NONE,1747.01,GBP,desktop,77,18569
PAY000005763,BKG000005763,921659,2013-06-10 21:01:32,paypal,success,NONE,441.77,EUR,desktop,3,8234
PAY000005764,BKG000005764,1051436,2013-10-30 17:04:00,credit_card,success,NONE,450.3,USD,desktop,66,12372
PAY000005765,BKG000005765,211400,2014-12-13 00:38:48,credit_card,success,NONE,190.6,USD,mobile,66,12576
PAY000005766,BKG000005766,131064,2014-06-16 19:58:35,credit_card,success,NONE,162.68,USD,desktop,205,25998
PAY000005767,BKG000005767,1067528,2014-08-11 01:58:55,credit_card,failed,CARD_DECLINED,111.01,USD,mobile,69,23508
PAY000005768,BKG000005768,359631,2014-12-17 22:55:47,credit_card,success,NONE,358.3,USD,desktop,66,42294
PAY000005769,BKG000005769,755576,2013-07-23 01:05:34,credit_card,success,NONE,229.95,USD,desktop,133,26729
PAY000005770,BKG000005770,559021,2014-07-02 14:11:09,debit_card,success,NONE,196.12,USD,desktop,55,1239
PAY000005771,BKG000005771,146428,2014-06-08 09:44:44,paypal,success,NONE,767.53,USD,desktop,69,8213
PAY000005772,BKG000005772,662655,2014-07-29 16:03:55,credit_card,success,NONE,831.66,USD,desktop,66,25800
PAY000005773,BKG000005773,433176,2014-11-07 15:14:21,credit_card,success,NONE,557.19,USD,desktop,66,27475
PAY000005774,BKG000005774,364423,2014-07-22 21:07:15,google_pay,success,NONE,145.94,USD,desktop,66,8220
PAY000005775,BKG000005775,488048,2014-07-23 21:20:23,bank_transfer,success,NONE,534.63,USD,desktop,1,40214
PAY000005776,BKG000005776,1112637,2014-07-13 12:45:38,debit_card,success,NONE,759.33,USD,mobile,66,8253
PAY000005777,BKG000005777,495279,2014-11-22 17:17:05,bank_transfer,failed,AUTH_TIMEOUT,1076.1,EUR,desktop,3,19566
PAY000005778,BKG000005778,463166,2014-10-17 15:55:33,credit_card,success,NONE,756.44,GBP,desktop,77,8279
PAY000005779,BKG000005779,510400,2013-01-23 11:08:11,apple_pay,success,NONE,1526.23,USD,desktop,66,20525
PAY000005780,BKG000005780,810426,2014-09-25 11:57:38,google_pay,success,NONE,773.67,USD,desktop,66,11439
PAY000005781,BKG000005781,2642,2013-06-15 02:30:48,credit_card,failed,INSUFFICIENT_FUNDS,212.04,USD,mobile,66,4454
PAY000005782,BKG000005782,908039,2014-08-31 18:58:09,paypal,success,NONE,437.09,USD,mobile,66,17563
PAY000005783,BKG000005783,751027,2014-07-26 14:01:28,credit_card,success,NONE,154.5,USD,desktop,66,22688
PAY000005784,BKG000005784,639137,2014-04-18 17:57:17,paypal,success,NONE,326.98,USD,desktop,66,11359
PAY000005785,BKG000005785,321996,2013-12-02 10:37:32,credit_card,success,NONE,263.11,USD,desktop,66,26022
PAY000005786,BKG000005786,799539,2014-03-31 21:19:25,credit_card,success,NONE,660.63,EUR,desktop,194,8789
PAY000005787,BKG000005787,475887,2014-02-01 16:51:37,paypal,success,NONE,430.45,USD,desktop,66,12175
PAY000005788,BKG000005788,301972,2014-03-14 10:54:37,credit_card,success,NONE,183.68,USD,desktop,188,18791
PAY000005789,BKG000005789,495632,2014-07-02 12:01:17,google_pay,success,NONE,204.95,USD,desktop,46,25363
PAY000005790,BKG000005790,1125477,2013-10-15 10:46:00,debit_card,success,NONE,962.44,USD,desktop,12,8242
PAY000005791,BKG000005791,412970,2014-07-18 16:52:22,debit_card,success,NONE,195.43,USD,desktop,66,26819
PAY000005792,BKG000005792,1022040,2014-07-30 00:00:47,bank_transfer,success,NONE,207.03,USD,desktop,205,18569
PAY000005793,BKG000005793,412926,2013-05-29 22:19:31,credit_card,success,NONE,381.42,USD,desktop,66,23631
PAY000005794,BKG000005794,862188,2014-10-16 16:09:37,credit_card,success,NONE,96.1,USD,desktop,62,12951
PAY000005795,BKG000005795,513394,2013-10-17 18:35:27,credit_card,success,NONE,777.15,USD,desktop,66,8231
PAY000005796,BKG000005796,276701,2014-07-07 14:17:28,debit_card,success,NONE,1422.42,USD,desktop,66,8791
PAY000005797,BKG000005797,1037424,2013-08-22 09:04:54,debit_card,success,NONE,494.74,USD,desktop,66,8230
PAY000005798,BKG000005798,480218,2013-09-29 14:06:24,bank_transfer,success,NONE,475.32,USD,desktop,66,24644
PAY000005799,BKG000005799,371088,2014-03-21 08:08:50,credit_card,success,NONE,1236.56,USD,desktop,66,8260
PAY000005800,BKG000005800,1028850,2013-08-12 15:13:01,credit_card,success,NONE,265.04,USD,desktop,66,8259
PAY000005801,BKG000005801,701047,2014-11-27 01:00:22,credit_card,failed,3DS_FAILED,1218.92,USD,desktop,69,8279
PAY000005802,BKG000005802,1194096,2013-08-27 02:12:11,debit_card,success,NONE,404.65,EUR,desktop,3,23462
PAY000005803,BKG000005803,993897,2014-03-30 15:39:48,credit_card,success,NONE,184.87,USD,desktop,66,8213
PAY000005804,BKG000005804,734140,2014-03-26 20:21:29,credit_card,success,NONE,256.71,USD,desktop,66,8250
PAY000005805,BKG000005805,1113999,2013-06-14 13:23:36,debit_card,success,NONE,502.54,USD,desktop,66,8230
PAY000005806,BKG000005806,173049,2013-03-19 15:50:15,debit_card,success,NONE,412.94,USD,desktop,205,8745
PAY000005807,BKG000005807,306208,2013-01-10 13:16:49,apple_pay,success,NONE,177.81,USD,desktop,66,8228
PAY000005808,BKG000005808,414478,2014-11-18 13:26:17,paypal,success,NONE,185.03,USD,desktop,66,17456
PAY000005809,BKG000005809,1055016,2014-06-07 16:01:08,google_pay,success,NONE,658.19,USD,desktop,66,8745
PAY000005810,BKG000005810,787257,2014-04-27 14:32:53,debit_card,failed,INSUFFICIENT_FUNDS,1564.01,USD,desktop,66,8216
PAY000005811,BKG000005811,461799,2014-02-27 20:36:52,bank_transfer,success,NONE,703.99,EUR,desktop,3,31205
PAY000005812,BKG000005812,751845,2014-11-22 22:57:35,credit_card,success,NONE,398.28,USD,desktop,66,8250
PAY000005813,BKG000005813,516538,2014-05-22 02:31:55,bank_transfer,failed,CARD_DECLINED,256.77,USD,mobile,66,8835
PAY000005814,BKG000005814,379308,2013-07-01 10:16:41,apple_pay,failed,INSUFFICIENT_FUNDS,580.44,USD,desktop,66,11373
PAY000005815,BKG000005815,447034,2013-10-24 22:54:05,credit_card,success,NONE,1644.32,USD,desktop,66,43033
PAY000005816,BKG000005816,1157924,2013-08-05 23:49:40,credit_card,success,NONE,667.6,USD,desktop,66,44201
PAY000005817,BKG000005817,84015,2014-03-06 19:14:07,apple_pay,success,NONE,330.44,USD,desktop,1,8788
PAY000005818,BKG000005818,774244,2014-07-04 18:28:08,google_pay,success,NONE,3049.14,GBP,desktop,77,22528
PAY000005819,BKG000005819,711471,2014-10-04 03:24:59,credit_card,success,NONE,170.67,USD,desktop,66,21442
PAY000005820,BKG000005820,376873,2014-08-20 12:10:09,debit_card,success,NONE,861.24,USD,desktop,69,31484
PAY000005821,BKG000005821,1157597,2014-09-20 15:25:25,debit_card,success,NONE,710.59,USD,desktop,62,8252
PAY000005822,BKG000005822,460095,2014-05-08 14:27:01,apple_pay,success,NONE,804.26,USD,desktop,66,21766
PAY000005823,BKG000005823,873789,2014-11-29 23:53:29,bank_transfer,success,NONE,331.36,USD,desktop,3,8256
PAY000005824,BKG000005824,937172,2014-02-24 17:43:20,credit_card,success,NONE,3964.78,USD,desktop,66,8747
PAY000005825,BKG000005825,876060,2014-09-29 12:40:44,credit_card,success,NONE,211.91,USD,desktop,66,12654
PAY000005826,BKG000005826,889376,2014-03-23 19:28:04,debit_card,success,NONE,737.59,USD,mobile,66,23609
PAY000005827,BKG000005827,291068,2014-10-23 21:19:11,debit_card,success,NONE,279.61,USD,mobile,66,12178
PAY000005828,BKG000005828,974915,2014-07-08 07:39:29,paypal,success,NONE,230.03,USD,desktop,69,8740
PAY000005829,BKG000005829,520536,2014-01-17 08:04:06,credit_card,success,NONE,194.55,USD,desktop,66,12603
PAY000005830,BKG000005830,1116570,2014-02-12 12:59:03,credit_card,success,NONE,1007.48,USD,desktop,66,3203
PAY000005831,BKG000005831,341769,2013-06-28 23:03:37,bank_transfer,success,NONE,433.06,USD,desktop,66,8250
PAY000005832,BKG000005832,643578,2013-08-20 15:49:34,debit_card,success,NONE,295.74,USD,desktop,66,11318
PAY000005833,BKG000005833,452784,2014-03-31 14:44:11,debit_card,failed,CARD_DECLINED,751.34,USD,desktop,66,8260
PAY000005834,BKG000005834,1143802,2014-08-20 21:40:41,credit_card,success,NONE,384.99,USD,desktop,66,26227
PAY000005835,BKG000005835,892864,2014-02-21 19:14:42,debit_card,success,NONE,628.11,USD,desktop,66,8502
PAY000005836,BKG000005836,270325,2014-10-22 14:57:55,google_pay,failed,AUTH_TIMEOUT,2801.34,USD,desktop,215,8267
PAY000005837,BKG000005837,643507,2014-09-10 20:07:16,credit_card,success,NONE,131.92,USD,desktop,205,26419
PAY000005838,BKG000005838,600157,2014-10-19 20:57:29,bank_transfer,success,NONE,231.1,USD,desktop,66,14985
PAY000005839,BKG000005839,52048,2014-09-14 14:27:50,google_pay,success,NONE,95.39,USD,desktop,66,32571
PAY000005840,BKG000005840,132434,2014-08-17 00:23:57,debit_card,success,NONE,685.53,USD,desktop,66,8798
PAY000005841,BKG000005841,297639,2013-12-28 15:49:17,credit_card,success,NONE,526.59,EUR,desktop,3,8220
PAY000005842,BKG000005842,1170632,2014-01-30 05:35:55,credit_card,success,NONE,272.16,USD,mobile,198,26980
PAY000005843,BKG000005843,645828,2013-06-05 18:42:19,credit_card,success,NONE,192.75,USD,desktop,66,42293
PAY000005844,BKG000005844,172520,2014-02-06 22:18:12,google_pay,success,NONE,311.05,USD,mobile,66,1031
PAY000005845,BKG000005845,258604,2014-07-24 16:55:53,debit_card,success,NONE,137.68,USD,desktop,205,12944
PAY000005846,BKG000005846,633176,2014-09-10 11:36:23,apple_pay,success,NONE,241.31,USD,desktop,66,14811
PAY000005847,BKG000005847,56814,2014-04-20 11:48:26,credit_card,failed,AUTH_TIMEOUT,504.64,USD,mobile,69,8252
PAY000005848,BKG000005848,804779,2013-06-11 18:37:59,paypal,success,NONE,165.08,USD,desktop,205,1400
PAY000005849,BKG000005849,391650,2014-12-08 17:16:15,debit_card,success,NONE,311.84,USD,desktop,66,23389
PAY000005850,BKG000005850,907273,2014-07-23 10:23:12,credit_card,success,NONE,449.73,USD,desktop,66,19522
PAY000005851,BKG000005851,477637,2013-06-05 19:42:38,credit_card,success,NONE,293.43,USD,desktop,205,8270
PAY000005852,BKG000005852,78574,2014-05-30 20:00:00,bank_transfer,success,NONE,239.58,USD,desktop,66,25703
PAY000005853,BKG000005853,507541,2014-10-17 20:41:09,bank_transfer,success,NONE,205.5,USD,desktop,66,27080
PAY000005854,BKG000005854,525582,2014-09-28 02:11:01,credit_card,success,NONE,705.93,USD,mobile,66,8791
PAY000005855,BKG000005855,873798,2014-10-16 09:03:34,debit_card,success,NONE,567.4,USD,desktop,205,8743
PAY000005856,BKG000005856,766165,2013-04-01 11:02:30,credit_card,success,NONE,716.74,USD,desktop,66,11621
PAY000005857,BKG000005857,297782,2014-05-16 14:13:58,paypal,success,NONE,485.21,USD,desktop,66,8276
PAY000005858,BKG000005858,819813,2014-09-23 19:31:42,credit_card,failed,3DS_FAILED,2776.61,USD,desktop,214,8267
PAY000005859,BKG000005859,1039417,2013-06-23 17:14:38,apple_pay,success,NONE,207.39,EUR,desktop,0,8789
PAY000005860,BKG000005860,860628,2014-07-05 11:40:08,debit_card,success,NONE,480.2,USD,desktop,205,1583
PAY000005861,BKG000005861,794108,2014-12-27 12:13:06,debit_card,success,NONE,202.71,USD,mobile,66,50630
PAY000005862,BKG000005862,559336,2013-07-16 16:03:55,paypal,success,NONE,701.93,USD,desktop,66,319
PAY000005863,BKG000005863,154234,2013-08-24 23:36:10,bank_transfer,success,NONE,430.9,USD,desktop,66,23666
PAY000005864,BKG000005864,1163710,2014-04-17 10:26:53,debit_card,success,NONE,165.44,EUR,desktop,3,11683
PAY000005865,BKG000005865,704965,2014-05-28 19:33:24,credit_card,success,NONE,1358.82,USD,desktop,133,12148
PAY000005866,BKG000005866,933678,2014-07-17 16:51:51,debit_card,success,NONE,240.04,USD,desktop,66,8278
PAY000005867,BKG000005867,235141,2014-11-24 16:58:40,credit_card,success,NONE,142.8,USD,desktop,69,8818
PAY000005868,BKG000005868,299550,2014-08-26 16:13:11,credit_card,success,NONE,867.36,USD,desktop,66,8740
PAY000005869,BKG000005869,345735,2014-11-23 23:23:30,paypal,success,NONE,593.31,USD,mobile,66,11923
PAY000005870,BKG000005870,1197776,2014-09-29 12:08:41,credit_card,success,NONE,144.77,EUR,desktop,3,8234
PAY000005871,BKG000005871,961393,2014-08-11 02:25:52,paypal,success,NONE,184.56,USD,desktop,0,12483
PAY000005872,BKG000005872,102564,2014-10-10 15:10:36,credit_card,success,NONE,204.09,GBP,desktop,77,8807
PAY000005873,BKG000005873,607856,2014-03-20 03:30:55,google_pay,success,NONE,213.39,USD,desktop,152,8163
PAY000005874,BKG000005874,1177047,2014-11-26 13:17:35,debit_card,success,NONE,1133.12,USD,desktop,230,8279
PAY000005875,BKG000005875,1047022,2013-06-07 20:43:25,credit_card,success,NONE,871.72,USD,desktop,66,8271
PAY000005876,BKG000005876,245108,2014-09-02 09:22:11,credit_card,success,NONE,824.74,USD,desktop,66,268
PAY000005877,BKG000005877,195313,2013-01-26 13:54:46,apple_pay,success,NONE,320.98,USD,desktop,66,8230
PAY000005878,BKG000005878,748626,2014-09-26 05:56:21,credit_card,success,NONE,156.48,USD,desktop,85,44855
PAY000005879,BKG000005879,815957,2013-12-12 18:11:31,paypal,success,NONE,393.07,USD,desktop,66,8250
PAY000005880,BKG000005880,257242,2014-05-15 20:32:50,debit_card,success,NONE,742.28,USD,desktop,205,8250
PAY000005881,BKG000005881,370874,2014-12-01 17:15:08,credit_card,failed,3DS_FAILED,258.52,USD,desktop,66,8268
PAY000005882,BKG000005882,938329,2014-09-22 11:57:59,credit_card,success,NONE,454.05,USD,mobile,205,34721
PAY000005883,BKG000005883,916247,2014-12-03 14:07:12,debit_card,failed,3DS_FAILED,234.39,USD,desktop,66,8267
PAY000005884,BKG000005884,241346,2013-03-14 13:17:42,credit_card,success,NONE,260.66,EUR,desktop,3,8242
PAY000005885,BKG000005885,1098227,2013-12-23 11:24:56,debit_card,success,NONE,316.48,USD,desktop,66,12189
PAY000005886,BKG000005886,325811,2013-03-16 09:09:32,credit_card,success,NONE,951.35,USD,desktop,66,53132
PAY000005887,BKG000005887,903613,2014-09-24 12:50:57,credit_card,success,NONE,730.38,USD,desktop,66,12015
PAY000005888,BKG000005888,849048,2014-11-21 01:02:00,paypal,success,NONE,253.51,USD,desktop,66,12009
PAY000005889,BKG000005889,889512,2014-05-07 17:32:00,paypal,failed,PAYMENT_PROVIDER_ERROR,231.06,USD,desktop,66,25800
PAY000005890,BKG000005890,776794,2014-07-31 14:44:55,debit_card,success,NONE,222.54,USD,desktop,66,12010
PAY000005891,BKG000005891,84414,2014-12-17 18:13:24,paypal,success,NONE,1410.28,USD,desktop,66,26506
PAY000005892,BKG000005892,672749,2014-12-05 14:57:29,bank_transfer,success,NONE,117.05,USD,desktop,63,20211
PAY000005893,BKG000005893,482183,2014-10-15 23:27:39,apple_pay,success,NONE,189.96,USD,desktop,66,26956
PAY000005894,BKG000005894,341361,2013-09-12 06:04:04,debit_card,success,NONE,150.35,USD,desktop,205,14875
PAY000005895,BKG000005895,674307,2013-11-04 16:05:46,bank_transfer,success,NONE,124.03,USD,desktop,66,12016
PAY000005896,BKG000005896,1166609,2014-05-20 12:52:05,paypal,success,NONE,476.36,USD,desktop,66,9145
PAY000005897,BKG000005897,740874,2013-11-27 21:16:49,bank_transfer,success,NONE,116.05,USD,desktop,32,8739
PAY000005898,BKG000005898,238720,2014-12-29 13:45:07,credit_card,success,NONE,222.81,USD,desktop,66,25067
PAY000005899,BKG000005899,1027811,2013-03-29 15:01:14,paypal,success,NONE,677.37,USD,mobile,69,8252
PAY000005900,BKG000005900,685591,2014-10-07 13:47:07,debit_card,success,NONE,451.79,USD,desktop,66,42630
PAY000005901,BKG000005901,290046,2014-06-06 15:15:42,bank_transfer,success,NONE,126.79,USD,desktop,205,11924
PAY000005902,BKG000005902,348721,2014-01-23 14:26:01,credit_card,success,NONE,353.56,USD,desktop,66,8230
PAY000005903,BKG000005903,810289,2014-12-03 09:02:05,paypal,success,NONE,236.95,USD,desktop,66,8267
PAY000005904,BKG000005904,510575,2014-06-25 16:29:18,credit_card,success,NONE,264.6,USD,desktop,66,12178
PAY000005905,BKG000005905,75631,2014-12-08 18:27:32,debit_card,success,NONE,208.17,USD,desktop,66,8251
PAY000005906,BKG000005906,41078,2014-11-19 17:44:43,credit_card,success,NONE,1235.57,USD,mobile,66,3059
PAY000005907,BKG000005907,572700,2014-07-24 14:53:23,credit_card,success,NONE,289.47,USD,desktop,66,8834
PAY000005908,BKG000005908,754893,2013-04-06 11:30:16,credit_card,success,NONE,221.93,USD,desktop,66,13780
PAY000005909,BKG000005909,1175207,2014-05-12 19:00:22,credit_card,success,NONE,464.61,EUR,desktop,3,8745
PAY000005910,BKG000005910,66975,2014-04-30 11:39:50,google_pay,success,NONE,113.15,USD,desktop,218,8240
PAY000005911,BKG000005911,656,2014-09-15 12:13:05,paypal,success,NONE,244.51,USD,desktop,66,8230
PAY000005912,BKG000005912,142964,2014-10-01 14:10:26,debit_card,failed,INSUFFICIENT_FUNDS,2145.89,USD,desktop,66,10401
PAY000005913,BKG000005913,1181491,2014-07-29 01:08:26,debit_card,success,NONE,193.17,EUR,desktop,3,12952
PAY000005914,BKG000005914,547857,2014-04-20 21:07:53,credit_card,success,NONE,816.34,USD,desktop,66,11439
PAY000005915,BKG000005915,655261,2013-05-04 19:57:36,credit_card,success,NONE,89.11,USD,desktop,66,18721
PAY000005916,BKG000005916,5519,2014-04-29 23:48:51,debit_card,success,NONE,142.97,USD,desktop,66,30337
PAY000005917,BKG000005917,799750,2014-04-03 02:26:18,google_pay,success,NONE,739.1,USD,desktop,205,8279
PAY000005918,BKG000005918,548070,2014-04-26 18:48:49,paypal,success,NONE,178.02,USD,desktop,66,43705
PAY000005919,BKG000005919,1167614,2014-05-01 15:44:13,bank_transfer,failed,3DS_FAILED,1109.92,EUR,desktop,3,20408
PAY000005920,BKG000005920,1090463,2014-11-19 12:31:43,credit_card,success,NONE,680.96,USD,desktop,66,23718
PAY000005921,BKG000005921,276140,2014-10-29 14:34:50,paypal,success,NONE,955.83,USD,desktop,103,8260
PAY000005922,BKG000005922,386447,2013-04-26 11:04:41,credit_card,failed,3DS_FAILED,235.9,USD,desktop,66,1391
PAY000005923,BKG000005923,1004241,2013-12-23 16:38:09,credit_card,success,NONE,119.45,USD,desktop,66,3742
PAY000005924,BKG000005924,590655,2014-10-17 20:53:31,apple_pay,success,NONE,433.63,USD,mobile,66,11373
PAY000005925,BKG000005925,150187,2014-11-19 04:41:46,credit_card,success,NONE,1874.57,USD,desktop,133,11815
PAY000005926,BKG000005926,808426,2014-10-18 11:03:24,credit_card,success,NONE,337.18,USD,desktop,215,8255
PAY000005927,BKG000005927,705254,2014-10-07 22:26:03,credit_card,success,NONE,584.6,USD,desktop,46,22418
PAY000005928,BKG000005928,345715,2014-09-08 11:11:37,debit_card,success,NONE,276.19,GBP,desktop,77,8785
PAY000005929,BKG000005929,770982,2013-07-09 17:10:56,paypal,success,NONE,215.16,USD,desktop,66,8233
PAY000005930,BKG000005930,500171,2013-08-06 15:27:59,paypal,success,NONE,439.74,USD,desktop,66,4415
PAY000005931,BKG000005931,145197,2014-11-07 18:57:59,credit_card,success,NONE,225.28,USD,mobile,66,12420
PAY000005932,BKG000005932,527270,2014-08-06 12:54:29,bank_transfer,success,NONE,141.57,USD,desktop,66,24696
PAY000005933,BKG000005933,527270,2014-08-06 12:16:29,apple_pay,success,NONE,231.06,USD,desktop,66,24696
PAY000005934,BKG000005934,212625,2013-11-23 23:01:18,paypal,success,NONE,235.16,USD,mobile,205,8267
PAY000005935,BKG000005935,13612,2013-08-26 19:34:47,credit_card,failed,3DS_FAILED,221.59,USD,desktop,66,25327
PAY000005936,BKG000005936,4237,2014-11-13 10:53:12,credit_card,success,NONE,161.38,GBP,desktop,195,19489
PAY000005937,BKG000005937,963489,2014-07-25 15:29:59,credit_card,success,NONE,285.7,EUR,desktop,167,6581
PAY000005938,BKG000005938,301276,2014-09-18 22:29:39,credit_card,success,NONE,82.01,USD,desktop,52,12603
PAY000005939,BKG000005939,1109994,2014-06-12 05:42:37,credit_card,success,NONE,1163.85,USD,desktop,226,12209
PAY000005940,BKG000005940,663498,2014-12-16 17:55:52,debit_card,success,NONE,280.6,USD,desktop,66,21031
PAY000005941,BKG000005941,1134829,2013-08-05 12:19:31,debit_card,success,NONE,258.05,USD,desktop,66,8035
PAY000005942,BKG000005942,581298,2014-12-15 11:30:43,credit_card,failed,3DS_FAILED,216.03,USD,desktop,149,8745
PAY000005943,BKG000005943,447995,2014-06-05 16:41:55,apple_pay,failed,INSUFFICIENT_FUNDS,428.28,USD,desktop,66,12228
PAY000005944,BKG000005944,569221,2014-08-21 00:28:48,google_pay,success,NONE,234.27,USD,desktop,66,1883
PAY000005945,BKG000005945,620135,2013-01-15 15:40:59,debit_card,success,NONE,116.66,USD,desktop,66,22787
PAY000005946,BKG000005946,893083,2013-09-30 06:49:23,bank_transfer,success,NONE,982.69,USD,desktop,205,8811
PAY000005947,BKG000005947,501380,2014-01-10 16:13:25,credit_card,success,NONE,297.74,USD,desktop,205,53949
PAY000005948,BKG000005948,188385,2013-01-19 08:21:53,credit_card,success,NONE,1084.51,USD,desktop,104,43226
PAY000005949,BKG000005949,812635,2014-06-13 06:09:26,credit_card,success,NONE,545.6,USD,desktop,66,25768
PAY000005950,BKG000005950,957690,2013-07-30 00:01:36,debit_card,success,NONE,385.71,EUR,desktop,3,6305
PAY000005951,BKG000005951,1153741,2014-07-31 20:13:08,paypal,success,NONE,732.4,EUR,desktop,3,8250
PAY000005952,BKG000005952,1153741,2014-07-31 21:55:08,credit_card,success,NONE,524.2,EUR,desktop,3,8250
PAY000005953,BKG000005953,1153741,2014-07-31 22:34:08,debit_card,success,NONE,671.49,EUR,desktop,3,8250
PAY000005954,BKG000005954,1153741,2014-07-31 21:34:08,google_pay,success,NONE,553.45,EUR,desktop,3,8250
PAY000005955,BKG000005955,1153741,2014-07-31 20:55:08,paypal,success,NONE,584.63,EUR,desktop,3,8250
PAY000005956,BKG000005956,1153741,2014-07-31 21:05:08,credit_card,success,NONE,644.76,EUR,desktop,3,8250
PAY000005957,BKG000005957,1155856,2013-02-28 16:43:51,credit_card,success,NONE,1463.53,EUR,desktop,3,8254
PAY000005958,BKG000005958,879717,2014-05-05 18:18:25,credit_card,success,NONE,306.23,USD,desktop,66,8277
PAY000005959,BKG000005959,538190,2013-09-26 22:06:30,apple_pay,success,NONE,619.82,USD,desktop,205,26022
PAY000005960,BKG000005960,603779,2014-04-08 12:13:59,google_pay,success,NONE,187.64,USD,desktop,66,12008
PAY000005961,BKG000005961,564691,2013-05-21 12:30:38,bank_transfer,success,NONE,638.98,USD,desktop,66,1442
PAY000005962,BKG000005962,162942,2013-10-09 18:46:31,apple_pay,success,NONE,194.61,USD,desktop,205,25946
PAY000005963,BKG000005963,1122916,2014-09-09 15:08:59,credit_card,success,NONE,919.28,USD,desktop,66,1265
PAY000005964,BKG000005964,930100,2013-11-01 10:24:15,credit_card,success,NONE,317.1,USD,desktop,66,12175
PAY000005965,BKG000005965,220847,2014-01-09 18:22:14,credit_card,success,NONE,218.46,USD,desktop,69,23311
PAY000005966,BKG000005966,381824,2014-06-09 15:52:29,credit_card,success,NONE,735.49,USD,desktop,66,23541
PAY000005967,BKG000005967,214139,2013-08-14 17:47:41,debit_card,success,NONE,267.47,USD,desktop,214,52488
PAY000005968,BKG000005968,808130,2014-08-01 15:44:16,debit_card,success,NONE,618.91,USD,desktop,66,21189
PAY000005969,BKG000005969,395032,2014-05-15 10:26:41,credit_card,success,NONE,154.23,USD,desktop,66,33251
PAY000005970,BKG000005970,1180651,2014-11-20 17:44:23,credit_card,success,NONE,142.74,EUR,desktop,3,51580
PAY000005971,BKG000005971,890432,2013-05-31 18:50:03,credit_card,failed,CARD_DECLINED,747.34,USD,desktop,154,52481
PAY000005972,BKG000005972,723526,2013-09-29 11:15:40,credit_card,success,NONE,331.71,USD,desktop,68,8220
PAY000005973,BKG000005973,1042924,2013-03-17 13:25:08,debit_card,success,NONE,427.15,USD,desktop,66,8218
PAY000005974,BKG000005974,180689,2013-05-27 11:46:25,paypal,success,NONE,138.7,USD,desktop,66,8278
PAY000005975,BKG000005975,613188,2014-09-04 04:38:03,paypal,failed,PAYMENT_PROVIDER_ERROR,261.73,EUR,desktop,3,8288
PAY000005976,BKG000005976,105769,2014-05-08 22:56:37,debit_card,success,NONE,718.3,USD,desktop,5,8250
PAY000005977,BKG000005977,284196,2013-09-19 08:35:40,paypal,success,NONE,341.74,USD,desktop,66,27139
PAY000005978,BKG000005978,443857,2013-09-05 15:45:31,credit_card,success,NONE,135.11,USD,desktop,66,58559
PAY000005979,BKG000005979,1052358,2014-10-28 12:20:31,credit_card,success,NONE,669.9,GBP,desktop,77,1021
PAY000005980,BKG000005980,468040,2014-03-14 10:07:09,apple_pay,success,NONE,131.9,GBP,desktop,77,21816
PAY000005981,BKG000005981,290247,2014-12-14 20:24:21,debit_card,success,NONE,239.7,USD,desktop,133,12669
PAY000005982,BKG000005982,528540,2014-02-12 00:28:13,debit_card,success,NONE,566.66,USD,desktop,66,11923
PAY000005983,BKG000005983,350524,2014-12-05 18:13:46,credit_card,success,NONE,264.81,USD,desktop,66,12471
PAY000005984,BKG000005984,831074,2014-03-18 19:19:16,debit_card,success,NONE,221.8,USD,desktop,46,24087
PAY000005985,BKG000005985,312326,2014-04-16 21:10:51,apple_pay,success,NONE,342.05,USD,desktop,66,427
PAY000005986,BKG000005986,377587,2013-09-24 06:35:58,credit_card,success,NONE,387.17,USD,mobile,3,8241
PAY000005987,BKG000005987,396136,2014-03-11 03:15:18,bank_transfer,success,NONE,1650.74,USD,desktop,66,24860
PAY000005988,BKG000005988,832951,2014-09-12 14:18:26,apple_pay,success,NONE,289.94,USD,desktop,1,8788
PAY000005989,BKG000005989,300982,2014-02-11 00:15:41,credit_card,success,NONE,395.87,USD,desktop,50,8230
PAY000005990,BKG000005990,1107204,2013-02-27 19:27:50,debit_card,success,NONE,371.54,USD,desktop,69,2206
PAY000005991,BKG000005991,1152697,2013-04-07 23:14:05,debit_card,success,NONE,149.36,USD,desktop,69,8253
PAY000005992,BKG000005992,1026163,2014-02-03 18:31:16,apple_pay,success,NONE,156.77,USD,desktop,230,22923
PAY000005993,BKG000005993,695451,2014-12-02 21:22:56,credit_card,success,NONE,1202.71,USD,desktop,66,8785
PAY000005994,BKG000005994,188484,2014-02-05 19:03:08,debit_card,success,NONE,155.68,USD,desktop,66,26604
PAY000005995,BKG000005995,64684,2014-04-18 04:17:42,paypal,success,NONE,631.11,USD,desktop,3,8246
PAY000005996,BKG000005996,76006,2013-07-02 18:39:12,debit_card,success,NONE,118.92,USD,mobile,66,32950
PAY000005997,BKG000005997,171415,2013-03-12 16:25:59,bank_transfer,success,NONE,269.97,USD,desktop,66,27746
PAY000005998,BKG000005998,357738,2014-03-04 16:00:26,credit_card,success,NONE,404.09,USD,desktop,66,11569
PAY000005999,BKG000005999,12033,2013-01-23 09:44:20,apple_pay,success,NONE,449.95,EUR,desktop,3,669
PAY000006000,BKG000006000,579503,2014-09-27 10:20:57,debit_card,success,NONE,844.41,USD,desktop,66,21489
PAY000006001,BKG000006001,691918,2014-10-29 10:46:36,debit_card,success,NONE,215.68,USD,desktop,69,8253
PAY000006002,BKG000006002,956000,2014-07-10 19:39:29,paypal,success,NONE,763.5,USD,desktop,115,8286
PAY000006003,BKG000006003,875977,2014-06-28 20:47:07,credit_card,success,NONE,251.58,USD,desktop,69,12206
PAY000006004,BKG000006004,769434,2014-05-10 14:47:21,bank_transfer,success,NONE,436.66,USD,desktop,62,2080
PAY000006005,BKG000006005,396195,2014-12-17 13:55:09,apple_pay,success,NONE,85.55,USD,desktop,69,30337
PAY000006006,BKG000006006,293634,2013-08-21 12:20:55,credit_card,success,NONE,158.54,USD,desktop,46,8746
PAY000006007,BKG000006007,1172224,2014-08-12 20:14:16,bank_transfer,success,NONE,585.09,USD,desktop,66,8793
PAY000006008,BKG000006008,76219,2013-12-16 20:09:34,debit_card,success,NONE,152.79,USD,desktop,66,20553
PAY000006009,BKG000006009,605052,2013-10-06 19:41:11,debit_card,failed,INSUFFICIENT_FUNDS,1325.56,USD,desktop,69,8267
PAY000006010,BKG000006010,286250,2014-05-03 12:45:56,debit_card,failed,PAYMENT_PROVIDER_ERROR,235.21,USD,desktop,66,4338
PAY000006011,BKG000006011,734212,2013-08-19 14:07:34,credit_card,success,NONE,255.69,USD,desktop,66,12189
PAY000006012,BKG000006012,697221,2014-07-25 18:28:03,credit_card,success,NONE,3416.65,USD,desktop,66,5405
PAY000006013,BKG000006013,1043132,2013-06-24 19:51:24,debit_card,success,NONE,226.85,USD,desktop,66,12792
PAY000006014,BKG000006014,859567,2013-02-16 18:06:12,credit_card,success,NONE,93.26,USD,desktop,205,25964
PAY000006015,BKG000006015,851630,2014-10-21 14:00:10,google_pay,success,NONE,620.9,USD,mobile,66,8233
PAY000006016,BKG000006016,43653,2014-04-12 18:10:08,paypal,success,NONE,1383.72,USD,desktop,66,11938
PAY000006017,BKG000006017,126059,2014-12-19 09:53:43,paypal,success,NONE,140.47,USD,desktop,66,25671
PAY000006018,BKG000006018,745731,2014-10-20 17:13:41,google_pay,success,NONE,886.78,EUR,desktop,0,8819
PAY000006019,BKG000006019,639687,2014-03-01 09:12:13,credit_card,success,NONE,550.38,USD,desktop,66,12133
PAY000006020,BKG000006020,1006099,2013-02-09 08:39:05,apple_pay,success,NONE,684.5,USD,desktop,66,8261
PAY000006021,BKG000006021,640781,2014-10-12 14:10:14,credit_card,success,NONE,142.5,USD,desktop,205,30912
PAY000006022,BKG000006022,80549,2014-02-23 22:34:57,credit_card,failed,3DS_FAILED,233.35,USD,desktop,69,23010
PAY000006023,BKG000006023,1023226,2014-11-12 12:10:58,google_pay,success,NONE,249.58,USD,desktop,66,14139
PAY000006024,BKG000006024,644371,2013-11-11 14:47:38,credit_card,success,NONE,1083.16,USD,desktop,205,7635
PAY000006025,BKG000006025,594724,2014-11-11 15:26:57,debit_card,success,NONE,200.04,USD,desktop,66,8250
PAY000006026,BKG000006026,310527,2013-05-30 11:12:57,google_pay,success,NONE,318.31,USD,desktop,205,17457
PAY000006027,BKG000006027,141886,2013-02-12 17:26:10,paypal,success,NONE,469.19,USD,desktop,66,669
PAY000006028,BKG000006028,394749,2014-02-07 08:56:20,apple_pay,success,NONE,454.13,USD,desktop,66,26501
PAY000006029,BKG000006029,977939,2013-05-02 15:55:27,bank_transfer,success,NONE,873.31,USD,desktop,66,8279
PAY000006030,BKG000006030,153951,2013-12-11 22:08:27,credit_card,success,NONE,200.62,USD,mobile,71,8788
PAY000006031,BKG000006031,758453,2014-08-27 23:06:02,credit_card,success,NONE,133.03,USD,desktop,66,24998
PAY000006032,BKG000006032,1069401,2014-08-19 18:15:42,credit_card,success,NONE,212.84,USD,mobile,66,28585
PAY000006033,BKG000006033,997264,2014-02-16 15:45:51,debit_card,success,NONE,1037.54,USD,desktop,66,17520
PAY000006034,BKG000006034,307989,2013-08-04 20:23:33,credit_card,success,NONE,428.51,USD,desktop,66,8845
PAY000006035,BKG000006035,787051,2013-11-07 06:28:21,paypal,success,NONE,818.29,USD,desktop,66,8222
PAY000006036,BKG000006036,974996,2014-11-12 20:45:01,credit_card,success,NONE,131.91,USD,mobile,66,25728
PAY000006037,BKG000006037,497036,2014-10-03 12:57:30,credit_card,success,NONE,660.51,USD,desktop,50,8242
PAY000006038,BKG000006038,351107,2014-03-24 16:37:52,google_pay,success,NONE,162.58,USD,mobile,66,17823
PAY000006039,BKG000006039,999802,2014-06-12 05:27:03,credit_card,success,NONE,208.44,USD,desktop,66,45030
PAY000006040,BKG000006040,1180886,2014-09-19 17:26:14,paypal,success,NONE,183.73,USD,desktop,66,8273
PAY000006041,BKG000006041,586093,2013-05-03 14:10:51,debit_card,success,NONE,186.84,USD,desktop,205,8250
PAY000006042,BKG000006042,1068624,2014-04-08 20:04:17,credit_card,failed,3DS_FAILED,1566.46,USD,desktop,66,8744
PAY000006043,BKG000006043,335526,2014-08-24 14:33:00,credit_card,success,NONE,1948.16,USD,desktop,66,22445
PAY000006044,BKG000006044,246350,2014-01-09 08:03:54,debit_card,success,NONE,720.22,USD,desktop,66,7600
PAY000006045,BKG000006045,980024,2014-04-18 19:25:48,google_pay,failed,INSUFFICIENT_FUNDS,70.0,USD,mobile,66,1212
PAY000006046,BKG000006046,1116629,2013-07-19 15:16:22,debit_card,success,NONE,191.39,USD,desktop,66,8267
PAY000006047,BKG000006047,407723,2014-03-26 20:48:40,debit_card,success,NONE,219.71,USD,desktop,66,23690
PAY000006048,BKG000006048,1018823,2014-09-12 15:54:03,paypal,success,NONE,198.6,USD,desktop,69,8234
PAY000006049,BKG000006049,99243,2013-05-09 13:38:33,credit_card,success,NONE,509.03,USD,desktop,215,14882
PAY000006050,BKG000006050,950096,2014-10-18 11:26:20,credit_card,success,NONE,456.9,USD,desktop,71,12009
PAY000006051,BKG000006051,678046,2014-08-26 10:29:34,debit_card,success,NONE,171.6,USD,desktop,66,8254
PAY000006052,BKG000006052,132822,2014-07-26 03:34:31,bank_transfer,success,NONE,296.92,USD,desktop,66,24795
PAY000006053,BKG000006053,1020254,2013-04-07 18:20:57,debit_card,success,NONE,1235.17,USD,desktop,46,8250
PAY000006054,BKG000006054,140573,2014-06-07 02:45:04,credit_card,success,NONE,399.65,USD,desktop,133,24677
PAY000006055,BKG000006055,1089509,2014-11-05 15:56:36,debit_card,success,NONE,293.34,USD,desktop,181,8250
PAY000006056,BKG000006056,357183,2014-09-24 15:32:07,apple_pay,success,NONE,224.72,USD,desktop,66,12792
PAY000006057,BKG000006057,587837,2013-08-30 10:20:03,credit_card,success,NONE,733.27,USD,desktop,66,5397
PAY000006058,BKG000006058,587837,2013-08-30 12:36:03,paypal,success,NONE,789.33,USD,desktop,66,5397
PAY000006059,BKG000006059,430193,2014-12-22 20:41:34,credit_card,success,NONE,292.94,USD,desktop,66,41137
PAY000006060,BKG000006060,858154,2014-04-09 18:02:04,credit_card,success,NONE,160.67,USD,desktop,66,11991
PAY000006061,BKG000006061,1110484,2013-07-31 10:45:30,apple_pay,success,NONE,113.92,USD,desktop,66,27031
PAY000006062,BKG000006062,405358,2013-09-12 03:26:12,credit_card,success,NONE,272.11,USD,desktop,1,17805
PAY000006063,BKG000006063,178617,2013-01-18 12:08:21,debit_card,success,NONE,179.19,USD,desktop,66,1875
PAY000006064,BKG000006064,920929,2013-05-19 07:34:03,google_pay,success,NONE,306.89,EUR,desktop,3,8745
PAY000006065,BKG000006065,1086615,2014-10-14 23:27:59,credit_card,success,NONE,514.46,USD,desktop,69,29043
PAY000006066,BKG000006066,1112089,2013-03-25 02:03:55,bank_transfer,success,NONE,633.3,USD,desktop,3,20899
PAY000006067,BKG000006067,818135,2013-09-01 22:51:37,credit_card,success,NONE,561.01,USD,desktop,66,14985
PAY000006068,BKG000006068,154201,2014-11-29 13:17:12,debit_card,success,NONE,488.23,USD,desktop,93,760
PAY000006069,BKG000006069,1055868,2013-05-13 11:25:46,credit_card,success,NONE,201.31,USD,desktop,66,8250
PAY000006070,BKG000006070,696382,2014-11-17 08:07:35,debit_card,success,NONE,615.0,USD,desktop,205,18924
PAY000006071,BKG000006071,862368,2013-02-04 22:24:16,credit_card,success,NONE,146.1,USD,desktop,205,23507
PAY000006072,BKG000006072,679575,2014-11-14 18:22:20,credit_card,success,NONE,207.84,USD,desktop,66,24278
PAY000006073,BKG000006073,894063,2014-06-08 22:18:06,credit_card,success,NONE,146.28,USD,mobile,66,61110
PAY000006074,BKG000006074,682055,2014-03-19 13:56:53,paypal,success,NONE,234.78,USD,desktop,66,8253
PAY000006075,BKG000006075,1121102,2013-01-17 11:49:23,credit_card,success,NONE,621.91,USD,desktop,66,21645
PAY000006076,BKG000006076,767121,2013-09-12 18:53:40,credit_card,success,NONE,1043.27,USD,desktop,130,8251
PAY000006077,BKG000006077,616970,2014-12-02 15:43:49,credit_card,success,NONE,179.26,GBP,desktop,195,41544
PAY000006078,BKG000006078,911626,2014-11-26 18:12:17,debit_card,success,NONE,138.83,USD,desktop,66,12189
PAY000006079,BKG000006079,568900,2014-09-28 07:24:59,credit_card,success,NONE,362.6,USD,desktop,23,8257
PAY000006080,BKG000006080,548587,2013-10-05 18:50:06,credit_card,success,NONE,411.77,USD,desktop,66,8267
PAY000006081,BKG000006081,267031,2013-09-24 14:03:51,google_pay,success,NONE,194.3,USD,desktop,66,5181
PAY000006082,BKG000006082,421885,2014-06-13 11:09:35,google_pay,success,NONE,237.5,USD,mobile,66,40192
PAY000006083,BKG000006083,991647,2014-09-10 14:08:34,debit_card,success,NONE,1099.35,GBP,desktop,77,8286
PAY000006084,BKG000006084,12833,2014-10-27 22:35:46,google_pay,success,NONE,546.37,USD,desktop,66,12175
PAY000006085,BKG000006085,427930,2013-05-29 02:21:23,bank_transfer,success,NONE,95.37,USD,mobile,133,22616
PAY000006086,BKG000006086,648793,2014-09-23 13:55:11,debit_card,success,NONE,358.52,USD,desktop,66,26630
PAY000006087,BKG000006087,240728,2014-04-02 18:40:24,debit_card,success,NONE,233.34,USD,desktop,66,1391
PAY000006088,BKG000006088,270294,2013-03-16 16:40:37,bank_transfer,success,NONE,320.45,USD,desktop,66,19374
PAY000006089,BKG000006089,540398,2014-02-22 11:34:58,debit_card,success,NONE,342.64,USD,desktop,66,1499
PAY000006090,BKG000006090,969866,2013-04-30 13:03:10,credit_card,success,NONE,507.66,GBP,desktop,195,8819
PAY000006091,BKG000006091,1106626,2013-01-30 07:53:05,credit_card,success,NONE,173.03,USD,desktop,205,27606
PAY000006092,BKG000006092,1107115,2013-01-22 11:30:31,google_pay,success,NONE,283.67,USD,desktop,66,25703
PAY000006093,BKG000006093,337883,2014-08-20 13:52:09,credit_card,success,NONE,332.47,USD,mobile,66,8243
PAY000006094,BKG000006094,833093,2014-12-18 11:17:35,google_pay,success,NONE,1839.12,USD,desktop,66,12439
PAY000006095,BKG000006095,1183005,2014-06-13 12:12:50,google_pay,success,NONE,660.81,USD,desktop,66,25736
PAY000006096,BKG000006096,1138202,2014-10-09 19:50:29,debit_card,success,NONE,119.27,USD,desktop,182,40958
PAY000006097,BKG000006097,581298,2014-10-12 05:23:32,debit_card,success,NONE,170.54,USD,desktop,149,8794
PAY000006098,BKG000006098,951814,2013-07-14 15:25:12,paypal,success,NONE,764.0,EUR,mobile,3,8278
PAY000006099,BKG000006099,255079,2013-05-19 18:27:58,paypal,success,NONE,140.51,USD,desktop,205,25963
PAY000006100,BKG000006100,1151952,2013-08-31 12:03:35,google_pay,success,NONE,392.37,USD,desktop,66,11998
PAY000006101,BKG000006101,103709,2014-10-23 20:16:28,credit_card,success,NONE,274.0,USD,desktop,52,23192
PAY000006102,BKG000006102,103709,2014-10-23 23:24:28,google_pay,success,NONE,464.41,USD,desktop,52,23192
PAY000006103,BKG000006103,799464,2013-01-30 17:25:23,paypal,success,NONE,226.11,USD,desktop,66,12739
PAY000006104,BKG000006104,1101454,2013-08-05 19:12:09,debit_card,success,NONE,101.06,USD,desktop,205,8262
PAY000006105,BKG000006105,991437,2014-11-30 20:01:34,credit_card,success,NONE,389.09,USD,desktop,66,16984
PAY000006106,BKG000006106,1073066,2013-04-13 17:28:48,apple_pay,success,NONE,241.0,USD,desktop,205,8267
PAY000006107,BKG000006107,512199,2013-01-10 23:36:42,apple_pay,success,NONE,768.19,USD,desktop,66,8250
PAY000006108,BKG000006108,70925,2014-02-06 22:32:06,paypal,success,NONE,188.0,USD,desktop,66,24374
PAY000006109,BKG000006109,157513,2014-10-02 01:47:45,debit_card,success,NONE,462.9,USD,desktop,66,12733
PAY000006110,BKG000006110,395079,2013-06-22 14:54:23,credit_card,success,NONE,192.1,USD,desktop,66,12000
PAY000006111,BKG000006111,380405,2014-06-15 03:57:27,debit_card,success,NONE,1477.96,USD,desktop,8,68
PAY000006112,BKG000006112,522602,2014-08-19 20:14:22,debit_card,success,NONE,880.17,USD,desktop,215,18142
PAY000006113,BKG000006113,199859,2014-03-07 20:19:23,credit_card,success,NONE,126.9,USD,desktop,205,8254
PAY000006114,BKG000006114,869467,2013-09-08 18:03:15,debit_card,success,NONE,422.57,USD,mobile,66,11360
PAY000006115,BKG000006115,923122,2013-07-12 23:18:52,bank_transfer,success,NONE,701.78,USD,desktop,205,49090
PAY000006116,BKG000006116,209383,2013-07-01 14:02:01,debit_card,failed,INSUFFICIENT_FUNDS,108.72,USD,mobile,133,8806
PAY000006117,BKG000006117,1186695,2013-02-25 14:32:11,debit_card,success,NONE,359.27,EUR,desktop,3,8282
PAY000006118,BKG000006118,1056042,2014-03-18 16:49:34,credit_card,success,NONE,973.28,USD,desktop,69,44281
PAY000006119,BKG000006119,186731,2013-01-26 09:54:43,bank_transfer,success,NONE,161.66,USD,desktop,66,23413
PAY000006120,BKG000006120,239433,2013-05-03 18:27:25,google_pay,success,NONE,74.68,EUR,desktop,3,16231
PAY000006121,BKG000006121,638405,2014-03-06 09:36:08,debit_card,success,NONE,490.94,USD,desktop,66,8281
PAY000006122,BKG000006122,744423,2014-10-06 17:41:50,credit_card,success,NONE,193.07,USD,desktop,69,14333
PAY000006123,BKG000006123,764752,2014-06-14 17:48:26,credit_card,success,NONE,1177.77,GBP,desktop,77,20114
PAY000006124,BKG000006124,387855,2014-05-22 09:47:47,credit_card,failed,CARD_DECLINED,422.34,USD,desktop,66,23296
PAY000006125,BKG000006125,228566,2014-10-31 00:01:35,credit_card,success,NONE,900.82,USD,desktop,66,8250
PAY000006126,BKG000006126,433652,2014-08-29 17:46:08,google_pay,success,NONE,536.37,USD,mobile,66,8835
PAY000006127,BKG000006127,201340,2013-03-18 06:25:20,google_pay,success,NONE,204.14,USD,desktop,66,40859
PAY000006128,BKG000006128,707745,2014-09-19 13:10:40,debit_card,success,NONE,453.83,USD,mobile,66,8277
PAY000006129,BKG000006129,362213,2014-01-24 13:55:41,google_pay,success,NONE,152.49,USD,desktop,66,613
PAY000006130,BKG000006130,864754,2013-03-23 16:27:26,apple_pay,success,NONE,126.98,USD,desktop,66,33713
PAY000006131,BKG000006131,753443,2013-09-04 08:42:18,google_pay,success,NONE,1132.98,USD,desktop,66,11812
PAY000006132,BKG000006132,2622,2014-03-07 12:28:45,apple_pay,success,NONE,845.53,USD,desktop,66,33521
PAY000006133,BKG000006133,420041,2013-07-31 18:47:01,bank_transfer,success,NONE,248.89,USD,desktop,66,12184
PAY000006134,BKG000006134,728765,2014-01-28 19:59:01,debit_card,success,NONE,163.75,USD,desktop,5,12857
PAY000006135,BKG000006135,1009378,2013-01-31 15:26:05,credit_card,success,NONE,500.18,USD,desktop,205,24289
PAY000006136,BKG000006136,281760,2013-10-21 01:12:32,debit_card,success,NONE,246.29,USD,desktop,205,12270
PAY000006137,BKG000006137,29006,2014-12-04 01:21:49,credit_card,success,NONE,130.19,USD,desktop,205,20479
PAY000006138,BKG000006138,1020021,2014-05-16 06:00:56,credit_card,success,NONE,708.4,USD,desktop,80,8255
PAY000006139,BKG000006139,614471,2014-10-06 12:25:48,credit_card,success,NONE,272.47,USD,desktop,66,8223
PAY000006140,BKG000006140,817478,2014-08-15 23:28:34,credit_card,success,NONE,596.83,USD,desktop,66,8259
PAY000006141,BKG000006141,196085,2014-10-16 18:59:39,debit_card,success,NONE,204.54,USD,mobile,66,8788
PAY000006142,BKG000006142,614873,2014-04-12 20:40:16,paypal,success,NONE,310.68,USD,desktop,66,8250
PAY000006143,BKG000006143,91546,2014-10-08 14:34:50,bank_transfer,success,NONE,576.38,USD,desktop,66,356
PAY000006144,BKG000006144,567881,2014-08-22 20:01:55,bank_transfer,failed,PAYMENT_PROVIDER_ERROR,401.57,EUR,desktop,115,5497
PAY000006145,BKG000006145,1153717,2013-11-11 12:52:14,debit_card,success,NONE,281.63,USD,desktop,66,8739
PAY000006146,BKG000006146,1000105,2013-01-19 04:54:30,credit_card,success,NONE,215.34,USD,desktop,235,46986
PAY000006147,BKG000006147,963483,2013-07-28 16:00:15,credit_card,success,NONE,162.12,USD,mobile,66,809
PAY000006148,BKG000006148,138307,2014-07-25 08:06:00,credit_card,success,NONE,383.61,USD,desktop,66,12194
PAY000006149,BKG000006149,785166,2013-05-24 14:05:39,credit_card,success,NONE,175.3,USD,desktop,66,3254
PAY000006150,BKG000006150,13478,2014-04-30 04:23:18,credit_card,success,NONE,148.24,USD,desktop,58,24320
PAY000006151,BKG000006151,713455,2014-01-15 12:32:48,debit_card,failed,INSUFFICIENT_FUNDS,1349.18,USD,desktop,66,8818
PAY000006152,BKG000006152,874742,2013-05-06 11:50:33,debit_card,success,NONE,180.3,USD,desktop,66,12383
PAY000006153,BKG000006153,1188133,2013-06-27 13:02:42,debit_card,success,NONE,352.16,EUR,desktop,3,11271
PAY000006154,BKG000006154,47848,2014-06-18 08:17:40,credit_card,success,NONE,213.54,USD,desktop,66,25124
PAY000006155,BKG000006155,1079526,2014-06-16 11:21:08,paypal,success,NONE,143.82,USD,desktop,69,30294
PAY000006156,BKG000006156,56877,2014-09-10 19:37:40,paypal,success,NONE,521.9,EUR,desktop,115,8745
PAY000006157,BKG000006157,599759,2013-05-07 14:11:00,credit_card,success,NONE,227.92,USD,desktop,66,12239
PAY000006158,BKG000006158,1077287,2014-12-24 23:30:00,google_pay,success,NONE,411.25,USD,desktop,66,8824
PAY000006159,BKG000006159,223067,2013-08-08 18:59:21,credit_card,failed,CARD_DECLINED,452.65,USD,desktop,1,43273
PAY000006160,BKG000006160,190446,2014-08-18 21:37:52,debit_card,success,NONE,376.89,USD,desktop,205,59252
PAY000006161,BKG000006161,368973,2013-12-11 19:26:18,google_pay,success,NONE,222.48,USD,desktop,66,14846
PAY000006162,BKG000006162,995255,2014-12-29 02:21:30,bank_transfer,success,NONE,456.23,USD,desktop,66,6499
PAY000006163,BKG000006163,594338,2013-12-22 12:04:34,credit_card,success,NONE,881.39,USD,desktop,191,8808
PAY000006164,BKG000006164,382953,2013-09-03 16:50:07,credit_card,success,NONE,1020.99,USD,desktop,66,8219
PAY000006165,BKG000006165,813002,2014-07-22 14:51:42,paypal,success,NONE,230.65,USD,desktop,66,8223
PAY000006166,BKG000006166,211311,2014-08-06 10:04:30,debit_card,success,NONE,316.05,USD,desktop,205,8221
PAY000006167,BKG000006167,796350,2014-03-14 14:14:49,paypal,success,NONE,608.07,USD,desktop,66,11812
PAY000006168,BKG000006168,1046605,2014-04-17 12:18:32,credit_card,failed,INSUFFICIENT_FUNDS,266.17,USD,mobile,66,8229
PAY000006169,BKG000006169,332340,2013-05-05 15:48:32,apple_pay,failed,AUTH_TIMEOUT,334.29,USD,desktop,66,8859
PAY000006170,BKG000006170,991324,2014-08-22 09:07:08,credit_card,failed,CARD_DECLINED,206.4,USD,desktop,66,8279
PAY000006171,BKG000006171,693800,2014-08-15 10:50:20,credit_card,success,NONE,170.39,USD,desktop,66,16985
PAY000006172,BKG000006172,970914,2014-05-20 17:56:28,apple_pay,success,NONE,579.21,GBP,desktop,195,33496
PAY000006173,BKG000006173,1086367,2014-07-26 07:54:08,debit_card,failed,INSUFFICIENT_FUNDS,304.54,USD,desktop,0,2482
PAY000006174,BKG000006174,969070,2014-01-04 13:24:49,credit_card,success,NONE,676.88,GBP,desktop,195,60846
PAY000006175,BKG000006175,642649,2014-05-26 09:35:49,paypal,success,NONE,444.27,USD,desktop,205,12246
PAY000006176,BKG000006176,779168,2014-02-19 20:50:29,credit_card,success,NONE,220.23,USD,desktop,66,8823
PAY000006177,BKG000006177,240617,2014-10-08 20:43:33,credit_card,success,NONE,404.99,USD,desktop,182,23479
PAY000006178,BKG000006178,835386,2013-01-17 20:26:23,credit_card,failed,3DS_FAILED,217.0,USD,desktop,215,38455
PAY000006179,BKG000006179,952832,2014-09-03 16:41:39,credit_card,success,NONE,160.03,USD,mobile,205,45132
PAY000006180,BKG000006180,865139,2014-12-09 15:58:19,paypal,success,NONE,430.21,USD,desktop,66,8266
PAY000006181,BKG000006181,686584,2013-09-20 20:59:48,paypal,success,NONE,346.59,USD,desktop,46,8739
PAY000006182,BKG000006182,216908,2014-08-01 01:00:40,paypal,success,NONE,239.54,USD,desktop,104,1334
PAY000006183,BKG000006183,699417,2013-09-03 04:47:08,credit_card,success,NONE,613.97,EUR,desktop,202,6523
PAY000006184,BKG000006184,233825,2013-06-27 12:15:07,google_pay,success,NONE,175.05,GBP,desktop,77,12732
PAY000006185,BKG000006185,428520,2014-10-05 11:52:15,paypal,success,NONE,192.5,USD,mobile,66,21260
PAY000006186,BKG000006186,997937,2014-06-08 17:14:05,apple_pay,success,NONE,563.84,USD,desktop,66,16145
PAY000006187,BKG000006187,411927,2013-06-21 11:23:35,bank_transfer,success,NONE,218.74,USD,desktop,66,8262
PAY000006188,BKG000006188,6905,2013-04-03 21:41:34,paypal,success,NONE,375.54,USD,desktop,66,21386
PAY000006189,BKG000006189,164516,2014-09-09 00:00:10,credit_card,success,NONE,167.14,USD,desktop,69,51926
PAY000006190,BKG000006190,748619,2013-08-01 14:26:01,debit_card,success,NONE,430.28,USD,desktop,66,11835
PAY000006191,BKG000006191,872270,2014-12-30 19:35:45,bank_transfer,failed,PAYMENT_PROVIDER_ERROR,201.33,USD,desktop,66,4392
PAY000006192,BKG000006192,105498,2013-09-20 12:15:20,paypal,success,NONE,160.68,USD,desktop,205,8287
PAY000006193,BKG000006193,203977,2013-01-16 14:48:23,bank_transfer,failed,INSUFFICIENT_FUNDS,216.56,USD,desktop,19,8268
PAY000006194,BKG000006194,475819,2014-06-09 11:33:25,credit_card,success,NONE,138.34,USD,desktop,66,18790
PAY000006195,BKG000006195,553794,2013-03-21 19:04:33,google_pay,success,NONE,257.11,USD,desktop,66,7635
PAY000006196,BKG000006196,534790,2014-05-02 00:15:05,credit_card,success,NONE,185.64,EUR,desktop,150,8246
PAY000006197,BKG000006197,1116683,2013-03-22 13:24:46,apple_pay,success,NONE,211.87,USD,desktop,66,12895
PAY000006198,BKG000006198,365252,2013-08-25 15:49:04,debit_card,success,NONE,220.79,USD,desktop,69,12483
PAY000006199,BKG000006199,115866,2013-04-18 18:59:32,paypal,success,NONE,731.21,USD,desktop,215,1114
PAY000006200,BKG000006200,812498,2014-03-27 13:47:30,apple_pay,success,NONE,555.42,USD,desktop,218,22930
PAY000006201,BKG000006201,550169,2013-03-06 20:08:14,google_pay,success,NONE,572.58,USD,desktop,162,11373
PAY000006202,BKG000006202,218741,2014-12-19 17:38:13,google_pay,success,NONE,284.35,USD,desktop,87,12314
PAY000006203,BKG000006203,276572,2014-01-24 09:41:50,credit_card,success,NONE,575.11,USD,desktop,44,22698
PAY000006204,BKG000006204,3121,2014-01-02 18:37:04,credit_card,success,NONE,168.15,USD,mobile,69,33496
PAY000006205,BKG000006205,799781,2013-08-14 19:30:07,credit_card,success,NONE,276.51,USD,desktop,66,8790
PAY000006206,BKG000006206,1087985,2014-09-14 23:03:34,google_pay,success,NONE,743.12,USD,desktop,66,19945
PAY000006207,BKG000006207,668156,2014-06-24 09:49:06,debit_card,success,NONE,420.32,USD,desktop,66,11976
PAY000006208,BKG000006208,754853,2013-06-06 13:22:00,google_pay,success,NONE,404.67,USD,desktop,66,13657
PAY000006209,BKG000006209,654926,2013-08-03 15:00:49,paypal,success,NONE,601.41,USD,desktop,66,8281
PAY000006210,BKG000006210,879174,2013-07-20 13:46:30,debit_card,success,NONE,219.76,USD,desktop,205,8291
PAY000006211,BKG000006211,169232,2014-10-05 12:17:36,credit_card,success,NONE,320.69,USD,desktop,66,42979
PAY000006212,BKG000006212,182025,2013-05-06 18:20:24,paypal,success,NONE,427.01,USD,desktop,66,14985
PAY000006213,BKG000006213,792024,2014-01-23 15:01:34,google_pay,success,NONE,214.45,EUR,desktop,23,552
PAY000006214,BKG000006214,993024,2014-11-11 17:10:19,credit_card,success,NONE,144.21,EUR,desktop,194,8220
PAY000006215,BKG000006215,407822,2014-09-21 21:43:27,credit_card,success,NONE,392.2,USD,desktop,66,8230
PAY000006216,BKG000006216,330571,2013-01-10 04:22:59,credit_card,failed,AUTH_TIMEOUT,453.43,USD,desktop,69,24695
PAY000006217,BKG000006217,127772,2014-10-16 17:26:02,credit_card,success,NONE,500.4,USD,desktop,182,6487
PAY000006218,BKG000006218,202311,2014-07-15 19:23:51,google_pay,success,NONE,380.28,USD,desktop,66,8236
PAY000006219,BKG000006219,671614,2013-10-06 02:28:30,debit_card,success,NONE,720.37,USD,desktop,66,8230
PAY000006220,BKG000006220,845336,2013-02-16 14:34:37,credit_card,success,NONE,141.33,USD,desktop,205,12652
PAY000006221,BKG000006221,691187,2013-08-19 13:26:43,credit_card,success,NONE,231.5,USD,desktop,205,8228
PAY000006222,BKG000006222,457655,2014-11-16 15:09:08,credit_card,success,NONE,438.24,USD,desktop,55,8948
PAY000006223,BKG000006223,1119906,2013-05-04 15:20:20,apple_pay,success,NONE,633.88,USD,desktop,29,8262
PAY000006224,BKG000006224,373765,2014-07-31 11:40:15,paypal,success,NONE,181.74,USD,desktop,205,8746
PAY000006225,BKG000006225,373765,2014-07-31 10:57:15,bank_transfer,success,NONE,169.55,USD,desktop,205,8746
PAY000006226,BKG000006226,1084131,2013-02-07 13:30:04,credit_card,success,NONE,399.19,USD,desktop,66,565
PAY000006227,BKG000006227,951483,2014-10-11 18:18:19,paypal,success,NONE,541.01,USD,mobile,66,11358
PAY000006228,BKG000006228,119898,2014-10-13 21:19:00,debit_card,success,NONE,208.34,USD,desktop,66,11922
PAY000006229,BKG000006229,466612,2014-11-22 00:55:41,credit_card,success,NONE,312.3,USD,desktop,66,8
PAY000006230,BKG000006230,726883,2014-06-22 10:53:12,credit_card,success,NONE,282.42,USD,desktop,66,24695
PAY000006231,BKG000006231,26958,2014-02-04 19:10:30,credit_card,success,NONE,207.45,USD,desktop,1,12699
PAY000006232,BKG000006232,468134,2014-10-02 10:47:33,credit_card,success,NONE,575.88,USD,desktop,46,8739
PAY000006233,BKG000006233,1196595,2013-06-29 10:34:36,credit_card,success,NONE,199.44,USD,desktop,66,22683
PAY000006234,BKG000006234,584071,2014-12-08 09:20:52,apple_pay,success,NONE,1322.99,USD,desktop,66,14985
PAY000006235,BKG000006235,681988,2013-05-13 23:46:27,credit_card,success,NONE,230.39,USD,desktop,69,5080
PAY000006236,BKG000006236,676049,2014-06-06 23:14:59,apple_pay,success,NONE,577.45,USD,desktop,66,18664
PAY000006237,BKG000006237,37191,2014-12-19 16:10:26,credit_card,failed,INSUFFICIENT_FUNDS,1339.55,USD,desktop,66,15093
PAY000006238,BKG000006238,156036,2014-12-31 00:02:22,apple_pay,success,NONE,471.25,USD,mobile,66,8250
PAY000006239,BKG000006239,88991,2014-03-10 02:13:23,debit_card,success,NONE,70.0,USD,desktop,66,12603
PAY000006240,BKG000006240,747960,2014-11-04 14:01:57,google_pay,success,NONE,347.79,USD,desktop,66,26057
PAY000006241,BKG000006241,809791,2014-08-03 13:28:16,credit_card,success,NONE,143.52,USD,desktop,66,8254
PAY000006242,BKG000006242,90056,2014-09-04 12:56:08,credit_card,success,NONE,235.51,USD,desktop,66,12471
PAY000006243,BKG000006243,847926,2014-12-25 18:54:04,credit_card,success,NONE,735.15,USD,desktop,66,8272
PAY000006244,BKG000006244,410590,2014-01-05 17:16:03,credit_card,failed,AUTH_TIMEOUT,1114.9,USD,desktop,205,8250
PAY000006245,BKG000006245,1176076,2013-02-23 20:53:12,paypal,success,NONE,379.1,EUR,mobile,3,20325
PAY000006246,BKG000006246,848414,2014-09-06 16:46:49,google_pay,success,NONE,250.82,USD,mobile,66,8233
PAY000006247,BKG000006247,790828,2013-05-01 19:56:31,bank_transfer,success,NONE,190.27,USD,desktop,66,4592
PAY000006248,BKG000006248,722256,2014-04-03 14:59:58,credit_card,success,NONE,262.79,USD,desktop,69,44916
PAY000006249,BKG000006249,989712,2013-06-21 14:44:30,credit_card,success,NONE,214.76,USD,desktop,66,12448
PAY000006250,BKG000006250,795903,2013-09-12 21:13:42,credit_card,success,NONE,931.4,USD,desktop,205,8747
PAY000006251,BKG000006251,787105,2014-05-17 18:35:02,debit_card,success,NONE,243.68,USD,desktop,205,1501
PAY000006252,BKG000006252,818222,2014-02-24 00:21:30,debit_card,success,NONE,255.59,USD,mobile,66,11321
PAY000006253,BKG000006253,385589,2014-12-02 06:57:28,credit_card,success,NONE,213.99,USD,mobile,66,11330
PAY000006254,BKG000006254,308160,2013-08-29 18:21:35,credit_card,success,NONE,497.92,USD,desktop,66,8266
PAY000006255,BKG000006255,403923,2013-03-11 09:47:13,credit_card,success,NONE,879.16,USD,mobile,149,8254
PAY000006256,BKG000006256,31328,2013-04-15 12:59:41,debit_card,success,NONE,511.26,USD,desktop,66,8216
PAY000006257,BKG000006257,340058,2014-04-11 06:08:38,credit_card,success,NONE,140.76,USD,desktop,66,5185
PAY000006258,BKG000006258,549761,2014-12-03 22:13:52,credit_card,success,NONE,254.45,USD,desktop,66,27360
PAY000006259,BKG000006259,188816,2014-01-26 11:51:23,credit_card,success,NONE,961.14,USD,desktop,205,8267
PAY000006260,BKG000006260,182802,2014-05-03 10:17:19,credit_card,success,NONE,150.4,USD,desktop,198,14042
PAY000006261,BKG000006261,1068279,2013-08-09 13:11:41,paypal,failed,AUTH_TIMEOUT,331.16,USD,desktop,1,18787
PAY000006262,BKG000006262,170940,2014-01-08 12:58:27,credit_card,failed,INSUFFICIENT_FUNDS,285.14,USD,desktop,66,8788
PAY000006263,BKG000006263,798321,2014-10-25 06:36:25,debit_card,success,NONE,338.37,USD,desktop,66,8262
PAY000006264,BKG000006264,1104620,2014-11-07 13:24:46,credit_card,success,NONE,321.08,USD,desktop,127,12241
PAY000006265,BKG000006265,973323,2013-12-26 13:01:05,apple_pay,success,NONE,267.09,USD,desktop,66,11812
PAY000006266,BKG000006266,711967,2013-07-06 17:12:12,credit_card,success,NONE,135.81,USD,desktop,66,44374
PAY000006267,BKG000006267,880738,2013-12-14 17:58:57,credit_card,success,NONE,394.15,USD,desktop,66,8788
PAY000006268,BKG000006268,142796,2014-08-17 19:58:09,debit_card,success,NONE,517.96,USD,desktop,66,8278
PAY000006269,BKG000006269,295690,2014-04-27 20:44:48,debit_card,success,NONE,447.35,USD,desktop,66,7635
PAY000006270,BKG000006270,582152,2014-10-13 10:32:45,credit_card,success,NONE,184.54,USD,desktop,66,12525
PAY000006271,BKG000006271,1170134,2014-08-02 17:04:34,apple_pay,success,NONE,238.76,USD,mobile,66,11821
PAY000006272,BKG000006272,1192639,2013-02-09 08:04:54,debit_card,success,NONE,344.64,EUR,desktop,3,40445
PAY000006273,BKG000006273,534319,2014-10-28 12:50:13,credit_card,success,NONE,152.37,GBP,desktop,77,43848
PAY000006274,BKG000006274,1139142,2013-12-23 21:05:13,credit_card,failed,AUTH_TIMEOUT,274.36,USD,desktop,66,11989
PAY000006275,BKG000006275,283949,2014-04-28 14:41:55,credit_card,success,NONE,1159.45,USD,desktop,205,8864
PAY000006276,BKG000006276,214305,2014-04-15 20:06:52,bank_transfer,success,NONE,755.86,EUR,desktop,3,12210
PAY000006277,BKG000006277,866996,2013-05-26 22:26:08,google_pay,failed,CARD_DECLINED,191.42,USD,desktop,66,28514
PAY000006278,BKG000006278,931291,2014-07-03 10:15:03,debit_card,success,NONE,163.45,USD,desktop,66,26940
PAY000006279,BKG000006279,895169,2013-09-04 09:54:25,paypal,success,NONE,208.74,USD,desktop,66,27490
PAY000006280,BKG000006280,989813,2013-04-21 13:21:35,credit_card,success,NONE,229.02,USD,desktop,68,10369
PAY000006281,BKG000006281,809925,2014-10-26 23:12:31,debit_card,success,NONE,138.2,USD,desktop,66,12548
PAY000006282,BKG000006282,52665,2014-11-16 21:22:12,paypal,success,NONE,534.75,USD,desktop,66,11439
PAY000006283,BKG000006283,537464,2014-07-18 17:28:03,credit_card,success,NONE,204.69,USD,mobile,66,3071
PAY000006284,BKG000006284,133790,2014-11-19 10:43:22,apple_pay,success,NONE,539.27,USD,mobile,66,14803
PAY000006285,BKG000006285,1054001,2014-01-29 14:06:16,paypal,success,NONE,1093.08,USD,desktop,68,24278
PAY000006286,BKG000006286,319317,2014-11-12 13:51:11,paypal,success,NONE,403.69,USD,desktop,66,8267
PAY000006287,BKG000006287,362116,2013-05-23 19:48:31,credit_card,success,NONE,1380.98,USD,desktop,77,8250
PAY000006288,BKG000006288,255347,2014-04-09 13:43:59,debit_card,success,NONE,235.39,USD,desktop,66,4383
PAY000006289,BKG000006289,77724,2014-12-05 16:11:47,google_pay,success,NONE,96.93,USD,desktop,66,3913
PAY000006290,BKG000006290,1086670,2014-03-21 18:24:51,bank_transfer,success,NONE,482.69,USD,desktop,66,11334
PAY000006291,BKG000006291,1033329,2014-04-02 18:58:00,credit_card,success,NONE,954.88,USD,desktop,46,8279
PAY000006292,BKG000006292,136328,2014-05-20 09:05:35,credit_card,success,NONE,310.46,USD,desktop,66,24417
PAY000006293,BKG000006293,46310,2013-01-14 19:23:39,debit_card,success,NONE,180.09,USD,desktop,205,1865
PAY000006294,BKG000006294,143711,2014-07-09 23:14:39,credit_card,success,NONE,400.25,USD,desktop,66,27148
PAY000006295,BKG000006295,305092,2014-06-14 03:39:17,debit_card,success,NONE,768.19,USD,desktop,198,468
PAY000006296,BKG000006296,193518,2014-10-21 21:22:52,credit_card,success,NONE,245.07,USD,mobile,66,28499
PAY000006297,BKG000006297,707714,2013-09-07 20:55:34,credit_card,success,NONE,186.38,USD,desktop,69,22787
PAY000006298,BKG000006298,10964,2013-08-29 23:08:16,debit_card,success,NONE,120.21,USD,desktop,1,23635
PAY000006299,BKG000006299,826386,2014-09-17 14:03:32,paypal,success,NONE,175.55,USD,desktop,66,24813
PAY000006300,BKG000006300,79531,2014-04-15 09:30:59,bank_transfer,failed,CARD_DECLINED,979.65,USD,desktop,66,8184
PAY000006301,BKG000006301,877988,2014-12-30 08:43:02,credit_card,success,NONE,542.82,USD,desktop,66,12206
PAY000006302,BKG000006302,73798,2014-03-10 11:20:19,credit_card,success,NONE,461.91,USD,desktop,66,11921
PAY000006303,BKG000006303,208126,2013-06-19 03:45:17,apple_pay,success,NONE,286.86,EUR,desktop,3,8282
PAY000006304,BKG000006304,132141,2013-06-05 17:13:06,credit_card,success,NONE,114.47,USD,desktop,130,12243
PAY000006305,BKG000006305,826707,2013-09-04 20:35:58,bank_transfer,success,NONE,588.72,USD,desktop,66,1019
PAY000006306,BKG000006306,645450,2013-12-18 13:46:20,credit_card,success,NONE,425.81,USD,desktop,66,8739
PAY000006307,BKG000006307,889376,2013-07-10 23:40:20,paypal,success,NONE,182.46,USD,desktop,66,43676
PAY000006308,BKG000006308,545175,2014-12-28 11:45:02,debit_card,success,NONE,247.35,USD,desktop,5,8746
PAY000006309,BKG000006309,1075096,2014-12-11 19:30:04,apple_pay,success,NONE,322.2,USD,desktop,66,8250
PAY000006310,BKG000006310,202595,2013-10-14 12:26:35,credit_card,success,NONE,216.41,USD,desktop,66,26079
PAY000006311,BKG000006311,314739,2014-01-11 07:56:27,credit_card,success,NONE,720.97,USD,mobile,66,8253
PAY000006312,BKG000006312,106900,2014-07-23 18:46:19,bank_transfer,success,NONE,347.51,USD,desktop,205,12206
PAY000006313,BKG000006313,849045,2014-09-15 00:06:51,bank_transfer,success,NONE,401.4,USD,mobile,103,8255
PAY000006314,BKG000006314,673316,2013-04-25 09:05:54,apple_pay,success,NONE,119.58,USD,desktop,205,1863
PAY000006315,BKG000006315,593204,2014-05-18 09:23:30,credit_card,success,NONE,195.42,USD,desktop,66,305
PAY000006316,BKG000006316,736962,2014-03-26 20:09:22,debit_card,success,NONE,82.05,USD,desktop,66,12218
PAY000006317,BKG000006317,1050307,2013-02-09 09:46:55,debit_card,success,NONE,220.32,USD,desktop,66,12227
PAY000006318,BKG000006318,284384,2014-05-25 03:37:32,bank_transfer,success,NONE,496.7,USD,desktop,66,12643
PAY000006319,BKG000006319,819866,2014-10-10 11:43:30,credit_card,success,NONE,464.79,USD,desktop,66,565
PAY000006320,BKG000006320,92534,2014-09-10 23:05:18,credit_card,success,NONE,141.16,USD,mobile,66,23671
PAY000006321,BKG000006321,866874,2014-10-23 19:37:47,credit_card,success,NONE,195.85,USD,desktop,66,27699
PAY000006322,BKG000006322,599283,2014-05-13 11:11:28,credit_card,success,NONE,480.71,GBP,desktop,195,12194
PAY000006323,BKG000006323,768254,2014-10-31 19:26:30,debit_card,success,NONE,202.84,USD,desktop,66,26422
PAY000006324,BKG000006324,745369,2014-09-19 14:46:11,bank_transfer,success,NONE,170.37,USD,desktop,66,14806
PAY000006325,BKG000006325,9300,2013-11-28 01:33:26,paypal,success,NONE,266.21,EUR,desktop,3,20324
PAY000006326,BKG000006326,170819,2014-11-20 07:14:35,credit_card,success,NONE,194.15,USD,desktop,103,8251
PAY000006327,BKG000006327,1097096,2014-01-17 21:36:35,paypal,failed,INSUFFICIENT_FUNDS,209.67,USD,desktop,66,12191
PAY000006328,BKG000006328,152050,2013-06-27 13:56:36,debit_card,success,NONE,274.0,USD,desktop,66,8235
PAY000006329,BKG000006329,455379,2013-10-05 04:59:48,credit_card,success,NONE,232.33,USD,desktop,66,11337
PAY000006330,BKG000006330,979565,2014-10-03 13:44:50,credit_card,success,NONE,215.36,USD,desktop,68,8253
PAY000006331,BKG000006331,742741,2013-05-20 23:18:47,credit_card,success,NONE,298.14,USD,desktop,66,8826
PAY000006332,BKG000006332,352102,2014-12-31 13:15:31,credit_card,success,NONE,765.24,USD,desktop,1,8253
PAY000006333,BKG000006333,1137124,2013-11-24 19:00:21,paypal,failed,INSUFFICIENT_FUNDS,88.97,USD,mobile,205,8262
PAY000006334,BKG000006334,434626,2014-09-11 12:32:22,credit_card,success,NONE,194.14,USD,desktop,205,26023
PAY000006335,BKG000006335,796466,2014-11-17 23:05:44,credit_card,success,NONE,217.27,USD,desktop,66,8745
PAY000006336,BKG000006336,103202,2013-07-10 12:28:37,apple_pay,failed,AUTH_TIMEOUT,138.87,USD,desktop,69,30337
PAY000006337,BKG000006337,245694,2013-06-27 01:20:05,credit_card,success,NONE,691.21,USD,desktop,69,8268
PAY000006338,BKG000006338,78422,2013-10-24 20:34:38,apple_pay,success,NONE,271.1,USD,desktop,66,12004
PAY000006339,BKG000006339,247162,2014-11-14 11:48:31,credit_card,success,NONE,126.66,USD,mobile,66,12016
PAY000006340,BKG000006340,527954,2013-09-19 03:21:22,credit_card,success,NONE,206.19,USD,desktop,231,43199
PAY000006341,BKG000006341,528661,2014-06-03 14:11:57,paypal,success,NONE,533.5,USD,mobile,66,8279
PAY000006342,BKG000006342,94071,2014-05-11 06:12:01,paypal,success,NONE,381.21,USD,desktop,66,11358
PAY000006343,BKG000006343,627029,2014-02-09 21:17:52,credit_card,success,NONE,789.89,USD,desktop,66,28581
PAY000006344,BKG000006344,1085942,2014-05-17 12:58:05,paypal,success,NONE,485.72,USD,desktop,66,12268
PAY000006345,BKG000006345,366180,2014-04-06 11:42:24,debit_card,success,NONE,200.86,USD,desktop,119,8228
PAY000006346,BKG000006346,252581,2014-12-04 03:53:52,credit_card,success,NONE,147.14,EUR,desktop,231,8240
PAY000006347,BKG000006347,1185474,2013-03-14 19:54:40,credit_card,success,NONE,217.56,EUR,desktop,119,12233
PAY000006348,BKG000006348,448918,2014-07-11 09:31:36,debit_card,success,NONE,246.19,USD,desktop,66,26881
PAY000006349,BKG000006349,424205,2014-03-25 12:22:21,apple_pay,success,NONE,269.13,USD,desktop,115,44691
PAY000006350,BKG000006350,958369,2014-08-29 06:29:48,paypal,success,NONE,238.95,USD,desktop,66,12276
PAY000006351,BKG000006351,978188,2014-03-08 19:55:31,apple_pay,success,NONE,475.22,USD,desktop,133,20001
PAY000006352,BKG000006352,737620,2014-06-10 00:45:57,debit_card,success,NONE,301.0,USD,desktop,205,8242
PAY000006353,BKG000006353,52999,2013-09-11 10:23:15,google_pay,success,NONE,697.36,USD,desktop,130,12225
PAY000006354,BKG000006354,371393,2013-03-12 22:22:44,credit_card,success,NONE,276.49,USD,desktop,205,25977
PAY000006355,BKG000006355,542179,2014-06-02 21:14:25,credit_card,failed,CARD_DECLINED,170.74,USD,desktop,69,53940
PAY000006356,BKG000006356,204540,2014-11-12 05:52:42,paypal,success,NONE,463.56,USD,desktop,66,8271
PAY000006357,BKG000006357,1117699,2014-12-25 15:09:26,bank_transfer,success,NONE,220.91,USD,desktop,66,12485
PAY000006358,BKG000006358,943079,2014-07-18 13:54:16,paypal,failed,3DS_FAILED,126.02,USD,desktop,1,33390
PAY000006359,BKG000006359,111074,2014-05-12 19:51:33,credit_card,success,NONE,1036.7,USD,desktop,66,937
PAY000006360,BKG000006360,483869,2014-03-31 10:06:11,paypal,success,NONE,453.63,USD,mobile,154,8220
PAY000006361,BKG000006361,415428,2013-10-17 10:28:08,debit_card,success,NONE,228.59,USD,desktop,205,25969
PAY000006362,BKG000006362,89548,2014-09-30 08:37:10,credit_card,success,NONE,189.37,USD,desktop,95,21915
PAY000006363,BKG000006363,778310,2014-03-29 13:44:31,paypal,success,NONE,242.34,USD,desktop,66,12836
PAY000006364,BKG000006364,770734,2013-07-14 21:11:14,credit_card,success,NONE,158.98,USD,desktop,205,41548
PAY000006365,BKG000006365,919251,2013-11-10 23:57:06,credit_card,success,NONE,201.1,USD,mobile,66,23547
PAY000006366,BKG000006366,1086938,2013-01-23 12:38:50,credit_card,success,NONE,135.09,USD,desktop,215,8222
PAY000006367,BKG000006367,845656,2014-05-11 15:00:23,debit_card,success,NONE,511.29,USD,desktop,80,21222
PAY000006368,BKG000006368,327017,2014-12-30 14:17:07,apple_pay,success,NONE,276.49,USD,desktop,66,26582
PAY000006369,BKG000006369,1082187,2013-12-31 02:11:14,debit_card,success,NONE,258.06,USD,desktop,66,24304
PAY000006370,BKG000006370,950279,2014-06-19 14:25:03,paypal,success,NONE,135.73,USD,desktop,205,8221
PAY000006371,BKG000006371,1020136,2013-06-06 10:34:14,debit_card,success,NONE,1531.37,USD,desktop,85,8289
PAY000006372,BKG000006372,401183,2014-03-24 15:49:43,google_pay,success,NONE,263.97,USD,desktop,66,8254
PAY000006373,BKG000006373,1077152,2014-01-18 22:02:43,google_pay,success,NONE,585.61,USD,desktop,3,51482
PAY000006374,BKG000006374,952486,2014-03-06 19:58:18,debit_card,failed,CARD_DECLINED,460.39,USD,desktop,66,8250
PAY000006375,BKG000006375,1167366,2014-04-29 15:40:25,paypal,success,NONE,162.89,EUR,desktop,3,8242
PAY000006376,BKG000006376,640132,2014-03-06 09:41:05,credit_card,success,NONE,272.44,USD,desktop,66,11334
PAY000006377,BKG000006377,306433,2013-02-14 17:08:35,paypal,success,NONE,206.46,USD,desktop,66,9147
PAY000006378,BKG000006378,306433,2013-02-14 17:24:35,apple_pay,success,NONE,166.74,USD,desktop,66,9147
PAY000006379,BKG000006379,306433,2013-02-14 15:01:35,google_pay,failed,3DS_FAILED,203.86,USD,desktop,66,9147
PAY000006380,BKG000006380,306433,2013-02-14 17:03:35,debit_card,success,NONE,187.65,USD,desktop,66,9147
PAY000006381,BKG000006381,306433,2013-02-14 17:48:35,bank_transfer,success,NONE,116.05,USD,desktop,66,9147
PAY000006382,BKG000006382,306433,2013-02-14 17:40:35,debit_card,success,NONE,177.61,USD,desktop,66,9147
PAY000006383,BKG000006383,306433,2013-02-14 17:57:35,bank_transfer,success,NONE,178.36,USD,desktop,66,9147
PAY000006384,BKG000006384,306433,2013-02-14 18:00:35,paypal,success,NONE,116.0,USD,desktop,66,9147
PAY000006385,BKG000006385,306433,2013-02-14 15:40:35,apple_pay,failed,INSUFFICIENT_FUNDS,184.37,USD,desktop,66,9147
PAY000006386,BKG000006386,1005558,2014-06-22 00:04:51,google_pay,success,NONE,968.8,USD,desktop,66,8250
PAY000006387,BKG000006387,136610,2014-04-25 16:23:19,apple_pay,success,NONE,578.64,USD,desktop,66,23557
PAY000006388,BKG000006388,793610,2013-05-11 08:31:36,credit_card,success,NONE,71.99,USD,desktop,197,8800
PAY000006389,BKG000006389,1119222,2014-02-08 16:09:22,credit_card,success,NONE,786.77,USD,desktop,93,8267
PAY000006390,BKG000006390,97159,2014-03-24 14:05:40,bank_transfer,success,NONE,272.57,USD,desktop,66,8216
PAY000006391,BKG000006391,184390,2014-03-03 01:22:29,credit_card,success,NONE,760.11,USD,desktop,231,8819
PAY000006392,BKG000006392,1111242,2014-07-20 11:20:05,credit_card,success,NONE,415.24,USD,desktop,66,7635
PAY000006393,BKG000006393,1034053,2013-08-19 22:52:25,debit_card,success,NONE,225.17,USD,desktop,66,23264
PAY000006394,BKG000006394,815332,2014-10-21 13:49:12,debit_card,success,NONE,186.15,USD,desktop,66,12256
PAY000006395,BKG000006395,986066,2013-07-09 18:32:01,paypal,success,NONE,812.81,USD,mobile,66,3776
PAY000006396,BKG000006396,420302,2014-07-08 05:16:30,credit_card,success,NONE,246.58,USD,desktop,1,2803
PAY000006397,BKG000006397,59441,2013-07-29 01:54:05,debit_card,success,NONE,515.88,GBP,desktop,195,8220
PAY000006398,BKG000006398,1132506,2014-11-05 11:20:29,credit_card,success,NONE,277.97,USD,mobile,66,8267
PAY000006399,BKG000006399,1150028,2014-08-26 21:51:29,credit_card,success,NONE,236.45,USD,desktop,66,24
PAY000006400,BKG000006400,837793,2014-02-12 18:43:32,credit_card,success,NONE,172.17,USD,desktop,66,12189
PAY000006401,BKG000006401,837793,2014-02-12 19:21:32,debit_card,success,NONE,221.2,USD,desktop,66,12189
PAY000006402,BKG000006402,247705,2013-11-15 12:22:43,paypal,success,NONE,705.37,EUR,desktop,3,30450
PAY000006403,BKG000006403,1167366,2013-10-14 02:21:20,credit_card,success,NONE,407.36,EUR,desktop,231,8242
PAY000006404,BKG000006404,94117,2014-10-12 18:50:59,bank_transfer,success,NONE,321.09,USD,desktop,133,20255
PAY000006405,BKG000006405,876970,2014-11-19 10:52:58,paypal,success,NONE,634.31,USD,desktop,205,12206
PAY000006406,BKG000006406,118989,2014-11-30 18:48:31,paypal,failed,CARD_DECLINED,165.03,USD,desktop,181,23078
PAY000006407,BKG000006407,1050035,2014-10-08 11:37:14,debit_card,success,NONE,152.93,USD,desktop,66,66
PAY000006408,BKG000006408,110541,2013-06-24 12:36:59,apple_pay,success,NONE,818.79,USD,desktop,66,8268
PAY000006409,BKG000006409,307154,2014-05-22 20:09:54,google_pay,success,NONE,205.83,USD,desktop,66,8267
PAY000006410,BKG000006410,1186457,2014-03-26 20:50:09,paypal,success,NONE,757.03,GBP,desktop,195,20896
PAY000006411,BKG000006411,680661,2014-04-24 18:08:59,credit_card,success,NONE,489.46,EUR,desktop,3,45749
PAY000006412,BKG000006412,181205,2014-08-08 09:44:01,credit_card,success,NONE,648.63,USD,desktop,66,8268
PAY000006413,BKG000006413,336490,2014-06-25 10:09:37,bank_transfer,success,NONE,177.33,USD,desktop,231,3171
PAY000006414,BKG000006414,262953,2013-07-22 14:29:32,credit_card,success,NONE,258.62,USD,desktop,205,1891
PAY000006415,BKG000006415,608599,2013-07-12 16:29:02,paypal,success,NONE,403.34,USD,desktop,66,34035
PAY000006416,BKG000006416,1089405,2013-04-15 21:19:05,credit_card,success,NONE,267.02,USD,desktop,66,5052
PAY000006417,BKG000006417,889826,2013-08-06 14:01:19,debit_card,success,NONE,389.08,USD,desktop,66,8273
PAY000006418,BKG000006418,1126058,2013-05-21 20:05:02,debit_card,success,NONE,1276.9,USD,desktop,66,8791
PAY000006419,BKG000006419,629868,2014-04-08 08:57:41,debit_card,failed,CARD_DECLINED,177.58,USD,desktop,66,12442
PAY000006420,BKG000006420,520785,2014-04-06 10:19:01,credit_card,success,NONE,216.8,USD,mobile,205,1839
PAY000006421,BKG000006421,750215,2014-08-16 19:30:44,google_pay,success,NONE,540.0,GBP,desktop,77,13094
PAY000006422,BKG000006422,1119968,2013-09-08 21:07:30,bank_transfer,success,NONE,1733.14,USD,desktop,205,8268
PAY000006423,BKG000006423,313232,2013-12-01 23:37:43,apple_pay,success,NONE,197.82,USD,desktop,77,22248
PAY000006424,BKG000006424,65593,2014-06-05 05:55:22,debit_card,success,NONE,260.67,USD,desktop,218,8788
PAY000006425,BKG000006425,827452,2013-09-30 13:48:06,debit_card,success,NONE,447.35,USD,desktop,66,17672
PAY000006426,BKG000006426,935840,2014-12-05 16:32:53,bank_transfer,success,NONE,288.14,USD,mobile,66,12227
PAY000006427,BKG000006427,271229,2014-05-04 19:20:50,paypal,success,NONE,226.0,USD,desktop,66,18055
PAY000006428,BKG000006428,1129157,2013-03-12 10:31:43,google_pay,success,NONE,145.95,USD,mobile,66,3285
PAY000006429,BKG000006429,843955,2013-05-14 10:24:42,bank_transfer,success,NONE,355.41,USD,desktop,205,4474
PAY000006430,BKG000006430,1129138,2014-03-11 22:34:23,paypal,success,NONE,82.15,USD,desktop,66,42873
PAY000006431,BKG000006431,982405,2013-09-05 19:32:36,paypal,success,NONE,219.36,USD,desktop,69,23092
PAY000006432,BKG000006432,107401,2014-03-14 20:49:35,credit_card,success,NONE,229.1,USD,desktop,66,8268
PAY000006433,BKG000006433,220939,2014-10-02 14:20:38,debit_card,success,NONE,134.77,USD,desktop,66,8288
PAY000006434,BKG000006434,53622,2014-11-24 14:05:50,debit_card,success,NONE,295.31,USD,desktop,133,12356
PAY000006435,BKG000006435,105796,2013-12-23 12:29:01,apple_pay,success,NONE,373.94,USD,desktop,66,8266
PAY000006436,BKG000006436,937976,2014-02-13 20:50:11,apple_pay,success,NONE,805.38,USD,desktop,66,11439
PAY000006437,BKG000006437,983398,2014-09-14 18:23:47,bank_transfer,success,NONE,1226.22,USD,desktop,91,20707
PAY000006438,BKG000006438,497022,2013-01-11 02:04:00,debit_card,success,NONE,3257.67,USD,desktop,205,468
PAY000006439,BKG000006439,15964,2014-12-16 09:59:54,credit_card,success,NONE,495.95,USD,desktop,215,1250
PAY000006440,BKG000006440,708894,2014-06-06 07:55:48,bank_transfer,success,NONE,195.47,USD,desktop,66,779
PAY000006441,BKG000006441,334686,2014-06-30 14:11:48,apple_pay,success,NONE,168.93,GBP,desktop,77,8242
PAY000006442,BKG000006442,531689,2014-09-23 19:31:42,paypal,success,NONE,210.07,USD,desktop,66,8250
PAY000006443,BKG000006443,1007444,2013-04-15 19:49:15,credit_card,success,NONE,450.39,USD,desktop,205,25181
PAY000006444,BKG000006444,987972,2014-11-03 15:55:42,credit_card,success,NONE,201.26,USD,desktop,66,12602
PAY000006445,BKG000006445,42722,2014-12-15 07:59:03,credit_card,success,NONE,291.68,USD,mobile,66,8267
PAY000006446,BKG000006446,1127742,2014-11-19 02:42:39,google_pay,success,NONE,373.05,EUR,desktop,3,11815
PAY000006447,BKG000006447,805255,2014-05-26 01:48:29,apple_pay,success,NONE,404.12,USD,desktop,66,8253
PAY000006448,BKG000006448,1084234,2014-03-22 22:02:02,credit_card,success,NONE,288.88,USD,desktop,69,8788
PAY000006449,BKG000006449,876925,2014-05-21 09:25:15,credit_card,success,NONE,892.91,USD,desktop,205,45372
PAY000006450,BKG000006450,485993,2014-05-16 00:13:27,credit_card,success,NONE,857.46,USD,desktop,182,12227
PAY000006451,BKG000006451,89466,2013-11-01 18:35:30,credit_card,success,NONE,285.64,USD,desktop,66,27228
PAY000006452,BKG000006452,1019977,2014-10-25 15:05:07,apple_pay,success,NONE,894.21,USD,desktop,69,19370
PAY000006453,BKG000006453,423058,2013-03-21 13:22:13,credit_card,failed,CARD_DECLINED,229.36,USD,desktop,66,25819
PAY000006454,BKG000006454,690138,2013-08-02 23:05:30,apple_pay,success,NONE,474.05,USD,desktop,1,23765
PAY000006455,BKG000006455,711252,2014-11-18 00:53:41,bank_transfer,success,NONE,177.34,USD,desktop,66,35994
PAY000006456,BKG000006456,11964,2014-09-23 19:58:09,credit_card,success,NONE,628.3,USD,desktop,66,8229
PAY000006457,BKG000006457,839824,2013-08-06 08:50:43,bank_transfer,success,NONE,260.99,USD,desktop,66,8279
PAY000006458,BKG000006458,388543,2014-10-10 16:40:57,credit_card,success,NONE,402.11,USD,desktop,205,52740
PAY000006459,BKG000006459,473945,2014-09-03 18:58:00,google_pay,success,NONE,187.3,EUR,desktop,3,19554
PAY000006460,BKG000006460,877181,2013-02-09 18:22:09,paypal,success,NONE,904.08,USD,mobile,205,8793
PAY000006461,BKG000006461,577333,2014-10-03 09:06:19,credit_card,success,NONE,432.28,USD,desktop,66,12226
PAY000006462,BKG000006462,24853,2013-12-08 21:10:40,debit_card,success,NONE,661.29,USD,desktop,66,11821
PAY000006463,BKG000006463,660133,2013-04-02 21:05:55,debit_card,success,NONE,119.49,USD,desktop,66,26235
PAY000006464,BKG000006464,244155,2014-07-28 14:56:11,paypal,success,NONE,971.18,USD,desktop,66,8834
PAY000006465,BKG000006465,979892,2013-05-10 16:12:58,google_pay,success,NONE,510.68,USD,desktop,68,8278
PAY000006466,BKG000006466,593649,2014-10-30 08:11:55,google_pay,success,NONE,490.34,USD,mobile,70,15799
PAY000006467,BKG000006467,709859,2014-01-12 12:43:44,debit_card,success,NONE,92.47,USD,desktop,66,12264
PAY000006468,BKG000006468,929290,2014-06-29 20:50:09,debit_card,success,NONE,139.92,USD,desktop,205,14875
PAY000006469,BKG000006469,1042247,2014-10-15 16:09:09,debit_card,failed,3DS_FAILED,292.08,USD,desktop,181,8819
PAY000006470,BKG000006470,1182630,2014-08-22 00:55:01,credit_card,success,NONE,459.32,EUR,mobile,3,11815
PAY000006471,BKG000006471,454995,2014-07-14 21:47:44,credit_card,success,NONE,596.82,USD,desktop,66,12019
PAY000006472,BKG000006472,851642,2014-09-10 09:56:05,credit_card,success,NONE,237.88,USD,desktop,66,25734
PAY000006473,BKG000006473,524965,2014-09-10 20:42:59,credit_card,success,NONE,369.27,USD,desktop,205,8287
PAY000006474,BKG000006474,814722,2014-04-16 17:15:02,google_pay,success,NONE,127.88,USD,desktop,205,25981
PAY000006475,BKG000006475,565813,2014-12-13 05:00:10,google_pay,success,NONE,902.75,USD,desktop,66,8289
PAY000006476,BKG000006476,61559,2013-01-27 22:17:20,debit_card,success,NONE,216.0,USD,desktop,66,11360
PAY000006477,BKG000006477,570756,2014-02-21 07:28:14,apple_pay,failed,INSUFFICIENT_FUNDS,239.57,USD,desktop,66,5811
PAY000006478,BKG000006478,546855,2013-01-18 13:35:04,credit_card,success,NONE,1042.27,USD,desktop,66,12188
PAY000006479,BKG000006479,1029468,2013-05-19 11:50:32,credit_card,success,NONE,152.35,USD,desktop,66,8291
PAY000006480,BKG000006480,942417,2014-06-16 22:06:31,debit_card,success,NONE,542.68,USD,desktop,66,6155
PAY000006481,BKG000006481,355697,2014-09-05 04:41:54,bank_transfer,success,NONE,218.54,USD,desktop,66,24482
PAY000006482,BKG000006482,597906,2014-06-16 09:25:00,credit_card,success,NONE,117.24,USD,desktop,66,13222
PAY000006483,BKG000006483,1002909,2013-07-05 11:15:35,google_pay,success,NONE,203.66,USD,desktop,66,11320
PAY000006484,BKG000006484,154302,2014-03-29 11:46:37,debit_card,success,NONE,137.41,USD,desktop,66,3758
PAY000006485,BKG000006485,213733,2014-07-24 19:21:05,credit_card,success,NONE,251.17,USD,desktop,66,26663
PAY000006486,BKG000006486,441525,2014-08-14 16:46:52,credit_card,success,NONE,194.52,USD,desktop,80,11683
PAY000006487,BKG000006487,187017,2014-05-01 04:31:17,credit_card,success,NONE,151.21,USD,mobile,66,23716
PAY000006488,BKG000006488,152949,2013-05-28 11:57:18,bank_transfer,success,NONE,784.7,USD,desktop,66,14139
PAY000006489,BKG000006489,403761,2014-05-31 21:36:50,apple_pay,success,NONE,419.64,USD,mobile,66,24662
PAY000006490,BKG000006490,255922,2014-10-14 22:07:36,paypal,success,NONE,257.09,USD,desktop,66,8268
PAY000006491,BKG000006491,301007,2013-06-27 18:13:08,debit_card,success,NONE,388.65,USD,desktop,66,8250
PAY000006492,BKG000006492,13178,2013-07-17 13:59:57,google_pay,success,NONE,147.49,USD,desktop,66,8743
PAY000006493,BKG000006493,1113513,2014-12-17 20:45:11,debit_card,success,NONE,459.83,USD,desktop,66,347
PAY000006494,BKG000006494,542919,2014-05-06 15:35:24,credit_card,success,NONE,249.41,USD,desktop,215,12225
PAY000006495,BKG000006495,125423,2014-09-11 07:37:16,credit_card,success,NONE,144.96,USD,mobile,66,12215
PAY000006496,BKG000006496,1161222,2014-11-06 15:00:42,paypal,success,NONE,294.24,USD,mobile,66,6487
PAY000006497,BKG000006497,359248,2013-10-05 14:47:43,credit_card,success,NONE,205.89,USD,desktop,85,45068
PAY000006498,BKG000006498,432901,2013-10-20 13:02:37,bank_transfer,success,NONE,1956.03,USD,mobile,205,8834
PAY000006499,BKG000006499,1166291,2013-03-14 21:56:48,credit_card,failed,PAYMENT_PROVIDER_ERROR,286.82,EUR,desktop,3,19802
PAY000006500,BKG000006500,37662,2014-12-07 19:18:20,credit_card,success,NONE,143.94,USD,desktop,66,6032
PAY000006501,BKG000006501,1096944,2014-06-18 10:45:07,bank_transfer,success,NONE,407.86,USD,desktop,66,11647
PAY000006502,BKG000006502,1027031,2014-12-31 13:23:27,credit_card,success,NONE,135.28,USD,mobile,205,25938
PAY000006503,BKG000006503,738093,2013-10-09 20:37:29,debit_card,success,NONE,320.93,USD,desktop,55,8790
PAY000006504,BKG000006504,1128586,2014-06-12 03:47:30,apple_pay,success,NONE,129.07,USD,desktop,69,8745
PAY000006505,BKG000006505,504524,2014-07-30 00:26:12,paypal,failed,CARD_DECLINED,108.17,USD,desktop,235,8289
PAY000006506,BKG000006506,831585,2014-02-26 09:50:59,google_pay,success,NONE,723.78,USD,desktop,66,8223
PAY000006507,BKG000006507,260678,2014-09-13 10:03:58,paypal,success,NONE,491.59,USD,desktop,66,12132
PAY000006508,BKG000006508,448393,2014-07-29 12:52:33,debit_card,success,NONE,181.38,USD,mobile,55,8222
PAY000006509,BKG000006509,1018512,2014-08-17 11:01:34,credit_card,success,NONE,387.54,USD,desktop,66,8788
PAY000006510,BKG000006510,594338,2014-03-02 21:46:22,paypal,success,NONE,169.01,USD,desktop,66,26980
PAY000006511,BKG000006511,557327,2014-03-20 13:49:22,credit_card,success,NONE,116.44,USD,desktop,205,12934
PAY000006512,BKG000006512,594918,2014-05-23 01:39:55,credit_card,success,NONE,320.47,USD,mobile,69,58680
PAY000006513,BKG000006513,1098661,2013-07-07 09:42:18,paypal,success,NONE,192.1,USD,desktop,66,20525
PAY000006514,BKG000006514,1098661,2013-07-07 11:25:18,credit_card,success,NONE,186.98,USD,desktop,66,20525
PAY000006515,BKG000006515,154807,2014-09-13 01:06:32,bank_transfer,success,NONE,1333.29,USD,mobile,66,30232
PAY000006516,BKG000006516,108465,2013-03-28 13:49:41,apple_pay,success,NONE,606.31,USD,desktop,66,43678
PAY000006517,BKG000006517,1044022,2014-01-04 14:31:06,paypal,success,NONE,206.89,USD,desktop,55,21958
PAY000006518,BKG000006518,152847,2014-06-15 17:44:15,credit_card,failed,CARD_DECLINED,594.06,USD,desktop,66,8267
PAY000006519,BKG000006519,882489,2014-11-13 22:48:11,credit_card,success,NONE,98.54,USD,desktop,66,24952
PAY000006520,BKG000006520,311678,2014-10-02 18:12:44,credit_card,success,NONE,174.04,USD,desktop,66,12001
PAY000006521,BKG000006521,460839,2013-09-15 11:27:08,credit_card,success,NONE,189.19,USD,mobile,1,21097
PAY000006522,BKG000006522,536929,2013-03-24 17:08:51,bank_transfer,success,NONE,1409.39,USD,mobile,3,8747
PAY000006523,BKG000006523,231940,2014-11-09 07:23:12,credit_card,success,NONE,368.63,USD,desktop,180,8230
PAY000006524,BKG000006524,391794,2013-04-26 13:21:49,credit_card,success,NONE,144.09,USD,desktop,66,12789
PAY000006525,BKG000006525,518110,2014-10-05 11:49:56,google_pay,success,NONE,292.55,USD,desktop,66,8250
PAY000006526,BKG000006526,172650,2014-11-19 10:39:10,google_pay,success,NONE,165.48,USD,desktop,66,12562
PAY000006527,BKG000006527,766660,2014-02-25 13:57:49,apple_pay,success,NONE,646.5,USD,desktop,205,11357
PAY000006528,BKG000006528,1062903,2013-07-08 02:56:06,apple_pay,success,NONE,332.11,USD,desktop,66,8250
PAY000006529,BKG000006529,419563,2014-02-02 14:09:19,bank_transfer,success,NONE,132.55,USD,desktop,66,12295
PAY000006530,BKG000006530,891232,2014-10-12 19:32:50,credit_card,failed,CARD_DECLINED,179.98,USD,desktop,119,8242
PAY000006531,BKG000006531,267075,2014-06-20 23:13:54,credit_card,success,NONE,331.64,USD,desktop,66,8261
PAY000006532,BKG000006532,875044,2014-10-09 11:56:39,credit_card,success,NONE,701.84,USD,desktop,66,3322
PAY000006533,BKG000006533,972614,2014-08-23 14:10:50,credit_card,success,NONE,462.54,USD,desktop,66,8846
PAY000006534,BKG000006534,88542,2013-05-10 15:32:14,bank_transfer,failed,3DS_FAILED,232.0,USD,desktop,66,325
PAY000006535,BKG000006535,653007,2013-03-16 12:46:23,bank_transfer,success,NONE,744.24,USD,desktop,1,21787
PAY000006536,BKG000006536,1034551,2013-03-17 16:56:59,credit_card,success,NONE,634.76,USD,desktop,12,11994
PAY000006537,BKG000006537,704841,2013-12-17 13:44:27,credit_card,success,NONE,3666.62,USD,mobile,80,468
PAY000006538,BKG000006538,682486,2014-02-21 22:22:01,paypal,success,NONE,1477.21,EUR,desktop,3,8267
PAY000006539,BKG000006539,50766,2014-12-16 21:52:35,google_pay,success,NONE,336.29,USD,desktop,205,33577
PAY000006540,BKG000006540,30347,2014-03-27 16:35:26,credit_card,success,NONE,404.4,USD,desktop,66,25701
PAY000006541,BKG000006541,1128850,2013-08-29 17:43:46,google_pay,failed,CARD_DECLINED,165.65,USD,desktop,66,8220
PAY000006542,BKG000006542,204213,2014-11-19 15:53:24,bank_transfer,success,NONE,132.74,USD,desktop,66,11850
PAY000006543,BKG000006543,630968,2014-09-02 20:31:36,debit_card,success,NONE,114.22,USD,desktop,66,20211
PAY000006544,BKG000006544,577264,2014-11-13 17:40:10,credit_card,success,NONE,606.96,USD,desktop,215,8267
PAY000006545,BKG000006545,414778,2014-11-12 22:32:17,bank_transfer,success,NONE,614.28,USD,desktop,69,8224
PAY000006546,BKG000006546,16409,2014-08-01 13:14:11,debit_card,success,NONE,650.18,USD,desktop,66,8250
PAY000006547,BKG000006547,16409,2014-08-01 12:37:11,paypal,success,NONE,438.78,USD,desktop,66,8250
PAY000006548,BKG000006548,210299,2014-07-09 17:05:45,paypal,success,NONE,234.08,USD,desktop,66,8229
PAY000006549,BKG000006549,808346,2014-09-09 09:00:29,paypal,success,NONE,490.8,USD,desktop,66,8829
PAY000006550,BKG000006550,405582,2014-09-22 16:07:09,paypal,success,NONE,359.52,USD,desktop,66,42630
PAY000006551,BKG000006551,571299,2014-06-07 20:47:49,debit_card,success,NONE,305.88,USD,desktop,66,8239
PAY000006552,BKG000006552,121164,2013-04-08 08:46:48,debit_card,success,NONE,305.88,USD,desktop,205,8270
PAY000006553,BKG000006553,1046843,2013-07-22 17:41:38,bank_transfer,success,NONE,256.71,USD,desktop,69,8617
PAY000006554,BKG000006554,691274,2014-12-28 21:06:18,credit_card,success,NONE,239.65,USD,desktop,104,9145
PAY000006555,BKG000006555,113576,2014-02-18 00:25:51,paypal,success,NONE,1138.03,USD,desktop,29,8849
PAY000006556,BKG000006556,626764,2013-09-22 19:31:48,debit_card,success,NONE,165.98,USD,mobile,66,6093
PAY000006557,BKG000006557,38693,2013-12-12 00:45:31,debit_card,success,NONE,483.16,USD,desktop,205,8250
PAY000006558,BKG000006558,504658,2014-12-12 15:14:33,credit_card,success,NONE,128.82,USD,desktop,66,23689
PAY000006559,BKG000006559,416520,2014-10-04 22:45:21,debit_card,failed,INSUFFICIENT_FUNDS,284.26,USD,mobile,19,8260
PAY000006560,BKG000006560,444457,2014-09-14 15:59:06,paypal,success,NONE,159.17,EUR,desktop,3,47556
PAY000006561,BKG000006561,247531,2014-08-06 13:36:59,google_pay,success,NONE,183.73,USD,desktop,69,12547
PAY000006562,BKG000006562,943527,2014-01-04 18:07:19,bank_transfer,success,NONE,157.19,USD,desktop,66,8847
PAY000006563,BKG000006563,1127930,2014-05-25 17:02:17,paypal,success,NONE,82.0,USD,desktop,66,8828
PAY000006564,BKG000006564,365977,2014-06-10 15:58:25,paypal,success,NONE,1032.2,USD,desktop,66,51340
PAY000006565,BKG000006565,788392,2013-11-17 19:46:49,credit_card,success,NONE,286.64,USD,desktop,66,12214
PAY000006566,BKG000006566,564129,2014-09-05 20:53:55,paypal,success,NONE,313.66,USD,desktop,66,27022
PAY000006567,BKG000006567,1131703,2014-03-16 19:39:39,credit_card,success,NONE,657.27,USD,desktop,71,958
PAY000006568,BKG000006568,411006,2014-08-12 19:58:41,debit_card,success,NONE,489.1,USD,desktop,66,8785
PAY000006569,BKG000006569,112588,2014-01-29 14:54:18,apple_pay,success,NONE,789.08,USD,desktop,66,565
PAY000006570,BKG000006570,487523,2014-05-14 06:38:17,apple_pay,success,NONE,126.69,USD,desktop,205,18663
PAY000006571,BKG000006571,819303,2013-08-19 19:29:21,bank_transfer,failed,CARD_DECLINED,172.71,USD,mobile,50,12682
PAY000006572,BKG000006572,1159542,2014-08-18 09:02:54,debit_card,success,NONE,1167.53,USD,desktop,66,12336
PAY000006573,BKG000006573,262092,2014-07-17 18:28:44,google_pay,success,NONE,330.95,USD,desktop,46,46075
PAY000006574,BKG000006574,524871,2014-08-14 12:02:17,google_pay,success,NONE,108.79,USD,desktop,66,12450
PAY000006575,BKG000006575,1073614,2014-03-11 12:17:48,debit_card,success,NONE,170.17,USD,desktop,66,8235
PAY000006576,BKG000006576,1123604,2014-03-10 21:30:15,credit_card,success,NONE,297.58,USD,desktop,66,1531
PAY000006577,BKG000006577,526240,2013-06-27 15:54:05,paypal,success,NONE,230.45,USD,desktop,66,12218
PAY000006578,BKG000006578,272179,2014-02-19 12:14:55,debit_card,success,NONE,191.92,USD,desktop,66,12757
PAY000006579,BKG000006579,476795,2014-10-14 15:44:53,credit_card,failed,INSUFFICIENT_FUNDS,315.25,USD,desktop,66,12452
PAY000006580,BKG000006580,593445,2014-10-22 12:49:48,credit_card,success,NONE,205.42,USD,desktop,66,25746
PAY000006581,BKG000006581,1151765,2014-07-08 02:57:28,credit_card,success,NONE,362.53,USD,mobile,130,375
PAY000006582,BKG000006582,1028735,2014-11-29 00:59:56,debit_card,success,NONE,268.79,EUR,mobile,3,12246
PAY000006583,BKG000006583,139049,2014-12-30 16:21:29,credit_card,failed,AUTH_TIMEOUT,206.23,USD,mobile,66,19522
PAY000006584,BKG000006584,209015,2014-01-03 16:45:27,apple_pay,success,NONE,407.65,USD,desktop,66,8267
PAY000006585,BKG000006585,1023451,2014-04-26 20:08:31,credit_card,success,NONE,456.23,USD,desktop,66,12233
PAY000006586,BKG000006586,981929,2014-07-03 07:29:53,credit_card,success,NONE,251.56,USD,desktop,66,6071
PAY000006587,BKG000006587,280399,2014-05-30 02:21:38,credit_card,success,NONE,146.88,USD,desktop,66,44976
PAY000006588,BKG000006588,372265,2013-11-21 19:02:56,apple_pay,success,NONE,132.0,USD,desktop,66,8291
PAY000006589,BKG000006589,161996,2014-10-14 22:23:04,apple_pay,success,NONE,325.06,USD,desktop,66,12175
PAY000006590,BKG000006590,941529,2014-12-08 17:38:37,debit_card,success,NONE,556.81,USD,desktop,66,13605
PAY000006591,BKG000006591,183781,2014-04-12 19:42:22,credit_card,success,NONE,480.0,USD,desktop,69,14384
PAY000006592,BKG000006592,718261,2014-02-01 07:39:43,credit_card,success,NONE,243.15,USD,desktop,205,8745
PAY000006593,BKG000006593,542242,2014-08-04 21:54:53,bank_transfer,success,NONE,202.84,USD,desktop,66,7635
PAY000006594,BKG000006594,1116562,2013-06-10 10:53:44,debit_card,success,NONE,142.43,USD,desktop,66,12432
PAY000006595,BKG000006595,130332,2013-08-15 12:40:48,bank_transfer,success,NONE,240.48,USD,desktop,66,24206
PAY000006596,BKG000006596,940062,2013-02-01 21:51:54,apple_pay,success,NONE,1785.91,USD,desktop,66,8791
PAY000006597,BKG000006597,409615,2013-12-21 14:13:11,paypal,success,NONE,372.99,USD,desktop,205,18490
PAY000006598,BKG000006598,961101,2014-11-20 17:28:33,bank_transfer,failed,INSUFFICIENT_FUNDS,309.5,USD,desktop,130,12057
PAY000006599,BKG000006599,1060597,2014-04-07 03:09:28,apple_pay,success,NONE,261.74,USD,mobile,205,14875
PAY000006600,BKG000006600,28086,2013-11-09 21:33:12,credit_card,success,NONE,379.93,USD,desktop,205,25950
PAY000006601,BKG000006601,303079,2014-12-13 02:39:48,apple_pay,success,NONE,690.35,USD,desktop,90,8264
PAY000006602,BKG000006602,1112513,2014-08-22 02:53:20,credit_card,success,NONE,282.94,USD,desktop,66,12257
PAY000006603,BKG000006603,746844,2014-09-10 18:08:56,debit_card,success,NONE,381.23,USD,desktop,66,8239
PAY000006604,BKG000006604,257440,2014-12-04 23:59:11,debit_card,success,NONE,370.8,USD,desktop,66,12233
PAY000006605,BKG000006605,828283,2014-09-29 14:48:58,debit_card,success,NONE,983.96,USD,desktop,66,11812
PAY000006606,BKG000006606,1177226,2014-01-14 03:32:23,credit_card,success,NONE,143.39,EUR,desktop,3,22219
PAY000006607,BKG000006607,1160746,2014-03-08 12:41:14,debit_card,failed,PAYMENT_PROVIDER_ERROR,122.46,USD,desktop,205,28441
PAY000006608,BKG000006608,886904,2013-01-12 13:15:57,debit_card,success,NONE,457.02,USD,desktop,205,45327
PAY000006609,BKG000006609,1092575,2014-08-05 12:44:45,apple_pay,success,NONE,639.37,USD,desktop,66,17520
PAY000006610,BKG000006610,205539,2014-10-10 09:26:04,debit_card,success,NONE,160.6,USD,desktop,66,27173
PAY000006611,BKG000006611,138891,2014-08-14 03:22:47,debit_card,success,NONE,424.58,EUR,desktop,0,20456
PAY000006612,BKG000006612,1066452,2014-09-26 15:50:45,debit_card,success,NONE,213.12,GBP,desktop,77,8234
PAY000006613,BKG000006613,1082128,2013-04-17 15:30:50,credit_card,success,NONE,1144.35,USD,desktop,66,8796
PAY000006614,BKG000006614,512879,2014-08-14 18:32:58,credit_card,success,NONE,198.8,USD,desktop,205,26023
PAY000006615,BKG000006615,1108161,2013-02-27 16:44:21,credit_card,success,NONE,345.56,USD,desktop,208,8253
PAY000006616,BKG000006616,1056811,2014-08-18 12:03:46,bank_transfer,success,NONE,192.48,USD,desktop,69,562
PAY000006617,BKG000006617,347140,2013-08-04 03:05:39,paypal,success,NONE,235.33,USD,desktop,66,539
PAY000006618,BKG000006618,834888,2014-07-22 00:03:45,paypal,success,NONE,349.54,USD,desktop,66,8278
PAY000006619,BKG000006619,514107,2014-12-01 11:42:58,debit_card,success,NONE,1039.19,USD,desktop,66,17520
PAY000006620,BKG000006620,430509,2014-09-07 15:07:19,debit_card,success,NONE,583.23,USD,desktop,182,15603
PAY000006621,BKG000006621,280912,2013-02-24 12:33:30,debit_card,success,NONE,491.87,USD,desktop,205,26227
PAY000006622,BKG000006622,93057,2014-12-08 08:02:57,bank_transfer,success,NONE,303.68,USD,desktop,66,9147
PAY000006623,BKG000006623,913734,2014-07-24 17:41:43,credit_card,success,NONE,73.17,USD,desktop,66,24603
PAY000006624,BKG000006624,320740,2013-09-05 23:41:50,credit_card,success,NONE,651.92,USD,desktop,46,8253
PAY000006625,BKG000006625,89314,2014-03-24 05:55:06,debit_card,failed,CARD_DECLINED,972.23,USD,desktop,198,20525
PAY000006626,BKG000006626,603775,2014-12-20 20:21:47,google_pay,success,NONE,207.49,USD,desktop,66,7635
PAY000006627,BKG000006627,601042,2014-07-01 18:39:29,debit_card,failed,PAYMENT_PROVIDER_ERROR,518.4,USD,desktop,66,23414
PAY000006628,BKG000006628,1113638,2013-09-08 12:08:31,bank_transfer,success,NONE,275.06,USD,desktop,69,8270
PAY000006629,BKG000006629,931705,2014-04-23 18:34:13,credit_card,success,NONE,409.99,USD,desktop,66,35507
PAY000006630,BKG000006630,268258,2014-09-04 14:11:54,credit_card,success,NONE,2606.99,USD,desktop,69,23048
PAY000006631,BKG000006631,361785,2014-08-18 16:22:16,credit_card,success,NONE,741.78,USD,desktop,215,8230
PAY000006632,BKG000006632,1169207,2013-10-24 23:10:33,debit_card,success,NONE,310.86,EUR,desktop,3,8818
PAY000006633,BKG000006633,788010,2014-02-11 21:25:47,credit_card,success,NONE,655.4,USD,mobile,205,17416
PAY000006634,BKG000006634,307385,2014-06-07 20:24:33,credit_card,success,NONE,537.72,USD,desktop,205,26014
PAY000006635,BKG000006635,509411,2013-06-20 23:15:56,credit_card,success,NONE,423.96,USD,desktop,205,8291
PAY000006636,BKG000006636,152776,2013-02-05 22:08:56,bank_transfer,success,NONE,944.98,USD,desktop,66,8260
PAY000006637,BKG000006637,367306,2014-02-02 02:48:14,credit_card,success,NONE,231.11,USD,desktop,66,26095
PAY000006638,BKG000006638,1122665,2014-01-28 00:51:16,paypal,failed,INSUFFICIENT_FUNDS,1488.7,USD,desktop,66,8791
PAY000006639,BKG000006639,788625,2014-08-20 00:37:21,paypal,success,NONE,288.62,USD,desktop,205,26227
PAY000006640,BKG000006640,842667,2013-09-30 07:43:07,paypal,success,NONE,316.11,USD,desktop,69,7987
PAY000006641,BKG000006641,598408,2013-03-12 17:22:24,credit_card,success,NONE,205.6,USD,desktop,66,8265
PAY000006642,BKG000006642,1157938,2014-06-21 10:24:58,apple_pay,success,NONE,1123.51,USD,desktop,198,23048
PAY000006643,BKG000006643,628550,2014-03-10 08:44:58,debit_card,success,NONE,668.34,USD,desktop,66,8250
PAY000006644,BKG000006644,276823,2014-07-18 07:34:04,credit_card,success,NONE,224.77,USD,desktop,66,7635
PAY000006645,BKG000006645,484136,2014-10-15 06:22:17,credit_card,success,NONE,187.58,USD,desktop,66,4343
PAY000006646,BKG000006646,413249,2013-04-14 10:19:20,credit_card,failed,INSUFFICIENT_FUNDS,832.22,USD,mobile,0,8285
PAY000006647,BKG000006647,844887,2014-08-05 15:48:36,paypal,success,NONE,256.49,USD,desktop,66,23267
PAY000006648,BKG000006648,844887,2014-08-05 16:16:36,bank_transfer,success,NONE,245.77,USD,desktop,66,23267
PAY000006649,BKG000006649,417183,2014-08-01 03:55:36,debit_card,failed,AUTH_TIMEOUT,255.11,USD,desktop,66,8798
PAY000006650,BKG000006650,319722,2014-05-01 12:17:58,apple_pay,success,NONE,164.14,USD,desktop,66,8230
PAY000006651,BKG000006651,1158949,2014-07-26 17:33:16,google_pay,success,NONE,158.49,USD,desktop,66,11980
PAY000006652,BKG000006652,765371,2014-10-09 09:53:39,credit_card,success,NONE,373.18,USD,desktop,205,53827
PAY000006653,BKG000006653,162161,2014-12-04 08:34:55,apple_pay,success,NONE,213.87,USD,desktop,66,11624
PAY000006654,BKG000006654,1100539,2013-05-29 12:35:08,credit_card,success,NONE,214.36,USD,desktop,205,8261
PAY000006655,BKG000006655,686550,2014-01-23 10:47:30,debit_card,success,NONE,158.88,EUR,mobile,229,20479
PAY000006656,BKG000006656,920216,2014-07-15 08:40:26,credit_card,success,NONE,131.05,USD,desktop,66,4688
PAY000006657,BKG000006657,957914,2014-08-09 03:17:37,debit_card,success,NONE,216.46,EUR,desktop,3,8807
PAY000006658,BKG000006658,1110722,2014-06-23 18:35:58,bank_transfer,success,NONE,273.27,USD,desktop,66,8291
PAY000006659,BKG000006659,1052054,2014-11-27 03:03:04,credit_card,success,NONE,167.88,USD,mobile,1,20207
PAY000006660,BKG000006660,1052054,2014-11-27 04:09:04,apple_pay,success,NONE,194.49,USD,mobile,1,20207
PAY000006661,BKG000006661,1126870,2014-07-22 12:29:51,paypal,success,NONE,643.76,USD,desktop,66,8864
PAY000006662,BKG000006662,42202,2014-01-22 19:54:09,debit_card,success,NONE,559.78,USD,desktop,69,18489
PAY000006663,BKG000006663,938142,2014-08-09 08:56:33,debit_card,success,NONE,268.49,USD,mobile,66,8243
PAY000006664,BKG000006664,1195668,2013-08-23 19:29:55,debit_card,success,NONE,365.98,USD,desktop,1,8788
PAY000006665,BKG000006665,650517,2013-08-28 09:52:13,debit_card,success,NONE,181.95,USD,desktop,231,8033
PAY000006666,BKG000006666,234101,2013-06-10 22:10:43,credit_card,success,NONE,160.07,USD,desktop,66,1427
PAY000006667,BKG000006667,307343,2013-09-26 09:03:33,google_pay,success,NONE,199.33,USD,mobile,23,24644
PAY000006668,BKG000006668,1126070,2014-11-06 20:10:48,bank_transfer,success,NONE,385.77,USD,desktop,69,15546
PAY000006669,BKG000006669,324891,2014-05-13 19:57:51,debit_card,success,NONE,104.34,USD,desktop,205,26009
PAY000006670,BKG000006670,1175221,2013-03-29 06:23:15,credit_card,success,NONE,70.0,EUR,desktop,63,8740
PAY000006671,BKG000006671,471318,2014-06-17 14:23:04,credit_card,success,NONE,358.43,EUR,desktop,3,40859
PAY000006672,BKG000006672,471318,2014-06-17 14:25:04,credit_card,success,NONE,385.45,EUR,desktop,3,40859
PAY000006673,BKG000006673,599710,2014-10-14 12:29:27,apple_pay,success,NONE,444.61,USD,mobile,55,11643
PAY000006674,BKG000006674,418061,2013-04-05 15:22:06,credit_card,success,NONE,689.27,USD,desktop,66,12206
PAY000006675,BKG000006675,197398,2013-07-03 05:01:25,bank_transfer,success,NONE,166.83,USD,desktop,63,8806
PAY000006676,BKG000006676,1046856,2014-02-05 22:16:43,paypal,success,NONE,286.21,USD,desktop,66,1901
PAY000006677,BKG000006677,190905,2014-11-11 04:20:21,credit_card,success,NONE,190.45,USD,desktop,66,26849
PAY000006678,BKG000006678,1039934,2013-12-02 19:21:04,debit_card,success,NONE,498.11,USD,desktop,230,8280
PAY000006679,BKG000006679,819483,2014-04-15 21:27:36,credit_card,success,NONE,147.91,USD,desktop,66,5950
PAY000006680,BKG000006680,1087861,2014-10-03 15:19:49,apple_pay,success,NONE,99.6,USD,mobile,66,18790
PAY000006681,BKG000006681,369759,2013-09-26 00:08:35,debit_card,success,NONE,852.32,USD,desktop,66,8267
PAY000006682,BKG000006682,716417,2014-12-12 11:52:52,google_pay,success,NONE,203.37,USD,desktop,66,14965
PAY000006683,BKG000006683,606729,2014-02-04 06:09:44,credit_card,success,NONE,1487.79,USD,desktop,66,8250
PAY000006684,BKG000006684,183763,2014-03-10 15:04:15,paypal,success,NONE,217.99,USD,desktop,66,12528
PAY000006685,BKG000006685,40302,2014-05-15 22:31:38,credit_card,success,NONE,126.19,USD,desktop,66,14041
PAY000006686,BKG000006686,1032447,2014-11-27 23:37:52,credit_card,success,NONE,230.85,USD,desktop,66,27226
PAY000006687,BKG000006687,596733,2013-06-25 11:44:06,credit_card,success,NONE,120.6,USD,desktop,205,12216
PAY000006688,BKG000006688,978929,2014-06-29 10:26:09,paypal,success,NONE,286.23,USD,desktop,46,512
PAY000006689,BKG000006689,1140051,2014-03-06 01:40:07,apple_pay,success,NONE,333.52,USD,desktop,66,11373
PAY000006690,BKG000006690,1193796,2013-09-18 18:10:00,credit_card,success,NONE,633.83,USD,desktop,162,36951
PAY000006691,BKG000006691,913799,2014-10-14 22:03:01,paypal,success,NONE,126.24,USD,desktop,66,12010
PAY000006692,BKG000006692,187851,2013-09-20 12:27:29,credit_card,success,NONE,221.29,USD,desktop,66,26616
PAY000006693,BKG000006693,187851,2013-09-20 12:06:29,paypal,success,NONE,242.56,USD,desktop,66,26616
PAY000006694,BKG000006694,886208,2014-12-01 13:18:03,paypal,success,NONE,190.93,USD,desktop,66,8277
PAY000006695,BKG000006695,564589,2013-08-15 18:00:00,credit_card,success,NONE,135.92,USD,mobile,80,45988
PAY000006696,BKG000006696,396237,2014-06-11 15:59:19,debit_card,success,NONE,332.47,USD,desktop,66,26227
PAY000006697,BKG000006697,1050860,2013-04-02 19:27:10,apple_pay,success,NONE,651.14,GBP,desktop,195,8819
PAY000006698,BKG000006698,344339,2013-09-01 09:29:47,google_pay,success,NONE,133.02,USD,desktop,69,23508
PAY000006699,BKG000006699,287127,2013-09-25 19:09:09,debit_card,success,NONE,855.74,GBP,desktop,77,1398
PAY000006700,BKG000006700,22427,2014-07-08 21:05:20,credit_card,success,NONE,224.29,EUR,desktop,23,9068
PAY000006701,BKG000006701,712835,2014-08-15 11:35:48,credit_card,success,NONE,1092.83,GBP,desktop,77,8252
PAY000006702,BKG000006702,824652,2014-03-31 23:36:03,credit_card,success,NONE,1336.85,USD,desktop,66,33163
PAY000006703,BKG000006703,142865,2014-07-05 21:07:29,credit_card,success,NONE,138.18,USD,desktop,66,12217
PAY000006704,BKG000006704,377000,2014-06-11 09:18:09,credit_card,success,NONE,199.54,USD,desktop,66,12012
PAY000006705,BKG000006705,377000,2014-06-11 09:39:09,credit_card,success,NONE,238.28,USD,desktop,66,12012
PAY000006706,BKG000006706,443289,2014-10-01 15:58:17,paypal,success,NONE,169.21,USD,desktop,202,12017
PAY000006707,BKG000006707,1142548,2014-05-08 03:17:38,credit_card,success,NONE,717.02,USD,desktop,46,8818
PAY000006708,BKG000006708,452759,2013-05-26 09:53:05,debit_card,success,NONE,297.8,USD,desktop,69,20275
PAY000006709,BKG000006709,676520,2014-11-01 00:39:55,debit_card,success,NONE,366.43,USD,desktop,215,8259
PAY000006710,BKG000006710,107438,2014-03-26 20:15:22,debit_card,success,NONE,98.1,USD,mobile,66,12215
PAY000006711,BKG000006711,660356,2014-11-18 20:47:58,bank_transfer,success,NONE,399.46,USD,desktop,66,23682
PAY000006712,BKG000006712,428156,2013-05-28 14:36:02,debit_card,success,NONE,555.88,USD,desktop,66,12126
PAY000006713,BKG000006713,513691,2014-08-16 04:00:49,credit_card,success,NONE,528.21,USD,desktop,66,25616
PAY000006714,BKG000006714,264315,2014-08-03 12:05:55,credit_card,success,NONE,572.3,USD,desktop,66,8824
PAY000006715,BKG000006715,781450,2014-08-08 13:06:59,apple_pay,success,NONE,979.12,USD,desktop,66,8856
PAY000006716,BKG000006716,935050,2014-06-27 07:51:15,paypal,success,NONE,172.33,USD,desktop,66,8743
PAY000006717,BKG000006717,540874,2014-12-11 23:15:33,bank_transfer,success,NONE,424.69,USD,mobile,69,14809
PAY000006718,BKG000006718,1095363,2014-07-19 10:50:35,credit_card,success,NONE,1158.92,USD,desktop,80,8273
PAY000006719,BKG000006719,131287,2014-07-31 07:37:10,debit_card,success,NONE,260.17,USD,desktop,19,8745
PAY000006720,BKG000006720,742054,2013-11-15 12:01:00,credit_card,success,NONE,128.91,USD,desktop,205,26472
PAY000006721,BKG000006721,144304,2013-05-08 14:45:45,bank_transfer,success,NONE,689.21,USD,desktop,205,23134
PAY000006722,BKG000006722,690138,2014-05-22 14:03:12,apple_pay,failed,CARD_DECLINED,670.12,USD,desktop,1,8821
PAY000006723,BKG000006723,441906,2014-10-03 10:36:48,debit_card,failed,PAYMENT_PROVIDER_ERROR,202.96,USD,mobile,62,21657
PAY000006724,BKG000006724,1152840,2013-08-20 07:04:16,google_pay,success,NONE,684.4,USD,desktop,230,8280
PAY000006725,BKG000006725,752210,2014-03-07 16:44:34,debit_card,success,NONE,745.03,USD,desktop,215,12947
PAY000006726,BKG000006726,720928,2014-11-30 10:27:56,credit_card,failed,CARD_DECLINED,217.07,USD,desktop,66,40859
PAY000006727,BKG000006727,206323,2014-03-06 14:35:26,google_pay,success,NONE,85.03,USD,desktop,66,22787
PAY000006728,BKG000006728,1083096,2013-04-22 11:09:57,google_pay,failed,AUTH_TIMEOUT,1109.59,USD,desktop,66,11816
PAY000006729,BKG000006729,511797,2013-06-20 10:47:04,credit_card,success,NONE,177.38,USD,desktop,66,20324
PAY000006730,BKG000006730,261550,2013-12-14 15:18:40,credit_card,success,NONE,159.13,EUR,desktop,0,8799
PAY000006731,BKG000006731,31953,2014-04-30 08:10:59,credit_card,success,NONE,1202.78,USD,desktop,66,12188
PAY000006732,BKG000006732,930403,2014-09-06 00:47:27,debit_card,success,NONE,154.73,EUR,mobile,69,32265
PAY000006733,BKG000006733,130138,2014-09-16 18:51:56,debit_card,success,NONE,334.82,USD,desktop,66,32158
PAY000006734,BKG000006734,907522,2014-12-15 02:34:50,credit_card,success,NONE,1229.47,USD,desktop,198,8223
PAY000006735,BKG000006735,708443,2014-01-18 16:00:33,debit_card,success,NONE,483.61,USD,desktop,205,21215
PAY000006736,BKG000006736,135880,2014-07-11 19:43:35,credit_card,failed,INSUFFICIENT_FUNDS,160.73,GBP,desktop,195,60393
PAY000006737,BKG000006737,533767,2014-11-20 18:47:06,debit_card,success,NONE,689.09,USD,desktop,103,406
PAY000006738,BKG000006738,146711,2014-04-28 18:25:52,paypal,success,NONE,212.24,USD,desktop,66,23405
PAY000006739,BKG000006739,838867,2014-10-19 23:11:09,bank_transfer,success,NONE,672.52,USD,desktop,66,12228
PAY000006740,BKG000006740,685393,2013-11-29 06:47:32,debit_card,success,NONE,368.87,EUR,desktop,3,8242
PAY000006741,BKG000006741,935842,2014-08-10 20:07:12,apple_pay,success,NONE,156.75,USD,desktop,205,8827
PAY000006742,BKG000006742,524221,2013-10-16 18:02:59,apple_pay,success,NONE,657.18,USD,desktop,66,20460
PAY000006743,BKG000006743,397458,2014-04-16 17:51:48,debit_card,success,NONE,823.04,USD,desktop,69,25988
PAY000006744,BKG000006744,129382,2014-08-04 21:43:10,apple_pay,success,NONE,431.49,USD,desktop,66,12257
PAY000006745,BKG000006745,739176,2014-12-22 20:25:58,google_pay,success,NONE,970.48,EUR,desktop,119,8819
PAY000006746,BKG000006746,792934,2014-04-12 20:03:30,google_pay,success,NONE,647.15,USD,desktop,205,7635
PAY000006747,BKG000006747,536602,2014-11-06 21:13:10,debit_card,success,NONE,155.8,USD,desktop,66,8827
PAY000006748,BKG000006748,1119,2014-07-20 16:44:42,debit_card,success,NONE,196.38,USD,desktop,66,12235
PAY000006749,BKG000006749,23009,2014-05-30 13:21:03,paypal,success,NONE,265.81,EUR,desktop,3,8282
PAY000006750,BKG000006750,468486,2013-12-06 11:41:19,bank_transfer,success,NONE,138.99,USD,desktop,66,903
PAY000006751,BKG000006751,765671,2014-03-08 10:29:04,google_pay,success,NONE,289.59,USD,desktop,66,1012
PAY000006752,BKG000006752,738667,2013-01-08 21:32:36,bank_transfer,success,NONE,614.45,USD,desktop,69,11435
PAY000006753,BKG000006753,433575,2013-07-21 14:46:58,paypal,success,NONE,868.6,USD,desktop,66,11319
PAY000006754,BKG000006754,705296,2014-07-02 17:44:56,credit_card,success,NONE,143.85,USD,desktop,66,27279
PAY000006755,BKG000006755,196672,2013-05-05 06:41:38,credit_card,success,NONE,435.08,USD,desktop,119,4992
PAY000006756,BKG000006756,597045,2014-10-21 18:11:06,credit_card,success,NONE,356.06,USD,desktop,69,14210
PAY000006757,BKG000006757,76435,2013-03-31 16:29:27,credit_card,success,NONE,452.59,USD,mobile,205,11569
PAY000006758,BKG000006758,51371,2013-08-22 20:54:22,credit_card,success,NONE,946.59,USD,desktop,69,8268
PAY000006759,BKG000006759,218215,2014-03-16 22:34:19,credit_card,success,NONE,99.39,EUR,desktop,3,8240
PAY000006760,BKG000006760,484573,2014-01-22 21:04:34,google_pay,success,NONE,432.11,EUR,desktop,3,18569
PAY000006761,BKG000006761,763711,2014-07-23 13:09:28,apple_pay,failed,3DS_FAILED,203.56,USD,desktop,117,11334
PAY000006762,BKG000006762,672191,2013-10-28 18:04:13,debit_card,success,NONE,241.3,USD,desktop,218,8277
PAY000006763,BKG000006763,640762,2013-02-01 08:57:24,credit_card,success,NONE,424.44,USD,desktop,66,8262
PAY000006764,BKG000006764,848603,2014-03-27 19:13:29,credit_card,success,NONE,520.23,USD,desktop,66,8260
PAY000006765,BKG000006765,552135,2014-10-20 15:14:14,credit_card,success,NONE,312.71,USD,desktop,69,25232
PAY000006766,BKG000006766,553419,2013-12-11 14:39:08,credit_card,success,NONE,247.8,USD,desktop,66,45327
PAY000006767,BKG000006767,492632,2014-08-12 11:39:40,debit_card,success,NONE,423.74,USD,desktop,205,26414
PAY000006768,BKG000006768,374533,2014-09-07 17:05:37,credit_card,success,NONE,841.95,USD,desktop,66,27269
PAY000006769,BKG000006769,241282,2013-08-24 21:33:10,debit_card,success,NONE,753.26,USD,desktop,69,8220
PAY000006770,BKG000006770,613056,2014-07-02 00:10:59,bank_transfer,success,NONE,232.39,USD,desktop,119,8819
PAY000006771,BKG000006771,899894,2014-09-18 14:24:33,debit_card,success,NONE,208.0,USD,desktop,66,11569
PAY000006772,BKG000006772,1115744,2013-02-17 09:46:30,paypal,success,NONE,126.79,USD,desktop,66,26227
PAY000006773,BKG000006773,312752,2013-07-03 15:46:14,paypal,success,NONE,139.22,USD,desktop,66,21648
PAY000006774,BKG000006774,165483,2014-10-04 16:49:19,credit_card,success,NONE,743.79,USD,desktop,66,27211
PAY000006775,BKG000006775,181808,2013-12-27 08:39:16,debit_card,success,NONE,284.6,USD,desktop,215,21361
PAY000006776,BKG000006776,732662,2014-03-04 10:37:07,credit_card,failed,INSUFFICIENT_FUNDS,1094.19,USD,desktop,66,8230
PAY000006777,BKG000006777,397498,2013-12-28 08:23:41,bank_transfer,success,NONE,219.54,USD,mobile,66,12430
PAY000006778,BKG000006778,1155388,2014-07-23 17:55:44,credit_card,success,NONE,155.77,EUR,desktop,3,20225
PAY000006779,BKG000006779,1030383,2013-03-08 23:24:52,credit_card,success,NONE,101.05,USD,desktop,69,884
PAY000006780,BKG000006780,410189,2014-05-24 14:30:13,google_pay,failed,INSUFFICIENT_FUNDS,636.06,USD,desktop,66,14984
PAY000006781,BKG000006781,393575,2014-08-15 07:15:02,apple_pay,success,NONE,333.31,USD,desktop,66,26034
PAY000006782,BKG000006782,606056,2013-05-24 00:04:03,google_pay,success,NONE,165.49,USD,desktop,70,20225
PAY000006783,BKG000006783,574449,2014-05-09 12:57:25,paypal,success,NONE,1177.45,USD,mobile,69,8216
PAY000006784,BKG000006784,513549,2014-08-14 16:13:53,apple_pay,success,NONE,161.06,USD,desktop,205,11629
PAY000006785,BKG000006785,444105,2014-05-15 23:03:39,debit_card,success,NONE,1546.26,USD,desktop,215,8279
PAY000006786,BKG000006786,385703,2013-10-21 02:31:16,paypal,success,NONE,135.24,USD,desktop,66,12257
PAY000006787,BKG000006787,171602,2014-12-25 09:51:52,credit_card,success,NONE,185.36,USD,desktop,66,12275
PAY000006788,BKG000006788,1037313,2014-04-06 18:16:04,credit_card,success,NONE,136.94,USD,desktop,66,12706
PAY000006789,BKG000006789,689063,2013-12-27 20:20:03,debit_card,success,NONE,316.14,USD,desktop,85,8739
PAY000006790,BKG000006790,1032218,2014-11-06 11:48:25,paypal,success,NONE,1577.79,USD,desktop,55,19853
PAY000006791,BKG000006791,532749,2013-02-17 14:44:26,credit_card,success,NONE,201.68,USD,desktop,205,8806
PAY000006792,BKG000006792,532749,2013-02-17 14:25:26,credit_card,success,NONE,313.67,USD,desktop,205,8806
PAY000006793,BKG000006793,440316,2014-04-29 16:08:00,bank_transfer,success,NONE,134.47,USD,desktop,66,8837
PAY000006794,BKG000006794,433903,2014-08-13 10:57:21,debit_card,success,NONE,189.48,USD,desktop,66,29463
PAY000006795,BKG000006795,58897,2014-08-31 00:57:48,bank_transfer,success,NONE,291.69,USD,desktop,66,8250
PAY000006796,BKG000006796,209969,2013-06-14 19:30:55,credit_card,success,NONE,249.74,EUR,desktop,3,8216
PAY000006797,BKG000006797,46068,2013-03-17 22:42:44,credit_card,success,NONE,1151.32,USD,desktop,66,49090
PAY000006798,BKG000006798,11498,2013-03-02 19:51:09,bank_transfer,success,NONE,722.21,GBP,desktop,77,8819
PAY000006799,BKG000006799,327014,2013-02-20 13:22:30,debit_card,failed,PAYMENT_PROVIDER_ERROR,1169.08,USD,desktop,66,8791
PAY000006800,BKG000006800,427060,2014-07-25 15:36:39,google_pay,success,NONE,672.65,USD,desktop,215,12696
PAY000006801,BKG000006801,1162267,2014-05-24 11:52:52,credit_card,success,NONE,736.2,EUR,desktop,3,20404
PAY000006802,BKG000006802,1127792,2014-09-05 10:49:40,paypal,success,NONE,845.81,USD,desktop,52,8267
PAY000006803,BKG000006803,958221,2014-07-17 23:26:02,debit_card,failed,3DS_FAILED,113.13,USD,desktop,66,12603
PAY000006804,BKG000006804,294804,2014-02-25 12:24:14,apple_pay,success,NONE,230.86,USD,desktop,66,23682
PAY000006805,BKG000006805,474648,2014-09-07 09:53:36,debit_card,success,NONE,547.03,USD,desktop,66,8250
PAY000006806,BKG000006806,552596,2014-01-06 06:07:18,paypal,success,NONE,502.33,USD,desktop,46,11998
PAY000006807,BKG000006807,329110,2014-12-31 11:08:41,paypal,success,NONE,241.15,USD,desktop,66,12195
PAY000006808,BKG000006808,578581,2013-06-27 19:00:06,google_pay,failed,CARD_DECLINED,1668.02,USD,desktop,66,5405
PAY000006809,BKG000006809,903323,2013-04-17 22:10:31,credit_card,success,NONE,116.0,USD,desktop,198,8226
PAY000006810,BKG000006810,1193675,2014-08-19 20:23:05,credit_card,failed,CARD_DECLINED,888.35,EUR,desktop,3,18569
PAY000006811,BKG000006811,254455,2014-11-26 19:44:47,paypal,success,NONE,117.67,USD,desktop,66,12694
PAY000006812,BKG000006812,1092644,2014-06-06 11:57:00,debit_card,failed,CARD_DECLINED,404.43,USD,desktop,66,8276
PAY000006813,BKG000006813,811545,2014-08-14 11:42:42,credit_card,success,NONE,975.47,USD,desktop,205,8225
PAY000006814,BKG000006814,824413,2014-04-11 01:08:32,credit_card,success,NONE,311.97,USD,desktop,205,14875
PAY000006815,BKG000006815,357958,2014-01-10 18:45:00,debit_card,success,NONE,482.72,USD,desktop,66,4586
PAY000006816,BKG000006816,460300,2013-03-14 08:18:43,bank_transfer,success,NONE,557.31,USD,desktop,66,8277
PAY000006817,BKG000006817,165015,2014-08-01 16:18:22,debit_card,failed,AUTH_TIMEOUT,179.05,USD,desktop,66,11569
PAY000006818,BKG000006818,251705,2014-11-17 14:07:33,credit_card,success,NONE,1354.08,USD,desktop,46,18868
PAY000006819,BKG000006819,718508,2013-06-17 14:49:39,google_pay,success,NONE,108.36,USD,desktop,205,9735
PAY000006820,BKG000006820,60447,2014-09-29 20:13:54,apple_pay,success,NONE,358.62,USD,desktop,68,8788
PAY000006821,BKG000006821,122407,2014-02-25 19:44:49,debit_card,success,NONE,580.9,USD,desktop,66,8244
PAY000006822,BKG000006822,592184,2014-10-31 21:04:01,credit_card,success,NONE,341.52,USD,desktop,66,8351
PAY000006823,BKG000006823,534482,2013-11-10 17:20:23,credit_card,success,NONE,185.95,USD,desktop,66,23686
PAY000006824,BKG000006824,481149,2014-08-26 13:17:33,credit_card,success,NONE,508.25,USD,desktop,215,8250
PAY000006825,BKG000006825,812460,2014-11-04 22:05:08,google_pay,success,NONE,225.31,USD,desktop,205,25908
PAY000006826,BKG000006826,238812,2014-08-10 20:19:39,google_pay,success,NONE,370.38,USD,desktop,66,56217
PAY000006827,BKG000006827,1088841,2014-01-28 18:32:38,credit_card,success,NONE,203.13,USD,desktop,66,8236
PAY000006828,BKG000006828,397922,2014-09-01 22:16:51,credit_card,success,NONE,436.33,USD,desktop,66,12364
PAY000006829,BKG000006829,1006520,2014-02-05 01:52:31,debit_card,success,NONE,1174.57,GBP,desktop,77,11815
PAY000006830,BKG000006830,605746,2014-07-14 18:12:21,debit_card,success,NONE,166.37,USD,desktop,66,5314
PAY000006831,BKG000006831,512149,2013-11-14 12:09:43,bank_transfer,success,NONE,283.44,USD,desktop,66,11353
PAY000006832,BKG000006832,272913,2014-11-18 19:15:36,apple_pay,success,NONE,1036.84,USD,desktop,66,25177
PAY000006833,BKG000006833,1138199,2014-03-12 18:51:06,paypal,failed,CARD_DECLINED,232.87,USD,desktop,66,24652
PAY000006834,BKG000006834,1195321,2013-08-25 00:28:41,paypal,success,NONE,287.59,EUR,desktop,3,8242
PAY000006835,BKG000006835,1077883,2014-05-12 18:11:05,debit_card,success,NONE,284.11,USD,desktop,66,27396
PAY000006836,BKG000006836,1115628,2014-07-20 21:08:22,bank_transfer,success,NONE,229.63,USD,desktop,69,53949
PAY000006837,BKG000006837,1047415,2014-11-01 23:39:42,paypal,success,NONE,294.56,USD,desktop,205,8745
PAY000006838,BKG000006838,602499,2014-03-09 19:53:57,credit_card,success,NONE,197.66,USD,desktop,66,8250
PAY000006839,BKG000006839,290835,2014-02-10 18:40:27,credit_card,failed,CARD_DECLINED,173.61,USD,desktop,205,12682
PAY000006840,BKG000006840,802665,2014-12-18 09:27:20,paypal,success,NONE,223.56,USD,desktop,66,5831
PAY000006841,BKG000006841,808712,2014-05-12 20:20:21,apple_pay,success,NONE,156.61,USD,desktop,66,12176
PAY000006842,BKG000006842,788598,2014-10-28 07:45:34,google_pay,success,NONE,203.08,USD,desktop,205,12273
PAY000006843,BKG000006843,432256,2014-03-26 03:29:50,google_pay,success,NONE,1756.65,EUR,desktop,194,8250
PAY000006844,BKG000006844,790778,2014-05-06 22:22:27,apple_pay,success,NONE,82.0,USD,desktop,66,12217
PAY000006845,BKG000006845,972873,2014-10-29 14:39:36,bank_transfer,success,NONE,237.19,USD,desktop,215,40
PAY000006846,BKG000006846,1110106,2014-06-24 20:02:19,debit_card,success,NONE,393.69,USD,desktop,66,11951
PAY000006847,BKG000006847,413139,2013-04-05 15:09:37,bank_transfer,success,NONE,978.02,USD,desktop,205,8819
PAY000006848,BKG000006848,898874,2014-12-31 14:43:06,debit_card,success,NONE,436.73,USD,desktop,66,8279
PAY000006849,BKG000006849,155048,2013-12-28 21:56:36,credit_card,success,NONE,316.91,USD,desktop,231,13094
PAY000006850,BKG000006850,795206,2013-12-02 18:34:52,bank_transfer,failed,PAYMENT_PROVIDER_ERROR,506.06,USD,desktop,66,12149
PAY000006851,BKG000006851,988602,2013-04-16 12:13:37,credit_card,success,NONE,191.21,USD,desktop,66,43748
PAY000006852,BKG000006852,988602,2013-04-16 11:09:37,debit_card,success,NONE,168.86,USD,desktop,66,43748
PAY000006853,BKG000006853,328660,2013-02-18 09:44:36,debit_card,success,NONE,380.32,USD,desktop,66,9147
PAY000006854,BKG000006854,162596,2014-10-06 16:15:16,credit_card,success,NONE,709.4,USD,desktop,66,8216
PAY000006855,BKG000006855,1167614,2014-10-28 14:45:59,credit_card,success,NONE,363.71,EUR,desktop,50,51580
PAY000006856,BKG000006856,477092,2013-04-17 20:19:12,bank_transfer,success,NONE,454.18,USD,desktop,1,8788
PAY000006857,BKG000006857,1010847,2014-04-18 00:03:37,credit_card,success,NONE,710.77,USD,mobile,66,12495
PAY000006858,BKG000006858,476516,2014-12-05 13:06:18,credit_card,success,NONE,184.42,USD,desktop,66,26990
PAY000006859,BKG000006859,874326,2013-01-08 16:26:31,bank_transfer,failed,CARD_DECLINED,163.67,USD,desktop,66,486
PAY000006860,BKG000006860,1132099,2014-04-09 21:26:57,credit_card,success,NONE,565.18,USD,desktop,66,11827
PAY000006861,BKG000006861,195447,2013-10-22 08:11:11,google_pay,success,NONE,136.8,USD,desktop,66,27579
PAY000006862,BKG000006862,400916,2014-10-31 14:17:48,paypal,success,NONE,587.47,USD,desktop,66,8819
PAY000006863,BKG000006863,785972,2013-03-05 21:49:59,google_pay,success,NONE,463.82,USD,desktop,66,51340
PAY000006864,BKG000006864,538555,2014-01-05 13:50:09,bank_transfer,success,NONE,231.82,USD,desktop,66,12235
PAY000006865,BKG000006865,100900,2013-08-17 19:29:01,debit_card,success,NONE,357.15,USD,desktop,66,59679
PAY000006866,BKG000006866,763006,2014-08-08 14:00:29,credit_card,success,NONE,135.65,USD,desktop,66,24998
PAY000006867,BKG000006867,29834,2014-04-14 12:07:39,credit_card,success,NONE,245.46,USD,desktop,66,11853
PAY000006868,BKG000006868,35229,2013-06-30 14:15:42,credit_card,success,NONE,440.9,USD,mobile,218,12150
PAY000006869,BKG000006869,706395,2013-08-26 16:53:41,paypal,success,NONE,409.34,USD,desktop,66,12231
PAY000006870,BKG000006870,69951,2014-05-21 19:45:32,debit_card,success,NONE,424.29,USD,desktop,66,8745
PAY000006871,BKG000006871,1026011,2013-07-13 21:34:54,apple_pay,success,NONE,226.76,USD,desktop,66,47843
PAY000006872,BKG000006872,698095,2014-12-06 22:05:35,debit_card,success,NONE,275.07,USD,desktop,66,12225
PAY000006873,BKG000006873,296857,2014-12-13 12:45:11,paypal,failed,CARD_DECLINED,339.61,USD,mobile,205,369
PAY000006874,BKG000006874,411123,2014-01-24 17:23:58,paypal,success,NONE,213.92,USD,mobile,66,12826
PAY000006875,BKG000006875,528484,2013-12-02 06:15:18,credit_card,failed,AUTH_TIMEOUT,462.45,USD,mobile,55,8255
PAY000006876,BKG000006876,383659,2014-04-23 06:15:50,debit_card,failed,INSUFFICIENT_FUNDS,313.21,USD,desktop,66,45084
PAY000006877,BKG000006877,1066240,2013-12-09 18:57:17,credit_card,success,NONE,241.83,USD,desktop,66,5879
PAY000006878,BKG000006878,662578,2013-07-22 13:01:48,debit_card,success,NONE,237.12,USD,desktop,66,8833
PAY000006879,BKG000006879,187986,2013-10-19 10:54:30,credit_card,success,NONE,1062.47,USD,desktop,66,17520
PAY000006880,BKG000006880,1095688,2014-12-15 15:33:11,credit_card,success,NONE,337.5,USD,desktop,66,12132
PAY000006881,BKG000006881,422445,2014-05-28 10:47:36,credit_card,success,NONE,182.79,USD,desktop,66,12452
PAY000006882,BKG000006882,546794,2013-02-26 22:18:30,bank_transfer,success,NONE,210.13,USD,mobile,66,11353
PAY000006883,BKG000006883,561878,2014-06-02 23:45:41,credit_card,failed,CARD_DECLINED,600.24,USD,desktop,133,33651
PAY000006884,BKG000006884,253491,2014-10-21 18:13:19,apple_pay,success,NONE,303.46,USD,desktop,66,8230
PAY000006885,BKG000006885,608507,2014-08-18 00:04:32,credit_card,success,NONE,412.44,USD,desktop,66,12176
PAY000006886,BKG000006886,219746,2013-06-22 13:27:53,credit_card,success,NONE,239.7,USD,desktop,66,12320
PAY000006887,BKG000006887,959764,2013-04-26 19:07:02,paypal,success,NONE,264.18,USD,desktop,205,8268
PAY000006888,BKG000006888,346403,2013-10-03 11:43:11,google_pay,success,NONE,686.25,USD,desktop,66,17907
PAY000006889,BKG000006889,358168,2014-02-16 13:43:33,credit_card,success,NONE,1703.21,USD,desktop,66,8253
PAY000006890,BKG000006890,636562,2014-04-18 12:45:09,apple_pay,success,NONE,175.78,USD,desktop,66,27256
PAY000006891,BKG000006891,519480,2014-05-22 16:40:36,bank_transfer,success,NONE,250.39,USD,desktop,66,8268
PAY000006892,BKG000006892,178211,2014-03-05 18:03:31,credit_card,success,NONE,325.67,USD,desktop,66,8843
PAY000006893,BKG000006893,776724,2014-09-13 02:04:31,credit_card,success,NONE,202.88,USD,mobile,66,8281
PAY000006894,BKG000006894,97879,2013-02-09 14:42:29,credit_card,success,NONE,176.04,USD,desktop,66,8250
PAY000006895,BKG000006895,632042,2014-05-24 05:44:16,google_pay,success,NONE,287.82,USD,desktop,46,24511
PAY000006896,BKG000006896,500940,2014-01-26 17:23:15,credit_card,success,NONE,96.41,USD,mobile,69,23483
PAY000006897,BKG000006897,271559,2014-05-01 17:34:01,bank_transfer,success,NONE,179.95,USD,mobile,55,8788
PAY000006898,BKG000006898,28904,2013-11-02 08:08:15,credit_card,success,NONE,190.18,USD,desktop,69,23479
PAY000006899,BKG000006899,421288,2014-09-25 16:39:55,credit_card,success,NONE,329.37,USD,desktop,69,51776
PAY000006900,BKG000006900,667240,2014-04-14 01:19:37,bank_transfer,success,NONE,1174.64,USD,desktop,66,8791
PAY000006901,BKG000006901,577489,2014-07-02 16:38:56,debit_card,success,NONE,188.12,USD,desktop,66,17456
PAY000006902,BKG000006902,178854,2014-06-19 11:42:22,credit_card,success,NONE,324.63,USD,desktop,66,46483
PAY000006903,BKG000006903,737658,2014-08-14 11:29:20,credit_card,success,NONE,283.05,USD,desktop,66,393
PAY000006904,BKG000006904,923258,2014-07-28 12:37:11,paypal,success,NONE,618.49,USD,desktop,231,24278
PAY000006905,BKG000006905,1083363,2014-11-11 17:58:56,credit_card,success,NONE,183.07,USD,mobile,66,12206
PAY000006906,BKG000006906,1134161,2014-10-10 11:55:43,credit_card,success,NONE,252.32,USD,desktop,205,25977
PAY000006907,BKG000006907,466326,2014-08-26 17:20:00,debit_card,success,NONE,843.23,GBP,desktop,77,13094
PAY000006908,BKG000006908,600080,2014-07-28 00:15:47,paypal,success,NONE,263.45,USD,desktop,66,12748
PAY000006909,BKG000006909,505510,2014-05-27 13:54:52,apple_pay,success,NONE,190.53,USD,desktop,66,3365
PAY000006910,BKG000006910,203354,2013-03-16 14:52:39,credit_card,success,NONE,285.92,USD,desktop,66,1012
PAY000006911,BKG000006911,419079,2014-05-11 17:18:45,credit_card,success,NONE,349.61,USD,desktop,66,11335
PAY000006912,BKG000006912,785140,2013-04-23 18:46:34,google_pay,success,NONE,584.82,USD,desktop,66,8279
PAY000006913,BKG000006913,167274,2013-11-11 12:25:18,apple_pay,success,NONE,470.55,USD,desktop,66,8267
PAY000006914,BKG000006914,639802,2014-10-14 10:37:29,bank_transfer,failed,INSUFFICIENT_FUNDS,626.03,USD,desktop,66,8267
PAY000006915,BKG000006915,1167408,2014-09-03 10:45:04,credit_card,success,NONE,469.83,EUR,desktop,70,669
PAY000006916,BKG000006916,752288,2014-11-02 22:11:36,credit_card,success,NONE,169.3,USD,desktop,66,23592
PAY000006917,BKG000006917,81843,2014-08-06 13:35:41,apple_pay,failed,AUTH_TIMEOUT,141.43,USD,desktop,66,26881
PAY000006918,BKG000006918,294523,2014-08-11 13:36:18,credit_card,success,NONE,648.55,USD,desktop,221,468
PAY000006919,BKG000006919,839967,2014-10-27 15:29:23,bank_transfer,success,NONE,234.04,USD,desktop,69,8821
PAY000006920,BKG000006920,184702,2014-09-15 13:04:12,debit_card,success,NONE,213.88,USD,mobile,66,12269
PAY000006921,BKG000006921,941681,2014-06-04 14:37:51,credit_card,success,NONE,345.15,USD,desktop,66,26980
PAY000006922,BKG000006922,130123,2014-05-08 12:46:29,credit_card,success,NONE,657.05,USD,desktop,66,8268
PAY000006923,BKG000006923,446631,2014-12-05 22:11:15,debit_card,success,NONE,478.32,USD,desktop,66,8268
PAY000006924,BKG000006924,721161,2013-03-07 15:15:37,credit_card,success,NONE,190.8,USD,desktop,66,8273
PAY000006925,BKG000006925,527093,2014-09-12 10:30:28,debit_card,success,NONE,390.12,USD,desktop,205,8253
PAY000006926,BKG000006926,1012546,2014-07-31 13:00:49,credit_card,success,NONE,565.33,GBP,desktop,195,29246
PAY000006927,BKG000006927,1180644,2014-01-09 00:10:23,google_pay,success,NONE,402.78,EUR,desktop,3,8220
PAY000006928,BKG000006928,627702,2014-08-12 18:48:10,credit_card,success,NONE,227.48,USD,desktop,69,8788
PAY000006929,BKG000006929,1091399,2013-03-30 22:05:50,credit_card,success,NONE,444.39,USD,desktop,231,23481
PAY000006930,BKG000006930,1033932,2014-11-22 14:02:54,credit_card,success,NONE,237.21,USD,mobile,66,8276
PAY000006931,BKG000006931,1056719,2013-12-31 10:56:51,paypal,success,NONE,102.42,USD,desktop,66,8291
PAY000006932,BKG000006932,677059,2013-09-12 22:56:54,credit_card,success,NONE,234.86,USD,desktop,66,12270
PAY000006933,BKG000006933,758955,2014-05-20 16:47:06,credit_card,success,NONE,558.09,USD,desktop,66,8221
PAY000006934,BKG000006934,289049,2013-01-30 22:36:43,apple_pay,success,NONE,213.17,USD,desktop,66,12189
PAY000006935,BKG000006935,168680,2013-11-08 18:16:26,debit_card,success,NONE,176.89,USD,desktop,205,12434
PAY000006936,BKG000006936,554535,2014-12-19 17:22:25,credit_card,success,NONE,218.49,USD,desktop,205,23686
PAY000006937,BKG000006937,724801,2014-04-27 08:49:55,credit_card,success,NONE,1278.96,USD,desktop,66,8819
PAY000006938,BKG000006938,1033454,2014-07-13 14:32:48,paypal,success,NONE,462.19,USD,mobile,66,11353
PAY000006939,BKG000006939,577842,2013-02-26 16:56:22,credit_card,success,NONE,222.26,USD,desktop,66,8272
PAY000006940,BKG000006940,494617,2014-08-27 17:57:42,google_pay,success,NONE,237.67,USD,desktop,66,12013
PAY000006941,BKG000006941,774242,2013-09-29 18:55:46,google_pay,success,NONE,791.86,USD,mobile,66,1310
PAY000006942,BKG000006942,108887,2014-06-09 16:58:58,credit_card,success,NONE,172.23,USD,desktop,1,12191
PAY000006943,BKG000006943,1115950,2014-11-21 17:27:55,credit_card,success,NONE,118.23,USD,mobile,66,4032
PAY000006944,BKG000006944,556705,2013-04-12 18:29:07,credit_card,success,NONE,200.22,USD,desktop,66,12780
PAY000006945,BKG000006945,1147481,2014-09-04 23:06:02,debit_card,success,NONE,179.13,USD,desktop,66,19934
PAY000006946,BKG000006946,963913,2014-11-18 01:44:02,debit_card,failed,3DS_FAILED,415.33,EUR,desktop,182,64292
PAY000006947,BKG000006947,799805,2013-06-04 21:54:43,debit_card,success,NONE,606.88,USD,desktop,115,8250
PAY000006948,BKG000006948,1021197,2014-12-31 13:42:23,apple_pay,success,NONE,143.43,USD,desktop,66,8798
PAY000006949,BKG000006949,42861,2013-04-29 14:51:17,paypal,success,NONE,179.6,USD,desktop,66,21403
PAY000006950,BKG000006950,601934,2014-04-17 16:02:54,google_pay,success,NONE,106.58,USD,mobile,66,8249
PAY000006951,BKG000006951,919215,2014-03-01 17:56:50,paypal,success,NONE,1051.34,USD,mobile,77,8286
PAY000006952,BKG000006952,199899,2014-10-20 22:10:06,bank_transfer,success,NONE,466.99,USD,desktop,66,27488
PAY000006953,BKG000006953,196508,2014-03-27 10:14:11,paypal,success,NONE,204.43,USD,desktop,66,12208
PAY000006954,BKG000006954,545627,2013-07-27 11:34:23,credit_card,success,NONE,209.07,USD,desktop,205,49213
PAY000006955,BKG000006955,681018,2014-11-16 22:16:43,bank_transfer,success,NONE,273.82,USD,desktop,66,11821
PAY000006956,BKG000006956,1177238,2013-04-13 23:12:21,bank_transfer,success,NONE,438.58,EUR,desktop,3,669
PAY000006957,BKG000006957,314440,2014-05-27 03:53:27,paypal,success,NONE,406.44,USD,desktop,3,8238
PAY000006958,BKG000006958,157699,2014-04-07 10:40:54,apple_pay,success,NONE,412.05,USD,desktop,66,17901
PAY000006959,BKG000006959,662670,2014-11-30 17:10:47,credit_card,success,NONE,241.22,USD,desktop,66,24690
PAY000006960,BKG000006960,99782,2013-08-14 15:32:43,debit_card,success,NONE,190.6,USD,desktop,66,4329
PAY000006961,BKG000006961,743171,2013-03-24 15:10:35,debit_card,success,NONE,266.48,USD,desktop,66,26997
PAY000006962,BKG000006962,1076840,2014-08-02 23:32:59,debit_card,success,NONE,385.29,USD,desktop,66,8276
PAY000006963,BKG000006963,659268,2014-12-15 14:02:43,google_pay,success,NONE,495.26,USD,desktop,55,8243
PAY000006964,BKG000006964,885472,2014-10-23 11:23:31,credit_card,success,NONE,477.55,USD,desktop,66,955
PAY000006965,BKG000006965,765553,2014-12-04 14:58:57,credit_card,success,NONE,167.35,USD,desktop,46,8220
PAY000006966,BKG000006966,1115216,2013-01-16 16:43:15,debit_card,failed,CARD_DECLINED,684.23,USD,desktop,66,26663
PAY000006967,BKG000006967,1102431,2013-05-29 15:54:19,debit_card,success,NONE,247.68,USD,desktop,66,12017
PAY000006968,BKG000006968,1046686,2014-11-22 02:36:33,credit_card,failed,PAYMENT_PROVIDER_ERROR,367.7,USD,desktop,48,1047
PAY000006969,BKG000006969,46081,2014-05-30 17:27:36,bank_transfer,success,NONE,1457.87,USD,desktop,154,12188
PAY000006970,BKG000006970,385764,2013-02-25 14:00:56,paypal,success,NONE,342.31,USD,desktop,66,8221
PAY000006971,BKG000006971,353503,2014-07-28 16:17:32,google_pay,success,NONE,183.89,USD,desktop,66,8230
PAY000006972,BKG000006972,233565,2014-08-05 21:36:26,debit_card,success,NONE,174.15,EUR,desktop,3,8256
PAY000006973,BKG000006973,679169,2014-02-28 19:33:00,debit_card,success,NONE,3154.47,USD,desktop,217,12654
PAY000006974,BKG000006974,326088,2014-05-20 06:02:21,apple_pay,success,NONE,112.85,USD,desktop,198,8788
PAY000006975,BKG000006975,5626,2014-05-23 20:19:13,credit_card,failed,CARD_DECLINED,674.6,EUR,desktop,3,8230
PAY000006976,BKG000006976,1033521,2014-02-16 17:49:55,paypal,success,NONE,177.7,USD,desktop,77,21821
PAY000006977,BKG000006977,737043,2014-10-08 12:18:15,debit_card,success,NONE,388.52,USD,desktop,205,268
PAY000006978,BKG000006978,732705,2013-09-17 02:10:04,credit_card,success,NONE,176.08,USD,desktop,115,8287
PAY000006979,BKG000006979,1129573,2013-02-19 23:18:46,credit_card,success,NONE,239.51,USD,desktop,66,11353
PAY000006980,BKG000006980,895724,2013-10-12 02:10:09,apple_pay,success,NONE,636.92,USD,desktop,66,8268
PAY000006981,BKG000006981,2733,2014-10-08 13:44:44,bank_transfer,success,NONE,236.19,USD,desktop,5,22828
PAY000006982,BKG000006982,656940,2014-08-23 19:34:12,paypal,success,NONE,389.9,USD,desktop,66,13531
PAY000006983,BKG000006983,532868,2013-02-04 16:01:29,credit_card,success,NONE,183.65,USD,desktop,69,20805
PAY000006984,BKG000006984,639587,2013-08-26 23:08:32,credit_card,success,NONE,892.97,USD,desktop,66,18811
PAY000006985,BKG000006985,905099,2014-09-05 15:45:27,debit_card,failed,CARD_DECLINED,203.38,USD,desktop,46,21594
PAY000006986,BKG000006986,437941,2014-07-21 10:48:00,bank_transfer,success,NONE,391.48,USD,desktop,66,25491
PAY000006987,BKG000006987,525251,2014-12-02 10:43:13,debit_card,success,NONE,221.49,USD,desktop,66,12826
PAY000006988,BKG000006988,115028,2014-11-08 13:24:29,bank_transfer,success,NONE,377.14,EUR,mobile,3,8818
PAY000006989,BKG000006989,980939,2014-10-19 15:09:10,apple_pay,success,NONE,119.83,GBP,desktop,195,245
PAY000006990,BKG000006990,1045627,2013-03-21 19:10:59,debit_card,success,NONE,552.61,USD,desktop,205,8288
PAY000006991,BKG000006991,146436,2014-05-12 16:44:12,apple_pay,success,NONE,346.52,USD,desktop,66,44252
PAY000006992,BKG000006992,168153,2014-08-29 02:28:07,credit_card,success,NONE,911.69,USD,desktop,46,468
PAY000006993,BKG000006993,877158,2013-03-12 17:46:50,debit_card,success,NONE,443.54,USD,desktop,66,21059
PAY000006994,BKG000006994,1037005,2014-08-08 14:47:14,debit_card,success,NONE,1241.16,USD,desktop,55,18446
PAY000006995,BKG000006995,277609,2013-10-12 02:31:40,paypal,success,NONE,317.33,USD,desktop,66,8250
PAY000006996,BKG000006996,684227,2013-12-29 22:49:29,apple_pay,success,NONE,253.62,USD,desktop,66,8291
PAY000006997,BKG000006997,937577,2014-11-05 03:11:52,bank_transfer,failed,CARD_DECLINED,281.64,USD,desktop,66,8254
PAY000006998,BKG000006998,1166350,2014-10-27 16:17:06,google_pay,success,NONE,475.17,EUR,desktop,3,302
PAY000006999,BKG000006999,139681,2014-10-23 09:30:28,credit_card,success,NONE,166.11,USD,desktop,66,4620
PAY000007000,BKG000007000,710271,2013-06-10 05:38:31,credit_card,success,NONE,1225.58,USD,desktop,71,8816
PAY000007001,BKG000007001,687174,2013-05-19 13:01:48,paypal,success,NONE,201.46,EUR,desktop,3,43305
PAY000007002,BKG000007002,1079992,2013-12-31 04:22:30,debit_card,failed,CARD_DECLINED,590.92,USD,desktop,66,8250
PAY000007003,BKG000007003,1186783,2013-11-29 11:44:43,bank_transfer,failed,AUTH_TIMEOUT,367.27,GBP,desktop,77,8740
PAY000007004,BKG000007004,280637,2014-12-23 10:48:49,debit_card,success,NONE,95.47,USD,desktop,66,12856
PAY000007005,BKG000007005,924884,2014-09-20 00:44:52,paypal,success,NONE,489.9,USD,desktop,66,412
PAY000007006,BKG000007006,122237,2014-07-01 12:15:13,credit_card,failed,CARD_DECLINED,220.41,USD,mobile,66,8279
PAY000007007,BKG000007007,693697,2013-10-15 16:56:18,credit_card,success,NONE,181.98,USD,desktop,46,8240
PAY000007008,BKG000007008,836391,2014-03-24 13:25:11,credit_card,success,NONE,200.95,USD,desktop,66,12509
PAY000007009,BKG000007009,1109617,2013-08-26 06:38:33,credit_card,success,NONE,341.34,USD,desktop,70,8241
PAY000007010,BKG000007010,180988,2014-05-30 20:05:35,credit_card,success,NONE,217.93,EUR,desktop,23,8250
PAY000007011,BKG000007011,421531,2013-04-26 12:07:37,credit_card,success,NONE,201.8,USD,desktop,66,8261
PAY000007012,BKG000007012,404513,2014-12-17 19:14:46,paypal,success,NONE,708.38,USD,desktop,66,468
PAY000007013,BKG000007013,368511,2014-12-19 13:15:03,debit_card,success,NONE,342.97,USD,desktop,133,8740
PAY000007014,BKG000007014,134196,2013-04-17 09:57:25,google_pay,success,NONE,233.19,USD,desktop,39,12233
PAY000007015,BKG000007015,575207,2013-02-05 21:12:01,debit_card,success,NONE,185.61,USD,desktop,205,23680
PAY000007016,BKG000007016,657152,2014-01-21 03:04:47,apple_pay,success,NONE,1438.49,USD,desktop,167,1265
PAY000007017,BKG000007017,142809,2013-10-10 16:46:44,credit_card,success,NONE,201.44,USD,desktop,205,11361
PAY000007018,BKG000007018,1188190,2014-09-23 07:05:15,credit_card,success,NONE,823.83,USD,desktop,66,25852
PAY000007019,BKG000007019,989782,2014-11-17 23:56:00,paypal,success,NONE,269.04,GBP,desktop,70,20404
PAY000007020,BKG000007020,73428,2014-04-05 14:40:10,google_pay,success,NONE,91.0,USD,desktop,66,8291
PAY000007021,BKG000007021,957379,2014-09-15 18:41:36,debit_card,success,NONE,224.75,USD,desktop,1,8788
PAY000007022,BKG000007022,314490,2014-10-16 20:34:55,debit_card,success,NONE,271.05,USD,desktop,229,50382
PAY000007023,BKG000007023,1182916,2014-05-07 00:05:05,credit_card,success,NONE,416.16,USD,desktop,69,20813
PAY000007024,BKG000007024,399335,2013-05-28 09:10:39,apple_pay,success,NONE,229.33,USD,desktop,66,27687
PAY000007025,BKG000007025,60758,2014-02-12 15:10:36,google_pay,failed,CARD_DECLINED,161.08,USD,desktop,66,26344
PAY000007026,BKG000007026,706978,2014-06-02 13:43:44,credit_card,success,NONE,440.91,USD,desktop,66,17907
PAY000007027,BKG000007027,555318,2013-10-21 21:00:47,apple_pay,success,NONE,107.3,USD,mobile,205,25944
PAY000007028,BKG000007028,588441,2014-11-21 12:52:23,apple_pay,success,NONE,496.02,USD,desktop,66,51385
PAY000007029,BKG000007029,824500,2014-06-24 22:15:10,google_pay,success,NONE,258.81,USD,mobile,66,12372
PAY000007030,BKG000007030,39546,2013-09-22 19:03:48,paypal,success,NONE,504.97,USD,mobile,205,24282
PAY000007031,BKG000007031,30185,2014-08-06 23:51:19,credit_card,success,NONE,227.39,USD,desktop,66,46239
PAY000007032,BKG000007032,732300,2014-10-28 02:07:04,credit_card,success,NONE,173.74,USD,desktop,69,28510
PAY000007033,BKG000007033,835865,2013-09-28 08:45:46,paypal,success,NONE,121.74,USD,desktop,66,26980
PAY000007034,BKG000007034,621711,2014-06-23 20:19:00,apple_pay,success,NONE,1108.2,USD,desktop,46,18478
PAY000007035,BKG000007035,117931,2013-04-12 15:54:54,bank_transfer,success,NONE,444.66,USD,desktop,66,23696
PAY000007036,BKG000007036,620223,2013-07-15 12:19:35,credit_card,success,NONE,218.34,USD,desktop,68,8739
PAY000007037,BKG000007037,337448,2013-02-23 02:26:28,bank_transfer,success,NONE,443.2,USD,mobile,66,12495
PAY000007038,BKG000007038,563404,2014-06-27 11:19:27,debit_card,success,NONE,140.86,USD,desktop,66,32571
PAY000007039,BKG000007039,306767,2014-08-07 20:16:29,debit_card,success,NONE,302.41,USD,mobile,66,4656
PAY000007040,BKG000007040,1068194,2013-05-03 07:13:07,credit_card,success,NONE,238.83,USD,desktop,66,12234
PAY000007041,BKG000007041,360289,2014-10-30 23:20:48,paypal,success,NONE,153.04,USD,desktop,66,976
PAY000007042,BKG000007042,138376,2014-02-17 14:40:12,apple_pay,failed,CARD_DECLINED,693.85,USD,desktop,182,8809
PAY000007043,BKG000007043,295430,2014-04-20 06:23:37,bank_transfer,success,NONE,192.06,USD,desktop,66,26499
PAY000007044,BKG000007044,945635,2014-02-04 17:17:34,bank_transfer,success,NONE,437.45,EUR,desktop,3,12603
PAY000007045,BKG000007045,334862,2013-05-06 13:55:54,debit_card,success,NONE,925.6,USD,desktop,66,54365
PAY000007046,BKG000007046,351713,2013-08-18 03:20:55,google_pay,success,NONE,273.67,USD,desktop,48,21451
PAY000007047,BKG000007047,686059,2013-12-03 12:23:52,credit_card,success,NONE,314.08,EUR,desktop,23,8263
PAY000007048,BKG000007048,322941,2014-07-05 18:53:37,credit_card,success,NONE,344.89,USD,desktop,205,5950
PAY000007049,BKG000007049,589369,2013-12-03 09:23:19,paypal,success,NONE,1299.99,USD,desktop,205,8250
PAY000007050,BKG000007050,738367,2013-08-30 15:34:26,paypal,success,NONE,322.88,USD,desktop,66,12206
PAY000007051,BKG000007051,717234,2014-12-21 19:05:46,bank_transfer,success,NONE,399.43,USD,mobile,66,65035
PAY000007052,BKG000007052,1162892,2014-06-07 23:19:05,paypal,failed,PAYMENT_PROVIDER_ERROR,497.54,GBP,desktop,77,13752
PAY000007053,BKG000007053,613400,2014-11-18 12:55:40,credit_card,success,NONE,284.73,USD,desktop,66,20595
PAY000007054,BKG000007054,618437,2014-12-22 22:07:44,bank_transfer,success,NONE,879.96,GBP,desktop,77,20254
PAY000007055,BKG000007055,953431,2013-11-06 17:20:35,google_pay,success,NONE,800.39,USD,desktop,66,45327
PAY000007056,BKG000007056,1123980,2014-07-09 17:18:15,credit_card,success,NONE,440.33,USD,desktop,66,58911
PAY000007057,BKG000007057,637093,2014-09-14 07:02:39,debit_card,success,NONE,115.44,USD,desktop,66,16121
PAY000007058,BKG000007058,367954,2014-03-13 11:30:35,credit_card,success,NONE,269.52,USD,desktop,66,12181
PAY000007059,BKG000007059,956854,2013-06-19 08:15:50,credit_card,success,NONE,881.58,USD,desktop,205,8798
PAY000007060,BKG000007060,853433,2013-08-29 09:24:37,credit_card,failed,3DS_FAILED,351.44,USD,desktop,66,8288
PAY000007061,BKG000007061,618224,2014-08-13 21:34:31,debit_card,success,NONE,503.54,USD,desktop,66,12225
PAY000007062,BKG000007062,218142,2013-03-28 17:33:36,debit_card,success,NONE,543.97,GBP,desktop,77,2888
PAY000007063,BKG000007063,1164429,2014-04-12 11:18:31,google_pay,success,NONE,810.92,USD,desktop,66,41137
PAY000007064,BKG000007064,966912,2014-09-06 21:52:32,bank_transfer,success,NONE,309.42,USD,mobile,12,8834
PAY000007065,BKG000007065,25870,2014-09-27 23:17:36,credit_card,success,NONE,145.82,USD,desktop,66,11977
PAY000007066,BKG000007066,497598,2013-04-14 19:53:17,paypal,success,NONE,136.96,USD,desktop,23,26235
PAY000007067,BKG000007067,1024398,2013-10-17 01:53:06,bank_transfer,failed,CARD_DECLINED,176.96,USD,desktop,205,44501
PAY000007068,BKG000007068,386632,2013-03-25 14:35:38,credit_card,success,NONE,204.43,USD,desktop,66,12799
PAY000007069,BKG000007069,276561,2014-10-18 21:01:10,google_pay,success,NONE,102.98,USD,desktop,205,13030
PAY000007070,BKG000007070,72538,2014-08-16 10:02:22,google_pay,success,NONE,1321.5,USD,desktop,205,33919
PAY000007071,BKG000007071,328333,2014-09-28 15:08:14,credit_card,success,NONE,628.5,USD,desktop,154,347
PAY000007072,BKG000007072,934666,2014-03-13 18:04:29,credit_card,success,NONE,107.47,USD,desktop,205,21821
PAY000007073,BKG000007073,172480,2014-12-30 15:40:35,credit_card,failed,INSUFFICIENT_FUNDS,226.93,USD,desktop,69,8804
PAY000007074,BKG000007074,1179838,2014-06-03 21:12:38,credit_card,success,NONE,709.83,USD,desktop,55,15289
PAY000007075,BKG000007075,957992,2013-03-05 19:32:47,credit_card,success,NONE,489.94,USD,desktop,226,8224
PAY000007076,BKG000007076,193910,2014-03-24 14:10:37,credit_card,success,NONE,388.26,USD,desktop,66,18783
PAY000007077,BKG000007077,726684,2013-07-02 10:04:45,apple_pay,success,NONE,163.42,USD,desktop,205,1897
PAY000007078,BKG000007078,964546,2014-07-06 20:50:31,google_pay,success,NONE,465.67,USD,desktop,66,651
PAY000007079,BKG000007079,278092,2013-03-21 06:15:48,credit_card,success,NONE,1022.42,USD,desktop,63,12281
PAY000007080,BKG000007080,125335,2014-12-27 17:36:11,paypal,success,NONE,113.4,USD,desktop,69,12618
PAY000007081,BKG000007081,994217,2014-08-15 21:44:40,credit_card,success,NONE,199.09,EUR,desktop,3,16695
PAY000007082,BKG000007082,991460,2014-10-09 21:48:25,credit_card,success,NONE,94.12,GBP,desktop,77,11376
PAY000007083,BKG000007083,308538,2014-07-18 16:53:03,debit_card,success,NONE,655.23,USD,desktop,66,8230
PAY000007084,BKG000007084,177330,2014-10-02 21:36:24,credit_card,success,NONE,160.22,USD,desktop,133,41973
PAY000007085,BKG000007085,44533,2013-09-13 06:06:32,paypal,success,NONE,141.46,USD,desktop,66,1493
PAY000007086,BKG000007086,41996,2013-10-22 12:07:07,debit_card,failed,INSUFFICIENT_FUNDS,383.01,USD,desktop,66,22802
PAY000007087,BKG000007087,847691,2013-10-21 08:04:38,credit_card,success,NONE,171.16,USD,desktop,66,12189
PAY000007088,BKG000007088,300270,2014-04-20 15:33:47,apple_pay,success,NONE,957.34,USD,desktop,52,11643
PAY000007089,BKG000007089,367790,2014-08-06 13:43:16,debit_card,success,NONE,178.41,USD,desktop,66,8249
PAY000007090,BKG000007090,841509,2014-06-27 16:30:13,debit_card,success,NONE,236.85,USD,desktop,66,8223
PAY000007091,BKG000007091,191475,2013-08-16 13:34:03,paypal,success,NONE,142.83,USD,desktop,66,25693
PAY000007092,BKG000007092,355532,2013-07-03 11:32:07,credit_card,success,NONE,179.64,USD,desktop,66,8844
PAY000007093,BKG000007093,1133434,2014-08-25 20:29:48,debit_card,success,NONE,150.75,USD,desktop,205,8798
PAY000007094,BKG000007094,648889,2013-05-03 16:28:17,debit_card,success,NONE,1699.97,USD,desktop,66,8268
PAY000007095,BKG000007095,269532,2013-08-15 14:35:22,paypal,success,NONE,151.99,USD,desktop,66,12402
PAY000007096,BKG000007096,229441,2014-07-13 08:22:19,google_pay,success,NONE,681.15,USD,desktop,66,268
PAY000007097,BKG000007097,1053291,2014-05-17 22:31:46,credit_card,success,NONE,569.12,USD,desktop,66,24374
PAY000007098,BKG000007098,109658,2014-07-22 20:03:31,google_pay,success,NONE,181.24,USD,desktop,66,24374
PAY000007099,BKG000007099,188151,2014-01-16 17:35:07,debit_card,success,NONE,255.98,USD,desktop,66,12225
PAY000007100,BKG000007100,363194,2013-09-12 20:02:39,paypal,success,NONE,351.18,USD,desktop,205,8798
PAY000007101,BKG000007101,1009240,2014-10-17 13:37:21,credit_card,success,NONE,187.32,USD,desktop,66,12009
PAY000007102,BKG000007102,766915,2013-01-10 21:06:47,bank_transfer,success,NONE,777.83,USD,desktop,69,8286
PAY000007103,BKG000007103,894924,2014-10-17 13:45:21,debit_card,success,NONE,1563.43,USD,desktop,66,26095
PAY000007104,BKG000007104,638995,2014-04-25 19:32:46,bank_transfer,failed,PAYMENT_PROVIDER_ERROR,160.23,USD,desktop,66,24096
PAY000007105,BKG000007105,1117723,2014-06-29 14:07:40,credit_card,success,NONE,409.87,USD,desktop,205,26472
PAY000007106,BKG000007106,996387,2014-05-13 10:37:57,apple_pay,success,NONE,190.68,USD,desktop,66,23631
PAY000007107,BKG000007107,1167788,2013-04-02 14:11:06,credit_card,success,NONE,498.52,USD,desktop,1,8291
PAY000007108,BKG000007108,339230,2013-02-01 16:34:52,credit_card,success,NONE,334.36,USD,desktop,66,25870
PAY000007109,BKG000007109,901882,2014-01-18 18:09:35,credit_card,success,NONE,210.38,USD,desktop,66,19405
PAY000007110,BKG000007110,85126,2014-07-03 17:48:11,debit_card,success,NONE,93.95,USD,desktop,205,26202
PAY000007111,BKG000007111,175113,2014-04-29 15:36:21,paypal,success,NONE,987.87,USD,desktop,69,8250
PAY000007112,BKG000007112,846976,2013-03-20 22:40:48,credit_card,success,NONE,174.88,USD,desktop,66,12057
PAY000007113,BKG000007113,427688,2013-09-06 11:36:24,credit_card,success,NONE,471.13,USD,desktop,205,23682
PAY000007114,BKG000007114,427688,2013-09-06 08:40:24,bank_transfer,success,NONE,614.93,USD,desktop,205,23682
PAY000007115,BKG000007115,687921,2014-10-31 04:53:40,credit_card,success,NONE,446.91,USD,desktop,66,8244
PAY000007116,BKG000007116,817423,2014-05-07 14:15:31,apple_pay,success,NONE,190.23,USD,desktop,66,27148
PAY000007117,BKG000007117,891979,2013-03-12 23:11:21,debit_card,success,NONE,544.92,USD,desktop,66,8253
PAY000007118,BKG000007118,246083,2013-11-01 11:53:10,bank_transfer,success,NONE,273.01,USD,desktop,1,53949
PAY000007119,BKG000007119,357664,2013-08-15 09:23:37,credit_card,success,NONE,240.97,USD,desktop,205,12496
PAY000007120,BKG000007120,238311,2014-11-21 08:29:31,credit_card,success,NONE,209.23,USD,desktop,231,12545
PAY000007121,BKG000007121,729319,2014-12-29 00:29:49,credit_card,success,NONE,194.25,EUR,desktop,3,22698
PAY000007122,BKG000007122,897403,2014-08-01 15:31:00,google_pay,success,NONE,100.95,USD,mobile,66,17614
PAY000007123,BKG000007123,980274,2014-12-02 23:12:48,credit_card,success,NONE,2114.45,GBP,desktop,77,24024
PAY000007124,BKG000007124,635554,2014-05-25 07:45:12,credit_card,success,NONE,161.54,USD,desktop,205,26022
PAY000007125,BKG000007125,282065,2014-12-28 20:55:03,credit_card,success,NONE,620.87,USD,mobile,66,46323
PAY000007126,BKG000007126,678168,2014-08-07 18:43:55,credit_card,success,NONE,102.76,USD,desktop,66,4920
PAY000007127,BKG000007127,894941,2014-08-15 13:11:35,debit_card,success,NONE,589.3,USD,desktop,66,7124
PAY000007128,BKG000007128,370959,2013-08-14 17:07:00,credit_card,success,NONE,464.0,USD,desktop,66,8250
PAY000007129,BKG000007129,666428,2014-12-10 21:33:15,credit_card,success,NONE,803.34,USD,desktop,66,27703
PAY000007130,BKG000007130,1071089,2014-11-25 00:35:43,credit_card,success,NONE,127.5,USD,desktop,205,8288
PAY000007131,BKG000007131,532922,2014-06-08 19:54:59,credit_card,failed,INSUFFICIENT_FUNDS,264.07,USD,desktop,66,24693
PAY000007132,BKG000007132,431058,2014-10-22 08:03:15,paypal,success,NONE,725.32,USD,desktop,63,12269
PAY000007133,BKG000007133,748773,2014-02-28 13:47:04,credit_card,success,NONE,134.03,GBP,desktop,77,8257
PAY000007134,BKG000007134,876130,2014-12-11 10:43:39,credit_card,success,NONE,805.71,USD,desktop,66,8747
PAY000007135,BKG000007135,391123,2014-09-29 19:57:58,credit_card,success,NONE,130.97,USD,desktop,66,25339
PAY000007136,BKG000007136,1099988,2014-07-12 22:30:23,credit_card,success,NONE,402.97,USD,desktop,66,8250
PAY000007137,BKG000007137,1111671,2013-09-30 14:06:41,credit_card,success,NONE,479.63,USD,desktop,66,8230
PAY000007138,BKG000007138,159684,2013-05-06 16:59:24,google_pay,success,NONE,120.87,USD,desktop,66,8218
PAY000007139,BKG000007139,449899,2014-05-11 13:41:26,paypal,success,NONE,408.64,USD,desktop,205,13094
PAY000007140,BKG000007140,761828,2014-12-14 18:45:11,credit_card,success,NONE,208.97,USD,desktop,66,12206
PAY000007141,BKG000007141,688251,2014-10-20 12:06:23,debit_card,success,NONE,350.52,USD,desktop,66,8231
PAY000007142,BKG000007142,275246,2014-10-18 23:47:46,apple_pay,success,NONE,260.78,USD,desktop,66,589
PAY000007143,BKG000007143,1085669,2014-06-24 20:04:02,debit_card,success,NONE,440.67,USD,desktop,133,14927
PAY000007144,BKG000007144,21302,2014-12-29 20:09:21,debit_card,success,NONE,371.59,USD,desktop,231,44192
PAY000007145,BKG000007145,625207,2014-10-08 12:39:09,credit_card,success,NONE,660.32,USD,desktop,69,1198
PAY000007146,BKG000007146,354670,2014-03-14 16:04:54,credit_card,success,NONE,167.08,USD,mobile,205,27219
PAY000007147,BKG000007147,325129,2013-12-27 15:26:26,google_pay,success,NONE,239.26,USD,desktop,205,1885
PAY000007148,BKG000007148,479063,2014-06-09 01:59:24,credit_card,success,NONE,136.26,USD,desktop,191,8437
PAY000007149,BKG000007149,142414,2013-08-06 01:22:35,credit_card,success,NONE,742.56,USD,desktop,215,8260
PAY000007150,BKG000007150,789164,2013-08-13 15:54:24,credit_card,success,NONE,179.73,USD,desktop,205,14875
PAY000007151,BKG000007151,832470,2013-05-29 19:44:55,debit_card,success,NONE,466.14,USD,mobile,66,8267
PAY000007152,BKG000007152,407274,2014-10-21 16:27:38,credit_card,success,NONE,1225.97,EUR,desktop,23,8747
PAY000007153,BKG000007153,288741,2014-12-10 16:05:35,paypal,success,NONE,142.76,USD,desktop,66,12010
PAY000007154,BKG000007154,335671,2014-07-13 15:11:03,bank_transfer,failed,CARD_DECLINED,545.79,USD,desktop,66,967
PAY000007155,BKG000007155,462450,2013-08-08 20:20:51,credit_card,success,NONE,291.17,USD,desktop,1,3181
PAY000007156,BKG000007156,1103936,2013-01-07 12:02:50,credit_card,success,NONE,790.1,USD,desktop,66,5676
PAY000007157,BKG000007157,260142,2013-01-16 19:12:43,credit_card,success,NONE,500.65,USD,desktop,66,44045
PAY000007158,BKG000007158,1061439,2013-12-24 20:42:41,credit_card,success,NONE,257.4,USD,desktop,66,10408
PAY000007159,BKG000007159,841761,2014-08-02 15:49:24,credit_card,success,NONE,894.58,GBP,mobile,77,11815
PAY000007160,BKG000007160,1011497,2014-09-24 17:24:40,debit_card,success,NONE,150.17,USD,desktop,1,22802
PAY000007161,BKG000007161,1020971,2014-12-12 07:56:42,paypal,failed,AUTH_TIMEOUT,152.03,USD,desktop,66,25750
PAY000007162,BKG000007162,670453,2013-09-16 19:03:51,bank_transfer,success,NONE,359.8,USD,desktop,66,12257
PAY000007163,BKG000007163,37230,2013-05-10 10:56:58,debit_card,success,NONE,577.03,USD,desktop,66,8802
PAY000007164,BKG000007164,1156170,2013-06-03 18:59:38,credit_card,success,NONE,268.91,USD,desktop,205,25703
PAY000007165,BKG000007165,999490,2014-11-14 14:37:26,paypal,success,NONE,423.26,USD,desktop,1,8234
PAY000007166,BKG000007166,1032936,2013-12-22 11:21:06,debit_card,success,NONE,1189.94,USD,desktop,66,5405
PAY000007167,BKG000007167,377522,2014-01-15 15:17:31,credit_card,success,NONE,160.81,USD,desktop,66,12512
PAY000007168,BKG000007168,486019,2014-12-06 18:57:52,bank_transfer,success,NONE,159.23,EUR,desktop,3,12391
PAY000007169,BKG000007169,808652,2014-08-27 23:45:31,debit_card,success,NONE,488.89,USD,desktop,231,12206
PAY000007170,BKG000007170,125699,2014-05-12 09:04:58,credit_card,success,NONE,439.77,USD,desktop,66,23311
PAY000007171,BKG000007171,307837,2014-10-03 00:48:35,google_pay,success,NONE,1682.71,USD,desktop,119,43631
PAY000007172,BKG000007172,269310,2013-02-17 00:19:33,credit_card,success,NONE,963.89,USD,desktop,205,8810
PAY000007173,BKG000007173,345412,2014-08-08 00:00:33,google_pay,success,NONE,194.99,USD,desktop,66,8273
PAY000007174,BKG000007174,1068060,2014-08-08 12:33:29,credit_card,success,NONE,1531.83,USD,desktop,69,468
PAY000007175,BKG000007175,464995,2014-10-09 16:52:29,credit_card,success,NONE,383.68,USD,mobile,66,25274
PAY000007176,BKG000007176,408892,2013-06-21 15:59:23,credit_card,success,NONE,395.99,USD,desktop,66,8268
PAY000007177,BKG000007177,853917,2013-03-14 09:22:45,credit_card,success,NONE,1199.28,USD,desktop,231,6499
PAY000007178,BKG000007178,388291,2014-10-24 22:45:36,bank_transfer,success,NONE,147.96,USD,desktop,46,12244
PAY000007179,BKG000007179,480419,2014-09-12 20:08:15,paypal,success,NONE,1507.31,USD,desktop,68,468
PAY000007180,BKG000007180,892036,2014-04-19 13:35:42,credit_card,success,NONE,261.79,USD,desktop,66,8291
PAY000007181,BKG000007181,95428,2013-01-14 11:27:29,credit_card,success,NONE,421.28,USD,desktop,205,12654
PAY000007182,BKG000007182,1031582,2014-04-23 13:17:04,debit_card,success,NONE,380.5,USD,desktop,66,27858
PAY000007183,BKG000007183,1031582,2014-04-23 11:43:04,debit_card,success,NONE,254.63,USD,desktop,66,27858
PAY000007184,BKG000007184,1031582,2014-04-23 12:40:04,paypal,failed,AUTH_TIMEOUT,344.85,USD,desktop,66,27858
PAY000007185,BKG000007185,1073867,2014-05-14 18:56:26,debit_card,success,NONE,1133.58,USD,desktop,46,12471
PAY000007186,BKG000007186,5625,2013-08-30 21:07:36,apple_pay,success,NONE,430.42,EUR,desktop,3,8279
PAY000007187,BKG000007187,426807,2013-12-02 06:51:29,debit_card,success,NONE,1540.79,USD,desktop,66,6305
PAY000007188,BKG000007188,663642,2014-04-09 23:00:52,credit_card,success,NONE,82.0,USD,desktop,66,12281
PAY000007189,BKG000007189,939457,2014-09-23 16:52:34,debit_card,success,NONE,432.03,USD,mobile,46,8790
PAY000007190,BKG000007190,468077,2014-05-19 13:53:09,google_pay,success,NONE,560.6,USD,desktop,205,1396
PAY000007191,BKG000007191,622198,2014-05-31 18:10:13,credit_card,success,NONE,467.49,USD,desktop,66,8250
PAY000007192,BKG000007192,328957,2013-09-04 20:01:02,paypal,success,NONE,194.46,USD,desktop,66,12206
PAY000007193,BKG000007193,954249,2014-07-13 22:15:17,apple_pay,success,NONE,247.63,USD,desktop,205,1901
PAY000007194,BKG000007194,28387,2014-09-07 21:37:46,debit_card,success,NONE,183.04,USD,desktop,69,8273
PAY000007195,BKG000007195,622682,2013-02-20 22:27:25,paypal,success,NONE,794.03,GBP,desktop,5,8819
PAY000007196,BKG000007196,318766,2013-07-16 21:49:27,credit_card,success,NONE,89.52,USD,desktop,205,8798
PAY000007197,BKG000007197,787565,2014-04-25 17:08:14,paypal,success,NONE,1437.87,USD,desktop,69,8250
PAY000007198,BKG000007198,1021406,2013-12-26 23:01:47,google_pay,success,NONE,602.99,USD,mobile,215,8236
PAY000007199,BKG000007199,1156404,2013-01-10 19:50:59,credit_card,success,NONE,869.59,USD,desktop,55,41121
PAY000007200,BKG000007200,124934,2014-05-28 15:02:19,apple_pay,success,NONE,451.48,USD,desktop,66,11998
PAY000007201,BKG000007201,562037,2013-02-01 05:02:36,credit_card,success,NONE,589.17,USD,desktop,55,1083
PAY000007202,BKG000007202,557209,2014-03-20 00:14:31,credit_card,success,NONE,352.25,USD,desktop,66,24946
PAY000007203,BKG000007203,1052387,2013-08-21 08:31:26,apple_pay,success,NONE,128.37,USD,desktop,93,17459
PAY000007204,BKG000007204,638396,2013-12-09 15:33:58,debit_card,success,NONE,849.26,USD,desktop,66,8791
PAY000007205,BKG000007205,632501,2014-11-18 23:58:44,apple_pay,success,NONE,256.45,USD,desktop,66,12544
PAY000007206,BKG000007206,968456,2013-01-23 16:20:59,google_pay,success,NONE,246.96,GBP,desktop,195,8215
PAY000007207,BKG000007207,54119,2014-07-31 15:56:51,paypal,success,NONE,545.57,USD,mobile,66,26367
PAY000007208,BKG000007208,377731,2013-04-16 17:14:32,apple_pay,success,NONE,1115.61,USD,desktop,66,11335
PAY000007209,BKG000007209,577804,2014-01-08 11:04:09,credit_card,success,NONE,378.51,USD,desktop,66,12206
PAY000007210,BKG000007210,256537,2014-11-22 20:34:58,apple_pay,success,NONE,131.14,USD,desktop,66,8278
PAY000007211,BKG000007211,59775,2014-10-22 10:15:23,credit_card,success,NONE,904.86,USD,desktop,205,12188
PAY000007212,BKG000007212,602738,2013-11-12 15:18:00,bank_transfer,success,NONE,147.25,USD,desktop,66,8250
PAY000007213,BKG000007213,225264,2014-02-07 03:05:16,paypal,success,NONE,107.01,EUR,desktop,70,8241
PAY000007214,BKG000007214,828756,2014-05-04 07:13:26,bank_transfer,success,NONE,199.2,USD,desktop,66,27193
PAY000007215,BKG000007215,601814,2014-07-07 12:20:58,bank_transfer,success,NONE,226.41,USD,desktop,205,14875
PAY000007216,BKG000007216,51935,2014-03-09 17:11:22,paypal,success,NONE,274.22,USD,desktop,66,12269
PAY000007217,BKG000007217,1073229,2013-05-13 19:16:51,google_pay,success,NONE,159.94,USD,desktop,46,17066
PAY000007218,BKG000007218,493886,2014-01-25 10:58:36,credit_card,success,NONE,1237.29,USD,desktop,66,8810
PAY000007219,BKG000007219,55266,2014-04-01 15:58:22,paypal,success,NONE,147.25,USD,desktop,69,2183
PAY000007220,BKG000007220,355453,2013-09-21 07:03:07,credit_card,success,NONE,454.68,USD,desktop,66,26022
PAY000007221,BKG000007221,887398,2014-03-18 22:08:39,debit_card,success,NONE,373.6,USD,desktop,66,45120
PAY000007222,BKG000007222,712247,2014-04-06 21:48:22,bank_transfer,failed,CARD_DECLINED,151.02,GBP,desktop,77,8220
PAY000007223,BKG000007223,69740,2014-12-06 18:42:17,credit_card,success,NONE,402.93,USD,desktop,66,8291
PAY000007224,BKG000007224,336946,2013-04-06 17:34:31,credit_card,success,NONE,639.44,USD,desktop,66,27703
PAY000007225,BKG000007225,958488,2014-10-28 17:58:35,credit_card,success,NONE,309.94,USD,desktop,66,8250
PAY000007226,BKG000007226,736921,2014-02-27 08:53:18,bank_transfer,success,NONE,103.43,USD,mobile,205,26022
PAY000007227,BKG000007227,258291,2014-03-29 08:59:35,google_pay,success,NONE,753.33,USD,desktop,205,21766
PAY000007228,BKG000007228,187352,2013-12-20 18:15:18,credit_card,success,NONE,143.16,USD,desktop,66,24597
PAY000007229,BKG000007229,227836,2013-12-01 19:56:56,credit_card,success,NONE,942.56,USD,desktop,66,3651
PAY000007230,BKG000007230,1053151,2013-08-19 14:47:28,apple_pay,failed,PAYMENT_PROVIDER_ERROR,212.97,USD,desktop,66,12732
PAY000007231,BKG000007231,318434,2014-09-24 12:31:35,debit_card,success,NONE,532.44,USD,mobile,66,8745
PAY000007232,BKG000007232,175851,2014-02-19 09:31:34,credit_card,success,NONE,205.1,USD,desktop,66,62838
PAY000007233,BKG000007233,451011,2014-12-18 07:26:06,credit_card,success,NONE,233.56,USD,mobile,66,8276
PAY000007234,BKG000007234,435664,2013-02-26 12:50:25,credit_card,success,NONE,650.36,USD,desktop,205,8267
PAY000007235,BKG000007235,728275,2014-10-01 22:59:19,paypal,success,NONE,310.99,USD,desktop,66,66
PAY000007236,BKG000007236,342471,2014-02-27 02:54:22,credit_card,success,NONE,429.81,USD,desktop,66,44045
PAY000007237,BKG000007237,512365,2013-04-25 16:01:56,credit_card,success,NONE,214.56,USD,mobile,66,42260
PAY000007238,BKG000007238,213547,2013-12-08 15:04:01,apple_pay,success,NONE,260.19,USD,desktop,66,8225
PAY000007239,BKG000007239,617650,2013-06-14 18:29:42,debit_card,success,NONE,1367.5,GBP,desktop,77,40903
PAY000007240,BKG000007240,962290,2014-06-25 19:32:37,credit_card,success,NONE,189.36,USD,desktop,205,44501
PAY000007241,BKG000007241,224909,2013-01-07 11:28:57,google_pay,success,NONE,412.46,USD,desktop,66,8278
PAY000007242,BKG000007242,759727,2013-08-27 16:57:23,debit_card,success,NONE,161.02,USD,desktop,66,1493
PAY000007243,BKG000007243,315816,2014-05-03 15:58:40,credit_card,success,NONE,196.25,USD,mobile,66,8276
PAY000007244,BKG000007244,543863,2014-09-25 13:32:52,paypal,success,NONE,210.88,USD,desktop,66,8267
PAY000007245,BKG000007245,543863,2014-09-25 10:38:52,debit_card,success,NONE,257.67,USD,desktop,66,8267
PAY000007246,BKG000007246,500610,2014-11-14 11:35:57,debit_card,success,NONE,236.44,USD,desktop,205,9479
PAY000007247,BKG000007247,246504,2013-09-29 11:26:49,credit_card,success,NONE,352.27,USD,desktop,46,8253
PAY000007248,BKG000007248,36171,2014-11-05 12:50:29,google_pay,success,NONE,348.09,USD,desktop,66,8250
PAY000007249,BKG000007249,551902,2014-02-02 18:40:20,credit_card,success,NONE,262.73,USD,desktop,66,27773
PAY000007250,BKG000007250,575801,2014-12-19 11:16:41,apple_pay,success,NONE,218.62,USD,desktop,66,8230
PAY000007251,BKG000007251,1174589,2013-12-08 13:36:23,credit_card,failed,3DS_FAILED,291.03,EUR,desktop,3,19224
PAY000007252,BKG000007252,558814,2013-07-27 19:46:28,credit_card,failed,AUTH_TIMEOUT,201.92,USD,desktop,66,5314
PAY000007253,BKG000007253,206439,2014-01-06 15:44:50,bank_transfer,success,NONE,738.66,USD,desktop,66,12201
PAY000007254,BKG000007254,579627,2014-11-23 00:20:58,bank_transfer,success,NONE,508.78,USD,desktop,66,12175
PAY000007255,BKG000007255,112253,2014-08-11 13:09:39,bank_transfer,success,NONE,407.57,USD,mobile,66,5445
PAY000007256,BKG000007256,519558,2014-03-27 14:33:35,bank_transfer,failed,INSUFFICIENT_FUNDS,146.79,USD,desktop,66,17459
PAY000007257,BKG000007257,1086527,2014-04-26 14:22:01,apple_pay,success,NONE,134.91,USD,desktop,66,24651
PAY000007258,BKG000007258,890862,2014-04-16 13:59:15,credit_card,success,NONE,458.78,USD,desktop,215,8816
PAY000007259,BKG000007259,479232,2013-06-11 14:15:19,debit_card,failed,PAYMENT_PROVIDER_ERROR,100.3,USD,desktop,46,8800
PAY000007260,BKG000007260,1111472,2013-03-14 10:27:59,credit_card,success,NONE,909.02,USD,mobile,66,8250
PAY000007261,BKG000007261,907343,2013-03-13 11:37:36,debit_card,success,NONE,175.83,USD,mobile,66,24
PAY000007262,BKG000007262,420115,2013-07-12 18:42:56,credit_card,success,NONE,223.97,USD,mobile,66,11357
PAY000007263,BKG000007263,587324,2013-05-02 11:46:18,paypal,success,NONE,314.4,USD,desktop,66,8284
PAY000007264,BKG000007264,899188,2014-04-01 12:13:17,debit_card,failed,CARD_DECLINED,185.26,USD,desktop,66,60804
PAY000007265,BKG000007265,708748,2013-02-05 13:32:03,paypal,success,NONE,71.01,USD,desktop,66,12846
PAY000007266,BKG000007266,325260,2013-08-24 17:28:22,apple_pay,success,NONE,661.72,USD,desktop,205,8267
PAY000007267,BKG000007267,897045,2014-12-03 13:25:27,credit_card,success,NONE,354.43,USD,desktop,69,8289
PAY000007268,BKG000007268,308440,2014-06-13 04:58:19,debit_card,success,NONE,174.13,USD,desktop,23,1319
PAY000007269,BKG000007269,536515,2014-09-18 23:22:55,google_pay,success,NONE,70.0,USD,desktop,66,8291
PAY000007270,BKG000007270,281962,2014-05-16 16:29:01,credit_card,success,NONE,155.64,USD,desktop,66,8243
PAY000007271,BKG000007271,698851,2014-01-17 13:12:11,paypal,failed,AUTH_TIMEOUT,130.69,EUR,desktop,3,12682
PAY000007272,BKG000007272,541940,2014-08-16 23:32:07,paypal,success,NONE,206.84,USD,desktop,205,8808
PAY000007273,BKG000007273,172688,2014-09-14 17:53:33,google_pay,success,NONE,101.21,USD,desktop,66,11987
PAY000007274,BKG000007274,591153,2014-08-13 12:36:53,debit_card,success,NONE,663.91,USD,desktop,66,8259
PAY000007275,BKG000007275,820065,2013-07-01 20:42:04,debit_card,success,NONE,591.22,USD,desktop,52,27562
PAY000007276,BKG000007276,195664,2014-08-16 17:41:00,credit_card,success,NONE,406.14,USD,desktop,66,28879
PAY000007277,BKG000007277,585908,2013-03-21 19:08:56,debit_card,success,NONE,357.69,USD,desktop,66,8793
PAY000007278,BKG000007278,510596,2014-08-24 09:57:23,credit_card,success,NONE,109.08,USD,desktop,119,8246
PAY000007279,BKG000007279,259979,2014-09-24 10:28:34,debit_card,success,NONE,288.09,USD,desktop,205,12774
PAY000007280,BKG000007280,318571,2014-12-14 21:58:39,debit_card,failed,INSUFFICIENT_FUNDS,445.22,USD,desktop,66,8253
PAY000007281,BKG000007281,17836,2013-06-12 23:40:27,credit_card,success,NONE,561.91,EUR,desktop,3,21836
PAY000007282,BKG000007282,687244,2013-11-25 19:01:44,credit_card,success,NONE,2021.23,USD,desktop,66,14127
PAY000007283,BKG000007283,778674,2013-07-05 18:34:44,credit_card,success,NONE,287.38,USD,desktop,66,35597
PAY000007284,BKG000007284,854397,2014-12-02 17:25:08,credit_card,success,NONE,586.75,USD,desktop,66,12669
PAY000007285,BKG000007285,327529,2014-11-23 14:24:31,credit_card,success,NONE,113.45,USD,mobile,66,172
PAY000007286,BKG000007286,1015218,2014-04-29 13:21:19,credit_card,success,NONE,81.77,USD,desktop,205,9708
PAY000007287,BKG000007287,1036270,2013-10-17 20:16:34,credit_card,failed,3DS_FAILED,129.31,USD,desktop,66,16523
PAY000007288,BKG000007288,1040908,2014-09-02 16:16:27,bank_transfer,success,NONE,768.93,USD,mobile,66,8743
PAY000007289,BKG000007289,948708,2014-07-23 09:59:27,google_pay,success,NONE,240.74,USD,desktop,66,45201
PAY000007290,BKG000007290,757031,2013-10-29 18:51:13,debit_card,success,NONE,863.7,USD,desktop,66,11938
PAY000007291,BKG000007291,96045,2013-08-27 14:41:55,credit_card,success,NONE,657.33,USD,desktop,66,26994
PAY000007292,BKG000007292,987608,2014-06-16 18:30:58,google_pay,success,NONE,3033.46,USD,desktop,66,11938
PAY000007293,BKG000007293,1021315,2014-11-02 10:36:28,apple_pay,success,NONE,749.38,USD,desktop,66,8250
PAY000007294,BKG000007294,557458,2014-09-11 11:35:47,debit_card,success,NONE,649.4,USD,desktop,66,8816
PAY000007295,BKG000007295,402559,2014-11-06 13:50:24,debit_card,success,NONE,791.63,USD,desktop,66,12748
PAY000007296,BKG000007296,932255,2014-12-04 21:11:29,debit_card,success,NONE,248.28,USD,desktop,66,348
PAY000007297,BKG000007297,549979,2014-11-17 10:50:33,bank_transfer,success,NONE,116.83,USD,desktop,205,30524
PAY000007298,BKG000007298,627667,2014-03-04 18:20:22,debit_card,success,NONE,231.06,USD,desktop,66,24290
PAY000007299,BKG000007299,365064,2014-08-25 20:10:48,bank_transfer,success,NONE,117.34,USD,desktop,66,8790
PAY000007300,BKG000007300,333561,2013-09-14 01:03:12,google_pay,success,NONE,148.59,USD,desktop,46,8289
PAY000007301,BKG000007301,466935,2014-07-15 16:16:03,credit_card,success,NONE,309.83,EUR,desktop,50,8254
PAY000007302,BKG000007302,591969,2014-11-28 10:44:46,credit_card,success,NONE,415.56,USD,desktop,66,8266
PAY000007303,BKG000007303,926359,2014-08-27 15:09:00,credit_card,success,NONE,178.74,USD,desktop,66,12194
PAY000007304,BKG000007304,822925,2014-08-19 12:20:21,credit_card,success,NONE,362.95,USD,mobile,66,8246
PAY000007305,BKG000007305,80348,2013-12-12 06:45:16,credit_card,success,NONE,220.88,USD,desktop,66,11353
PAY000007306,BKG000007306,630806,2014-11-12 22:49:20,debit_card,success,NONE,204.8,USD,desktop,66,8250
PAY000007307,BKG000007307,206279,2014-06-19 01:32:57,credit_card,success,NONE,345.58,USD,desktop,205,14875
PAY000007308,BKG000007308,704017,2014-12-11 10:55:29,bank_transfer,success,NONE,1265.46,USD,desktop,66,11373
PAY000007309,BKG000007309,301990,2014-01-07 21:08:37,debit_card,success,NONE,269.88,USD,desktop,205,26399
PAY000007310,BKG000007310,432561,2013-12-16 16:06:27,credit_card,success,NONE,1228.67,USD,desktop,66,8825
PAY000007311,BKG000007311,393021,2013-07-31 00:05:38,paypal,success,NONE,517.52,USD,desktop,66,12267
PAY000007312,BKG000007312,1093285,2013-12-06 11:55:24,paypal,success,NONE,151.62,USD,desktop,66,8250
PAY000007313,BKG000007313,1012633,2013-02-15 14:39:37,debit_card,success,NONE,196.06,GBP,desktop,77,3719
PAY000007314,BKG000007314,1114190,2014-12-10 01:41:27,credit_card,success,NONE,83.54,USD,desktop,66,9145
PAY000007315,BKG000007315,547594,2014-11-14 18:54:13,apple_pay,success,NONE,189.25,USD,desktop,66,939
PAY000007316,BKG000007316,629345,2014-03-24 16:14:30,credit_card,success,NONE,325.83,USD,desktop,66,1450
PAY000007317,BKG000007317,812501,2014-06-19 01:20:19,credit_card,success,NONE,126.05,USD,desktop,205,8798
PAY000007318,BKG000007318,119438,2013-12-28 12:22:31,debit_card,success,NONE,152.17,USD,desktop,205,11629
PAY000007319,BKG000007319,429101,2014-02-18 20:06:32,paypal,success,NONE,527.86,USD,desktop,66,14074
PAY000007320,BKG000007320,1008797,2013-04-29 21:53:46,debit_card,success,NONE,694.75,USD,desktop,19,8230
PAY000007321,BKG000007321,3594,2014-02-17 01:16:58,apple_pay,success,NONE,1130.73,EUR,desktop,3,8220
PAY000007322,BKG000007322,588088,2013-05-30 22:29:03,apple_pay,success,NONE,1663.68,USD,desktop,66,8791
PAY000007323,BKG000007323,777744,2013-05-27 19:09:21,debit_card,success,NONE,650.7,USD,desktop,205,1623
PAY000007324,BKG000007324,1012946,2014-05-06 12:52:33,paypal,success,NONE,752.81,USD,desktop,1,8245
PAY000007325,BKG000007325,898217,2013-08-12 08:26:48,credit_card,success,NONE,186.17,USD,desktop,66,25733
PAY000007326,BKG000007326,987679,2013-06-13 08:24:31,credit_card,success,NONE,160.72,USD,desktop,205,8287
PAY000007327,BKG000007327,991961,2014-06-06 18:00:13,bank_transfer,success,NONE,117.26,USD,desktop,66,8790
PAY000007328,BKG000007328,379845,2013-10-16 15:42:27,debit_card,success,NONE,198.92,USD,desktop,66,8213
PAY000007329,BKG000007329,379845,2013-10-16 13:55:27,paypal,success,NONE,151.03,USD,desktop,66,8213
PAY000007330,BKG000007330,815429,2014-11-12 19:28:47,credit_card,success,NONE,776.28,USD,desktop,66,11435
PAY000007331,BKG000007331,97406,2014-10-11 00:39:23,debit_card,success,NONE,986.88,USD,desktop,66,5405
PAY000007332,BKG000007332,441027,2013-11-13 19:46:08,credit_card,success,NONE,256.26,USD,desktop,66,4973
PAY000007333,BKG000007333,784070,2014-04-14 15:07:38,debit_card,success,NONE,194.13,USD,mobile,178,12603
PAY000007334,BKG000007334,1125889,2014-07-11 17:05:50,credit_card,success,NONE,197.11,USD,desktop,66,14875
PAY000007335,BKG000007335,395944,2013-07-21 15:07:09,credit_card,success,NONE,211.62,USD,desktop,66,25702
PAY000007336,BKG000007336,648678,2013-10-11 18:57:59,paypal,success,NONE,277.78,USD,mobile,66,11848
PAY000007337,BKG000007337,502238,2014-09-30 00:50:43,credit_card,success,NONE,1213.94,USD,desktop,205,8250
PAY000007338,BKG000007338,1008328,2014-08-30 10:13:16,credit_card,success,NONE,284.64,USD,desktop,66,8255
PAY000007339,BKG000007339,482762,2014-02-01 22:25:39,debit_card,success,NONE,1284.64,USD,desktop,66,8255
PAY000007340,BKG000007340,921337,2014-01-23 01:29:21,credit_card,success,NONE,1596.44,USD,desktop,46,8250
PAY000007341,BKG000007341,125842,2013-09-14 23:46:10,debit_card,success,NONE,1169.04,USD,desktop,66,8271
PAY000007342,BKG000007342,320044,2013-10-09 10:59:44,apple_pay,success,NONE,1545.97,USD,desktop,12,21824
PAY000007343,BKG000007343,1055157,2014-11-23 19:03:51,apple_pay,success,NONE,272.86,USD,mobile,66,12175
PAY000007344,BKG000007344,488259,2013-08-27 11:53:29,credit_card,success,NONE,173.05,USD,desktop,66,3693
PAY000007345,BKG000007345,568024,2013-08-01 16:45:47,google_pay,success,NONE,184.0,USD,desktop,66,12799
PAY000007346,BKG000007346,104472,2014-04-04 23:53:40,bank_transfer,success,NONE,744.68,USD,desktop,52,11373
PAY000007347,BKG000007347,62233,2014-03-16 14:02:32,debit_card,failed,CARD_DECLINED,715.3,USD,desktop,66,11989
PAY000007348,BKG000007348,1180339,2014-11-22 11:35:19,bank_transfer,success,NONE,344.07,EUR,desktop,3,669
PAY000007349,BKG000007349,395464,2014-11-10 23:55:36,credit_card,success,NONE,126.28,USD,desktop,66,11620
PAY000007350,BKG000007350,1168300,2013-12-16 17:35:56,credit_card,success,NONE,441.88,USD,desktop,66,12233
PAY000007351,BKG000007351,424988,2013-01-22 19:07:31,credit_card,failed,AUTH_TIMEOUT,706.53,USD,mobile,66,29566
PAY000007352,BKG000007352,54843,2014-03-15 15:29:54,debit_card,success,NONE,352.92,USD,desktop,66,24860
PAY000007353,BKG000007353,887033,2014-12-24 20:45:48,bank_transfer,success,NONE,533.21,USD,desktop,66,8747
PAY000007354,BKG000007354,887033,2014-12-24 19:49:48,google_pay,success,NONE,604.5,USD,desktop,66,8747
PAY000007355,BKG000007355,690307,2014-12-12 23:15:07,bank_transfer,success,NONE,414.69,USD,desktop,66,8267
PAY000007356,BKG000007356,906864,2013-04-10 11:01:52,credit_card,success,NONE,1507.3,USD,desktop,19,268
PAY000007357,BKG000007357,783707,2013-04-04 16:42:46,debit_card,success,NONE,270.63,USD,desktop,66,8808
PAY000007358,BKG000007358,1091913,2014-08-06 06:32:11,google_pay,success,NONE,439.49,USD,desktop,66,8215
PAY000007359,BKG000007359,94750,2014-02-20 20:30:03,credit_card,success,NONE,750.33,USD,desktop,66,8791
PAY000007360,BKG000007360,385676,2014-04-05 16:04:58,credit_card,success,NONE,490.55,USD,desktop,205,51385
PAY000007361,BKG000007361,989527,2014-09-25 21:15:09,apple_pay,success,NONE,167.61,USD,desktop,66,8250
PAY000007362,BKG000007362,664870,2014-12-22 02:47:52,bank_transfer,success,NONE,399.01,USD,desktop,66,8288
PAY000007363,BKG000007363,136125,2014-11-09 08:35:17,debit_card,success,NONE,548.33,USD,desktop,205,12175
PAY000007364,BKG000007364,321806,2014-10-21 18:54:05,google_pay,success,NONE,271.65,GBP,desktop,77,19239
PAY000007365,BKG000007365,296938,2014-09-09 00:37:03,apple_pay,success,NONE,490.43,USD,desktop,66,14985
PAY000007366,BKG000007366,151166,2014-05-21 09:46:02,debit_card,success,NONE,216.25,USD,desktop,66,8250
PAY000007367,BKG000007367,813049,2014-08-17 11:15:23,debit_card,success,NONE,501.78,USD,desktop,66,29452
PAY000007368,BKG000007368,1153737,2013-03-10 20:06:29,google_pay,success,NONE,338.31,EUR,desktop,3,8818
PAY000007369,BKG000007369,252867,2014-08-22 13:31:56,paypal,success,NONE,179.13,USD,desktop,46,20968
PAY000007370,BKG000007370,746964,2013-05-30 10:25:40,debit_card,success,NONE,299.28,USD,mobile,205,23481
PAY000007371,BKG000007371,677041,2014-12-18 18:26:24,credit_card,success,NONE,566.32,EUR,desktop,23,25736
PAY000007372,BKG000007372,479309,2013-11-28 14:33:07,paypal,success,NONE,138.09,USD,desktop,66,25307
PAY000007373,BKG000007373,467120,2014-08-29 17:49:50,paypal,success,NONE,201.18,EUR,desktop,229,5497
PAY000007374,BKG000007374,832466,2014-02-24 18:56:12,credit_card,success,NONE,544.02,USD,desktop,5,8788
PAY000007375,BKG000007375,121113,2014-10-18 16:28:21,credit_card,failed,PAYMENT_PROVIDER_ERROR,439.73,USD,desktop,205,12439
PAY000007376,BKG000007376,969655,2014-04-01 19:56:05,paypal,success,NONE,204.08,USD,desktop,66,8214
PAY000007377,BKG000007377,1024220,2013-01-16 07:44:17,credit_card,success,NONE,776.32,USD,desktop,66,12206
PAY000007378,BKG000007378,306767,2014-01-09 15:16:33,credit_card,success,NONE,479.8,USD,mobile,66,12192
PAY000007379,BKG000007379,477208,2014-07-03 21:16:13,debit_card,success,NONE,159.81,USD,mobile,205,8798
PAY000007380,BKG000007380,825260,2013-04-15 20:48:14,credit_card,success,NONE,440.74,USD,desktop,66,12826
PAY000007381,BKG000007381,591016,2014-04-18 18:56:05,paypal,success,NONE,271.36,USD,desktop,23,12181
PAY000007382,BKG000007382,1188132,2013-12-25 23:54:29,credit_card,success,NONE,301.87,EUR,desktop,3,8253
PAY000007383,BKG000007383,1049917,2013-08-15 17:51:49,paypal,success,NONE,803.12,USD,desktop,71,23949
PAY000007384,BKG000007384,214431,2014-09-12 16:15:57,paypal,failed,INSUFFICIENT_FUNDS,455.06,USD,desktop,66,36332
PAY000007385,BKG000007385,1000890,2013-04-10 18:41:27,credit_card,success,NONE,574.44,USD,desktop,66,13485
PAY000007386,BKG000007386,358115,2014-10-14 22:18:52,bank_transfer,success,NONE,625.36,USD,desktop,66,8213
PAY000007387,BKG000007387,185843,2013-09-25 22:04:29,debit_card,success,NONE,429.82,USD,desktop,66,8267
PAY000007388,BKG000007388,248944,2014-06-18 11:31:26,debit_card,failed,CARD_DECLINED,1016.43,USD,desktop,205,8279
PAY000007389,BKG000007389,350361,2014-03-18 15:07:24,credit_card,failed,CARD_DECLINED,980.53,USD,desktop,66,11621
PAY000007390,BKG000007390,560020,2014-01-05 07:57:45,bank_transfer,success,NONE,619.14,USD,desktop,215,12269
PAY000007391,BKG000007391,776377,2014-06-15 20:47:59,credit_card,success,NONE,156.85,USD,desktop,66,8262
PAY000007392,BKG000007392,221016,2014-02-01 10:07:04,debit_card,success,NONE,276.97,USD,mobile,66,12654
PAY000007393,BKG000007393,1125839,2013-03-21 12:40:25,credit_card,success,NONE,4009.37,USD,desktop,66,8745
PAY000007394,BKG000007394,1083441,2014-10-27 20:25:48,credit_card,success,NONE,250.57,USD,desktop,32,30337
PAY000007395,BKG000007395,1025277,2013-04-26 15:35:09,debit_card,success,NONE,422.87,USD,desktop,1,11816
PAY000007396,BKG000007396,847781,2014-11-14 10:07:31,bank_transfer,success,NONE,431.37,USD,desktop,66,3670
PAY000007397,BKG000007397,847781,2014-11-14 09:49:31,credit_card,success,NONE,608.19,USD,desktop,66,3670
PAY000007398,BKG000007398,447160,2013-04-17 13:25:05,apple_pay,success,NONE,349.44,USD,desktop,66,7635
PAY000007399,BKG000007399,707181,2014-03-28 21:22:16,google_pay,success,NONE,178.88,USD,desktop,66,16723
PAY000007400,BKG000007400,196199,2013-11-26 22:11:09,google_pay,success,NONE,259.54,USD,desktop,66,8976
PAY000007401,BKG000007401,654142,2014-07-25 12:08:40,debit_card,success,NONE,429.64,USD,mobile,66,13441
PAY000007402,BKG000007402,659593,2014-10-08 12:12:29,bank_transfer,success,NONE,694.05,USD,desktop,55,8255
PAY000007403,BKG000007403,1080056,2014-10-28 02:37:18,credit_card,success,NONE,237.51,USD,mobile,66,651
PAY000007404,BKG000007404,331816,2013-05-18 18:44:12,credit_card,success,NONE,141.84,USD,desktop,66,12244
PAY000007405,BKG000007405,777144,2013-08-01 23:06:47,credit_card,success,NONE,605.44,USD,desktop,66,27488
PAY000007406,BKG000007406,282504,2014-06-16 15:49:17,debit_card,success,NONE,1268.41,USD,desktop,66,23663
PAY000007407,BKG000007407,518051,2014-08-07 20:11:09,credit_card,success,NONE,453.36,USD,desktop,205,25993
PAY000007408,BKG000007408,737734,2014-11-21 04:28:12,apple_pay,success,NONE,228.91,USD,desktop,119,3171
PAY000007409,BKG000007409,904093,2013-03-03 09:30:13,apple_pay,success,NONE,247.17,USD,mobile,44,12227
PAY000007410,BKG000007410,10645,2014-01-08 15:21:02,paypal,success,NONE,651.54,EUR,desktop,3,61223
PAY000007411,BKG000007411,196544,2013-10-24 22:03:42,credit_card,success,NONE,233.33,USD,desktop,66,44690
PAY000007412,BKG000007412,845940,2014-07-28 11:16:53,paypal,success,NONE,432.92,USD,desktop,66,12856
PAY000007413,BKG000007413,509101,2014-04-23 14:17:29,credit_card,success,NONE,460.81,USD,desktop,66,8267
PAY000007414,BKG000007414,433653,2014-01-06 06:59:07,credit_card,failed,AUTH_TIMEOUT,148.93,USD,desktop,205,6190
PAY000007415,BKG000007415,480896,2013-07-20 05:24:52,paypal,success,NONE,236.49,USD,desktop,176,25116
PAY000007416,BKG000007416,277820,2014-10-24 08:58:17,credit_card,success,NONE,421.85,USD,desktop,66,8809
PAY000007417,BKG000007417,758248,2014-09-02 09:47:35,google_pay,success,NONE,215.5,USD,desktop,12,8806
PAY000007418,BKG000007418,325985,2014-06-03 22:58:02,credit_card,success,NONE,110.74,USD,desktop,66,12643
PAY000007419,BKG000007419,571154,2014-04-29 13:40:15,paypal,success,NONE,896.08,USD,desktop,154,8788
PAY000007420,BKG000007420,721738,2014-10-31 11:04:45,debit_card,success,NONE,289.67,USD,desktop,28,12213
PAY000007421,BKG000007421,689241,2014-07-23 13:01:15,credit_card,success,NONE,82.0,USD,desktop,226,8794
PAY000007422,BKG000007422,1060442,2013-05-09 14:56:24,credit_card,success,NONE,311.26,USD,desktop,66,55208
PAY000007423,BKG000007423,28751,2013-02-19 11:39:54,bank_transfer,success,NONE,117.26,USD,desktop,66,12215
PAY000007424,BKG000007424,197963,2014-10-03 12:22:56,credit_card,success,NONE,395.09,USD,desktop,66,62487
PAY000007425,BKG000007425,988071,2014-06-10 14:29:22,paypal,success,NONE,270.16,USD,desktop,66,21031
PAY000007426,BKG000007426,1059464,2014-12-06 12:25:32,apple_pay,success,NONE,207.39,USD,desktop,66,8250
PAY000007427,BKG000007427,66853,2014-02-28 12:55:12,credit_card,success,NONE,151.33,USD,desktop,66,25541
PAY000007428,BKG000007428,405683,2014-07-09 04:36:13,debit_card,success,NONE,387.75,USD,desktop,205,12209
PAY000007429,BKG000007429,129515,2013-08-19 10:46:31,credit_card,failed,AUTH_TIMEOUT,954.29,USD,mobile,66,51385
PAY000007430,BKG000007430,1076962,2014-05-26 14:14:43,debit_card,success,NONE,117.55,USD,desktop,66,8254
PAY000007431,BKG000007431,1195504,2013-03-21 10:18:13,bank_transfer,success,NONE,504.96,USD,desktop,194,20841
PAY000007432,BKG000007432,1184837,2013-04-14 21:30:13,debit_card,success,NONE,499.45,USD,desktop,45,28554
PAY000007433,BKG000007433,767303,2013-03-25 18:28:15,credit_card,failed,INSUFFICIENT_FUNDS,556.86,USD,mobile,205,12206
PAY000007434,BKG000007434,1188497,2013-07-25 11:11:44,credit_card,success,NONE,957.24,EUR,desktop,3,8822
PAY000007435,BKG000007435,876121,2014-10-31 16:31:06,bank_transfer,failed,INSUFFICIENT_FUNDS,180.64,USD,desktop,205,14875
PAY000007436,BKG000007436,238924,2013-04-29 23:58:08,paypal,success,NONE,873.34,USD,desktop,69,8223
PAY000007437,BKG000007437,868076,2014-03-04 21:28:54,apple_pay,success,NONE,191.49,USD,desktop,66,12603
PAY000007438,BKG000007438,888115,2014-02-03 12:43:21,debit_card,success,NONE,271.25,USD,desktop,66,11848
PAY000007439,BKG000007439,1043372,2014-05-15 13:40:38,google_pay,success,NONE,172.64,USD,desktop,179,12202
PAY000007440,BKG000007440,855625,2014-06-15 16:01:27,credit_card,failed,3DS_FAILED,1075.37,USD,desktop,66,12191
PAY000007441,BKG000007441,6162,2013-09-05 00:14:43,debit_card,success,NONE,105.04,EUR,desktop,3,8256
PAY000007442,BKG000007442,230508,2014-11-17 19:26:04,debit_card,success,NONE,130.88,EUR,desktop,3,20211
PAY000007443,BKG000007443,172821,2014-12-04 18:26:24,debit_card,success,NONE,101.09,USD,desktop,65,8253
PAY000007444,BKG000007444,604344,2014-05-04 00:03:35,credit_card,success,NONE,111.69,USD,desktop,66,24289
PAY000007445,BKG000007445,1173597,2014-09-27 04:46:44,credit_card,success,NONE,229.92,EUR,desktop,119,25452
PAY000007446,BKG000007446,851367,2014-08-04 19:31:45,credit_card,success,NONE,186.11,USD,mobile,66,11821
PAY000007447,BKG000007447,433601,2014-08-27 03:13:13,credit_card,failed,CARD_DECLINED,520.58,USD,desktop,66,8855
PAY000007448,BKG000007448,905272,2014-06-22 20:40:54,credit_card,success,NONE,1085.25,USD,desktop,66,8820
PAY000007449,BKG000007449,765447,2014-05-22 15:44:44,apple_pay,success,NONE,229.19,USD,desktop,66,8267
PAY000007450,BKG000007450,490137,2014-09-02 15:30:53,apple_pay,success,NONE,197.53,USD,desktop,66,8244
PAY000007451,BKG000007451,950455,2014-11-09 01:38:44,apple_pay,success,NONE,182.4,USD,desktop,66,20310
PAY000007452,BKG000007452,562488,2014-05-21 07:31:08,debit_card,success,NONE,221.21,USD,desktop,66,12236
PAY000007453,BKG000007453,1083965,2014-07-07 23:40:59,credit_card,success,NONE,286.42,USD,mobile,66,12214
PAY000007454,BKG000007454,569970,2013-11-02 11:35:43,debit_card,success,NONE,1099.31,USD,desktop,215,21361
PAY000007455,BKG000007455,1056925,2014-07-07 13:58:02,debit_card,success,NONE,1026.54,USD,desktop,68,8819
PAY000007456,BKG000007456,1178993,2014-06-12 22:50:37,paypal,failed,PAYMENT_PROVIDER_ERROR,2219.52,USD,desktop,66,8268
PAY000007457,BKG000007457,772435,2013-02-11 13:36:56,debit_card,failed,CARD_DECLINED,105.08,USD,desktop,133,8255
PAY000007458,BKG000007458,383715,2014-11-06 22:27:20,google_pay,failed,CARD_DECLINED,355.49,USD,desktop,66,8230
PAY000007459,BKG000007459,851210,2014-10-28 17:50:39,paypal,success,NONE,196.86,USD,desktop,66,8747
PAY000007460,BKG000007460,122076,2014-12-14 12:09:32,credit_card,failed,INSUFFICIENT_FUNDS,150.16,USD,desktop,66,20209
PAY000007461,BKG000007461,632551,2014-10-20 12:14:24,credit_card,success,NONE,927.28,USD,desktop,66,24652
PAY000007462,BKG000007462,502988,2013-12-28 23:06:54,apple_pay,success,NONE,1404.4,USD,desktop,12,8791
PAY000007463,BKG000007463,667313,2014-04-12 18:34:55,google_pay,success,NONE,117.27,USD,desktop,66,12501
PAY000007464,BKG000007464,374566,2014-10-25 13:22:09,debit_card,success,NONE,405.61,USD,desktop,66,60712
PAY000007465,BKG000007465,123159,2013-07-02 17:36:08,credit_card,success,NONE,387.25,USD,desktop,69,2201
PAY000007466,BKG000007466,78822,2014-06-09 14:58:19,credit_card,success,NONE,379.39,USD,desktop,66,8218
PAY000007467,BKG000007467,1006501,2014-07-06 04:25:43,credit_card,success,NONE,232.0,USD,desktop,23,8788
PAY000007468,BKG000007468,260197,2014-07-20 01:12:50,paypal,success,NONE,237.14,USD,desktop,0,12654
PAY000007469,BKG000007469,1124178,2014-05-28 19:49:18,paypal,success,NONE,235.72,USD,desktop,66,8261
PAY000007470,BKG000007470,1071327,2014-08-13 19:29:17,bank_transfer,success,NONE,429.07,USD,desktop,66,12843
PAY000007471,BKG000007471,1129769,2014-11-26 11:55:10,apple_pay,success,NONE,527.9,USD,desktop,46,23825
PAY000007472,BKG000007472,277916,2014-03-13 22:03:40,bank_transfer,failed,CARD_DECLINED,222.55,USD,desktop,66,25620
PAY000007473,BKG000007473,217756,2014-08-06 12:37:31,google_pay,success,NONE,347.93,USD,desktop,66,12057
PAY000007474,BKG000007474,195003,2013-07-19 19:59:50,credit_card,success,NONE,370.25,USD,desktop,66,24744
PAY000007475,BKG000007475,668424,2013-04-20 07:03:26,bank_transfer,success,NONE,195.97,USD,desktop,66,8798
PAY000007476,BKG000007476,199648,2014-03-12 14:41:46,debit_card,success,NONE,869.38,USD,desktop,66,8273
PAY000007477,BKG000007477,297589,2013-04-13 17:29:23,google_pay,success,NONE,1204.58,USD,desktop,69,14800
PAY000007478,BKG000007478,539341,2014-11-30 23:12:42,apple_pay,success,NONE,252.03,USD,desktop,66,14846
PAY000007479,BKG000007479,977830,2013-07-29 02:59:56,credit_card,success,NONE,185.39,USD,desktop,46,2713
PAY000007480,BKG000007480,63691,2014-01-28 20:40:35,credit_card,success,NONE,763.2,USD,desktop,66,11938
PAY000007481,BKG000007481,712710,2013-05-25 01:45:46,paypal,success,NONE,125.18,EUR,desktop,3,25096
PAY000007482,BKG000007482,875606,2014-05-16 13:45:32,google_pay,success,NONE,192.24,USD,desktop,66,43033
PAY000007483,BKG000007483,66221,2013-07-09 21:50:14,credit_card,success,NONE,582.45,USD,desktop,198,468
PAY000007484,BKG000007484,97126,2014-04-18 12:06:52,credit_card,success,NONE,660.98,USD,desktop,229,12372
PAY000007485,BKG000007485,1034411,2014-11-24 10:25:45,credit_card,success,NONE,580.48,USD,desktop,66,64570
PAY000007486,BKG000007486,525193,2013-10-05 19:28:33,bank_transfer,success,NONE,624.6,USD,desktop,205,8250
PAY000007487,BKG000007487,772713,2013-06-06 21:46:40,debit_card,success,NONE,212.22,USD,desktop,66,8214
PAY000007488,BKG000007488,725425,2014-12-16 16:20:39,paypal,success,NONE,162.09,USD,desktop,66,30524
PAY000007489,BKG000007489,235097,2014-11-21 00:32:25,credit_card,success,NONE,159.9,USD,mobile,32,8221
PAY000007490,BKG000007490,944335,2014-07-11 08:45:41,paypal,success,NONE,112.98,USD,desktop,205,22787
PAY000007491,BKG000007491,545825,2014-07-19 20:18:29,credit_card,success,NONE,792.97,USD,desktop,205,8250
PAY000007492,BKG000007492,156121,2014-06-23 06:49:30,paypal,success,NONE,80.31,USD,desktop,46,22787
PAY000007493,BKG000007493,1096936,2014-10-24 17:53:22,credit_card,success,NONE,153.49,EUR,desktop,3,8230
PAY000007494,BKG000007494,118607,2014-08-18 08:29:22,bank_transfer,success,NONE,200.27,USD,desktop,205,6843
PAY000007495,BKG000007495,828483,2013-10-14 11:04:28,debit_card,success,NONE,286.57,USD,desktop,66,36791
PAY000007496,BKG000007496,1151852,2013-01-19 12:36:28,credit_card,success,NONE,465.12,USD,desktop,154,22648
PAY000007497,BKG000007497,576962,2014-04-22 17:45:52,bank_transfer,failed,INSUFFICIENT_FUNDS,111.42,USD,desktop,66,21790
PAY000007498,BKG000007498,695292,2014-08-26 08:47:09,debit_card,success,NONE,110.6,USD,desktop,103,12603
PAY000007499,BKG000007499,700444,2014-07-18 01:52:02,credit_card,success,NONE,1057.65,EUR,desktop,3,8245
PAY000007500,BKG000007500,10471,2013-03-01 19:00:08,debit_card,success,NONE,5363.4,EUR,desktop,3,5497
PAY000007501,BKG000007501,47695,2014-04-17 19:23:45,credit_card,success,NONE,1229.4,GBP,desktop,77,23533
PAY000007502,BKG000007502,465888,2013-03-12 14:49:04,credit_card,success,NONE,208.43,USD,desktop,69,23027
PAY000007503,BKG000007503,768357,2013-04-18 17:21:24,credit_card,failed,AUTH_TIMEOUT,255.59,USD,desktop,69,12009
PAY000007504,BKG000007504,733229,2014-11-06 19:54:57,debit_card,success,NONE,101.15,USD,desktop,66,32703
PAY000007505,BKG000007505,461934,2014-09-18 17:30:41,debit_card,success,NONE,791.14,USD,desktop,69,12694
PAY000007506,BKG000007506,531638,2013-08-30 06:37:41,apple_pay,success,NONE,277.26,USD,desktop,167,8282
PAY000007507,BKG000007507,835446,2013-05-24 13:52:28,debit_card,success,NONE,386.87,USD,mobile,66,8267
PAY000007508,BKG000007508,888989,2013-12-10 12:57:33,bank_transfer,success,NONE,1171.89,USD,desktop,69,53581
PAY000007509,BKG000007509,417934,2013-12-25 22:16:04,apple_pay,success,NONE,225.13,USD,desktop,66,4507
PAY000007510,BKG000007510,180263,2014-09-23 14:06:22,apple_pay,success,NONE,137.68,USD,desktop,46,8288
PAY000007511,BKG000007511,626636,2013-04-25 13:21:33,paypal,success,NONE,222.36,USD,desktop,198,12241
PAY000007512,BKG000007512,647014,2014-11-29 13:35:40,debit_card,success,NONE,1691.59,USD,desktop,215,28703
PAY000007513,BKG000007513,96584,2014-12-02 23:06:32,apple_pay,success,NONE,814.19,USD,mobile,66,8279
PAY000007514,BKG000007514,389442,2014-11-21 17:04:16,paypal,failed,INSUFFICIENT_FUNDS,504.56,USD,desktop,66,12227
PAY000007515,BKG000007515,230431,2013-04-21 17:29:09,credit_card,failed,CARD_DECLINED,245.08,USD,desktop,66,19522
PAY000007516,BKG000007516,963890,2014-06-23 06:38:39,credit_card,success,NONE,302.36,EUR,desktop,3,8822
PAY000007517,BKG000007517,834236,2014-10-03 05:37:09,debit_card,failed,INSUFFICIENT_FUNDS,588.76,USD,desktop,93,23756
PAY000007518,BKG000007518,69746,2014-12-16 17:17:47,credit_card,success,NONE,278.94,USD,desktop,66,8859
PAY000007519,BKG000007519,676478,2013-09-19 08:28:57,credit_card,success,NONE,594.47,USD,mobile,66,8859
PAY000007520,BKG000007520,1052281,2014-02-10 23:46:58,apple_pay,success,NONE,611.4,EUR,desktop,194,15290
PAY000007521,BKG000007521,815756,2013-10-07 11:35:25,apple_pay,failed,3DS_FAILED,185.85,USD,desktop,66,11835
PAY000007522,BKG000007522,964749,2013-06-15 15:52:19,credit_card,success,NONE,907.3,USD,desktop,66,1152
PAY000007523,BKG000007523,1138428,2014-02-09 22:19:36,credit_card,success,NONE,270.35,USD,desktop,66,12826
PAY000007524,BKG000007524,1044747,2013-03-23 10:58:56,paypal,success,NONE,713.66,USD,desktop,66,8252
PAY000007525,BKG000007525,1068081,2013-09-25 17:05:28,paypal,success,NONE,437.06,USD,desktop,66,8846
PAY000007526,BKG000007526,273790,2014-10-14 17:09:13,paypal,success,NONE,445.0,USD,desktop,66,8233
PAY000007527,BKG000007527,965729,2014-12-01 17:07:41,google_pay,failed,INSUFFICIENT_FUNDS,122.12,USD,desktop,66,9147
PAY000007528,BKG000007528,137914,2013-09-29 12:31:33,credit_card,success,NONE,425.51,USD,desktop,66,12757
PAY000007529,BKG000007529,203993,2014-09-22 13:06:43,credit_card,success,NONE,235.34,USD,desktop,66,42889
PAY000007530,BKG000007530,180881,2014-07-13 21:45:29,paypal,success,NONE,177.87,USD,desktop,66,30498
PAY000007531,BKG000007531,1095840,2013-01-11 01:31:22,credit_card,success,NONE,189.4,USD,mobile,69,8788
PAY000007532,BKG000007532,313508,2014-12-24 10:49:57,bank_transfer,success,NONE,350.88,USD,desktop,66,8236
PAY000007533,BKG000007533,629208,2013-07-08 15:17:13,debit_card,success,NONE,457.89,USD,desktop,66,16808
PAY000007534,BKG000007534,138476,2014-12-14 19:50:17,google_pay,success,NONE,884.57,USD,desktop,69,792
PAY000007535,BKG000007535,105373,2014-10-07 18:30:58,credit_card,success,NONE,1191.28,EUR,desktop,3,8279
PAY000007536,BKG000007536,90563,2014-05-30 13:33:11,credit_card,success,NONE,143.73,USD,desktop,66,8255
PAY000007537,BKG000007537,439638,2014-08-17 11:20:33,apple_pay,failed,PAYMENT_PROVIDER_ERROR,2953.24,USD,desktop,66,27561
PAY000007538,BKG000007538,641784,2014-10-11 11:58:01,credit_card,success,NONE,326.91,USD,desktop,66,16731
PAY000007539,BKG000007539,1090911,2013-09-03 13:17:09,debit_card,success,NONE,431.16,USD,desktop,66,26414
PAY000007540,BKG000007540,993342,2013-12-30 14:51:33,paypal,success,NONE,209.56,USD,desktop,1,8746
PAY000007541,BKG000007541,584786,2013-11-09 14:05:13,debit_card,success,NONE,524.44,USD,desktop,205,22286
PAY000007542,BKG000007542,984798,2014-11-23 19:48:10,apple_pay,failed,CARD_DECLINED,943.93,EUR,mobile,3,8741
PAY000007543,BKG000007543,659031,2014-02-23 08:18:30,credit_card,success,NONE,1960.45,USD,desktop,66,51385
PAY000007544,BKG000007544,762524,2014-07-30 10:43:20,apple_pay,success,NONE,179.95,USD,desktop,66,8291
PAY000007545,BKG000007545,875530,2013-11-23 08:31:40,paypal,success,NONE,1374.34,USD,desktop,69,12267
PAY000007546,BKG000007546,705974,2014-05-30 16:33:14,credit_card,success,NONE,229.27,GBP,desktop,77,8788
PAY000007547,BKG000007547,985782,2014-07-09 18:43:09,credit_card,success,NONE,111.83,USD,desktop,23,24979
PAY000007548,BKG000007548,1159977,2013-04-14 01:11:44,debit_card,success,NONE,213.61,EUR,desktop,3,8250
PAY000007549,BKG000007549,657289,2013-05-06 18:27:04,debit_card,success,NONE,100.47,USD,desktop,66,12846
PAY000007550,BKG000007550,868971,2014-09-14 21:43:11,google_pay,success,NONE,236.4,USD,desktop,218,12236
PAY000007551,BKG000007551,755871,2014-07-11 13:34:35,credit_card,success,NONE,299.59,USD,desktop,205,26016
PAY000007552,BKG000007552,1099381,2014-03-02 12:08:37,bank_transfer,success,NONE,383.32,USD,desktop,66,26981
PAY000007553,BKG000007553,755756,2014-02-28 17:29:38,apple_pay,success,NONE,347.94,USD,desktop,66,8251
PAY000007554,BKG000007554,1065395,2014-08-29 15:18:37,credit_card,success,NONE,406.62,USD,desktop,66,25470
PAY000007555,BKG000007555,417585,2013-10-07 07:09:11,debit_card,success,NONE,140.87,USD,desktop,205,8287
PAY000007556,BKG000007556,775196,2014-10-10 12:24:27,paypal,success,NONE,704.64,USD,desktop,66,8279
PAY000007557,BKG000007557,1075633,2013-10-02 15:26:18,google_pay,success,NONE,174.51,USD,desktop,46,22820
PAY000007558,BKG000007558,347409,2014-10-03 21:40:43,bank_transfer,success,NONE,1881.18,USD,desktop,66,11938
PAY000007559,BKG000007559,347409,2014-10-03 18:38:43,credit_card,success,NONE,1796.32,USD,desktop,66,11938
PAY000007560,BKG000007560,347409,2014-10-03 20:00:43,debit_card,success,NONE,1844.62,USD,desktop,66,11938
PAY000007561,BKG000007561,347409,2014-10-03 21:24:43,credit_card,success,NONE,2426.52,USD,desktop,66,11938
PAY000007562,BKG000007562,226012,2014-05-01 08:19:21,debit_card,success,NONE,999.27,USD,desktop,66,8260
PAY000007563,BKG000007563,211175,2014-08-28 10:34:29,paypal,success,NONE,744.25,USD,desktop,66,8219
PAY000007564,BKG000007564,376909,2013-04-05 18:37:12,credit_card,success,NONE,80.07,USD,desktop,66,12175
PAY000007565,BKG000007565,853099,2014-09-29 15:28:53,google_pay,success,NONE,175.95,USD,desktop,66,22434
PAY000007566,BKG000007566,882489,2014-08-25 17:59:31,debit_card,success,NONE,206.89,USD,desktop,66,12799
PAY000007567,BKG000007567,49861,2013-06-10 11:15:28,google_pay,success,NONE,116.46,USD,desktop,69,8255
PAY000007568,BKG000007568,464995,2014-12-23 08:09:28,bank_transfer,success,NONE,226.17,USD,mobile,66,25274
PAY000007569,BKG000007569,334594,2014-01-15 10:45:48,credit_card,failed,INSUFFICIENT_FUNDS,715.42,USD,desktop,66,8815
PAY000007570,BKG000007570,118473,2014-09-04 19:47:39,credit_card,success,NONE,378.12,USD,desktop,215,12188
PAY000007571,BKG000007571,1089549,2014-01-19 23:51:38,paypal,success,NONE,843.5,USD,desktop,66,8855
PAY000007572,BKG000007572,188634,2014-10-13 12:17:31,credit_card,success,NONE,289.96,USD,desktop,205,42630
PAY000007573,BKG000007573,1008375,2014-07-26 11:24:59,credit_card,success,NONE,321.47,USD,mobile,205,26378
PAY000007574,BKG000007574,84520,2013-06-21 08:11:24,credit_card,failed,AUTH_TIMEOUT,450.44,USD,desktop,162,2762
PAY000007575,BKG000007575,245627,2014-12-10 16:33:05,apple_pay,success,NONE,465.22,USD,desktop,66,8279
PAY000007576,BKG000007576,209575,2014-11-10 05:27:05,google_pay,success,NONE,370.06,EUR,desktop,3,8743
PAY000007577,BKG000007577,310413,2014-08-13 03:42:17,apple_pay,success,NONE,581.0,USD,mobile,66,8281
PAY000007578,BKG000007578,1130181,2014-10-07 08:22:28,bank_transfer,failed,CARD_DECLINED,479.79,USD,desktop,29,468
PAY000007579,BKG000007579,83696,2014-01-08 21:04:11,apple_pay,success,NONE,249.58,USD,desktop,66,8230
PAY000007580,BKG000007580,289767,2014-05-22 15:05:47,credit_card,success,NONE,179.93,USD,desktop,205,8213
PAY000007581,BKG000007581,311247,2014-10-21 08:54:58,credit_card,success,NONE,227.76,USD,desktop,66,28505
PAY000007582,BKG000007582,53301,2014-10-21 17:09:14,credit_card,success,NONE,294.54,USD,desktop,1,55649
PAY000007583,BKG000007583,1182529,2013-08-01 13:22:11,apple_pay,success,NONE,322.6,EUR,desktop,3,8745
PAY000007584,BKG000007584,421390,2014-01-14 12:45:16,credit_card,success,NONE,222.74,USD,desktop,66,21489
PAY000007585,BKG000007585,385092,2014-10-14 13:00:02,credit_card,success,NONE,948.55,USD,desktop,66,26937
PAY000007586,BKG000007586,156052,2014-07-25 14:15:15,paypal,success,NONE,609.22,USD,desktop,66,8502
PAY000007587,BKG000007587,964581,2014-05-11 18:38:01,debit_card,success,NONE,470.6,USD,desktop,66,8267
PAY000007588,BKG000007588,138912,2014-04-29 16:47:38,bank_transfer,success,NONE,188.14,USD,desktop,66,22727
PAY000007589,BKG000007589,493754,2014-06-11 17:09:59,debit_card,success,NONE,303.55,USD,desktop,66,19535
PAY000007590,BKG000007590,152007,2014-06-01 19:44:25,debit_card,success,NONE,691.23,USD,desktop,66,26022
PAY000007591,BKG000007591,817464,2014-10-10 20:47:53,credit_card,success,NONE,222.63,USD,desktop,66,8287
PAY000007592,BKG000007592,307525,2013-05-20 11:21:10,paypal,success,NONE,213.97,USD,desktop,205,12654
PAY000007593,BKG000007593,116417,2014-01-13 16:21:57,bank_transfer,success,NONE,355.03,USD,desktop,205,12602
PAY000007594,BKG000007594,1193794,2014-07-20 21:35:41,apple_pay,success,NONE,572.59,EUR,desktop,3,1544
PAY000007595,BKG000007595,1159222,2014-11-04 13:19:03,apple_pay,success,NONE,188.63,USD,mobile,66,17859
PAY000007596,BKG000007596,394864,2014-03-17 00:19:43,debit_card,success,NONE,903.6,USD,mobile,66,25587
PAY000007597,BKG000007597,675265,2014-05-29 07:15:54,debit_card,success,NONE,90.11,USD,desktop,66,8249
PAY000007598,BKG000007598,554255,2013-03-27 09:41:35,bank_transfer,success,NONE,470.37,USD,desktop,66,8254
PAY000007599,BKG000007599,66991,2014-12-04 09:52:24,credit_card,failed,INSUFFICIENT_FUNDS,637.48,USD,desktop,66,8272
PAY000007600,BKG000007600,752377,2014-04-15 14:07:58,debit_card,success,NONE,390.2,USD,desktop,66,8250
PAY000007601,BKG000007601,118376,2014-09-30 11:09:22,credit_card,success,NONE,285.94,USD,desktop,205,8806
PAY000007602,BKG000007602,799133,2014-08-10 19:15:57,credit_card,success,NONE,110.3,EUR,desktop,1,33390
PAY000007603,BKG000007603,594969,2013-02-16 15:19:28,apple_pay,success,NONE,1099.17,USD,desktop,218,14127
PAY000007604,BKG000007604,370267,2014-02-19 22:38:32,debit_card,success,NONE,356.48,USD,mobile,66,11951
PAY000007605,BKG000007605,526454,2013-11-03 17:06:21,credit_card,success,NONE,532.93,USD,desktop,205,9735
PAY000007606,BKG000007606,239468,2014-06-15 20:58:41,credit_card,success,NONE,236.66,USD,desktop,25,12225
PAY000007607,BKG000007607,1171832,2014-02-07 19:14:03,bank_transfer,success,NONE,474.13,USD,desktop,66,8254
PAY000007608,BKG000007608,876785,2014-08-03 19:43:59,credit_card,success,NONE,270.47,USD,desktop,66,17833
PAY000007609,BKG000007609,522982,2013-11-10 01:14:21,debit_card,success,NONE,114.04,USD,desktop,66,24123
PAY000007610,BKG000007610,894707,2013-05-29 18:36:57,credit_card,success,NONE,104.77,USD,desktop,205,8854
PAY000007611,BKG000007611,218980,2014-02-18 07:41:36,credit_card,success,NONE,757.58,USD,desktop,66,26565
PAY000007612,BKG000007612,606154,2014-07-17 10:48:48,credit_card,success,NONE,250.94,USD,desktop,66,26663
PAY000007613,BKG000007613,297134,2014-11-12 13:14:34,debit_card,success,NONE,130.0,USD,desktop,66,8235
PAY000007614,BKG000007614,1131047,2014-10-28 05:02:16,credit_card,success,NONE,293.93,USD,desktop,198,12873
PAY000007615,BKG000007615,1068392,2014-11-20 15:11:24,apple_pay,failed,3DS_FAILED,131.63,USD,desktop,1,669
PAY000007616,BKG000007616,344278,2013-03-30 01:13:47,credit_card,failed,3DS_FAILED,1901.79,USD,desktop,69,8746
PAY000007617,BKG000007617,922432,2014-06-19 00:02:47,credit_card,success,NONE,978.35,USD,desktop,69,9927
PAY000007618,BKG000007618,1125481,2013-07-18 09:59:32,paypal,success,NONE,601.29,USD,desktop,66,27475
PAY000007619,BKG000007619,244462,2014-08-29 05:01:08,paypal,success,NONE,633.99,USD,desktop,66,11854
PAY000007620,BKG000007620,746583,2014-09-15 03:18:17,debit_card,success,NONE,160.25,USD,desktop,46,22727
PAY000007621,BKG000007621,905219,2014-12-12 19:18:12,paypal,success,NONE,340.27,USD,desktop,66,22240
PAY000007622,BKG000007622,815752,2014-06-24 15:34:17,debit_card,success,NONE,236.22,USD,desktop,66,8267
PAY000007623,BKG000007623,1034532,2013-10-04 23:18:33,apple_pay,success,NONE,261.0,USD,desktop,66,8250
PAY000007624,BKG000007624,590764,2013-09-09 14:47:54,credit_card,success,NONE,498.41,USD,desktop,190,21547
PAY000007625,BKG000007625,626764,2013-07-30 05:37:04,apple_pay,success,NONE,158.03,USD,mobile,1,8785
PAY000007626,BKG000007626,270701,2013-07-26 10:42:38,apple_pay,success,NONE,220.44,USD,desktop,66,8267
PAY000007627,BKG000007627,524417,2013-07-31 12:11:21,credit_card,success,NONE,541.56,USD,desktop,66,17657
PAY000007628,BKG000007628,1082505,2014-07-09 23:58:15,apple_pay,success,NONE,583.43,USD,desktop,66,11629
PAY000007629,BKG000007629,281261,2014-06-30 20:28:21,credit_card,success,NONE,236.05,USD,desktop,66,23541
PAY000007630,BKG000007630,480907,2013-10-31 09:15:58,bank_transfer,success,NONE,400.08,USD,desktop,46,43719
PAY000007631,BKG000007631,595804,2013-05-19 19:14:32,credit_card,success,NONE,624.43,USD,mobile,66,8250
PAY000007632,BKG000007632,1007798,2014-06-25 19:59:46,debit_card,success,NONE,421.22,EUR,desktop,3,8741
PAY000007633,BKG000007633,640219,2014-05-19 09:11:46,apple_pay,success,NONE,893.45,USD,desktop,205,7258
PAY000007634,BKG000007634,996989,2013-03-13 19:49:47,credit_card,success,NONE,579.47,USD,desktop,66,8250
PAY000007635,BKG000007635,1039632,2014-10-27 10:25:42,paypal,success,NONE,170.78,USD,desktop,162,8225
PAY000007636,BKG000007636,1122465,2014-06-25 14:53:49,paypal,success,NONE,504.63,USD,desktop,66,8260
PAY000007637,BKG000007637,381138,2014-07-04 21:44:39,credit_card,success,NONE,746.21,USD,desktop,66,8267
PAY000007638,BKG000007638,621481,2013-10-16 13:49:32,credit_card,success,NONE,168.39,USD,desktop,1,8242
PAY000007639,BKG000007639,801749,2014-06-02 16:27:16,debit_card,success,NONE,341.07,USD,desktop,66,63048
PAY000007640,BKG000007640,315751,2014-05-22 10:15:49,debit_card,success,NONE,443.18,USD,desktop,66,792
PAY000007641,BKG000007641,493984,2014-12-13 13:46:05,debit_card,success,NONE,712.59,USD,desktop,1,33651
PAY000007642,BKG000007642,445365,2014-12-21 06:40:46,credit_card,failed,INSUFFICIENT_FUNDS,692.31,USD,desktop,231,13239
PAY000007643,BKG000007643,859433,2014-07-17 21:03:37,credit_card,success,NONE,797.44,USD,desktop,69,11643
PAY000007644,BKG000007644,598255,2013-08-21 17:15:49,apple_pay,success,NONE,1317.15,USD,desktop,69,46379
PAY000007645,BKG000007645,2284,2014-02-05 11:07:02,debit_card,success,NONE,240.09,USD,desktop,205,13605
PAY000007646,BKG000007646,1007755,2014-04-07 16:34:40,bank_transfer,success,NONE,900.86,USD,desktop,66,27273
PAY000007647,BKG000007647,759196,2013-07-24 13:26:38,credit_card,success,NONE,136.03,USD,desktop,66,8218
PAY000007648,BKG000007648,811961,2014-05-27 10:18:25,apple_pay,success,NONE,239.53,USD,desktop,66,12014
PAY000007649,BKG000007649,1176034,2013-02-06 20:39:54,apple_pay,success,NONE,248.25,EUR,desktop,3,12175
PAY000007650,BKG000007650,996945,2014-11-03 20:55:46,credit_card,success,NONE,638.22,USD,desktop,205,12602
PAY000007651,BKG000007651,948764,2014-11-10 12:18:45,credit_card,success,NONE,1394.79,USD,mobile,69,18492
PAY000007652,BKG000007652,1009381,2013-06-24 11:00:54,credit_card,success,NONE,178.51,USD,mobile,205,41548
PAY000007653,BKG000007653,1068629,2013-01-19 15:16:16,credit_card,success,NONE,1281.84,USD,mobile,66,7635
PAY000007654,BKG000007654,880574,2014-07-07 09:19:31,credit_card,success,NONE,722.7,USD,desktop,66,8276
PAY000007655,BKG000007655,612901,2013-10-31 13:45:26,apple_pay,success,NONE,211.69,USD,desktop,68,12757
PAY000007656,BKG000007656,246322,2013-01-09 06:26:41,paypal,success,NONE,490.63,USD,desktop,66,41773
PAY000007657,BKG000007657,428071,2014-04-25 19:01:35,apple_pay,success,NONE,147.53,USD,mobile,66,12189
PAY000007658,BKG000007658,814001,2014-10-22 15:25:11,credit_card,success,NONE,315.22,USD,desktop,66,8243
PAY000007659,BKG000007659,2956,2014-10-09 20:33:41,credit_card,success,NONE,132.38,USD,desktop,66,245
PAY000007660,BKG000007660,600988,2013-09-18 18:26:34,apple_pay,success,NONE,210.73,USD,desktop,66,24099
PAY000007661,BKG000007661,781180,2013-07-05 17:52:19,credit_card,success,NONE,207.81,USD,desktop,66,50882
PAY000007662,BKG000007662,660406,2014-07-15 11:39:48,debit_card,success,NONE,188.61,USD,desktop,66,8261
PAY000007663,BKG000007663,479583,2014-11-21 16:07:24,credit_card,success,NONE,426.48,USD,desktop,46,8253
PAY000007664,BKG000007664,82756,2014-06-03 03:05:36,apple_pay,success,NONE,282.53,USD,desktop,66,36255
PAY000007665,BKG000007665,451369,2013-10-07 12:30:20,credit_card,success,NONE,166.53,GBP,desktop,77,20261
PAY000007666,BKG000007666,1150481,2013-08-31 15:25:19,paypal,success,NONE,441.86,USD,desktop,66,8259
PAY000007667,BKG000007667,63753,2014-02-13 13:46:53,credit_card,success,NONE,793.86,USD,desktop,66,8791
PAY000007668,BKG000007668,234299,2014-04-16 15:38:27,credit_card,success,NONE,786.02,USD,desktop,69,59222
PAY000007669,BKG000007669,484962,2014-11-03 12:32:58,bank_transfer,success,NONE,415.79,USD,desktop,66,8231
PAY000007670,BKG000007670,256511,2013-06-06 16:46:17,apple_pay,success,NONE,565.14,USD,desktop,66,12602
PAY000007671,BKG000007671,1052415,2013-04-29 12:05:04,google_pay,success,NONE,198.12,USD,desktop,66,25746
PAY000007672,BKG000007672,937983,2014-12-20 18:23:45,credit_card,success,NONE,195.93,USD,desktop,205,26414
PAY000007673,BKG000007673,621326,2013-04-08 00:08:13,google_pay,success,NONE,188.95,GBP,desktop,77,20180
PAY000007674,BKG000007674,111557,2014-03-08 21:36:55,credit_card,success,NONE,253.24,USD,desktop,66,44201
PAY000007675,BKG000007675,349657,2014-12-24 12:02:51,credit_card,success,NONE,838.34,USD,desktop,218,22863
PAY000007676,BKG000007676,57365,2014-03-17 11:10:56,credit_card,success,NONE,163.6,USD,desktop,66,27272
PAY000007677,BKG000007677,29532,2014-07-01 00:42:34,debit_card,success,NONE,153.36,USD,desktop,66,41835
PAY000007678,BKG000007678,863257,2014-06-07 11:38:32,credit_card,failed,CARD_DECLINED,705.95,USD,desktop,80,11271
PAY000007679,BKG000007679,542642,2014-09-05 13:46:39,credit_card,success,NONE,99.64,USD,desktop,69,9524
PAY000007680,BKG000007680,613982,2014-07-02 10:56:39,paypal,success,NONE,407.84,USD,desktop,205,8252
PAY000007681,BKG000007681,372010,2014-05-23 00:20:27,bank_transfer,success,NONE,105.14,USD,desktop,66,12214
PAY000007682,BKG000007682,372010,2014-05-23 02:27:27,debit_card,success,NONE,146.74,USD,desktop,66,12214
PAY000007683,BKG000007683,779358,2014-12-16 02:59:56,debit_card,success,NONE,980.95,USD,desktop,52,8250
PAY000007684,BKG000007684,397912,2014-09-08 06:48:03,debit_card,success,NONE,145.75,USD,desktop,66,8743
PAY000007685,BKG000007685,1143094,2014-05-23 15:18:59,google_pay,success,NONE,180.51,USD,desktop,66,12206
PAY000007686,BKG000007686,560461,2014-05-11 10:52:36,credit_card,success,NONE,480.94,USD,desktop,66,8271
PAY000007687,BKG000007687,1162052,2014-12-20 23:15:45,google_pay,success,NONE,315.61,EUR,desktop,3,8818
PAY000007688,BKG000007688,746866,2013-09-01 08:55:27,credit_card,success,NONE,131.06,USD,desktop,205,12951
PAY000007689,BKG000007689,540509,2013-11-26 02:09:47,credit_card,success,NONE,125.09,USD,desktop,66,9145
PAY000007690,BKG000007690,778369,2014-01-08 19:53:04,credit_card,success,NONE,235.24,USD,desktop,215,8277
PAY000007691,BKG000007691,181993,2013-02-09 16:08:33,credit_card,failed,CARD_DECLINED,193.94,USD,desktop,66,30547
PAY000007692,BKG000007692,261435,2014-05-20 14:17:43,bank_transfer,success,NONE,222.95,USD,mobile,69,8291
PAY000007693,BKG000007693,846062,2013-02-01 15:34:37,credit_card,success,NONE,99.99,USD,mobile,205,8254
PAY000007694,BKG000007694,360720,2014-05-13 11:08:20,debit_card,success,NONE,1072.04,USD,desktop,66,11634
PAY000007695,BKG000007695,507932,2014-08-17 01:53:29,apple_pay,failed,CARD_DECLINED,205.46,USD,mobile,66,8230
PAY000007696,BKG000007696,1034821,2014-06-13 15:27:02,paypal,success,NONE,904.57,USD,desktop,205,8219
PAY000007697,BKG000007697,1043703,2014-08-07 19:26:01,apple_pay,success,NONE,610.39,USD,desktop,66,25126
PAY000007698,BKG000007698,401113,2014-05-23 13:58:23,paypal,success,NONE,166.27,USD,desktop,66,12691
PAY000007699,BKG000007699,1137578,2014-04-06 13:33:24,bank_transfer,success,NONE,500.43,USD,desktop,205,8253
PAY000007700,BKG000007700,381989,2014-11-22 10:12:26,bank_transfer,success,NONE,307.91,USD,desktop,66,27351
PAY000007701,BKG000007701,229057,2014-06-20 12:15:48,paypal,success,NONE,277.22,USD,desktop,205,8287
PAY000007702,BKG000007702,235983,2013-10-24 15:18:01,apple_pay,success,NONE,975.01,EUR,desktop,3,12206
PAY000007703,BKG000007703,92604,2014-11-26 17:14:22,google_pay,success,NONE,152.88,USD,desktop,46,8215
PAY000007704,BKG000007704,294761,2014-06-10 09:00:57,debit_card,success,NONE,159.3,USD,desktop,66,18811
PAY000007705,BKG000007705,910037,2014-05-06 18:34:01,credit_card,success,NONE,355.95,USD,desktop,66,506
PAY000007706,BKG000007706,73728,2014-10-05 18:27:09,paypal,success,NONE,427.58,USD,desktop,66,24847
PAY000007707,BKG000007707,325581,2013-03-09 20:47:55,credit_card,success,NONE,223.99,USD,desktop,66,8410
PAY000007708,BKG000007708,90830,2013-02-14 17:19:24,credit_card,success,NONE,287.23,USD,desktop,66,1121
PAY000007709,BKG000007709,527601,2014-08-04 19:51:17,apple_pay,success,NONE,432.65,USD,mobile,80,8156
PAY000007710,BKG000007710,527601,2014-08-04 20:37:17,credit_card,success,NONE,414.27,USD,mobile,80,8156
PAY000007711,BKG000007711,1151332,2014-08-28 07:51:50,paypal,success,NONE,382.29,USD,mobile,66,13441
PAY000007712,BKG000007712,572234,2013-04-27 12:52:16,apple_pay,success,NONE,638.73,USD,desktop,66,11353
PAY000007713,BKG000007713,621958,2014-08-18 21:50:25,credit_card,success,NONE,497.67,USD,desktop,66,11569
PAY000007714,BKG000007714,1130970,2013-04-27 11:34:05,google_pay,failed,3DS_FAILED,255.16,USD,desktop,66,51641
PAY000007715,BKG000007715,213546,2014-02-28 19:05:57,bank_transfer,success,NONE,176.93,USD,desktop,66,24846
PAY000007716,BKG000007716,1139579,2014-11-20 16:32:42,paypal,success,NONE,218.46,USD,mobile,66,6051
PAY000007717,BKG000007717,973135,2013-05-27 19:59:33,apple_pay,success,NONE,115.81,USD,desktop,205,11629
PAY000007718,BKG000007718,61470,2014-10-08 11:45:28,credit_card,success,NONE,419.12,EUR,desktop,3,20211
PAY000007719,BKG000007719,766176,2014-10-03 18:27:45,paypal,success,NONE,413.12,USD,desktop,66,8260
PAY000007720,BKG000007720,508248,2014-07-31 19:35:12,bank_transfer,success,NONE,1409.4,USD,desktop,133,8267
PAY000007721,BKG000007721,252091,2014-08-01 15:45:43,apple_pay,success,NONE,187.73,USD,desktop,69,8743
PAY000007722,BKG000007722,199758,2013-08-19 14:57:46,paypal,success,NONE,182.55,USD,desktop,66,12261
PAY000007723,BKG000007723,61547,2013-09-08 00:37:48,paypal,failed,3DS_FAILED,302.83,USD,desktop,66,12320
PAY000007724,BKG000007724,412882,2014-07-19 18:23:28,debit_card,success,NONE,640.98,USD,desktop,66,11373
PAY000007725,BKG000007725,930832,2014-09-03 19:58:15,credit_card,success,NONE,413.33,USD,desktop,66,8268
PAY000007726,BKG000007726,743062,2014-09-08 15:30:36,bank_transfer,success,NONE,237.82,USD,desktop,66,539
PAY000007727,BKG000007727,163857,2014-10-13 18:58:32,credit_card,success,NONE,198.17,EUR,desktop,167,12233
PAY000007728,BKG000007728,163857,2014-10-13 18:24:32,credit_card,success,NONE,225.52,EUR,desktop,167,12233
PAY000007729,BKG000007729,1122100,2014-07-15 12:53:07,credit_card,success,NONE,237.86,USD,desktop,66,12602
PAY000007730,BKG000007730,230793,2013-10-08 09:02:23,credit_card,success,NONE,163.62,USD,desktop,66,20327
PAY000007731,BKG000007731,29871,2013-05-06 07:50:34,paypal,success,NONE,448.93,USD,desktop,66,8900
PAY000007732,BKG000007732,1052971,2013-02-26 23:37:43,debit_card,success,NONE,244.76,USD,desktop,69,33518
PAY000007733,BKG000007733,1052971,2013-02-27 01:46:43,credit_card,success,NONE,215.89,USD,desktop,69,33518
PAY000007734,BKG000007734,534225,2014-01-17 05:19:14,debit_card,success,NONE,621.36,USD,mobile,29,8819
PAY000007735,BKG000007735,516534,2014-05-16 21:33:34,credit_card,failed,PAYMENT_PROVIDER_ERROR,184.06,USD,desktop,69,53920
PAY000007736,BKG000007736,865339,2013-09-04 23:06:07,credit_card,success,NONE,243.86,USD,desktop,205,23683
PAY000007737,BKG000007737,566119,2013-08-08 01:24:23,debit_card,success,NONE,355.48,USD,desktop,205,8250
PAY000007738,BKG000007738,1153934,2014-04-11 03:47:52,credit_card,success,NONE,602.33,EUR,desktop,3,8267
PAY000007739,BKG000007739,252488,2014-03-07 14:03:39,apple_pay,success,NONE,138.05,USD,desktop,66,22595
PAY000007740,BKG000007740,39713,2014-05-25 17:11:27,credit_card,success,NONE,355.9,USD,desktop,1,8213
PAY000007741,BKG000007741,72283,2014-01-13 19:10:36,google_pay,success,NONE,211.37,USD,desktop,66,27182
PAY000007742,BKG000007742,541826,2014-11-16 13:42:40,google_pay,success,NONE,1068.45,USD,desktop,32,468
PAY000007743,BKG000007743,951830,2014-12-04 17:00:53,debit_card,success,NONE,459.02,USD,desktop,46,33876
PAY000007744,BKG000007744,542868,2014-11-16 03:56:02,debit_card,success,NONE,255.78,EUR,desktop,3,12267
PAY000007745,BKG000007745,568853,2013-03-05 15:42:31,apple_pay,success,NONE,488.34,USD,desktop,66,25660
PAY000007746,BKG000007746,867607,2014-09-22 23:04:34,apple_pay,success,NONE,234.28,USD,desktop,231,8806
PAY000007747,BKG000007747,604190,2014-08-07 13:53:51,apple_pay,success,NONE,396.5,USD,desktop,66,52074
PAY000007748,BKG000007748,1050283,2013-03-15 17:42:59,credit_card,success,NONE,108.81,USD,desktop,66,33218
PAY000007749,BKG000007749,1193079,2013-07-28 20:56:23,paypal,success,NONE,643.02,EUR,desktop,3,669
PAY000007750,BKG000007750,320864,2014-08-08 01:23:09,credit_card,success,NONE,177.95,EUR,desktop,3,8803
PAY000007751,BKG000007751,113979,2014-03-20 11:56:53,debit_card,success,NONE,153.06,USD,desktop,205,26227
PAY000007752,BKG000007752,394009,2014-10-01 15:42:25,bank_transfer,success,NONE,166.0,USD,desktop,66,42052
PAY000007753,BKG000007753,142830,2014-09-17 22:58:11,bank_transfer,success,NONE,280.14,USD,desktop,66,12228
PAY000007754,BKG000007754,441853,2014-08-13 21:55:14,paypal,success,NONE,139.91,USD,desktop,66,12453
PAY000007755,BKG000007755,564825,2013-06-25 01:11:52,google_pay,success,NONE,786.4,USD,desktop,62,243
PAY000007756,BKG000007756,640345,2014-10-19 14:21:43,paypal,success,NONE,186.52,USD,desktop,69,12057
PAY000007757,BKG000007757,622371,2014-01-01 21:43:14,bank_transfer,success,NONE,392.19,USD,desktop,66,8267
PAY000007758,BKG000007758,1010042,2014-02-24 13:23:47,credit_card,success,NONE,210.08,USD,desktop,66,27351
PAY000007759,BKG000007759,1043702,2013-02-22 16:34:41,credit_card,success,NONE,209.54,USD,desktop,46,12906
PAY000007760,BKG000007760,316585,2014-01-23 11:14:23,apple_pay,success,NONE,256.13,USD,desktop,93,12356
PAY000007761,BKG000007761,565660,2013-12-30 20:40:52,credit_card,success,NONE,194.27,USD,desktop,205,8287
PAY000007762,BKG000007762,12799,2013-07-22 17:07:56,paypal,success,NONE,112.82,USD,mobile,205,30979
PAY000007763,BKG000007763,900794,2014-07-22 14:13:09,paypal,success,NONE,187.32,USD,mobile,179,22391
PAY000007764,BKG000007764,356378,2013-03-28 16:04:27,credit_card,success,NONE,147.48,USD,desktop,32,24480
PAY000007765,BKG000007765,617790,2014-06-07 11:15:55,bank_transfer,success,NONE,203.37,USD,desktop,66,26779
PAY000007766,BKG000007766,281199,2014-08-08 17:20:53,bank_transfer,success,NONE,855.98,USD,desktop,215,8259
PAY000007767,BKG000007767,1064425,2014-06-25 12:40:25,debit_card,success,NONE,856.74,USD,desktop,66,11827
PAY000007768,BKG000007768,1029214,2014-12-03 13:06:25,google_pay,success,NONE,319.22,USD,desktop,1,24078
PAY000007769,BKG000007769,707887,2013-05-20 03:51:57,paypal,success,NONE,518.21,EUR,desktop,3,21311
PAY000007770,BKG000007770,186567,2014-10-13 00:26:28,credit_card,success,NONE,95.01,GBP,desktop,77,12209
PAY000007771,BKG000007771,766303,2014-10-30 20:41:21,debit_card,success,NONE,271.6,USD,desktop,66,12836
PAY000007772,BKG000007772,281228,2014-06-24 23:29:43,google_pay,success,NONE,172.34,USD,desktop,66,27858
PAY000007773,BKG000007773,1132128,2013-05-19 15:50:28,bank_transfer,success,NONE,551.38,USD,mobile,66,13512
PAY000007774,BKG000007774,679174,2014-09-18 06:45:50,google_pay,success,NONE,278.72,USD,desktop,48,8290
PAY000007775,BKG000007775,133071,2014-10-19 16:23:16,credit_card,success,NONE,1191.09,USD,desktop,205,8272
PAY000007776,BKG000007776,726257,2014-10-25 16:41:02,paypal,success,NONE,420.6,USD,desktop,215,8745
PAY000007777,BKG000007777,850208,2014-12-30 20:37:46,credit_card,success,NONE,727.48,USD,desktop,1,21
PAY000007778,BKG000007778,1161767,2013-12-12 22:26:43,credit_card,success,NONE,590.86,USD,desktop,66,8255
PAY000007779,BKG000007779,1118312,2014-06-03 12:48:36,credit_card,success,NONE,246.34,USD,desktop,66,8218
PAY000007780,BKG000007780,474566,2013-10-24 03:51:46,debit_card,success,NONE,421.14,USD,mobile,179,21304
PAY000007781,BKG000007781,1175795,2014-11-01 19:04:13,apple_pay,success,NONE,292.57,EUR,desktop,3,8282
PAY000007782,BKG000007782,542919,2013-09-06 14:34:41,google_pay,success,NONE,202.23,USD,desktop,55,10050
PAY000007783,BKG000007783,542919,2013-09-06 16:20:41,credit_card,success,NONE,187.9,USD,desktop,55,10050
PAY000007784,BKG000007784,422421,2014-10-25 14:42:22,debit_card,success,NONE,207.45,USD,mobile,66,35518
PAY000007785,BKG000007785,76723,2013-07-18 16:21:33,credit_card,success,NONE,437.64,USD,desktop,66,42604
PAY000007786,BKG000007786,535689,2014-04-07 16:51:03,debit_card,success,NONE,346.67,USD,desktop,69,17580
PAY000007787,BKG000007787,143953,2014-08-30 11:27:32,credit_card,success,NONE,1568.69,USD,desktop,66,8267
PAY000007788,BKG000007788,743231,2013-08-27 15:01:18,google_pay,success,NONE,2178.52,USD,desktop,71,8267
PAY000007789,BKG000007789,882668,2013-12-28 20:22:51,paypal,success,NONE,635.36,USD,desktop,215,988
PAY000007790,BKG000007790,981384,2014-09-01 12:52:02,credit_card,success,NONE,138.43,GBP,desktop,195,22258
PAY000007791,BKG000007791,653068,2014-06-29 00:52:38,apple_pay,success,NONE,246.66,USD,desktop,46,8739
PAY000007792,BKG000007792,193744,2014-06-05 06:32:32,credit_card,success,NONE,1747.29,USD,desktop,93,8267
PAY000007793,BKG000007793,1197677,2013-08-10 14:32:49,credit_card,success,NONE,281.52,EUR,desktop,3,5681
PAY000007794,BKG000007794,1197677,2013-08-10 16:23:49,credit_card,success,NONE,181.56,EUR,desktop,3,5681
PAY000007795,BKG000007795,751015,2013-01-31 22:13:09,bank_transfer,success,NONE,132.54,USD,mobile,66,9145
PAY000007796,BKG000007796,367354,2013-03-25 17:10:52,credit_card,success,NONE,192.46,USD,desktop,66,8278
PAY000007797,BKG000007797,11542,2013-08-16 08:52:49,debit_card,success,NONE,548.43,EUR,desktop,3,8250
PAY000007798,BKG000007798,436737,2014-10-08 20:02:01,bank_transfer,success,NONE,353.29,USD,desktop,66,27504
PAY000007799,BKG000007799,582330,2014-03-05 23:18:42,bank_transfer,success,NONE,1899.35,USD,mobile,66,8277
PAY000007800,BKG000007800,711962,2013-12-20 11:35:08,debit_card,success,NONE,355.21,USD,desktop,66,11271
PAY000007801,BKG000007801,443443,2013-03-23 09:58:32,credit_card,success,NONE,454.16,USD,desktop,66,8250
PAY000007802,BKG000007802,773459,2013-05-13 19:26:14,credit_card,success,NONE,231.41,USD,desktop,69,8808
PAY000007803,BKG000007803,523929,2014-03-23 15:00:38,paypal,success,NONE,130.53,USD,desktop,66,8855
PAY000007804,BKG000007804,57261,2014-04-28 17:36:53,paypal,success,NONE,429.45,USD,desktop,66,8250
PAY000007805,BKG000007805,547724,2014-01-31 13:28:25,credit_card,success,NONE,473.04,USD,desktop,66,12410
PAY000007806,BKG000007806,901745,2014-08-09 06:38:45,paypal,success,NONE,294.57,USD,mobile,66,26034
PAY000007807,BKG000007807,548930,2014-11-28 00:58:51,bank_transfer,success,NONE,233.9,USD,desktop,66,45626
PAY000007808,BKG000007808,844907,2014-08-09 13:11:14,google_pay,success,NONE,520.7,EUR,mobile,3,56100
PAY000007809,BKG000007809,43645,2014-12-01 12:55:00,debit_card,failed,CARD_DECLINED,495.49,USD,desktop,66,8857
PAY000007810,BKG000007810,88532,2014-10-26 19:44:18,bank_transfer,success,NONE,213.9,USD,mobile,66,8273
PAY000007811,BKG000007811,246243,2014-03-19 22:31:36,credit_card,success,NONE,1034.06,USD,desktop,1,8267
PAY000007812,BKG000007812,563625,2013-05-29 11:07:19,credit_card,success,NONE,377.6,USD,mobile,66,11569
PAY000007813,BKG000007813,579733,2013-10-07 11:06:00,debit_card,success,NONE,82.0,USD,desktop,66,8291
PAY000007814,BKG000007814,1030761,2013-11-24 13:41:56,apple_pay,success,NONE,258.69,USD,mobile,66,26881
PAY000007815,BKG000007815,22390,2014-11-17 19:19:26,google_pay,success,NONE,176.72,USD,desktop,46,8785
PAY000007816,BKG000007816,513338,2014-12-09 05:13:00,debit_card,success,NONE,236.26,USD,desktop,66,7635
PAY000007817,BKG000007817,606102,2014-01-04 11:32:28,paypal,success,NONE,102.43,USD,desktop,63,8745
PAY000007818,BKG000007818,893523,2014-08-01 16:31:23,credit_card,success,NONE,384.47,USD,desktop,66,15093
PAY000007819,BKG000007819,893523,2014-08-01 17:41:23,credit_card,success,NONE,499.72,USD,desktop,66,15093
PAY000007820,BKG000007820,322899,2014-05-14 16:02:21,bank_transfer,success,NONE,1534.63,USD,desktop,69,12545
PAY000007821,BKG000007821,254363,2014-09-15 16:43:19,paypal,success,NONE,248.48,USD,desktop,46,11609
PAY000007822,BKG000007822,10679,2014-10-08 09:03:39,credit_card,success,NONE,99.41,USD,desktop,205,12526
PAY000007823,BKG000007823,872599,2014-05-07 14:13:03,apple_pay,success,NONE,1268.71,USD,desktop,69,22982
PAY000007824,BKG000007824,813148,2014-09-07 21:11:34,paypal,success,NONE,168.4,EUR,desktop,119,8822
PAY000007825,BKG000007825,892682,2014-10-02 21:05:42,credit_card,failed,INSUFFICIENT_FUNDS,208.62,USD,desktop,66,44201
PAY000007826,BKG000007826,784376,2013-02-03 16:31:43,credit_card,success,NONE,1667.84,USD,desktop,69,8252
PAY000007827,BKG000007827,35351,2014-10-28 13:03:22,credit_card,success,NONE,232.06,USD,desktop,69,12631
PAY000007828,BKG000007828,22702,2014-08-12 17:31:21,debit_card,success,NONE,448.15,USD,desktop,66,12014
PAY000007829,BKG000007829,807285,2013-05-22 06:50:30,bank_transfer,success,NONE,143.88,USD,desktop,63,22624
PAY000007830,BKG000007830,933860,2014-10-30 14:05:04,credit_card,success,NONE,241.94,USD,desktop,205,25978
PAY000007831,BKG000007831,51719,2014-03-07 14:04:10,credit_card,success,NONE,163.29,USD,desktop,66,11975
PAY000007832,BKG000007832,1096737,2014-08-07 09:10:24,credit_card,success,NONE,131.71,USD,desktop,66,12006
PAY000007833,BKG000007833,1096737,2014-08-07 07:10:24,credit_card,success,NONE,162.62,USD,desktop,66,12006
PAY000007834,BKG000007834,33100,2013-03-04 13:13:29,paypal,success,NONE,546.85,USD,desktop,66,11812
PAY000007835,BKG000007835,1071994,2013-10-10 10:39:56,apple_pay,success,NONE,1207.21,USD,desktop,66,25379
PAY000007836,BKG000007836,421541,2014-05-22 00:26:52,debit_card,success,NONE,116.56,USD,desktop,66,23693
PAY000007837,BKG000007837,976616,2014-12-18 11:27:52,debit_card,failed,AUTH_TIMEOUT,161.0,USD,desktop,66,11334
PAY000007838,BKG000007838,806446,2014-01-20 05:45:06,paypal,success,NONE,232.89,USD,desktop,29,468
PAY000007839,BKG000007839,1007318,2014-07-28 20:11:01,credit_card,failed,PAYMENT_PROVIDER_ERROR,195.83,USD,desktop,66,12233
PAY000007840,BKG000007840,44678,2014-09-09 10:00:50,paypal,success,NONE,668.93,USD,desktop,205,8230
PAY000007841,BKG000007841,588361,2014-04-15 23:01:08,google_pay,success,NONE,493.11,USD,desktop,66,8265
PAY000007842,BKG000007842,108994,2014-07-19 07:13:58,google_pay,success,NONE,252.98,USD,desktop,66,12008
PAY000007843,BKG000007843,1174717,2013-01-15 18:28:50,paypal,success,NONE,227.33,EUR,desktop,3,8819
PAY000007844,BKG000007844,869644,2014-10-13 17:18:06,bank_transfer,success,NONE,208.29,USD,desktop,69,53581
PAY000007845,BKG000007845,342207,2014-11-17 18:38:11,credit_card,success,NONE,319.5,USD,desktop,69,25036
PAY000007846,BKG000007846,754708,2014-01-02 17:38:39,debit_card,success,NONE,390.89,USD,desktop,66,20994
PAY000007847,BKG000007847,781809,2014-03-22 16:57:59,paypal,success,NONE,1180.74,USD,desktop,205,12813
PAY000007848,BKG000007848,1127727,2014-09-15 21:48:02,credit_card,success,NONE,208.24,USD,desktop,66,8254
PAY000007849,BKG000007849,633157,2014-06-09 22:15:56,credit_card,success,NONE,276.83,USD,desktop,66,8216
PAY000007850,BKG000007850,1107140,2014-08-18 22:24:35,credit_card,success,NONE,297.17,USD,desktop,66,44976
PAY000007851,BKG000007851,428482,2013-08-21 22:14:22,apple_pay,success,NONE,105.78,USD,desktop,66,18790
PAY000007852,BKG000007852,269417,2014-07-24 21:31:56,paypal,success,NONE,178.2,USD,desktop,66,12017
PAY000007853,BKG000007853,581950,2014-06-26 09:16:29,credit_card,success,NONE,392.86,USD,desktop,66,42630
PAY000007854,BKG000007854,732026,2013-11-01 00:08:30,google_pay,success,NONE,220.23,USD,desktop,66,12572
PAY000007855,BKG000007855,2334,2014-07-24 12:50:27,paypal,success,NONE,197.17,EUR,desktop,3,26101
PAY000007856,BKG000007856,225525,2014-06-02 09:59:03,credit_card,success,NONE,517.67,USD,desktop,66,776
PAY000007857,BKG000007857,605081,2014-05-22 21:16:13,credit_card,success,NONE,302.22,USD,mobile,66,669
PAY000007858,BKG000007858,301489,2014-06-19 20:56:50,debit_card,success,NONE,198.27,USD,desktop,66,8277
PAY000007859,BKG000007859,440209,2013-01-07 11:23:14,debit_card,success,NONE,187.09,USD,desktop,66,4206
PAY000007860,BKG000007860,1167785,2013-02-18 17:40:24,debit_card,success,NONE,1186.63,GBP,desktop,77,22532
PAY000007861,BKG000007861,520025,2014-10-07 19:55:22,apple_pay,success,NONE,200.52,USD,desktop,66,33920
PAY000007862,BKG000007862,796230,2013-03-19 23:39:03,bank_transfer,failed,AUTH_TIMEOUT,174.31,USD,mobile,69,2213
PAY000007863,BKG000007863,1000147,2013-03-10 22:30:38,paypal,success,NONE,1066.95,GBP,desktop,77,40808
PAY000007864,BKG000007864,107409,2013-01-07 22:32:44,debit_card,success,NONE,238.1,USD,desktop,66,10901
PAY000007865,BKG000007865,296328,2013-05-07 10:27:24,credit_card,success,NONE,562.43,USD,mobile,66,55715
PAY000007866,BKG000007866,1027595,2013-03-11 12:32:29,debit_card,success,NONE,464.99,USD,desktop,66,11439
PAY000007867,BKG000007867,304221,2014-07-09 15:53:16,paypal,success,NONE,3322.64,USD,desktop,1,21615
PAY000007868,BKG000007868,80182,2014-09-05 14:49:19,apple_pay,success,NONE,218.92,USD,desktop,66,42373
PAY000007869,BKG000007869,1031332,2014-04-09 02:07:55,debit_card,success,NONE,193.29,USD,desktop,69,8250
PAY000007870,BKG000007870,337481,2014-10-24 05:01:19,credit_card,success,NONE,365.66,USD,desktop,66,8233
PAY000007871,BKG000007871,711147,2014-07-03 20:58:59,debit_card,success,NONE,459.54,USD,desktop,66,8845
PAY000007872,BKG000007872,1192312,2013-08-01 11:04:50,apple_pay,success,NONE,370.03,USD,desktop,66,8240
PAY000007873,BKG000007873,842332,2014-07-04 17:46:25,debit_card,success,NONE,287.27,USD,desktop,69,8862
PAY000007874,BKG000007874,750588,2014-03-13 11:32:02,bank_transfer,success,NONE,380.72,USD,desktop,66,16948
PAY000007875,BKG000007875,689155,2014-09-30 23:07:33,credit_card,success,NONE,688.24,USD,desktop,66,8291
PAY000007876,BKG000007876,1018120,2014-12-20 13:34:15,apple_pay,success,NONE,157.62,USD,desktop,205,26232
PAY000007877,BKG000007877,649657,2014-10-01 15:37:56,bank_transfer,success,NONE,153.34,USD,desktop,66,41539
PAY000007878,BKG000007878,1196713,2013-10-11 12:37:02,bank_transfer,success,NONE,548.11,EUR,desktop,3,41154
PAY000007879,BKG000007879,864897,2014-11-23 14:11:13,credit_card,success,NONE,888.7,USD,desktop,66,9600
PAY000007880,BKG000007880,781211,2014-11-18 20:12:56,credit_card,success,NONE,388.08,USD,desktop,66,45327
PAY000007881,BKG000007881,577644,2014-06-21 08:34:32,credit_card,success,NONE,352.68,USD,mobile,66,26994
PAY000007882,BKG000007882,795624,2014-10-21 22:19:05,google_pay,failed,INSUFFICIENT_FUNDS,1048.96,USD,desktop,47,21141
PAY000007883,BKG000007883,680125,2013-11-15 07:56:59,bank_transfer,success,NONE,530.38,USD,desktop,205,8238
PAY000007884,BKG000007884,432917,2014-04-18 14:39:42,debit_card,success,NONE,291.54,USD,desktop,205,8288
PAY000007885,BKG000007885,383115,2014-12-22 11:45:35,credit_card,success,NONE,295.85,USD,desktop,66,12201
PAY000007886,BKG000007886,375257,2014-11-24 21:16:46,paypal,success,NONE,687.92,USD,desktop,66,23357
PAY000007887,BKG000007887,927407,2014-12-08 14:24:13,paypal,success,NONE,831.71,USD,desktop,143,3059
PAY000007888,BKG000007888,797434,2014-07-30 00:22:51,debit_card,success,NONE,1074.44,USD,desktop,66,24602
PAY000007889,BKG000007889,552945,2014-08-28 14:57:37,credit_card,success,NONE,285.38,EUR,mobile,66,61702
PAY000007890,BKG000007890,393549,2014-12-01 13:21:48,credit_card,success,NONE,445.04,USD,desktop,66,24691
PAY000007891,BKG000007891,415609,2013-08-30 15:47:36,debit_card,success,NONE,1293.39,USD,desktop,66,12269
PAY000007892,BKG000007892,587773,2013-01-30 22:23:42,apple_pay,success,NONE,112.38,USD,desktop,66,28616
PAY000007893,BKG000007893,757304,2014-06-06 00:06:32,debit_card,success,NONE,477.67,USD,desktop,80,21180
PAY000007894,BKG000007894,629725,2013-03-09 08:20:35,debit_card,failed,INSUFFICIENT_FUNDS,336.21,USD,desktop,66,12356
PAY000007895,BKG000007895,290699,2013-09-10 16:12:33,google_pay,success,NONE,134.14,USD,mobile,19,11439
PAY000007896,BKG000007896,404322,2013-09-03 08:17:16,debit_card,success,NONE,457.91,USD,desktop,91,8746
PAY000007897,BKG000007897,616277,2013-03-19 13:14:31,credit_card,success,NONE,191.63,USD,desktop,66,11984
PAY000007898,BKG000007898,966924,2014-08-02 20:19:06,credit_card,success,NONE,302.02,USD,desktop,1,64654
PAY000007899,BKG000007899,655432,2013-08-07 22:17:19,credit_card,success,NONE,346.57,USD,desktop,66,12466
PAY000007900,BKG000007900,1076126,2013-10-10 23:25:47,debit_card,success,NONE,342.35,USD,desktop,119,8822
PAY000007901,BKG000007901,1188127,2014-02-03 13:00:16,credit_card,success,NONE,273.01,EUR,desktop,3,8220
PAY000007902,BKG000007902,129533,2014-06-05 20:10:19,debit_card,success,NONE,450.15,USD,desktop,109,11353
PAY000007903,BKG000007903,766741,2014-11-21 17:11:04,debit_card,success,NONE,375.61,USD,desktop,66,13010
PAY000007904,BKG000007904,305212,2013-05-26 18:22:04,credit_card,success,NONE,504.52,USD,desktop,182,4621
PAY000007905,BKG000007905,1197142,2014-11-07 03:31:19,debit_card,success,NONE,122.51,EUR,desktop,3,8741
PAY000007906,BKG000007906,188412,2014-07-15 23:03:37,credit_card,success,NONE,230.8,USD,desktop,182,23264
PAY000007907,BKG000007907,38024,2014-09-02 06:57:06,credit_card,success,NONE,428.55,USD,desktop,23,8242
PAY000007908,BKG000007908,387694,2013-07-31 20:59:20,paypal,success,NONE,792.72,USD,desktop,66,14907
PAY000007909,BKG000007909,513809,2014-03-01 16:52:40,google_pay,failed,CARD_DECLINED,121.41,USD,desktop,66,8828
PAY000007910,BKG000007910,65021,2014-10-04 07:39:52,paypal,success,NONE,728.97,USD,desktop,205,8284
PAY000007911,BKG000007911,568799,2013-12-02 14:44:38,google_pay,success,NONE,101.74,USD,desktop,205,8291
PAY000007912,BKG000007912,64185,2014-08-07 18:50:39,credit_card,success,NONE,483.63,EUR,desktop,3,8818
PAY000007913,BKG000007913,1044089,2014-07-08 16:00:10,credit_card,success,NONE,698.73,USD,mobile,71,8271
PAY000007914,BKG000007914,735140,2013-03-19 12:54:46,google_pay,success,NONE,714.29,USD,desktop,66,21019
PAY000007915,BKG000007915,715705,2013-11-30 15:19:29,bank_transfer,success,NONE,144.62,USD,desktop,188,12556
PAY000007916,BKG000007916,662643,2014-06-21 15:26:40,credit_card,success,NONE,191.53,USD,desktop,66,18055
PAY000007917,BKG000007917,507576,2013-12-03 23:43:55,credit_card,success,NONE,1184.97,USD,desktop,66,18569
PAY000007918,BKG000007918,581855,2014-09-11 22:22:09,bank_transfer,success,NONE,253.62,USD,desktop,205,8288
PAY000007919,BKG000007919,332940,2014-08-01 13:52:59,debit_card,success,NONE,356.01,EUR,desktop,182,12952
PAY000007920,BKG000007920,1135203,2014-03-25 14:11:50,credit_card,success,NONE,624.45,USD,mobile,149,24358
PAY000007921,BKG000007921,723163,2014-04-08 09:12:45,bank_transfer,success,NONE,235.77,USD,desktop,85,32106
PAY000007922,BKG000007922,1101861,2014-11-30 16:27:58,paypal,success,NONE,153.8,USD,desktop,66,43
PAY000007923,BKG000007923,977599,2014-11-15 13:41:25,credit_card,success,NONE,107.08,USD,desktop,66,1521
PAY000007924,BKG000007924,309509,2013-09-17 21:54:44,credit_card,success,NONE,823.04,USD,desktop,154,8268
PAY000007925,BKG000007925,823429,2014-01-10 09:05:16,debit_card,success,NONE,812.9,USD,desktop,66,12227
PAY000007926,BKG000007926,860800,2014-07-12 20:15:08,credit_card,success,NONE,525.89,USD,mobile,66,8809
PAY000007927,BKG000007927,1144108,2014-03-30 15:13:05,credit_card,success,NONE,474.85,USD,desktop,69,8743
PAY000007928,BKG000007928,978275,2013-02-23 12:08:30,credit_card,success,NONE,586.33,USD,desktop,46,17834
PAY000007929,BKG000007929,545828,2014-11-26 15:45:23,apple_pay,success,NONE,1535.97,USD,desktop,130,8251
PAY000007930,BKG000007930,633511,2014-11-20 16:05:49,credit_card,success,NONE,202.05,USD,desktop,69,11355
PAY000007931,BKG000007931,121074,2013-05-06 12:42:16,debit_card,success,NONE,856.34,USD,desktop,205,12269
PAY000007932,BKG000007932,904751,2014-05-10 20:27:57,bank_transfer,failed,CARD_DECLINED,121.49,USD,desktop,66,25204
PAY000007933,BKG000007933,263164,2014-01-10 20:10:40,paypal,success,NONE,254.23,USD,desktop,205,40862
PAY000007934,BKG000007934,729450,2014-12-12 15:58:35,debit_card,success,NONE,113.9,EUR,desktop,3,8220
PAY000007935,BKG000007935,1054855,2014-07-15 22:41:21,debit_card,success,NONE,858.56,USD,desktop,141,17886
PAY000007936,BKG000007936,490993,2013-09-02 09:22:48,credit_card,success,NONE,346.04,USD,desktop,63,8808
PAY000007937,BKG000007937,1180400,2014-06-06 22:13:00,paypal,success,NONE,96.27,USD,desktop,66,12603
PAY000007938,BKG000007938,852295,2013-07-29 09:20:20,credit_card,success,NONE,363.29,USD,desktop,66,12291
PAY000007939,BKG000007939,300204,2013-06-03 03:24:39,debit_card,success,NONE,219.0,USD,desktop,66,12572
PAY000007940,BKG000007940,490752,2014-08-03 23:35:52,paypal,success,NONE,439.87,USD,desktop,205,669
PAY000007941,BKG000007941,1099491,2013-12-17 14:51:01,paypal,success,NONE,157.01,USD,desktop,66,12132
PAY000007942,BKG000007942,832757,2014-04-19 16:24:35,bank_transfer,success,NONE,900.94,USD,desktop,66,7635
PAY000007943,BKG000007943,1065759,2014-07-09 13:14:13,debit_card,success,NONE,261.44,USD,desktop,66,14875
PAY000007944,BKG000007944,1151511,2013-10-28 16:37:15,apple_pay,success,NONE,118.21,USD,desktop,205,12603
PAY000007945,BKG000007945,984639,2013-04-29 12:38:48,credit_card,success,NONE,180.26,USD,desktop,215,8280
PAY000007946,BKG000007946,937058,2014-08-15 11:57:48,credit_card,failed,AUTH_TIMEOUT,378.63,USD,desktop,66,8746
PAY000007947,BKG000007947,393261,2014-09-29 22:51:14,credit_card,success,NONE,220.52,USD,desktop,66,8257
PAY000007948,BKG000007948,1013033,2014-11-17 20:49:26,bank_transfer,success,NONE,1210.74,USD,desktop,202,19197
PAY000007949,BKG000007949,70790,2013-10-03 07:13:44,debit_card,success,NONE,280.2,USD,desktop,66,983
PAY000007950,BKG000007950,1032730,2014-12-12 08:04:07,apple_pay,success,NONE,237.13,USD,desktop,66,12004
PAY000007951,BKG000007951,1158444,2014-02-06 18:07:26,google_pay,success,NONE,177.31,USD,desktop,66,11569
PAY000007952,BKG000007952,1158444,2014-02-06 16:44:26,paypal,success,NONE,127.78,USD,desktop,66,11569
PAY000007953,BKG000007953,90344,2013-04-28 11:39:26,google_pay,success,NONE,247.51,USD,desktop,66,12320
PAY000007954,BKG000007954,330463,2014-12-15 23:32:26,debit_card,success,NONE,189.22,USD,desktop,66,12273
PAY000007955,BKG000007955,1165389,2014-11-14 00:36:07,credit_card,success,NONE,514.71,USD,desktop,66,8834
PAY000007956,BKG000007956,423897,2014-09-28 12:50:53,debit_card,success,NONE,309.18,USD,desktop,25,8220
PAY000007957,BKG000007957,374405,2014-05-06 13:19:09,credit_card,success,NONE,112.1,USD,desktop,66,8254
PAY000007958,BKG000007958,713602,2014-10-28 14:54:50,google_pay,success,NONE,239.74,USD,desktop,66,22260
PAY000007959,BKG000007959,687704,2013-10-24 16:11:48,bank_transfer,success,NONE,924.2,USD,desktop,66,8855
PAY000007960,BKG000007960,708191,2014-11-17 22:08:53,debit_card,failed,INSUFFICIENT_FUNDS,413.43,USD,desktop,55,18783
PAY000007961,BKG000007961,166571,2014-04-14 12:40:02,paypal,success,NONE,209.6,USD,desktop,66,27254
PAY000007962,BKG000007962,828329,2013-10-21 04:45:26,apple_pay,success,NONE,1270.25,USD,desktop,148,12193
PAY000007963,BKG000007963,431396,2014-06-04 09:07:19,debit_card,success,NONE,190.4,USD,desktop,66,8250
PAY000007964,BKG000007964,358636,2014-12-26 15:00:34,bank_transfer,success,NONE,454.87,USD,desktop,205,16853
PAY000007965,BKG000007965,207500,2014-12-04 13:53:34,debit_card,success,NONE,490.39,USD,desktop,66,8267
PAY000007966,BKG000007966,735526,2014-02-22 06:14:54,bank_transfer,success,NONE,646.78,USD,desktop,28,8245
PAY000007967,BKG000007967,232369,2014-11-11 05:48:43,paypal,failed,PAYMENT_PROVIDER_ERROR,481.63,USD,desktop,66,8267
PAY000007968,BKG000007968,97512,2013-10-08 00:56:16,credit_card,success,NONE,773.59,USD,mobile,66,669
PAY000007969,BKG000007969,556430,2014-11-12 20:44:42,credit_card,success,NONE,244.85,USD,desktop,66,41877
PAY000007970,BKG000007970,1013746,2014-11-08 18:23:09,paypal,success,NONE,221.77,USD,desktop,66,12267
PAY000007971,BKG000007971,264537,2014-08-31 08:14:19,debit_card,success,NONE,199.32,USD,desktop,66,43572
PAY000007972,BKG000007972,264537,2014-08-31 08:13:19,credit_card,success,NONE,235.95,USD,desktop,66,43572
PAY000007973,BKG000007973,720433,2014-07-20 22:19:43,credit_card,success,NONE,77.65,EUR,desktop,3,22799
PAY000007974,BKG000007974,884304,2014-10-06 22:21:41,google_pay,failed,CARD_DECLINED,382.85,USD,desktop,66,12194
PAY000007975,BKG000007975,443729,2014-01-14 11:36:40,apple_pay,success,NONE,202.66,USD,desktop,182,23475
PAY000007976,BKG000007976,553981,2013-04-02 00:15:54,apple_pay,failed,CARD_DECLINED,200.91,USD,mobile,205,12270
PAY000007977,BKG000007977,359516,2013-07-04 03:37:24,credit_card,success,NONE,143.33,USD,mobile,133,8255
PAY000007978,BKG000007978,585353,2014-03-24 16:58:29,credit_card,success,NONE,347.75,USD,desktop,66,11373
PAY000007979,BKG000007979,52285,2013-05-29 00:41:56,google_pay,success,NONE,1194.11,USD,desktop,46,8267
PAY000007980,BKG000007980,1141539,2013-04-28 23:33:34,debit_card,success,NONE,267.22,USD,mobile,66,23690
PAY000007981,BKG000007981,419203,2013-07-27 16:33:39,debit_card,success,NONE,282.9,USD,desktop,66,4055
PAY000007982,BKG000007982,1015824,2014-09-24 21:57:01,credit_card,success,NONE,523.88,USD,desktop,205,8351
PAY000007983,BKG000007983,160303,2013-07-26 19:08:15,credit_card,success,NONE,559.21,USD,mobile,205,8250
PAY000007984,BKG000007984,582156,2014-08-15 10:57:58,credit_card,success,NONE,208.18,USD,mobile,66,12905
PAY000007985,BKG000007985,572403,2013-06-25 12:19:10,apple_pay,failed,3DS_FAILED,208.34,USD,desktop,66,12489
PAY000007986,BKG000007986,641584,2013-05-01 13:54:52,apple_pay,success,NONE,397.61,USD,desktop,66,26022
PAY000007987,BKG000007987,637861,2014-11-04 14:01:58,google_pay,failed,INSUFFICIENT_FUNDS,115.91,USD,desktop,66,8859
PAY000007988,BKG000007988,783065,2014-07-30 10:09:30,credit_card,success,NONE,255.13,USD,desktop,141,8223
PAY000007989,BKG000007989,252481,2013-12-02 16:59:21,apple_pay,failed,INSUFFICIENT_FUNDS,610.21,USD,desktop,66,148
PAY000007990,BKG000007990,1033544,2014-08-15 14:42:36,google_pay,success,NONE,272.91,USD,desktop,205,21787
PAY000007991,BKG000007991,230334,2014-03-31 17:21:07,paypal,failed,AUTH_TIMEOUT,214.13,GBP,desktop,77,8745
PAY000007992,BKG000007992,21415,2014-12-02 03:30:45,credit_card,success,NONE,306.85,EUR,desktop,0,18569
PAY000007993,BKG000007993,871834,2014-07-31 18:02:24,debit_card,success,NONE,206.61,USD,desktop,66,484
PAY000007994,BKG000007994,1171104,2014-01-20 13:42:36,debit_card,success,NONE,198.47,USD,desktop,215,8791
PAY000007995,BKG000007995,1056454,2014-11-24 23:22:41,bank_transfer,success,NONE,242.88,USD,desktop,66,12272
PAY000007996,BKG000007996,596152,2014-08-25 10:59:41,apple_pay,success,NONE,626.67,USD,desktop,198,23716
PAY000007997,BKG000007997,1042898,2013-06-22 13:07:39,debit_card,success,NONE,892.06,USD,mobile,66,8746
PAY000007998,BKG000007998,498937,2014-08-06 06:25:13,credit_card,success,NONE,196.8,USD,desktop,66,8230
PAY000007999,BKG000007999,188682,2013-11-21 00:17:37,google_pay,success,NONE,369.34,USD,desktop,28,12246
PAY000008000,BKG000008000,213452,2013-08-09 15:05:00,credit_card,success,NONE,453.96,USD,desktop,66,11850
PAY000008001,BKG000008001,1138503,2013-05-26 15:22:22,credit_card,success,NONE,548.81,USD,desktop,66,24278
PAY000008002,BKG000008002,1161059,2014-01-17 01:48:32,bank_transfer,success,NONE,259.44,EUR,desktop,3,8741
PAY000008003,BKG000008003,894676,2014-09-04 18:10:44,debit_card,success,NONE,212.81,USD,mobile,66,27186
PAY000008004,BKG000008004,1147770,2014-06-16 18:35:42,debit_card,success,NONE,162.87,USD,desktop,5,8289
PAY000008005,BKG000008005,565204,2013-07-08 20:30:08,debit_card,success,NONE,201.67,USD,desktop,66,8218
PAY000008006,BKG000008006,375788,2014-07-31 15:57:55,credit_card,success,NONE,248.24,USD,desktop,69,651
PAY000008007,BKG000008007,424200,2013-07-19 14:07:07,credit_card,success,NONE,1130.75,USD,desktop,66,27616
PAY000008008,BKG000008008,1196974,2014-12-23 03:00:18,credit_card,success,NONE,517.87,GBP,desktop,77,12206
PAY000008009,BKG000008009,346817,2013-04-26 17:12:32,bank_transfer,success,NONE,259.08,USD,desktop,66,24664
PAY000008010,BKG000008010,1032638,2014-08-29 19:13:25,debit_card,success,NONE,223.62,USD,desktop,46,6374
PAY000008011,BKG000008011,1173182,2014-08-23 18:39:44,apple_pay,success,NONE,706.22,EUR,desktop,167,4992
PAY000008012,BKG000008012,1148249,2013-09-07 00:42:09,bank_transfer,failed,PAYMENT_PROVIDER_ERROR,200.24,USD,desktop,205,12194
PAY000008013,BKG000008013,1078880,2014-11-30 01:52:28,debit_card,success,NONE,306.89,USD,desktop,66,3322
PAY000008014,BKG000008014,1180292,2013-05-04 11:47:26,debit_card,success,NONE,119.91,USD,desktop,66,3538
PAY000008015,BKG000008015,512982,2014-05-16 22:40:53,bank_transfer,success,NONE,358.93,USD,mobile,66,12057
PAY000008016,BKG000008016,485347,2014-02-10 14:52:39,debit_card,success,NONE,462.4,USD,desktop,69,13217
PAY000008017,BKG000008017,788104,2013-08-11 18:38:19,credit_card,failed,CARD_DECLINED,219.5,USD,desktop,69,11315
PAY000008018,BKG000008018,673713,2014-05-28 13:27:21,google_pay,success,NONE,220.41,USD,desktop,66,60768
PAY000008019,BKG000008019,439558,2013-10-27 10:35:14,paypal,success,NONE,194.48,USD,desktop,66,27489
PAY000008020,BKG000008020,296146,2014-07-04 12:34:41,credit_card,failed,INSUFFICIENT_FUNDS,157.36,USD,desktop,205,26419
PAY000008021,BKG000008021,575966,2013-05-10 16:17:11,debit_card,success,NONE,635.19,USD,desktop,215,12004
PAY000008022,BKG000008022,1134982,2013-04-13 11:50:13,bank_transfer,failed,3DS_FAILED,268.16,USD,desktop,133,22556
PAY000008023,BKG000008023,986134,2014-04-20 13:45:48,credit_card,success,NONE,93.18,USD,desktop,66,25331
PAY000008024,BKG000008024,505341,2014-10-03 12:18:08,debit_card,success,NONE,188.78,USD,desktop,205,17391
PAY000008025,BKG000008025,218618,2014-09-06 13:16:58,bank_transfer,success,NONE,1153.95,EUR,desktop,0,5497
PAY000008026,BKG000008026,890147,2013-09-04 14:57:33,debit_card,success,NONE,230.31,USD,desktop,66,12372
PAY000008027,BKG000008027,370611,2013-12-30 14:27:48,credit_card,success,NONE,192.61,USD,mobile,66,52562
PAY000008028,BKG000008028,468428,2014-08-19 12:58:08,debit_card,success,NONE,1016.61,USD,desktop,66,8279
PAY000008029,BKG000008029,411727,2014-10-07 17:24:31,debit_card,success,NONE,261.1,USD,desktop,66,8216
PAY000008030,BKG000008030,113192,2013-08-20 10:17:21,debit_card,success,NONE,167.55,USD,desktop,66,17907
PAY000008031,BKG000008031,1187811,2013-02-05 22:23:48,debit_card,success,NONE,155.57,USD,desktop,69,30337
PAY000008032,BKG000008032,760035,2014-04-06 02:38:22,apple_pay,success,NONE,262.94,USD,desktop,66,8216
PAY000008033,BKG000008033,312612,2013-05-13 21:50:09,paypal,success,NONE,409.75,USD,desktop,66,3171
PAY000008034,BKG000008034,74014,2013-04-22 10:00:34,paypal,failed,PAYMENT_PROVIDER_ERROR,912.09,USD,desktop,205,8791
PAY000008035,BKG000008035,1195695,2013-03-18 14:27:58,debit_card,success,NONE,160.62,USD,desktop,1,8253
PAY000008036,BKG000008036,1020730,2013-06-18 01:06:04,credit_card,success,NONE,186.21,USD,desktop,66,18811
PAY000008037,BKG000008037,1139843,2013-07-13 08:18:31,credit_card,success,NONE,353.24,USD,desktop,66,12003
PAY000008038,BKG000008038,147580,2014-04-08 12:10:10,credit_card,success,NONE,669.94,USD,desktop,69,8267
PAY000008039,BKG000008039,163232,2013-10-31 16:40:10,debit_card,success,NONE,276.47,USD,desktop,66,8260
PAY000008040,BKG000008040,1021168,2014-07-14 20:55:29,debit_card,success,NONE,145.76,USD,desktop,205,41743
PAY000008041,BKG000008041,617808,2013-07-30 23:13:26,debit_card,success,NONE,1443.26,GBP,mobile,69,24694
PAY000008042,BKG000008042,539563,2013-07-27 00:33:24,credit_card,success,NONE,405.17,USD,desktop,101,14908
PAY000008043,BKG000008043,519362,2013-12-16 15:48:24,debit_card,success,NONE,488.86,USD,desktop,205,8250
PAY000008044,BKG000008044,1017506,2014-05-18 22:25:39,debit_card,success,NONE,199.45,USD,desktop,66,8740
PAY000008045,BKG000008045,760777,2014-11-10 17:20:21,google_pay,success,NONE,284.04,USD,mobile,66,17520
PAY000008046,BKG000008046,1026577,2013-08-31 13:12:11,credit_card,success,NONE,425.78,USD,desktop,66,41137
PAY000008047,BKG000008047,1015420,2014-05-04 20:11:51,debit_card,success,NONE,276.28,USD,desktop,66,8213
PAY000008048,BKG000008048,474444,2013-07-08 20:31:35,credit_card,success,NONE,219.22,USD,desktop,205,8262
PAY000008049,BKG000008049,316493,2013-11-18 09:15:06,debit_card,success,NONE,116.7,USD,desktop,215,486
PAY000008050,BKG000008050,889416,2014-11-16 20:51:18,credit_card,success,NONE,442.35,USD,desktop,66,8268
PAY000008051,BKG000008051,695197,2014-10-21 08:57:54,credit_card,success,NONE,289.28,USD,desktop,66,12815
PAY000008052,BKG000008052,147424,2014-12-01 10:20:09,bank_transfer,success,NONE,283.89,USD,desktop,66,29395
PAY000008053,BKG000008053,1069741,2014-08-03 19:29:31,credit_card,success,NONE,150.24,USD,mobile,66,8215
PAY000008054,BKG000008054,206065,2014-11-08 13:08:37,paypal,success,NONE,253.36,USD,desktop,66,26443
PAY000008055,BKG000008055,635787,2014-12-10 09:10:10,debit_card,success,NONE,670.32,USD,desktop,104,12650
PAY000008056,BKG000008056,1047753,2014-06-21 07:17:04,credit_card,success,NONE,539.64,USD,desktop,66,16333
PAY000008057,BKG000008057,695030,2013-12-19 11:50:44,credit_card,success,NONE,472.7,USD,desktop,66,8216
PAY000008058,BKG000008058,1043866,2014-11-02 08:58:40,debit_card,success,NONE,187.44,USD,desktop,66,20207
PAY000008059,BKG000008059,896737,2013-05-10 09:00:20,credit_card,success,NONE,244.43,USD,desktop,66,8229
PAY000008060,BKG000008060,932813,2014-08-28 14:34:26,debit_card,success,NONE,238.67,USD,desktop,215,8259
PAY000008061,BKG000008061,19368,2014-04-27 21:55:27,apple_pay,failed,CARD_DECLINED,706.12,USD,desktop,46,51385
PAY000008062,BKG000008062,231019,2013-04-24 10:58:50,bank_transfer,success,NONE,224.71,USD,desktop,66,24902
PAY000008063,BKG000008063,435302,2014-07-05 04:18:37,paypal,success,NONE,164.2,USD,desktop,23,8818
PAY000008064,BKG000008064,761512,2014-06-19 23:13:18,paypal,failed,INSUFFICIENT_FUNDS,200.81,USD,desktop,66,8250
PAY000008065,BKG000008065,560403,2013-02-06 22:41:25,bank_transfer,success,NONE,285.06,USD,desktop,66,40625
PAY000008066,BKG000008066,153002,2013-06-04 16:42:37,google_pay,success,NONE,483.55,USD,desktop,230,8225
PAY000008067,BKG000008067,1001058,2013-08-29 11:48:23,apple_pay,success,NONE,527.16,USD,desktop,66,8265
PAY000008068,BKG000008068,1183665,2014-08-20 19:15:43,paypal,success,NONE,117.96,USD,mobile,205,12175
PAY000008069,BKG000008069,609602,2013-10-03 14:52:00,credit_card,success,NONE,152.7,USD,desktop,66,8277
PAY000008070,BKG000008070,934458,2014-05-11 16:54:29,bank_transfer,success,NONE,531.34,USD,desktop,205,12228
PAY000008071,BKG000008071,160504,2013-06-03 11:31:18,credit_card,success,NONE,1104.93,USD,desktop,69,25000
PAY000008072,BKG000008072,816351,2014-06-12 18:32:11,credit_card,success,NONE,166.0,USD,desktop,66,8250
PAY000008073,BKG000008073,385919,2014-08-07 01:47:56,paypal,success,NONE,1143.81,USD,mobile,66,49090
PAY000008074,BKG000008074,210036,2013-03-15 00:22:31,credit_card,failed,INSUFFICIENT_FUNDS,653.24,EUR,desktop,3,26492
PAY000008075,BKG000008075,130629,2013-11-27 12:10:31,apple_pay,failed,INSUFFICIENT_FUNDS,429.44,USD,desktop,205,45626
PAY000008076,BKG000008076,850048,2014-09-28 16:29:50,paypal,success,NONE,173.57,USD,desktop,66,44638
PAY000008077,BKG000008077,49908,2014-06-09 17:19:51,debit_card,success,NONE,788.14,USD,desktop,66,8238
PAY000008078,BKG000008078,884991,2013-07-28 23:18:03,credit_card,success,NONE,188.88,USD,desktop,66,88
PAY000008079,BKG000008079,249161,2013-11-25 18:05:47,credit_card,success,NONE,902.56,USD,desktop,66,8791
PAY000008080,BKG000008080,588364,2013-12-01 00:25:09,google_pay,success,NONE,166.99,USD,desktop,197,17845
PAY000008081,BKG000008081,738768,2013-05-15 14:05:13,apple_pay,success,NONE,356.48,USD,desktop,66,8673
PAY000008082,BKG000008082,857697,2013-12-01 06:19:51,apple_pay,success,NONE,134.69,USD,desktop,66,12450
PAY000008083,BKG000008083,1104027,2013-02-27 22:07:18,debit_card,success,NONE,1291.77,USD,desktop,66,8791
PAY000008084,BKG000008084,578713,2014-03-09 15:53:33,credit_card,success,NONE,680.39,USD,desktop,66,26835
PAY000008085,BKG000008085,66419,2014-07-12 13:33:27,credit_card,success,NONE,301.39,USD,desktop,198,8797
PAY000008086,BKG000008086,173536,2013-11-15 21:28:02,credit_card,success,NONE,186.06,USD,mobile,66,11569
PAY000008087,BKG000008087,809135,2013-07-12 14:56:41,credit_card,success,NONE,206.26,USD,mobile,205,8262
PAY000008088,BKG000008088,143687,2013-08-05 18:05:48,credit_card,success,NONE,489.66,USD,desktop,66,12450
PAY000008089,BKG000008089,1174402,2013-09-17 19:48:55,bank_transfer,success,NONE,950.9,USD,desktop,66,13607
PAY000008090,BKG000008090,240852,2013-07-02 03:24:49,credit_card,success,NONE,404.44,USD,desktop,69,12324
PAY000008091,BKG000008091,486273,2014-12-15 09:17:41,credit_card,success,NONE,1166.44,USD,desktop,66,1522
PAY000008092,BKG000008092,746694,2013-01-10 15:06:16,credit_card,success,NONE,259.61,USD,desktop,66,11848
PAY000008093,BKG000008093,1123010,2014-01-14 15:48:25,apple_pay,success,NONE,294.63,USD,desktop,66,9068
PAY000008094,BKG000008094,562620,2014-04-27 15:01:57,google_pay,failed,AUTH_TIMEOUT,232.61,USD,mobile,66,11998
PAY000008095,BKG000008095,529936,2014-08-18 11:41:56,bank_transfer,success,NONE,503.87,USD,desktop,5,8213
PAY000008096,BKG000008096,1121215,2014-06-12 18:46:35,paypal,success,NONE,352.11,USD,desktop,66,12229
PAY000008097,BKG000008097,129411,2013-08-01 21:41:18,credit_card,success,NONE,1531.58,USD,desktop,46,7635
PAY000008098,BKG000008098,1024744,2013-05-09 13:35:39,paypal,success,NONE,453.4,EUR,desktop,167,22688
PAY000008099,BKG000008099,1003632,2013-02-25 14:00:45,google_pay,success,NONE,419.35,GBP,desktop,77,8217
PAY000008100,BKG000008100,1076695,2013-05-27 06:12:38,google_pay,success,NONE,242.85,USD,desktop,66,34305
PAY000008101,BKG000008101,325542,2014-06-19 15:36:58,paypal,success,NONE,111.18,USD,desktop,66,11360
PAY000008102,BKG000008102,84814,2014-02-07 13:03:55,credit_card,success,NONE,473.55,USD,desktop,215,8250
PAY000008103,BKG000008103,1192737,2013-09-20 15:23:47,credit_card,success,NONE,139.97,USD,desktop,66,14803
PAY000008104,BKG000008104,778522,2014-01-09 12:04:53,bank_transfer,success,NONE,525.39,USD,desktop,66,8274
PAY000008105,BKG000008105,726179,2014-02-27 02:51:37,credit_card,success,NONE,160.95,USD,desktop,66,24810
PAY000008106,BKG000008106,745603,2014-11-06 15:24:12,paypal,success,NONE,595.11,EUR,desktop,70,12715
PAY000008107,BKG000008107,54956,2014-03-17 22:46:52,credit_card,success,NONE,794.37,GBP,desktop,77,8286
PAY000008108,BKG000008108,110373,2014-01-18 21:20:35,paypal,success,NONE,168.75,USD,mobile,66,8253
PAY000008109,BKG000008109,797653,2013-12-09 00:52:30,google_pay,success,NONE,214.88,USD,desktop,66,12191
PAY000008110,BKG000008110,704542,2014-12-09 21:26:31,credit_card,success,NONE,213.59,USD,desktop,66,25121
PAY000008111,BKG000008111,155560,2014-05-12 01:43:43,paypal,success,NONE,166.52,USD,desktop,66,8837
PAY000008112,BKG000008112,647014,2014-07-08 00:14:55,credit_card,success,NONE,224.73,USD,desktop,215,8259
PAY000008113,BKG000008113,547083,2014-06-01 21:15:03,google_pay,success,NONE,254.69,USD,desktop,205,11973
PAY000008114,BKG000008114,772748,2013-03-23 06:25:11,credit_card,success,NONE,88.35,USD,desktop,12,12541
PAY000008115,BKG000008115,619396,2013-07-20 14:43:18,apple_pay,success,NONE,448.0,USD,desktop,68,8260
PAY000008116,BKG000008116,105312,2014-10-11 16:51:50,debit_card,success,NONE,146.86,USD,mobile,46,26022
PAY000008117,BKG000008117,34252,2014-11-30 14:58:19,credit_card,success,NONE,201.83,USD,desktop,66,11821
PAY000008118,BKG000008118,214512,2014-11-25 23:09:57,bank_transfer,success,NONE,240.68,USD,desktop,66,8834
PAY000008119,BKG000008119,131201,2013-07-25 12:30:13,debit_card,success,NONE,1037.88,USD,desktop,205,8855
PAY000008120,BKG000008120,617628,2013-05-23 22:55:51,apple_pay,success,NONE,1044.03,EUR,desktop,0,18569
PAY000008121,BKG000008121,1080717,2014-09-17 17:49:13,debit_card,success,NONE,1029.95,USD,desktop,66,25702
PAY000008122,BKG000008122,707315,2014-11-25 17:07:25,credit_card,success,NONE,275.14,USD,desktop,66,12015
