refund_id,booking_id,payment_id,refund_requested,refund_status,refund_reason,refund_amount,refund_request_time
REF000000001,BKG000000001,PAY000000001,False,not_requested,not_requested,0.0,
REF000000002,BKG000000002,PAY000000002,False,not_requested,not_requested,0.0,
REF000000003,BKG000000003,PAY000000003,False,not_requested,not_requested,0.0,
REF000000004,BKG000000004,PAY000000004,False,not_requested,not_requested,0.0,
REF000000005,BKG000000005,PAY000000005,False,not_requested,not_requested,0.0,
REF000000006,BKG000000006,PAY000000006,False,not_requested,not_requested,0.0,
REF000000007,BKG000000007,PAY000000007,False,not_requested,not_requested,0.0,
REF000000008,BKG000000008,PAY000000008,False,not_requested,not_requested,0.0,
REF000000009,BKG000000009,PAY000000009,False,not_requested,not_requested,0.0,
REF000000010,BKG000000010,PAY000000010,False,not_requested,not_requested,0.0,
REF000000011,BKG000000012,PAY000000012,False,not_requested,not_requested,0.0,
REF000000012,BKG000000013,PAY000000013,False,not_requested,not_requested,0.0,
REF000000013,BKG000000014,PAY000000014,False,not_requested,not_requested,0.0,
REF000000014,BKG000000015,PAY000000015,False,not_requested,not_requested,0.0,
REF000000015,BKG000000016,PAY000000016,False,not_requested,not_requested,0.0,
REF000000016,BKG000000017,PAY000000017,False,not_requested,not_requested,0.0,
REF000000017,BKG000000018,PAY000000018,False,not_requested,not_requested,0.0,
REF000000018,BKG000000019,PAY000000019,False,not_requested,not_requested,0.0,
REF000000019,BKG000000020,PAY000000020,False,not_requested,not_requested,0.0,
REF000000020,BKG000000021,PAY000000021,False,not_requested,not_requested,0.0,
REF000000021,BKG000000022,PAY000000022,False,not_requested,not_requested,0.0,
REF000000022,BKG000000023,PAY000000023,False,not_requested,not_requested,0.0,
REF000000023,BKG000000024,PAY000000024,False,not_requested,not_requested,0.0,
REF000000024,BKG000000025,PAY000000025,False,not_requested,not_requested,0.0,
REF000000025,BKG000000027,PAY000000027,False,not_requested,not_requested,0.0,
REF000000026,BKG000000028,PAY000000028,False,not_requested,not_requested,0.0,
REF000000027,BKG000000029,PAY000000029,False,not_requested,not_requested,0.0,
REF000000028,BKG000000030,PAY000000030,False,not_requested,not_requested,0.0,
REF000000029,BKG000000031,PAY000000031,False,not_requested,not_requested,0.0,
REF000000030,BKG000000033,PAY000000033,False,not_requested,not_requested,0.0,
REF000000031,BKG000000034,PAY000000034,False,not_requested,not_requested,0.0,
REF000000032,BKG000000035,PAY000000035,False,not_requested,not_requested,0.0,
REF000000033,BKG000000036,PAY000000036,False,not_requested,not_requested,0.0,
REF000000034,BKG000000037,PAY000000037,False,not_requested,not_requested,0.0,
REF000000035,BKG000000038,PAY000000038,False,not_requested,not_requested,0.0,
REF000000036,BKG000000039,PAY000000039,False,not_requested,not_requested,0.0,
REF000000037,BKG000000040,PAY000000040,False,not_requested,not_requested,0.0,
REF000000038,BKG000000041,PAY000000041,False,not_requested,not_requested,0.0,
REF000000039,BKG000000043,PAY000000043,True,approved,customer_cancelled,381.8,2014-09-08 15:30:51
REF000000040,BKG000000044,PAY000000044,False,not_requested,not_requested,0.0,
REF000000041,BKG000000045,PAY000000045,False,not_requested,not_requested,0.0,
REF000000042,BKG000000046,PAY000000046,False,not_requested,not_requested,0.0,
REF000000043,BKG000000047,PAY000000047,False,not_requested,not_requested,0.0,
REF000000044,BKG000000048,PAY000000048,False,not_requested,not_requested,0.0,
REF000000045,BKG000000049,PAY000000049,False,not_requested,not_requested,0.0,
REF000000046,BKG000000050,PAY000000050,False,not_requested,not_requested,0.0,
REF000000047,BKG000000051,PAY000000051,False,not_requested,not_requested,0.0,
REF000000048,BKG000000053,PAY000000053,False,not_requested,not_requested,0.0,
REF000000049,BKG000000054,PAY000000054,True,approved,customer_cancelled,249.45,2014-10-30 11:59:31
REF000000050,BKG000000055,PAY000000055,False,not_requested,not_requested,0.0,
REF000000051,BKG000000056,PAY000000056,False,not_requested,not_requested,0.0,
REF000000052,BKG000000058,PAY000000058,False,not_requested,not_requested,0.0,
REF000000053,BKG000000059,PAY000000059,False,not_requested,not_requested,0.0,
REF000000054,BKG000000060,PAY000000060,False,not_requested,not_requested,0.0,
REF000000055,BKG000000061,PAY000000061,False,not_requested,not_requested,0.0,
REF000000056,BKG000000062,PAY000000062,False,not_requested,not_requested,0.0,
REF000000057,BKG000000063,PAY000000063,False,not_requested,not_requested,0.0,
REF000000058,BKG000000064,PAY000000064,False,not_requested,not_requested,0.0,
REF000000059,BKG000000066,PAY000000066,False,not_requested,not_requested,0.0,
REF000000060,BKG000000067,PAY000000067,False,not_requested,not_requested,0.0,
REF000000061,BKG000000068,PAY000000068,True,rejected,airline_schedule_change,0.0,2014-09-19 22:12:14
REF000000062,BKG000000069,PAY000000069,False,not_requested,not_requested,0.0,
REF000000063,BKG000000070,PAY000000070,False,not_requested,not_requested,0.0,
REF000000064,BKG000000071,PAY000000071,False,not_requested,not_requested,0.0,
REF000000065,BKG000000073,PAY000000073,False,not_requested,not_requested,0.0,
REF000000066,BKG000000074,PAY000000074,False,not_requested,not_requested,0.0,
REF000000067,BKG000000075,PAY000000075,False,not_requested,not_requested,0.0,
REF000000068,BKG000000076,PAY000000076,True,rejected,airline_schedule_change,0.0,2014-05-18 22:38:30
REF000000069,BKG000000077,PAY000000077,False,not_requested,not_requested,0.0,
REF000000070,BKG000000078,PAY000000078,False,not_requested,not_requested,0.0,
REF000000071,BKG000000079,PAY000000079,False,not_requested,not_requested,0.0,
REF000000072,BKG000000080,PAY000000080,False,not_requested,not_requested,0.0,
REF000000073,BKG000000081,PAY000000081,False,not_requested,not_requested,0.0,
REF000000074,BKG000000082,PAY000000082,False,not_requested,not_requested,0.0,
REF000000075,BKG000000083,PAY000000083,False,not_requested,not_requested,0.0,
REF000000076,BKG000000084,PAY000000084,False,not_requested,not_requested,0.0,
REF000000077,BKG000000085,PAY000000085,False,not_requested,not_requested,0.0,
REF000000078,BKG000000086,PAY000000086,False,not_requested,not_requested,0.0,
REF000000079,BKG000000087,PAY000000087,False,not_requested,not_requested,0.0,
REF000000080,BKG000000088,PAY000000088,False,not_requested,not_requested,0.0,
REF000000081,BKG000000089,PAY000000089,False,not_requested,not_requested,0.0,
REF000000082,BKG000000090,PAY000000090,False,not_requested,not_requested,0.0,
REF000000083,BKG000000091,PAY000000091,False,not_requested,not_requested,0.0,
REF000000084,BKG000000092,PAY000000092,True,rejected,customer_cancelled,0.0,2015-01-31 05:58:38
REF000000085,BKG000000093,PAY000000093,False,not_requested,not_requested,0.0,
REF000000086,BKG000000094,PAY000000094,False,not_requested,not_requested,0.0,
REF000000087,BKG000000095,PAY000000095,False,not_requested,not_requested,0.0,
REF000000088,BKG000000096,PAY000000096,False,not_requested,not_requested,0.0,
REF000000089,BKG000000097,PAY000000097,False,not_requested,not_requested,0.0,
REF000000090,BKG000000099,PAY000000099,False,not_requested,not_requested,0.0,
REF000000091,BKG000000100,PAY000000100,False,not_requested,not_requested,0.0,
REF000000092,BKG000000101,PAY000000101,False,not_requested,not_requested,0.0,
REF000000093,BKG000000102,PAY000000102,False,not_requested,not_requested,0.0,
REF000000094,BKG000000104,PAY000000104,False,not_requested,not_requested,0.0,
REF000000095,BKG000000105,PAY000000105,False,not_requested,not_requested,0.0,
REF000000096,BKG000000106,PAY000000106,True,approved,airline_schedule_change,570.42,2014-07-29 17:16:44
REF000000097,BKG000000107,PAY000000107,False,not_requested,not_requested,0.0,
REF000000098,BKG000000108,PAY000000108,False,not_requested,not_requested,0.0,
REF000000099,BKG000000109,PAY000000109,False,not_requested,not_requested,0.0,
REF000000100,BKG000000110,PAY000000110,False,not_requested,not_requested,0.0,
REF000000101,BKG000000111,PAY000000111,False,not_requested,not_requested,0.0,
REF000000102,BKG000000112,PAY000000112,False,not_requested,not_requested,0.0,
REF000000103,BKG000000114,PAY000000114,False,not_requested,not_requested,0.0,
REF000000104,BKG000000115,PAY000000115,False,not_requested,not_requested,0.0,
REF000000105,BKG000000116,PAY000000116,False,not_requested,not_requested,0.0,
REF000000106,BKG000000119,PAY000000119,False,not_requested,not_requested,0.0,
REF000000107,BKG000000120,PAY000000120,False,not_requested,not_requested,0.0,
REF000000108,BKG000000121,PAY000000121,False,not_requested,not_requested,0.0,
REF000000109,BKG000000122,PAY000000122,False,not_requested,not_requested,0.0,
REF000000110,BKG000000123,PAY000000123,False,not_requested,not_requested,0.0,
REF000000111,BKG000000124,PAY000000124,False,not_requested,not_requested,0.0,
REF000000112,BKG000000125,PAY000000125,False,not_requested,not_requested,0.0,
REF000000113,BKG000000126,PAY000000126,False,not_requested,not_requested,0.0,
REF000000114,BKG000000127,PAY000000127,False,not_requested,not_requested,0.0,
REF000000115,BKG000000128,PAY000000128,False,not_requested,not_requested,0.0,
REF000000116,BKG000000129,PAY000000129,False,not_requested,not_requested,0.0,
REF000000117,BKG000000130,PAY000000130,False,not_requested,not_requested,0.0,
REF000000118,BKG000000131,PAY000000131,False,not_requested,not_requested,0.0,
REF000000119,BKG000000132,PAY000000132,False,not_requested,not_requested,0.0,
REF000000120,BKG000000133,PAY000000133,False,not_requested,not_requested,0.0,
REF000000121,BKG000000134,PAY000000134,False,not_requested,not_requested,0.0,
REF000000122,BKG000000135,PAY000000135,False,not_requested,not_requested,0.0,
REF000000123,BKG000000137,PAY000000137,False,not_requested,not_requested,0.0,
REF000000124,BKG000000138,PAY000000138,False,not_requested,not_requested,0.0,
REF000000125,BKG000000139,PAY000000139,False,not_requested,not_requested,0.0,
REF000000126,BKG000000140,PAY000000140,False,not_requested,not_requested,0.0,
REF000000127,BKG000000141,PAY000000141,False,not_requested,not_requested,0.0,
REF000000128,BKG000000142,PAY000000142,True,rejected,airline_schedule_change,0.0,2014-12-08 18:23:02
REF000000129,BKG000000143,PAY000000143,False,not_requested,not_requested,0.0,
REF000000130,BKG000000144,PAY000000144,False,not_requested,not_requested,0.0,
REF000000131,BKG000000145,PAY000000145,False,not_requested,not_requested,0.0,
REF000000132,BKG000000146,PAY000000146,False,not_requested,not_requested,0.0,
REF000000133,BKG000000147,PAY000000147,False,not_requested,not_requested,0.0,
REF000000134,BKG000000148,PAY000000148,False,not_requested,not_requested,0.0,
REF000000135,BKG000000149,PAY000000149,True,approved,ticketing_failure,744.54,2014-10-27 18:09:45
REF000000136,BKG000000150,PAY000000150,False,not_requested,not_requested,0.0,
REF000000137,BKG000000151,PAY000000151,False,not_requested,not_requested,0.0,
REF000000138,BKG000000152,PAY000000152,False,not_requested,not_requested,0.0,
REF000000139,BKG000000153,PAY000000153,False,not_requested,not_requested,0.0,
REF000000140,BKG000000154,PAY000000154,False,not_requested,not_requested,0.0,
REF000000141,BKG000000155,PAY000000155,False,not_requested,not_requested,0.0,
REF000000142,BKG000000156,PAY000000156,False,not_requested,not_requested,0.0,
REF000000143,BKG000000157,PAY000000157,False,not_requested,not_requested,0.0,
REF000000144,BKG000000158,PAY000000158,False,not_requested,not_requested,0.0,
REF000000145,BKG000000159,PAY000000159,False,not_requested,not_requested,0.0,
REF000000146,BKG000000160,PAY000000160,False,not_requested,not_requested,0.0,
REF000000147,BKG000000161,PAY000000161,False,not_requested,not_requested,0.0,
REF000000148,BKG000000162,PAY000000162,False,not_requested,not_requested,0.0,
REF000000149,BKG000000163,PAY000000163,False,not_requested,not_requested,0.0,
REF000000150,BKG000000164,PAY000000164,False,not_requested,not_requested,0.0,
REF000000151,BKG000000165,PAY000000165,False,not_requested,not_requested,0.0,
REF000000152,BKG000000166,PAY000000166,False,not_requested,not_requested,0.0,
REF000000153,BKG000000167,PAY000000167,False,not_requested,not_requested,0.0,
REF000000154,BKG000000168,PAY000000168,False,not_requested,not_requested,0.0,
REF000000155,BKG000000169,PAY000000169,False,not_requested,not_requested,0.0,
REF000000156,BKG000000170,PAY000000170,False,not_requested,not_requested,0.0,
REF000000157,BKG000000171,PAY000000171,False,not_requested,not_requested,0.0,
REF000000158,BKG000000172,PAY000000172,False,not_requested,not_requested,0.0,
REF000000159,BKG000000173,PAY000000173,False,not_requested,not_requested,0.0,
REF000000160,BKG000000174,PAY000000174,True,approved,airline_schedule_change,1284.74,2015-01-30 12:42:34
REF000000161,BKG000000175,PAY000000175,False,not_requested,not_requested,0.0,
REF000000162,BKG000000176,PAY000000176,False,not_requested,not_requested,0.0,
REF000000163,BKG000000177,PAY000000177,False,not_requested,not_requested,0.0,
REF000000164,BKG000000178,PAY000000178,False,not_requested,not_requested,0.0,
REF000000165,BKG000000179,PAY000000179,False,not_requested,not_requested,0.0,
REF000000166,BKG000000180,PAY000000180,False,not_requested,not_requested,0.0,
REF000000167,BKG000000181,PAY000000181,False,not_requested,not_requested,0.0,
REF000000168,BKG000000182,PAY000000182,False,not_requested,not_requested,0.0,
REF000000169,BKG000000183,PAY000000183,False,not_requested,not_requested,0.0,
REF000000170,BKG000000184,PAY000000184,False,not_requested,not_requested,0.0,
REF000000171,BKG000000185,PAY000000185,False,not_requested,not_requested,0.0,
REF000000172,BKG000000186,PAY000000186,False,not_requested,not_requested,0.0,
REF000000173,BKG000000187,PAY000000187,False,not_requested,not_requested,0.0,
REF000000174,BKG000000188,PAY000000188,False,not_requested,not_requested,0.0,
REF000000175,BKG000000189,PAY000000189,False,not_requested,not_requested,0.0,
REF000000176,BKG000000190,PAY000000190,False,not_requested,not_requested,0.0,
REF000000177,BKG000000191,PAY000000191,False,not_requested,not_requested,0.0,
REF000000178,BKG000000192,PAY000000192,False,not_requested,not_requested,0.0,
REF000000179,BKG000000193,PAY000000193,False,not_requested,not_requested,0.0,
REF000000180,BKG000000194,PAY000000194,False,not_requested,not_requested,0.0,
REF000000181,BKG000000195,PAY000000195,False,not_requested,not_requested,0.0,
REF000000182,BKG000000196,PAY000000196,False,not_requested,not_requested,0.0,
REF000000183,BKG000000197,PAY000000197,False,not_requested,not_requested,0.0,
REF000000184,BKG000000198,PAY000000198,False,not_requested,not_requested,0.0,
REF000000185,BKG000000199,PAY000000199,False,not_requested,not_requested,0.0,
REF000000186,BKG000000200,PAY000000200,False,not_requested,not_requested,0.0,
REF000000187,BKG000000201,PAY000000201,False,not_requested,not_requested,0.0,
REF000000188,BKG000000202,PAY000000202,False,not_requested,not_requested,0.0,
REF000000189,BKG000000203,PAY000000203,False,not_requested,not_requested,0.0,
REF000000190,BKG000000204,PAY000000204,False,not_requested,not_requested,0.0,
REF000000191,BKG000000205,PAY000000205,False,not_requested,not_requested,0.0,
REF000000192,BKG000000206,PAY000000206,False,not_requested,not_requested,0.0,
REF000000193,BKG000000207,PAY000000207,False,not_requested,not_requested,0.0,
REF000000194,BKG000000208,PAY000000208,False,not_requested,not_requested,0.0,
REF000000195,BKG000000209,PAY000000209,False,not_requested,not_requested,0.0,
REF000000196,BKG000000210,PAY000000210,False,not_requested,not_requested,0.0,
REF000000197,BKG000000211,PAY000000211,False,not_requested,not_requested,0.0,
REF000000198,BKG000000212,PAY000000212,False,not_requested,not_requested,0.0,
REF000000199,BKG000000213,PAY000000213,False,not_requested,not_requested,0.0,
REF000000200,BKG000000214,PAY000000214,False,not_requested,not_requested,0.0,
REF000000201,BKG000000215,PAY000000215,False,not_requested,not_requested,0.0,
REF000000202,BKG000000216,PAY000000216,False,not_requested,not_requested,0.0,
REF000000203,BKG000000217,PAY000000217,False,not_requested,not_requested,0.0,
REF000000204,BKG000000218,PAY000000218,False,not_requested,not_requested,0.0,
REF000000205,BKG000000219,PAY000000219,False,not_requested,not_requested,0.0,
REF000000206,BKG000000220,PAY000000220,False,not_requested,not_requested,0.0,
REF000000207,BKG000000221,PAY000000221,False,not_requested,not_requested,0.0,
REF000000208,BKG000000222,PAY000000222,False,not_requested,not_requested,0.0,
REF000000209,BKG000000223,PAY000000223,False,not_requested,not_requested,0.0,
REF000000210,BKG000000224,PAY000000224,True,rejected,customer_cancelled,0.0,2014-12-08 04:27:10
REF000000211,BKG000000225,PAY000000225,False,not_requested,not_requested,0.0,
REF000000212,BKG000000227,PAY000000227,False,not_requested,not_requested,0.0,
REF000000213,BKG000000228,PAY000000228,False,not_requested,not_requested,0.0,
REF000000214,BKG000000229,PAY000000229,False,not_requested,not_requested,0.0,
REF000000215,BKG000000230,PAY000000230,False,not_requested,not_requested,0.0,
REF000000216,BKG000000231,PAY000000231,False,not_requested,not_requested,0.0,
REF000000217,BKG000000232,PAY000000232,False,not_requested,not_requested,0.0,
REF000000218,BKG000000233,PAY000000233,False,not_requested,not_requested,0.0,
REF000000219,BKG000000234,PAY000000234,False,not_requested,not_requested,0.0,
REF000000220,BKG000000235,PAY000000235,False,not_requested,not_requested,0.0,
REF000000221,BKG000000236,PAY000000236,False,not_requested,not_requested,0.0,
REF000000222,BKG000000237,PAY000000237,False,not_requested,not_requested,0.0,
REF000000223,BKG000000238,PAY000000238,False,not_requested,not_requested,0.0,
REF000000224,BKG000000239,PAY000000239,False,not_requested,not_requested,0.0,
REF000000225,BKG000000240,PAY000000240,False,not_requested,not_requested,0.0,
REF000000226,BKG000000241,PAY000000241,False,not_requested,not_requested,0.0,
REF000000227,BKG000000242,PAY000000242,False,not_requested,not_requested,0.0,
REF000000228,BKG000000243,PAY000000243,False,not_requested,not_requested,0.0,
REF000000229,BKG000000244,PAY000000244,False,not_requested,not_requested,0.0,
REF000000230,BKG000000245,PAY000000245,False,not_requested,not_requested,0.0,
REF000000231,BKG000000247,PAY000000247,False,not_requested,not_requested,0.0,
REF000000232,BKG000000249,PAY000000249,False,not_requested,not_requested,0.0,
REF000000233,BKG000000250,PAY000000250,False,not_requested,not_requested,0.0,
REF000000234,BKG000000251,PAY000000251,False,not_requested,not_requested,0.0,
REF000000235,BKG000000252,PAY000000252,False,not_requested,not_requested,0.0,
REF000000236,BKG000000253,PAY000000253,False,not_requested,not_requested,0.0,
REF000000237,BKG000000255,PAY000000255,False,not_requested,not_requested,0.0,
REF000000238,BKG000000256,PAY000000256,False,not_requested,not_requested,0.0,
REF000000239,BKG000000257,PAY000000257,False,not_requested,not_requested,0.0,
REF000000240,BKG000000258,PAY000000258,False,not_requested,not_requested,0.0,
REF000000241,BKG000000259,PAY000000259,False,not_requested,not_requested,0.0,
REF000000242,BKG000000260,PAY000000260,False,not_requested,not_requested,0.0,
REF000000243,BKG000000261,PAY000000261,False,not_requested,not_requested,0.0,
REF000000244,BKG000000262,PAY000000262,False,not_requested,not_requested,0.0,
REF000000245,BKG000000263,PAY000000263,False,not_requested,not_requested,0.0,
REF000000246,BKG000000265,PAY000000265,False,not_requested,not_requested,0.0,
REF000000247,BKG000000266,PAY000000266,False,not_requested,not_requested,0.0,
REF000000248,BKG000000267,PAY000000267,False,not_requested,not_requested,0.0,
REF000000249,BKG000000268,PAY000000268,False,not_requested,not_requested,0.0,
REF000000250,BKG000000269,PAY000000269,False,not_requested,not_requested,0.0,
REF000000251,BKG000000270,PAY000000270,False,not_requested,not_requested,0.0,
REF000000252,BKG000000271,PAY000000271,False,not_requested,not_requested,0.0,
REF000000253,BKG000000272,PAY000000272,False,not_requested,not_requested,0.0,
REF000000254,BKG000000273,PAY000000273,True,approved,duplicate_booking,678.1,2014-08-27 23:18:38
REF000000255,BKG000000274,PAY000000274,False,not_requested,not_requested,0.0,
REF000000256,BKG000000275,PAY000000275,False,not_requested,not_requested,0.0,
REF000000257,BKG000000276,PAY000000276,False,not_requested,not_requested,0.0,
REF000000258,BKG000000277,PAY000000277,False,not_requested,not_requested,0.0,
REF000000259,BKG000000278,PAY000000278,False,not_requested,not_requested,0.0,
REF000000260,BKG000000279,PAY000000279,False,not_requested,not_requested,0.0,
REF000000261,BKG000000280,PAY000000280,False,not_requested,not_requested,0.0,
REF000000262,BKG000000282,PAY000000282,False,not_requested,not_requested,0.0,
REF000000263,BKG000000283,PAY000000283,False,not_requested,not_requested,0.0,
REF000000264,BKG000000284,PAY000000284,False,not_requested,not_requested,0.0,
REF000000265,BKG000000285,PAY000000285,False,not_requested,not_requested,0.0,
REF000000266,BKG000000286,PAY000000286,False,not_requested,not_requested,0.0,
REF000000267,BKG000000287,PAY000000287,False,not_requested,not_requested,0.0,
REF000000268,BKG000000288,PAY000000288,False,not_requested,not_requested,0.0,
REF000000269,BKG000000289,PAY000000289,False,not_requested,not_requested,0.0,
REF000000270,BKG000000290,PAY000000290,False,not_requested,not_requested,0.0,
REF000000271,BKG000000291,PAY000000291,True,approved,airline_schedule_change,306.92,2013-11-15 11:10:27
REF000000272,BKG000000292,PAY000000292,False,not_requested,not_requested,0.0,
REF000000273,BKG000000293,PAY000000293,False,not_requested,not_requested,0.0,
REF000000274,BKG000000294,PAY000000294,False,not_requested,not_requested,0.0,
REF000000275,BKG000000295,PAY000000295,False,not_requested,not_requested,0.0,
REF000000276,BKG000000296,PAY000000296,False,not_requested,not_requested,0.0,
REF000000277,BKG000000297,PAY000000297,False,not_requested,not_requested,0.0,
REF000000278,BKG000000298,PAY000000298,False,not_requested,not_requested,0.0,
REF000000279,BKG000000299,PAY000000299,False,not_requested,not_requested,0.0,
REF000000280,BKG000000300,PAY000000300,False,not_requested,not_requested,0.0,
REF000000281,BKG000000301,PAY000000301,False,not_requested,not_requested,0.0,
REF000000282,BKG000000302,PAY000000302,False,not_requested,not_requested,0.0,
REF000000283,BKG000000303,PAY000000303,False,not_requested,not_requested,0.0,
REF000000284,BKG000000304,PAY000000304,False,not_requested,not_requested,0.0,
REF000000285,BKG000000305,PAY000000305,False,not_requested,not_requested,0.0,
REF000000286,BKG000000306,PAY000000306,False,not_requested,not_requested,0.0,
REF000000287,BKG000000307,PAY000000307,False,not_requested,not_requested,0.0,
REF000000288,BKG000000308,PAY000000308,False,not_requested,not_requested,0.0,
REF000000289,BKG000000309,PAY000000309,False,not_requested,not_requested,0.0,
REF000000290,BKG000000310,PAY000000310,False,not_requested,not_requested,0.0,
REF000000291,BKG000000311,PAY000000311,False,not_requested,not_requested,0.0,
REF000000292,BKG000000312,PAY000000312,False,not_requested,not_requested,0.0,
REF000000293,BKG000000313,PAY000000313,False,not_requested,not_requested,0.0,
REF000000294,BKG000000314,PAY000000314,False,not_requested,not_requested,0.0,
REF000000295,BKG000000315,PAY000000315,False,not_requested,not_requested,0.0,
REF000000296,BKG000000316,PAY000000316,False,not_requested,not_requested,0.0,
REF000000297,BKG000000317,PAY000000317,False,not_requested,not_requested,0.0,
REF000000298,BKG000000319,PAY000000319,False,not_requested,not_requested,0.0,
REF000000299,BKG000000320,PAY000000320,False,not_requested,not_requested,0.0,
REF000000300,BKG000000321,PAY000000321,False,not_requested,not_requested,0.0,
REF000000301,BKG000000322,PAY000000322,False,not_requested,not_requested,0.0,
REF000000302,BKG000000324,PAY000000324,False,not_requested,not_requested,0.0,
REF000000303,BKG000000325,PAY000000325,False,not_requested,not_requested,0.0,
REF000000304,BKG000000326,PAY000000326,False,not_requested,not_requested,0.0,
REF000000305,BKG000000327,PAY000000327,False,not_requested,not_requested,0.0,
REF000000306,BKG000000328,PAY000000328,False,not_requested,not_requested,0.0,
REF000000307,BKG000000329,PAY000000329,False,not_requested,not_requested,0.0,
REF000000308,BKG000000330,PAY000000330,False,not_requested,not_requested,0.0,
REF000000309,BKG000000331,PAY000000331,False,not_requested,not_requested,0.0,
REF000000310,BKG000000332,PAY000000332,False,not_requested,not_requested,0.0,
REF000000311,BKG000000334,PAY000000334,False,not_requested,not_requested,0.0,
REF000000312,BKG000000335,PAY000000335,False,not_requested,not_requested,0.0,
REF000000313,BKG000000336,PAY000000336,False,not_requested,not_requested,0.0,
REF000000314,BKG000000338,PAY000000338,False,not_requested,not_requested,0.0,
REF000000315,BKG000000339,PAY000000339,False,not_requested,not_requested,0.0,
REF000000316,BKG000000340,PAY000000340,False,not_requested,not_requested,0.0,
REF000000317,BKG000000341,PAY000000341,False,not_requested,not_requested,0.0,
REF000000318,BKG000000342,PAY000000342,False,not_requested,not_requested,0.0,
REF000000319,BKG000000343,PAY000000343,False,not_requested,not_requested,0.0,
REF000000320,BKG000000344,PAY000000344,False,not_requested,not_requested,0.0,
REF000000321,BKG000000345,PAY000000345,False,not_requested,not_requested,0.0,
REF000000322,BKG000000346,PAY000000346,False,not_requested,not_requested,0.0,
REF000000323,BKG000000347,PAY000000347,False,not_requested,not_requested,0.0,
REF000000324,BKG000000348,PAY000000348,False,not_requested,not_requested,0.0,
REF000000325,BKG000000349,PAY000000349,True,approved,duplicate_booking,124.58,2013-02-26 17:44:52
REF000000326,BKG000000351,PAY000000351,False,not_requested,not_requested,0.0,
REF000000327,BKG000000352,PAY000000352,False,not_requested,not_requested,0.0,
REF000000328,BKG000000353,PAY000000353,False,not_requested,not_requested,0.0,
REF000000329,BKG000000354,PAY000000354,False,not_requested,not_requested,0.0,
REF000000330,BKG000000356,PAY000000356,False,not_requested,not_requested,0.0,
REF000000331,BKG000000357,PAY000000357,False,not_requested,not_requested,0.0,
REF000000332,BKG000000358,PAY000000358,False,not_requested,not_requested,0.0,
REF000000333,BKG000000359,PAY000000359,False,not_requested,not_requested,0.0,
REF000000334,BKG000000360,PAY000000360,False,not_requested,not_requested,0.0,
REF000000335,BKG000000361,PAY000000361,False,not_requested,not_requested,0.0,
REF000000336,BKG000000362,PAY000000362,False,not_requested,not_requested,0.0,
REF000000337,BKG000000363,PAY000000363,False,not_requested,not_requested,0.0,
REF000000338,BKG000000364,PAY000000364,False,not_requested,not_requested,0.0,
REF000000339,BKG000000365,PAY000000365,False,not_requested,not_requested,0.0,
REF000000340,BKG000000366,PAY000000366,False,not_requested,not_requested,0.0,
REF000000341,BKG000000367,PAY000000367,False,not_requested,not_requested,0.0,
REF000000342,BKG000000368,PAY000000368,False,not_requested,not_requested,0.0,
REF000000343,BKG000000369,PAY000000369,False,not_requested,not_requested,0.0,
REF000000344,BKG000000370,PAY000000370,False,not_requested,not_requested,0.0,
REF000000345,BKG000000371,PAY000000371,False,not_requested,not_requested,0.0,
REF000000346,BKG000000372,PAY000000372,False,not_requested,not_requested,0.0,
REF000000347,BKG000000374,PAY000000374,False,not_requested,not_requested,0.0,
REF000000348,BKG000000375,PAY000000375,False,not_requested,not_requested,0.0,
REF000000349,BKG000000376,PAY000000376,True,approved,payment_dispute,577.57,2013-09-11 18:30:47
REF000000350,BKG000000377,PAY000000377,False,not_requested,not_requested,0.0,
REF000000351,BKG000000378,PAY000000378,False,not_requested,not_requested,0.0,
REF000000352,BKG000000379,PAY000000379,True,rejected,customer_cancelled,0.0,2013-11-17 00:43:47
REF000000353,BKG000000380,PAY000000380,False,not_requested,not_requested,0.0,
REF000000354,BKG000000381,PAY000000381,False,not_requested,not_requested,0.0,
REF000000355,BKG000000382,PAY000000382,False,not_requested,not_requested,0.0,
REF000000356,BKG000000383,PAY000000383,False,not_requested,not_requested,0.0,
REF000000357,BKG000000384,PAY000000384,False,not_requested,not_requested,0.0,
REF000000358,BKG000000385,PAY000000385,False,not_requested,not_requested,0.0,
REF000000359,BKG000000386,PAY000000386,False,not_requested,not_requested,0.0,
REF000000360,BKG000000387,PAY000000387,False,not_requested,not_requested,0.0,
REF000000361,BKG000000388,PAY000000388,False,not_requested,not_requested,0.0,
REF000000362,BKG000000389,PAY000000389,False,not_requested,not_requested,0.0,
REF000000363,BKG000000391,PAY000000391,False,not_requested,not_requested,0.0,
REF000000364,BKG000000392,PAY000000392,False,not_requested,not_requested,0.0,
REF000000365,BKG000000393,PAY000000393,False,not_requested,not_requested,0.0,
REF000000366,BKG000000394,PAY000000394,True,approved,airline_schedule_change,212.03,2013-11-30 03:56:34
REF000000367,BKG000000395,PAY000000395,False,not_requested,not_requested,0.0,
REF000000368,BKG000000396,PAY000000396,False,not_requested,not_requested,0.0,
REF000000369,BKG000000397,PAY000000397,False,not_requested,not_requested,0.0,
REF000000370,BKG000000398,PAY000000398,False,not_requested,not_requested,0.0,
REF000000371,BKG000000399,PAY000000399,False,not_requested,not_requested,0.0,
REF000000372,BKG000000400,PAY000000400,False,not_requested,not_requested,0.0,
REF000000373,BKG000000401,PAY000000401,False,not_requested,not_requested,0.0,
REF000000374,BKG000000403,PAY000000403,False,not_requested,not_requested,0.0,
REF000000375,BKG000000404,PAY000000404,False,not_requested,not_requested,0.0,
REF000000376,BKG000000405,PAY000000405,False,not_requested,not_requested,0.0,
REF000000377,BKG000000406,PAY000000406,False,not_requested,not_requested,0.0,
REF000000378,BKG000000407,PAY000000407,False,not_requested,not_requested,0.0,
REF000000379,BKG000000408,PAY000000408,False,not_requested,not_requested,0.0,
REF000000380,BKG000000409,PAY000000409,True,rejected,customer_cancelled,0.0,2013-02-11 13:23:09
REF000000381,BKG000000410,PAY000000410,False,not_requested,not_requested,0.0,
REF000000382,BKG000000411,PAY000000411,False,not_requested,not_requested,0.0,
REF000000383,BKG000000412,PAY000000412,False,not_requested,not_requested,0.0,
REF000000384,BKG000000414,PAY000000414,False,not_requested,not_requested,0.0,
REF000000385,BKG000000415,PAY000000415,False,not_requested,not_requested,0.0,
REF000000386,BKG000000416,PAY000000416,False,not_requested,not_requested,0.0,
REF000000387,BKG000000418,PAY000000418,False,not_requested,not_requested,0.0,
REF000000388,BKG000000419,PAY000000419,False,not_requested,not_requested,0.0,
REF000000389,BKG000000420,PAY000000420,False,not_requested,not_requested,0.0,
REF000000390,BKG000000421,PAY000000421,False,not_requested,not_requested,0.0,
REF000000391,BKG000000423,PAY000000423,False,not_requested,not_requested,0.0,
REF000000392,BKG000000424,PAY000000424,False,not_requested,not_requested,0.0,
REF000000393,BKG000000425,PAY000000425,False,not_requested,not_requested,0.0,
REF000000394,BKG000000426,PAY000000426,False,not_requested,not_requested,0.0,
REF000000395,BKG000000427,PAY000000427,False,not_requested,not_requested,0.0,
REF000000396,BKG000000428,PAY000000428,False,not_requested,not_requested,0.0,
REF000000397,BKG000000429,PAY000000429,False,not_requested,not_requested,0.0,
REF000000398,BKG000000430,PAY000000430,False,not_requested,not_requested,0.0,
REF000000399,BKG000000431,PAY000000431,False,not_requested,not_requested,0.0,
REF000000400,BKG000000432,PAY000000432,False,not_requested,not_requested,0.0,
REF000000401,BKG000000433,PAY000000433,False,not_requested,not_requested,0.0,
REF000000402,BKG000000434,PAY000000434,False,not_requested,not_requested,0.0,
REF000000403,BKG000000435,PAY000000435,False,not_requested,not_requested,0.0,
REF000000404,BKG000000436,PAY000000436,False,not_requested,not_requested,0.0,
REF000000405,BKG000000437,PAY000000437,False,not_requested,not_requested,0.0,
REF000000406,BKG000000438,PAY000000438,False,not_requested,not_requested,0.0,
REF000000407,BKG000000439,PAY000000439,False,not_requested,not_requested,0.0,
REF000000408,BKG000000440,PAY000000440,False,not_requested,not_requested,0.0,
REF000000409,BKG000000441,PAY000000441,False,not_requested,not_requested,0.0,
REF000000410,BKG000000443,PAY000000443,False,not_requested,not_requested,0.0,
REF000000411,BKG000000444,PAY000000444,False,not_requested,not_requested,0.0,
REF000000412,BKG000000445,PAY000000445,False,not_requested,not_requested,0.0,
REF000000413,BKG000000446,PAY000000446,False,not_requested,not_requested,0.0,
REF000000414,BKG000000448,PAY000000448,True,approved,ticketing_failure,302.48,2013-08-23 15:38:42
REF000000415,BKG000000449,PAY000000449,False,not_requested,not_requested,0.0,
REF000000416,BKG000000450,PAY000000450,False,not_requested,not_requested,0.0,
REF000000417,BKG000000451,PAY000000451,False,not_requested,not_requested,0.0,
REF000000418,BKG000000452,PAY000000452,False,not_requested,not_requested,0.0,
REF000000419,BKG000000453,PAY000000453,True,approved,ticketing_failure,125.59,2013-03-07 15:25:19
REF000000420,BKG000000454,PAY000000454,False,not_requested,not_requested,0.0,
REF000000421,BKG000000455,PAY000000455,False,not_requested,not_requested,0.0,
REF000000422,BKG000000456,PAY000000456,False,not_requested,not_requested,0.0,
REF000000423,BKG000000457,PAY000000457,False,not_requested,not_requested,0.0,
REF000000424,BKG000000458,PAY000000458,False,not_requested,not_requested,0.0,
REF000000425,BKG000000459,PAY000000459,False,not_requested,not_requested,0.0,
REF000000426,BKG000000460,PAY000000460,False,not_requested,not_requested,0.0,
REF000000427,BKG000000461,PAY000000461,False,not_requested,not_requested,0.0,
REF000000428,BKG000000462,PAY000000462,False,not_requested,not_requested,0.0,
REF000000429,BKG000000463,PAY000000463,False,not_requested,not_requested,0.0,
REF000000430,BKG000000464,PAY000000464,False,not_requested,not_requested,0.0,
REF000000431,BKG000000465,PAY000000465,False,not_requested,not_requested,0.0,
REF000000432,BKG000000466,PAY000000466,False,not_requested,not_requested,0.0,
REF000000433,BKG000000467,PAY000000467,False,not_requested,not_requested,0.0,
REF000000434,BKG000000468,PAY000000468,True,approved,customer_cancelled,120.31,2013-06-05 04:58:41
REF000000435,BKG000000469,PAY000000469,False,not_requested,not_requested,0.0,
REF000000436,BKG000000472,PAY000000472,False,not_requested,not_requested,0.0,
REF000000437,BKG000000474,PAY000000474,False,not_requested,not_requested,0.0,
REF000000438,BKG000000475,PAY000000475,False,not_requested,not_requested,0.0,
REF000000439,BKG000000476,PAY000000476,False,not_requested,not_requested,0.0,
REF000000440,BKG000000478,PAY000000478,True,rejected,airline_schedule_change,0.0,2014-04-25 08:37:23
REF000000441,BKG000000479,PAY000000479,False,not_requested,not_requested,0.0,
REF000000442,BKG000000480,PAY000000480,False,not_requested,not_requested,0.0,
REF000000443,BKG000000482,PAY000000482,False,not_requested,not_requested,0.0,
REF000000444,BKG000000483,PAY000000483,False,not_requested,not_requested,0.0,
REF000000445,BKG000000484,PAY000000484,False,not_requested,not_requested,0.0,
REF000000446,BKG000000485,PAY000000485,False,not_requested,not_requested,0.0,
REF000000447,BKG000000486,PAY000000486,False,not_requested,not_requested,0.0,
REF000000448,BKG000000487,PAY000000487,False,not_requested,not_requested,0.0,
REF000000449,BKG000000488,PAY000000488,False,not_requested,not_requested,0.0,
REF000000450,BKG000000489,PAY000000489,False,not_requested,not_requested,0.0,
REF000000451,BKG000000491,PAY000000491,False,not_requested,not_requested,0.0,
REF000000452,BKG000000492,PAY000000492,False,not_requested,not_requested,0.0,
REF000000453,BKG000000493,PAY000000493,False,not_requested,not_requested,0.0,
REF000000454,BKG000000494,PAY000000494,False,not_requested,not_requested,0.0,
REF000000455,BKG000000496,PAY000000496,False,not_requested,not_requested,0.0,
REF000000456,BKG000000498,PAY000000498,False,not_requested,not_requested,0.0,
REF000000457,BKG000000499,PAY000000499,False,not_requested,not_requested,0.0,
REF000000458,BKG000000501,PAY000000501,False,not_requested,not_requested,0.0,
REF000000459,BKG000000502,PAY000000502,False,not_requested,not_requested,0.0,
REF000000460,BKG000000503,PAY000000503,False,not_requested,not_requested,0.0,
REF000000461,BKG000000504,PAY000000504,False,not_requested,not_requested,0.0,
REF000000462,BKG000000505,PAY000000505,False,not_requested,not_requested,0.0,
REF000000463,BKG000000506,PAY000000506,False,not_requested,not_requested,0.0,
REF000000464,BKG000000507,PAY000000507,False,not_requested,not_requested,0.0,
REF000000465,BKG000000508,PAY000000508,False,not_requested,not_requested,0.0,
REF000000466,BKG000000509,PAY000000509,False,not_requested,not_requested,0.0,
REF000000467,BKG000000510,PAY000000510,True,approved,ticketing_failure,418.0,2014-04-01 20:33:39
REF000000468,BKG000000511,PAY000000511,False,not_requested,not_requested,0.0,
REF000000469,BKG000000512,PAY000000512,False,not_requested,not_requested,0.0,
REF000000470,BKG000000514,PAY000000514,False,not_requested,not_requested,0.0,
REF000000471,BKG000000515,PAY000000515,False,not_requested,not_requested,0.0,
REF000000472,BKG000000516,PAY000000516,False,not_requested,not_requested,0.0,
REF000000473,BKG000000517,PAY000000517,False,not_requested,not_requested,0.0,
REF000000474,BKG000000518,PAY000000518,False,not_requested,not_requested,0.0,
REF000000475,BKG000000519,PAY000000519,True,approved,customer_cancelled,260.64,2014-11-28 20:37:54
REF000000476,BKG000000520,PAY000000520,False,not_requested,not_requested,0.0,
REF000000477,BKG000000521,PAY000000521,False,not_requested,not_requested,0.0,
REF000000478,BKG000000522,PAY000000522,False,not_requested,not_requested,0.0,
REF000000479,BKG000000523,PAY000000523,False,not_requested,not_requested,0.0,
REF000000480,BKG000000524,PAY000000524,False,not_requested,not_requested,0.0,
REF000000481,BKG000000525,PAY000000525,False,not_requested,not_requested,0.0,
REF000000482,BKG000000526,PAY000000526,False,not_requested,not_requested,0.0,
REF000000483,BKG000000527,PAY000000527,False,not_requested,not_requested,0.0,
REF000000484,BKG000000528,PAY000000528,False,not_requested,not_requested,0.0,
REF000000485,BKG000000529,PAY000000529,False,not_requested,not_requested,0.0,
REF000000486,BKG000000530,PAY000000530,False,not_requested,not_requested,0.0,
REF000000487,BKG000000531,PAY000000531,False,not_requested,not_requested,0.0,
REF000000488,BKG000000532,PAY000000532,False,not_requested,not_requested,0.0,
REF000000489,BKG000000533,PAY000000533,False,not_requested,not_requested,0.0,
REF000000490,BKG000000534,PAY000000534,False,not_requested,not_requested,0.0,
REF000000491,BKG000000535,PAY000000535,False,not_requested,not_requested,0.0,
REF000000492,BKG000000536,PAY000000536,False,not_requested,not_requested,0.0,
REF000000493,BKG000000537,PAY000000537,False,not_requested,not_requested,0.0,
REF000000494,BKG000000538,PAY000000538,False,not_requested,not_requested,0.0,
REF000000495,BKG000000539,PAY000000539,False,not_requested,not_requested,0.0,
REF000000496,BKG000000540,PAY000000540,False,not_requested,not_requested,0.0,
REF000000497,BKG000000541,PAY000000541,False,not_requested,not_requested,0.0,
REF000000498,BKG000000542,PAY000000542,True,approved,duplicate_booking,149.86,2015-01-23 12:53:50
REF000000499,BKG000000543,PAY000000543,False,not_requested,not_requested,0.0,
REF000000500,BKG000000544,PAY000000544,False,not_requested,not_requested,0.0,
REF000000501,BKG000000545,PAY000000545,False,not_requested,not_requested,0.0,
REF000000502,BKG000000547,PAY000000547,False,not_requested,not_requested,0.0,
REF000000503,BKG000000548,PAY000000548,False,not_requested,not_requested,0.0,
REF000000504,BKG000000549,PAY000000549,False,not_requested,not_requested,0.0,
REF000000505,BKG000000550,PAY000000550,False,not_requested,not_requested,0.0,
REF000000506,BKG000000551,PAY000000551,False,not_requested,not_requested,0.0,
REF000000507,BKG000000552,PAY000000552,False,not_requested,not_requested,0.0,
REF000000508,BKG000000553,PAY000000553,False,not_requested,not_requested,0.0,
REF000000509,BKG000000554,PAY000000554,False,not_requested,not_requested,0.0,
REF000000510,BKG000000555,PAY000000555,False,not_requested,not_requested,0.0,
REF000000511,BKG000000556,PAY000000556,False,not_requested,not_requested,0.0,
REF000000512,BKG000000557,PAY000000557,True,pending,customer_cancelled,329.51,2014-04-10 12:29:45
REF000000513,BKG000000558,PAY000000558,False,not_requested,not_requested,0.0,
REF000000514,BKG000000559,PAY000000559,False,not_requested,not_requested,0.0,
REF000000515,BKG000000560,PAY000000560,False,not_requested,not_requested,0.0,
REF000000516,BKG000000561,PAY000000561,False,not_requested,not_requested,0.0,
REF000000517,BKG000000562,PAY000000562,False,not_requested,not_requested,0.0,
REF000000518,BKG000000563,PAY000000563,False,not_requested,not_requested,0.0,
REF000000519,BKG000000564,PAY000000564,False,not_requested,not_requested,0.0,
REF000000520,BKG000000565,PAY000000565,False,not_requested,not_requested,0.0,
REF000000521,BKG000000566,PAY000000566,False,not_requested,not_requested,0.0,
REF000000522,BKG000000567,PAY000000567,False,not_requested,not_requested,0.0,
REF000000523,BKG000000568,PAY000000568,False,not_requested,not_requested,0.0,
REF000000524,BKG000000569,PAY000000569,False,not_requested,not_requested,0.0,
REF000000525,BKG000000570,PAY000000570,False,not_requested,not_requested,0.0,
REF000000526,BKG000000571,PAY000000571,False,not_requested,not_requested,0.0,
REF000000527,BKG000000572,PAY000000572,False,not_requested,not_requested,0.0,
REF000000528,BKG000000573,PAY000000573,False,not_requested,not_requested,0.0,
REF000000529,BKG000000575,PAY000000575,True,approved,ticketing_failure,185.46,2014-10-07 12:50:31
REF000000530,BKG000000576,PAY000000576,False,not_requested,not_requested,0.0,
REF000000531,BKG000000577,PAY000000577,True,approved,airline_schedule_change,235.12,2014-11-26 17:52:21
REF000000532,BKG000000578,PAY000000578,False,not_requested,not_requested,0.0,
REF000000533,BKG000000579,PAY000000579,False,not_requested,not_requested,0.0,
REF000000534,BKG000000580,PAY000000580,False,not_requested,not_requested,0.0,
REF000000535,BKG000000581,PAY000000581,False,not_requested,not_requested,0.0,
REF000000536,BKG000000582,PAY000000582,False,not_requested,not_requested,0.0,
REF000000537,BKG000000583,PAY000000583,False,not_requested,not_requested,0.0,
REF000000538,BKG000000584,PAY000000584,False,not_requested,not_requested,0.0,
REF000000539,BKG000000585,PAY000000585,False,not_requested,not_requested,0.0,
REF000000540,BKG000000586,PAY000000586,False,not_requested,not_requested,0.0,
REF000000541,BKG000000587,PAY000000587,False,not_requested,not_requested,0.0,
REF000000542,BKG000000588,PAY000000588,False,not_requested,not_requested,0.0,
REF000000543,BKG000000589,PAY000000589,False,not_requested,not_requested,0.0,
REF000000544,BKG000000590,PAY000000590,False,not_requested,not_requested,0.0,
REF000000545,BKG000000591,PAY000000591,False,not_requested,not_requested,0.0,
REF000000546,BKG000000592,PAY000000592,False,not_requested,not_requested,0.0,
REF000000547,BKG000000593,PAY000000593,False,not_requested,not_requested,0.0,
REF000000548,BKG000000594,PAY000000594,False,not_requested,not_requested,0.0,
REF000000549,BKG000000595,PAY000000595,False,not_requested,not_requested,0.0,
REF000000550,BKG000000596,PAY000000596,False,not_requested,not_requested,0.0,
REF000000551,BKG000000597,PAY000000597,False,not_requested,not_requested,0.0,
REF000000552,BKG000000598,PAY000000598,False,not_requested,not_requested,0.0,
REF000000553,BKG000000599,PAY000000599,False,not_requested,not_requested,0.0,
REF000000554,BKG000000600,PAY000000600,False,not_requested,not_requested,0.0,
REF000000555,BKG000000601,PAY000000601,False,not_requested,not_requested,0.0,
REF000000556,BKG000000602,PAY000000602,False,not_requested,not_requested,0.0,
REF000000557,BKG000000604,PAY000000604,False,not_requested,not_requested,0.0,
REF000000558,BKG000000605,PAY000000605,False,not_requested,not_requested,0.0,
REF000000559,BKG000000606,PAY000000606,False,not_requested,not_requested,0.0,
REF000000560,BKG000000607,PAY000000607,False,not_requested,not_requested,0.0,
REF000000561,BKG000000608,PAY000000608,False,not_requested,not_requested,0.0,
REF000000562,BKG000000609,PAY000000609,True,approved,payment_dispute,89.18,2014-03-13 12:41:59
REF000000563,BKG000000610,PAY000000610,False,not_requested,not_requested,0.0,
REF000000564,BKG000000611,PAY000000611,False,not_requested,not_requested,0.0,
REF000000565,BKG000000612,PAY000000612,False,not_requested,not_requested,0.0,
REF000000566,BKG000000613,PAY000000613,False,not_requested,not_requested,0.0,
REF000000567,BKG000000614,PAY000000614,False,not_requested,not_requested,0.0,
REF000000568,BKG000000615,PAY000000615,True,rejected,customer_cancelled,0.0,2014-10-29 15:57:36
REF000000569,BKG000000617,PAY000000617,False,not_requested,not_requested,0.0,
REF000000570,BKG000000618,PAY000000618,False,not_requested,not_requested,0.0,
REF000000571,BKG000000619,PAY000000619,False,not_requested,not_requested,0.0,
REF000000572,BKG000000620,PAY000000620,True,rejected,payment_dispute,0.0,2013-07-28 04:18:20
REF000000573,BKG000000622,PAY000000622,False,not_requested,not_requested,0.0,
REF000000574,BKG000000623,PAY000000623,False,not_requested,not_requested,0.0,
REF000000575,BKG000000624,PAY000000624,False,not_requested,not_requested,0.0,
REF000000576,BKG000000625,PAY000000625,False,not_requested,not_requested,0.0,
REF000000577,BKG000000626,PAY000000626,False,not_requested,not_requested,0.0,
REF000000578,BKG000000627,PAY000000627,False,not_requested,not_requested,0.0,
REF000000579,BKG000000629,PAY000000629,False,not_requested,not_requested,0.0,
REF000000580,BKG000000630,PAY000000630,False,not_requested,not_requested,0.0,
REF000000581,BKG000000631,PAY000000631,False,not_requested,not_requested,0.0,
REF000000582,BKG000000632,PAY000000632,False,not_requested,not_requested,0.0,
REF000000583,BKG000000633,PAY000000633,False,not_requested,not_requested,0.0,
REF000000584,BKG000000634,PAY000000634,False,not_requested,not_requested,0.0,
REF000000585,BKG000000635,PAY000000635,True,approved,ticketing_failure,1154.07,2013-05-09 20:42:29
REF000000586,BKG000000636,PAY000000636,False,not_requested,not_requested,0.0,
REF000000587,BKG000000637,PAY000000637,False,not_requested,not_requested,0.0,
REF000000588,BKG000000638,PAY000000638,False,not_requested,not_requested,0.0,
REF000000589,BKG000000639,PAY000000639,False,not_requested,not_requested,0.0,
REF000000590,BKG000000640,PAY000000640,False,not_requested,not_requested,0.0,
REF000000591,BKG000000641,PAY000000641,False,not_requested,not_requested,0.0,
REF000000592,BKG000000642,PAY000000642,False,not_requested,not_requested,0.0,
REF000000593,BKG000000643,PAY000000643,True,approved,ticketing_failure,179.56,2013-05-21 09:00:34
REF000000594,BKG000000644,PAY000000644,False,not_requested,not_requested,0.0,
REF000000595,BKG000000645,PAY000000645,True,approved,payment_dispute,241.58,2015-02-10 13:00:59
REF000000596,BKG000000646,PAY000000646,False,not_requested,not_requested,0.0,
REF000000597,BKG000000647,PAY000000647,False,not_requested,not_requested,0.0,
REF000000598,BKG000000648,PAY000000648,False,not_requested,not_requested,0.0,
REF000000599,BKG000000652,PAY000000652,False,not_requested,not_requested,0.0,
REF000000600,BKG000000654,PAY000000654,False,not_requested,not_requested,0.0,
REF000000601,BKG000000655,PAY000000655,False,not_requested,not_requested,0.0,
REF000000602,BKG000000657,PAY000000657,False,not_requested,not_requested,0.0,
REF000000603,BKG000000658,PAY000000658,False,not_requested,not_requested,0.0,
REF000000604,BKG000000659,PAY000000659,False,not_requested,not_requested,0.0,
REF000000605,BKG000000660,PAY000000660,False,not_requested,not_requested,0.0,
REF000000606,BKG000000661,PAY000000661,False,not_requested,not_requested,0.0,
REF000000607,BKG000000662,PAY000000662,False,not_requested,not_requested,0.0,
REF000000608,BKG000000663,PAY000000663,False,not_requested,not_requested,0.0,
REF000000609,BKG000000664,PAY000000664,False,not_requested,not_requested,0.0,
REF000000610,BKG000000665,PAY000000665,False,not_requested,not_requested,0.0,
REF000000611,BKG000000666,PAY000000666,False,not_requested,not_requested,0.0,
REF000000612,BKG000000667,PAY000000667,False,not_requested,not_requested,0.0,
REF000000613,BKG000000668,PAY000000668,False,not_requested,not_requested,0.0,
REF000000614,BKG000000669,PAY000000669,False,not_requested,not_requested,0.0,
REF000000615,BKG000000670,PAY000000670,False,not_requested,not_requested,0.0,
REF000000616,BKG000000671,PAY000000671,False,not_requested,not_requested,0.0,
REF000000617,BKG000000672,PAY000000672,False,not_requested,not_requested,0.0,
REF000000618,BKG000000674,PAY000000674,False,not_requested,not_requested,0.0,
REF000000619,BKG000000675,PAY000000675,False,not_requested,not_requested,0.0,
REF000000620,BKG000000676,PAY000000676,False,not_requested,not_requested,0.0,
REF000000621,BKG000000677,PAY000000677,False,not_requested,not_requested,0.0,
REF000000622,BKG000000678,PAY000000678,False,not_requested,not_requested,0.0,
REF000000623,BKG000000679,PAY000000679,False,not_requested,not_requested,0.0,
REF000000624,BKG000000680,PAY000000680,False,not_requested,not_requested,0.0,
REF000000625,BKG000000681,PAY000000681,False,not_requested,not_requested,0.0,
REF000000626,BKG000000682,PAY000000682,False,not_requested,not_requested,0.0,
REF000000627,BKG000000683,PAY000000683,False,not_requested,not_requested,0.0,
REF000000628,BKG000000684,PAY000000684,False,not_requested,not_requested,0.0,
REF000000629,BKG000000685,PAY000000685,True,approved,airline_schedule_change,195.83,2013-07-24 21:15:19
REF000000630,BKG000000686,PAY000000686,True,approved,ticketing_failure,292.18,2014-11-09 12:03:17
REF000000631,BKG000000687,PAY000000687,False,not_requested,not_requested,0.0,
REF000000632,BKG000000688,PAY000000688,False,not_requested,not_requested,0.0,
REF000000633,BKG000000689,PAY000000689,False,not_requested,not_requested,0.0,
REF000000634,BKG000000690,PAY000000690,False,not_requested,not_requested,0.0,
REF000000635,BKG000000691,PAY000000691,False,not_requested,not_requested,0.0,
REF000000636,BKG000000692,PAY000000692,False,not_requested,not_requested,0.0,
REF000000637,BKG000000693,PAY000000693,False,not_requested,not_requested,0.0,
REF000000638,BKG000000694,PAY000000694,False,not_requested,not_requested,0.0,
REF000000639,BKG000000695,PAY000000695,False,not_requested,not_requested,0.0,
REF000000640,BKG000000696,PAY000000696,False,not_requested,not_requested,0.0,
REF000000641,BKG000000698,PAY000000698,False,not_requested,not_requested,0.0,
REF000000642,BKG000000699,PAY000000699,False,not_requested,not_requested,0.0,
REF000000643,BKG000000700,PAY000000700,False,not_requested,not_requested,0.0,
REF000000644,BKG000000701,PAY000000701,False,not_requested,not_requested,0.0,
REF000000645,BKG000000702,PAY000000702,False,not_requested,not_requested,0.0,
REF000000646,BKG000000703,PAY000000703,False,not_requested,not_requested,0.0,
REF000000647,BKG000000705,PAY000000705,False,not_requested,not_requested,0.0,
REF000000648,BKG000000706,PAY000000706,False,not_requested,not_requested,0.0,
REF000000649,BKG000000707,PAY000000707,False,not_requested,not_requested,0.0,
REF000000650,BKG000000708,PAY000000708,False,not_requested,not_requested,0.0,
REF000000651,BKG000000709,PAY000000709,False,not_requested,not_requested,0.0,
REF000000652,BKG000000710,PAY000000710,False,not_requested,not_requested,0.0,
REF000000653,BKG000000711,PAY000000711,True,approved,customer_cancelled,95.19,2014-04-14 12:13:01
REF000000654,BKG000000712,PAY000000712,False,not_requested,not_requested,0.0,
REF000000655,BKG000000713,PAY000000713,False,not_requested,not_requested,0.0,
REF000000656,BKG000000714,PAY000000714,False,not_requested,not_requested,0.0,
REF000000657,BKG000000715,PAY000000715,False,not_requested,not_requested,0.0,
REF000000658,BKG000000716,PAY000000716,False,not_requested,not_requested,0.0,
REF000000659,BKG000000718,PAY000000718,False,not_requested,not_requested,0.0,
REF000000660,BKG000000719,PAY000000719,False,not_requested,not_requested,0.0,
REF000000661,BKG000000720,PAY000000720,False,not_requested,not_requested,0.0,
REF000000662,BKG000000721,PAY000000721,False,not_requested,not_requested,0.0,
REF000000663,BKG000000722,PAY000000722,True,approved,customer_cancelled,406.23,2014-05-22 12:33:48
REF000000664,BKG000000723,PAY000000723,False,not_requested,not_requested,0.0,
REF000000665,BKG000000724,PAY000000724,False,not_requested,not_requested,0.0,
REF000000666,BKG000000725,PAY000000725,False,not_requested,not_requested,0.0,
REF000000667,BKG000000726,PAY000000726,False,not_requested,not_requested,0.0,
REF000000668,BKG000000727,PAY000000727,False,not_requested,not_requested,0.0,
REF000000669,BKG000000729,PAY000000729,False,not_requested,not_requested,0.0,
REF000000670,BKG000000730,PAY000000730,False,not_requested,not_requested,0.0,
REF000000671,BKG000000731,PAY000000731,False,not_requested,not_requested,0.0,
REF000000672,BKG000000732,PAY000000732,False,not_requested,not_requested,0.0,
REF000000673,BKG000000733,PAY000000733,False,not_requested,not_requested,0.0,
REF000000674,BKG000000734,PAY000000734,False,not_requested,not_requested,0.0,
REF000000675,BKG000000735,PAY000000735,False,not_requested,not_requested,0.0,
REF000000676,BKG000000736,PAY000000736,False,not_requested,not_requested,0.0,
REF000000677,BKG000000737,PAY000000737,False,not_requested,not_requested,0.0,
REF000000678,BKG000000738,PAY000000738,False,not_requested,not_requested,0.0,
REF000000679,BKG000000739,PAY000000739,False,not_requested,not_requested,0.0,
REF000000680,BKG000000740,PAY000000740,False,not_requested,not_requested,0.0,
REF000000681,BKG000000741,PAY000000741,False,not_requested,not_requested,0.0,
REF000000682,BKG000000742,PAY000000742,False,not_requested,not_requested,0.0,
REF000000683,BKG000000743,PAY000000743,False,not_requested,not_requested,0.0,
REF000000684,BKG000000744,PAY000000744,False,not_requested,not_requested,0.0,
REF000000685,BKG000000746,PAY000000746,True,approved,duplicate_booking,507.97,2015-01-17 21:42:21
REF000000686,BKG000000747,PAY000000747,False,not_requested,not_requested,0.0,
REF000000687,BKG000000748,PAY000000748,False,not_requested,not_requested,0.0,
REF000000688,BKG000000749,PAY000000749,False,not_requested,not_requested,0.0,
REF000000689,BKG000000750,PAY000000750,False,not_requested,not_requested,0.0,
REF000000690,BKG000000751,PAY000000751,False,not_requested,not_requested,0.0,
REF000000691,BKG000000752,PAY000000752,False,not_requested,not_requested,0.0,
REF000000692,BKG000000753,PAY000000753,False,not_requested,not_requested,0.0,
REF000000693,BKG000000754,PAY000000754,False,not_requested,not_requested,0.0,
REF000000694,BKG000000756,PAY000000756,False,not_requested,not_requested,0.0,
REF000000695,BKG000000757,PAY000000757,False,not_requested,not_requested,0.0,
REF000000696,BKG000000758,PAY000000758,False,not_requested,not_requested,0.0,
REF000000697,BKG000000759,PAY000000759,False,not_requested,not_requested,0.0,
REF000000698,BKG000000760,PAY000000760,False,not_requested,not_requested,0.0,
REF000000699,BKG000000761,PAY000000761,False,not_requested,not_requested,0.0,
REF000000700,BKG000000762,PAY000000762,False,not_requested,not_requested,0.0,
REF000000701,BKG000000763,PAY000000763,False,not_requested,not_requested,0.0,
REF000000702,BKG000000764,PAY000000764,False,not_requested,not_requested,0.0,
REF000000703,BKG000000765,PAY000000765,False,not_requested,not_requested,0.0,
REF000000704,BKG000000766,PAY000000766,False,not_requested,not_requested,0.0,
REF000000705,BKG000000767,PAY000000767,False,not_requested,not_requested,0.0,
REF000000706,BKG000000768,PAY000000768,False,not_requested,not_requested,0.0,
REF000000707,BKG000000769,PAY000000769,False,not_requested,not_requested,0.0,
REF000000708,BKG000000770,PAY000000770,False,not_requested,not_requested,0.0,
REF000000709,BKG000000771,PAY000000771,False,not_requested,not_requested,0.0,
REF000000710,BKG000000772,PAY000000772,False,not_requested,not_requested,0.0,
REF000000711,BKG000000773,PAY000000773,False,not_requested,not_requested,0.0,
REF000000712,BKG000000774,PAY000000774,False,not_requested,not_requested,0.0,
REF000000713,BKG000000775,PAY000000775,True,approved,customer_cancelled,279.82,2015-01-04 16:54:55
REF000000714,BKG000000776,PAY000000776,False,not_requested,not_requested,0.0,
REF000000715,BKG000000777,PAY000000777,False,not_requested,not_requested,0.0,
REF000000716,BKG000000778,PAY000000778,False,not_requested,not_requested,0.0,
REF000000717,BKG000000779,PAY000000779,False,not_requested,not_requested,0.0,
REF000000718,BKG000000780,PAY000000780,False,not_requested,not_requested,0.0,
REF000000719,BKG000000781,PAY000000781,False,not_requested,not_requested,0.0,
REF000000720,BKG000000782,PAY000000782,False,not_requested,not_requested,0.0,
REF000000721,BKG000000783,PAY000000783,False,not_requested,not_requested,0.0,
REF000000722,BKG000000784,PAY000000784,False,not_requested,not_requested,0.0,
REF000000723,BKG000000785,PAY000000785,False,not_requested,not_requested,0.0,
REF000000724,BKG000000786,PAY000000786,False,not_requested,not_requested,0.0,
REF000000725,BKG000000787,PAY000000787,True,approved,airline_schedule_change,90.0,2014-11-19 20:03:07
REF000000726,BKG000000788,PAY000000788,False,not_requested,not_requested,0.0,
REF000000727,BKG000000789,PAY000000789,False,not_requested,not_requested,0.0,
REF000000728,BKG000000790,PAY000000790,False,not_requested,not_requested,0.0,
REF000000729,BKG000000791,PAY000000791,False,not_requested,not_requested,0.0,
REF000000730,BKG000000792,PAY000000792,True,approved,customer_cancelled,523.22,2013-01-13 14:39:42
REF000000731,BKG000000793,PAY000000793,False,not_requested,not_requested,0.0,
REF000000732,BKG000000795,PAY000000795,False,not_requested,not_requested,0.0,
REF000000733,BKG000000796,PAY000000796,False,not_requested,not_requested,0.0,
REF000000734,BKG000000797,PAY000000797,False,not_requested,not_requested,0.0,
REF000000735,BKG000000798,PAY000000798,False,not_requested,not_requested,0.0,
REF000000736,BKG000000799,PAY000000799,False,not_requested,not_requested,0.0,
REF000000737,BKG000000800,PAY000000800,False,not_requested,not_requested,0.0,
REF000000738,BKG000000802,PAY000000802,False,not_requested,not_requested,0.0,
REF000000739,BKG000000803,PAY000000803,False,not_requested,not_requested,0.0,
REF000000740,BKG000000804,PAY000000804,False,not_requested,not_requested,0.0,
REF000000741,BKG000000805,PAY000000805,False,not_requested,not_requested,0.0,
REF000000742,BKG000000806,PAY000000806,False,not_requested,not_requested,0.0,
REF000000743,BKG000000807,PAY000000807,False,not_requested,not_requested,0.0,
REF000000744,BKG000000808,PAY000000808,False,not_requested,not_requested,0.0,
REF000000745,BKG000000809,PAY000000809,False,not_requested,not_requested,0.0,
REF000000746,BKG000000810,PAY000000810,False,not_requested,not_requested,0.0,
REF000000747,BKG000000811,PAY000000811,False,not_requested,not_requested,0.0,
REF000000748,BKG000000812,PAY000000812,True,approved,airline_schedule_change,435.14,2014-03-17 21:55:32
REF000000749,BKG000000813,PAY000000813,False,not_requested,not_requested,0.0,
REF000000750,BKG000000815,PAY000000815,False,not_requested,not_requested,0.0,
REF000000751,BKG000000816,PAY000000816,False,not_requested,not_requested,0.0,
REF000000752,BKG000000817,PAY000000817,False,not_requested,not_requested,0.0,
REF000000753,BKG000000818,PAY000000818,False,not_requested,not_requested,0.0,
REF000000754,BKG000000820,PAY000000820,False,not_requested,not_requested,0.0,
REF000000755,BKG000000821,PAY000000821,False,not_requested,not_requested,0.0,
REF000000756,BKG000000822,PAY000000822,False,not_requested,not_requested,0.0,
REF000000757,BKG000000823,PAY000000823,False,not_requested,not_requested,0.0,
REF000000758,BKG000000824,PAY000000824,False,not_requested,not_requested,0.0,
REF000000759,BKG000000825,PAY000000825,False,not_requested,not_requested,0.0,
REF000000760,BKG000000826,PAY000000826,False,not_requested,not_requested,0.0,
REF000000761,BKG000000827,PAY000000827,False,not_requested,not_requested,0.0,
REF000000762,BKG000000828,PAY000000828,True,rejected,duplicate_booking,0.0,2013-08-02 21:39:01
REF000000763,BKG000000829,PAY000000829,False,not_requested,not_requested,0.0,
REF000000764,BKG000000830,PAY000000830,False,not_requested,not_requested,0.0,
REF000000765,BKG000000831,PAY000000831,False,not_requested,not_requested,0.0,
REF000000766,BKG000000832,PAY000000832,False,not_requested,not_requested,0.0,
REF000000767,BKG000000833,PAY000000833,False,not_requested,not_requested,0.0,
REF000000768,BKG000000835,PAY000000835,False,not_requested,not_requested,0.0,
REF000000769,BKG000000836,PAY000000836,False,not_requested,not_requested,0.0,
REF000000770,BKG000000837,PAY000000837,False,not_requested,not_requested,0.0,
REF000000771,BKG000000838,PAY000000838,False,not_requested,not_requested,0.0,
REF000000772,BKG000000839,PAY000000839,False,not_requested,not_requested,0.0,
REF000000773,BKG000000840,PAY000000840,False,not_requested,not_requested,0.0,
REF000000774,BKG000000841,PAY000000841,False,not_requested,not_requested,0.0,
REF000000775,BKG000000842,PAY000000842,False,not_requested,not_requested,0.0,
REF000000776,BKG000000843,PAY000000843,False,not_requested,not_requested,0.0,
REF000000777,BKG000000844,PAY000000844,False,not_requested,not_requested,0.0,
REF000000778,BKG000000845,PAY000000845,False,not_requested,not_requested,0.0,
REF000000779,BKG000000846,PAY000000846,False,not_requested,not_requested,0.0,
REF000000780,BKG000000847,PAY000000847,False,not_requested,not_requested,0.0,
REF000000781,BKG000000848,PAY000000848,False,not_requested,not_requested,0.0,
REF000000782,BKG000000849,PAY000000849,False,not_requested,not_requested,0.0,
REF000000783,BKG000000850,PAY000000850,False,not_requested,not_requested,0.0,
REF000000784,BKG000000851,PAY000000851,False,not_requested,not_requested,0.0,
REF000000785,BKG000000852,PAY000000852,False,not_requested,not_requested,0.0,
REF000000786,BKG000000853,PAY000000853,False,not_requested,not_requested,0.0,
REF000000787,BKG000000854,PAY000000854,False,not_requested,not_requested,0.0,
REF000000788,BKG000000855,PAY000000855,False,not_requested,not_requested,0.0,
REF000000789,BKG000000856,PAY000000856,False,not_requested,not_requested,0.0,
REF000000790,BKG000000857,PAY000000857,False,not_requested,not_requested,0.0,
REF000000791,BKG000000858,PAY000000858,False,not_requested,not_requested,0.0,
REF000000792,BKG000000859,PAY000000859,False,not_requested,not_requested,0.0,
REF000000793,BKG000000860,PAY000000860,False,not_requested,not_requested,0.0,
REF000000794,BKG000000861,PAY000000861,False,not_requested,not_requested,0.0,
REF000000795,BKG000000862,PAY000000862,False,not_requested,not_requested,0.0,
REF000000796,BKG000000863,PAY000000863,False,not_requested,not_requested,0.0,
REF000000797,BKG000000864,PAY000000864,False,not_requested,not_requested,0.0,
REF000000798,BKG000000865,PAY000000865,False,not_requested,not_requested,0.0,
REF000000799,BKG000000866,PAY000000866,False,not_requested,not_requested,0.0,
REF000000800,BKG000000867,PAY000000867,False,not_requested,not_requested,0.0,
REF000000801,BKG000000868,PAY000000868,False,not_requested,not_requested,0.0,
REF000000802,BKG000000869,PAY000000869,False,not_requested,not_requested,0.0,
REF000000803,BKG000000870,PAY000000870,False,not_requested,not_requested,0.0,
REF000000804,BKG000000871,PAY000000871,False,not_requested,not_requested,0.0,
REF000000805,BKG000000872,PAY000000872,False,not_requested,not_requested,0.0,
REF000000806,BKG000000873,PAY000000873,False,not_requested,not_requested,0.0,
REF000000807,BKG000000875,PAY000000875,False,not_requested,not_requested,0.0,
REF000000808,BKG000000876,PAY000000876,False,not_requested,not_requested,0.0,
REF000000809,BKG000000877,PAY000000877,False,not_requested,not_requested,0.0,
REF000000810,BKG000000878,PAY000000878,False,not_requested,not_requested,0.0,
REF000000811,BKG000000879,PAY000000879,False,not_requested,not_requested,0.0,
REF000000812,BKG000000880,PAY000000880,False,not_requested,not_requested,0.0,
REF000000813,BKG000000881,PAY000000881,False,not_requested,not_requested,0.0,
REF000000814,BKG000000882,PAY000000882,False,not_requested,not_requested,0.0,
REF000000815,BKG000000883,PAY000000883,False,not_requested,not_requested,0.0,
REF000000816,BKG000000884,PAY000000884,False,not_requested,not_requested,0.0,
REF000000817,BKG000000885,PAY000000885,False,not_requested,not_requested,0.0,
REF000000818,BKG000000886,PAY000000886,False,not_requested,not_requested,0.0,
REF000000819,BKG000000887,PAY000000887,False,not_requested,not_requested,0.0,
REF000000820,BKG000000888,PAY000000888,False,not_requested,not_requested,0.0,
REF000000821,BKG000000890,PAY000000890,False,not_requested,not_requested,0.0,
REF000000822,BKG000000891,PAY000000891,False,not_requested,not_requested,0.0,
REF000000823,BKG000000892,PAY000000892,False,not_requested,not_requested,0.0,
REF000000824,BKG000000893,PAY000000893,False,not_requested,not_requested,0.0,
REF000000825,BKG000000895,PAY000000895,True,rejected,ticketing_failure,0.0,2013-09-14 05:39:35
REF000000826,BKG000000896,PAY000000896,False,not_requested,not_requested,0.0,
REF000000827,BKG000000897,PAY000000897,False,not_requested,not_requested,0.0,
REF000000828,BKG000000898,PAY000000898,False,not_requested,not_requested,0.0,
REF000000829,BKG000000899,PAY000000899,False,not_requested,not_requested,0.0,
REF000000830,BKG000000901,PAY000000901,False,not_requested,not_requested,0.0,
REF000000831,BKG000000902,PAY000000902,False,not_requested,not_requested,0.0,
REF000000832,BKG000000904,PAY000000904,False,not_requested,not_requested,0.0,
REF000000833,BKG000000905,PAY000000905,False,not_requested,not_requested,0.0,
REF000000834,BKG000000908,PAY000000908,False,not_requested,not_requested,0.0,
REF000000835,BKG000000909,PAY000000909,False,not_requested,not_requested,0.0,
REF000000836,BKG000000910,PAY000000910,False,not_requested,not_requested,0.0,
REF000000837,BKG000000911,PAY000000911,True,pending,customer_cancelled,301.19,2014-12-21 16:18:12
REF000000838,BKG000000912,PAY000000912,False,not_requested,not_requested,0.0,
REF000000839,BKG000000913,PAY000000913,False,not_requested,not_requested,0.0,
REF000000840,BKG000000914,PAY000000914,False,not_requested,not_requested,0.0,
REF000000841,BKG000000915,PAY000000915,False,not_requested,not_requested,0.0,
REF000000842,BKG000000916,PAY000000916,False,not_requested,not_requested,0.0,
REF000000843,BKG000000917,PAY000000917,False,not_requested,not_requested,0.0,
REF000000844,BKG000000918,PAY000000918,True,approved,airline_schedule_change,1822.5,2013-05-10 23:59:25
REF000000845,BKG000000920,PAY000000920,False,not_requested,not_requested,0.0,
REF000000846,BKG000000921,PAY000000921,False,not_requested,not_requested,0.0,
REF000000847,BKG000000922,PAY000000922,False,not_requested,not_requested,0.0,
REF000000848,BKG000000923,PAY000000923,False,not_requested,not_requested,0.0,
REF000000849,BKG000000924,PAY000000924,False,not_requested,not_requested,0.0,
REF000000850,BKG000000925,PAY000000925,False,not_requested,not_requested,0.0,
REF000000851,BKG000000926,PAY000000926,False,not_requested,not_requested,0.0,
REF000000852,BKG000000927,PAY000000927,False,not_requested,not_requested,0.0,
REF000000853,BKG000000928,PAY000000928,False,not_requested,not_requested,0.0,
REF000000854,BKG000000929,PAY000000929,False,not_requested,not_requested,0.0,
REF000000855,BKG000000930,PAY000000930,False,not_requested,not_requested,0.0,
REF000000856,BKG000000931,PAY000000931,False,not_requested,not_requested,0.0,
REF000000857,BKG000000932,PAY000000932,False,not_requested,not_requested,0.0,
REF000000858,BKG000000933,PAY000000933,False,not_requested,not_requested,0.0,
REF000000859,BKG000000934,PAY000000934,False,not_requested,not_requested,0.0,
REF000000860,BKG000000935,PAY000000935,False,not_requested,not_requested,0.0,
REF000000861,BKG000000936,PAY000000936,False,not_requested,not_requested,0.0,
REF000000862,BKG000000937,PAY000000937,False,not_requested,not_requested,0.0,
REF000000863,BKG000000938,PAY000000938,False,not_requested,not_requested,0.0,
REF000000864,BKG000000939,PAY000000939,False,not_requested,not_requested,0.0,
REF000000865,BKG000000940,PAY000000940,False,not_requested,not_requested,0.0,
REF000000866,BKG000000941,PAY000000941,False,not_requested,not_requested,0.0,
REF000000867,BKG000000942,PAY000000942,False,not_requested,not_requested,0.0,
REF000000868,BKG000000943,PAY000000943,False,not_requested,not_requested,0.0,
REF000000869,BKG000000944,PAY000000944,True,approved,airline_schedule_change,303.3,2013-09-08 21:54:37
REF000000870,BKG000000945,PAY000000945,False,not_requested,not_requested,0.0,
REF000000871,BKG000000946,PAY000000946,False,not_requested,not_requested,0.0,
REF000000872,BKG000000947,PAY000000947,False,not_requested,not_requested,0.0,
REF000000873,BKG000000948,PAY000000948,False,not_requested,not_requested,0.0,
REF000000874,BKG000000949,PAY000000949,True,approved,customer_cancelled,443.45,2015-01-26 08:23:35
REF000000875,BKG000000950,PAY000000950,False,not_requested,not_requested,0.0,
REF000000876,BKG000000951,PAY000000951,False,not_requested,not_requested,0.0,
REF000000877,BKG000000952,PAY000000952,False,not_requested,not_requested,0.0,
REF000000878,BKG000000953,PAY000000953,False,not_requested,not_requested,0.0,
REF000000879,BKG000000954,PAY000000954,False,not_requested,not_requested,0.0,
REF000000880,BKG000000955,PAY000000955,False,not_requested,not_requested,0.0,
REF000000881,BKG000000956,PAY000000956,False,not_requested,not_requested,0.0,
REF000000882,BKG000000957,PAY000000957,False,not_requested,not_requested,0.0,
REF000000883,BKG000000958,PAY000000958,False,not_requested,not_requested,0.0,
REF000000884,BKG000000959,PAY000000959,False,not_requested,not_requested,0.0,
REF000000885,BKG000000960,PAY000000960,False,not_requested,not_requested,0.0,
REF000000886,BKG000000961,PAY000000961,False,not_requested,not_requested,0.0,
REF000000887,BKG000000962,PAY000000962,False,not_requested,not_requested,0.0,
REF000000888,BKG000000963,PAY000000963,False,not_requested,not_requested,0.0,
REF000000889,BKG000000964,PAY000000964,False,not_requested,not_requested,0.0,
REF000000890,BKG000000966,PAY000000966,False,not_requested,not_requested,0.0,
REF000000891,BKG000000967,PAY000000967,False,not_requested,not_requested,0.0,
REF000000892,BKG000000968,PAY000000968,False,not_requested,not_requested,0.0,
REF000000893,BKG000000969,PAY000000969,False,not_requested,not_requested,0.0,
REF000000894,BKG000000970,PAY000000970,False,not_requested,not_requested,0.0,
REF000000895,BKG000000971,PAY000000971,False,not_requested,not_requested,0.0,
REF000000896,BKG000000972,PAY000000972,False,not_requested,not_requested,0.0,
REF000000897,BKG000000973,PAY000000973,False,not_requested,not_requested,0.0,
REF000000898,BKG000000974,PAY000000974,False,not_requested,not_requested,0.0,
REF000000899,BKG000000975,PAY000000975,False,not_requested,not_requested,0.0,
REF000000900,BKG000000976,PAY000000976,False,not_requested,not_requested,0.0,
REF000000901,BKG000000977,PAY000000977,False,not_requested,not_requested,0.0,
REF000000902,BKG000000979,PAY000000979,False,not_requested,not_requested,0.0,
REF000000903,BKG000000980,PAY000000980,True,approved,ticketing_failure,235.87,2015-01-21 22:30:39
REF000000904,BKG000000981,PAY000000981,False,not_requested,not_requested,0.0,
REF000000905,BKG000000982,PAY000000982,False,not_requested,not_requested,0.0,
REF000000906,BKG000000983,PAY000000983,False,not_requested,not_requested,0.0,
REF000000907,BKG000000986,PAY000000986,False,not_requested,not_requested,0.0,
REF000000908,BKG000000987,PAY000000987,False,not_requested,not_requested,0.0,
REF000000909,BKG000000988,PAY000000988,False,not_requested,not_requested,0.0,
REF000000910,BKG000000989,PAY000000989,False,not_requested,not_requested,0.0,
REF000000911,BKG000000991,PAY000000991,False,not_requested,not_requested,0.0,
REF000000912,BKG000000992,PAY000000992,False,not_requested,not_requested,0.0,
REF000000913,BKG000000993,PAY000000993,False,not_requested,not_requested,0.0,
REF000000914,BKG000000994,PAY000000994,False,not_requested,not_requested,0.0,
REF000000915,BKG000000996,PAY000000996,False,not_requested,not_requested,0.0,
REF000000916,BKG000000997,PAY000000997,False,not_requested,not_requested,0.0,
REF000000917,BKG000000998,PAY000000998,False,not_requested,not_requested,0.0,
REF000000918,BKG000000999,PAY000000999,True,approved,duplicate_booking,222.6,2013-07-22 01:12:34
REF000000919,BKG000001001,PAY000001001,False,not_requested,not_requested,0.0,
REF000000920,BKG000001002,PAY000001002,False,not_requested,not_requested,0.0,
REF000000921,BKG000001003,PAY000001003,False,not_requested,not_requested,0.0,
REF000000922,BKG000001004,PAY000001004,False,not_requested,not_requested,0.0,
REF000000923,BKG000001005,PAY000001005,False,not_requested,not_requested,0.0,
REF000000924,BKG000001006,PAY000001006,False,not_requested,not_requested,0.0,
REF000000925,BKG000001007,PAY000001007,False,not_requested,not_requested,0.0,
REF000000926,BKG000001008,PAY000001008,False,not_requested,not_requested,0.0,
REF000000927,BKG000001009,PAY000001009,False,not_requested,not_requested,0.0,
REF000000928,BKG000001010,PAY000001010,False,not_requested,not_requested,0.0,
REF000000929,BKG000001011,PAY000001011,False,not_requested,not_requested,0.0,
REF000000930,BKG000001012,PAY000001012,False,not_requested,not_requested,0.0,
REF000000931,BKG000001013,PAY000001013,False,not_requested,not_requested,0.0,
REF000000932,BKG000001014,PAY000001014,False,not_requested,not_requested,0.0,
REF000000933,BKG000001015,PAY000001015,False,not_requested,not_requested,0.0,
REF000000934,BKG000001016,PAY000001016,False,not_requested,not_requested,0.0,
REF000000935,BKG000001017,PAY000001017,False,not_requested,not_requested,0.0,
REF000000936,BKG000001018,PAY000001018,False,not_requested,not_requested,0.0,
REF000000937,BKG000001020,PAY000001020,False,not_requested,not_requested,0.0,
REF000000938,BKG000001021,PAY000001021,False,not_requested,not_requested,0.0,
REF000000939,BKG000001022,PAY000001022,False,not_requested,not_requested,0.0,
REF000000940,BKG000001023,PAY000001023,False,not_requested,not_requested,0.0,
REF000000941,BKG000001024,PAY000001024,False,not_requested,not_requested,0.0,
REF000000942,BKG000001025,PAY000001025,False,not_requested,not_requested,0.0,
REF000000943,BKG000001026,PAY000001026,False,not_requested,not_requested,0.0,
REF000000944,BKG000001027,PAY000001027,False,not_requested,not_requested,0.0,
REF000000945,BKG000001028,PAY000001028,False,not_requested,not_requested,0.0,
REF000000946,BKG000001029,PAY000001029,False,not_requested,not_requested,0.0,
REF000000947,BKG000001030,PAY000001030,False,not_requested,not_requested,0.0,
REF000000948,BKG000001031,PAY000001031,True,approved,customer_cancelled,284.42,2013-08-13 08:35:11
REF000000949,BKG000001032,PAY000001032,False,not_requested,not_requested,0.0,
REF000000950,BKG000001033,PAY000001033,False,not_requested,not_requested,0.0,
REF000000951,BKG000001034,PAY000001034,False,not_requested,not_requested,0.0,
REF000000952,BKG000001036,PAY000001036,False,not_requested,not_requested,0.0,
REF000000953,BKG000001037,PAY000001037,False,not_requested,not_requested,0.0,
REF000000954,BKG000001038,PAY000001038,True,approved,ticketing_failure,117.25,2014-12-12 09:40:57
REF000000955,BKG000001039,PAY000001039,False,not_requested,not_requested,0.0,
REF000000956,BKG000001040,PAY000001040,False,not_requested,not_requested,0.0,
REF000000957,BKG000001041,PAY000001041,False,not_requested,not_requested,0.0,
REF000000958,BKG000001042,PAY000001042,False,not_requested,not_requested,0.0,
REF000000959,BKG000001043,PAY000001043,False,not_requested,not_requested,0.0,
REF000000960,BKG000001044,PAY000001044,False,not_requested,not_requested,0.0,
REF000000961,BKG000001045,PAY000001045,False,not_requested,not_requested,0.0,
REF000000962,BKG000001046,PAY000001046,False,not_requested,not_requested,0.0,
REF000000963,BKG000001047,PAY000001047,True,approved,duplicate_booking,170.91,2013-12-31 12:42:13
REF000000964,BKG000001048,PAY000001048,False,not_requested,not_requested,0.0,
REF000000965,BKG000001049,PAY000001049,False,not_requested,not_requested,0.0,
REF000000966,BKG000001050,PAY000001050,False,not_requested,not_requested,0.0,
REF000000967,BKG000001051,PAY000001051,False,not_requested,not_requested,0.0,
REF000000968,BKG000001052,PAY000001052,False,not_requested,not_requested,0.0,
REF000000969,BKG000001053,PAY000001053,False,not_requested,not_requested,0.0,
REF000000970,BKG000001054,PAY000001054,False,not_requested,not_requested,0.0,
REF000000971,BKG000001055,PAY000001055,False,not_requested,not_requested,0.0,
REF000000972,BKG000001056,PAY000001056,False,not_requested,not_requested,0.0,
REF000000973,BKG000001057,PAY000001057,False,not_requested,not_requested,0.0,
REF000000974,BKG000001058,PAY000001058,False,not_requested,not_requested,0.0,
REF000000975,BKG000001059,PAY000001059,False,not_requested,not_requested,0.0,
REF000000976,BKG000001060,PAY000001060,False,not_requested,not_requested,0.0,
REF000000977,BKG000001061,PAY000001061,False,not_requested,not_requested,0.0,
REF000000978,BKG000001062,PAY000001062,False,not_requested,not_requested,0.0,
REF000000979,BKG000001064,PAY000001064,True,approved,payment_dispute,184.49,2014-03-13 13:59:07
REF000000980,BKG000001065,PAY000001065,False,not_requested,not_requested,0.0,
REF000000981,BKG000001066,PAY000001066,False,not_requested,not_requested,0.0,
REF000000982,BKG000001067,PAY000001067,False,not_requested,not_requested,0.0,
REF000000983,BKG000001068,PAY000001068,False,not_requested,not_requested,0.0,
REF000000984,BKG000001070,PAY000001070,False,not_requested,not_requested,0.0,
REF000000985,BKG000001071,PAY000001071,False,not_requested,not_requested,0.0,
REF000000986,BKG000001072,PAY000001072,False,not_requested,not_requested,0.0,
REF000000987,BKG000001073,PAY000001073,False,not_requested,not_requested,0.0,
REF000000988,BKG000001075,PAY000001075,False,not_requested,not_requested,0.0,
REF000000989,BKG000001076,PAY000001076,True,approved,airline_schedule_change,318.72,2014-04-13 09:00:59
REF000000990,BKG000001077,PAY000001077,False,not_requested,not_requested,0.0,
REF000000991,BKG000001078,PAY000001078,False,not_requested,not_requested,0.0,
REF000000992,BKG000001081,PAY000001081,False,not_requested,not_requested,0.0,
REF000000993,BKG000001082,PAY000001082,False,not_requested,not_requested,0.0,
REF000000994,BKG000001083,PAY000001083,False,not_requested,not_requested,0.0,
REF000000995,BKG000001084,PAY000001084,False,not_requested,not_requested,0.0,
REF000000996,BKG000001085,PAY000001085,False,not_requested,not_requested,0.0,
REF000000997,BKG000001086,PAY000001086,False,not_requested,not_requested,0.0,
REF000000998,BKG000001087,PAY000001087,False,not_requested,not_requested,0.0,
REF000000999,BKG000001088,PAY000001088,False,not_requested,not_requested,0.0,
REF000001000,BKG000001089,PAY000001089,True,approved,customer_cancelled,610.04,2013-01-17 13:51:48
REF000001001,BKG000001090,PAY000001090,False,not_requested,not_requested,0.0,
REF000001002,BKG000001091,PAY000001091,False,not_requested,not_requested,0.0,
REF000001003,BKG000001092,PAY000001092,False,not_requested,not_requested,0.0,
REF000001004,BKG000001093,PAY000001093,True,rejected,payment_dispute,0.0,2014-12-18 11:33:42
REF000001005,BKG000001094,PAY000001094,False,not_requested,not_requested,0.0,
REF000001006,BKG000001095,PAY000001095,False,not_requested,not_requested,0.0,
REF000001007,BKG000001096,PAY000001096,True,approved,customer_cancelled,258.48,2013-10-23 17:07:51
REF000001008,BKG000001097,PAY000001097,False,not_requested,not_requested,0.0,
REF000001009,BKG000001099,PAY000001099,False,not_requested,not_requested,0.0,
REF000001010,BKG000001100,PAY000001100,False,not_requested,not_requested,0.0,
REF000001011,BKG000001101,PAY000001101,False,not_requested,not_requested,0.0,
REF000001012,BKG000001102,PAY000001102,False,not_requested,not_requested,0.0,
REF000001013,BKG000001103,PAY000001103,False,not_requested,not_requested,0.0,
REF000001014,BKG000001104,PAY000001104,False,not_requested,not_requested,0.0,
REF000001015,BKG000001105,PAY000001105,False,not_requested,not_requested,0.0,
REF000001016,BKG000001106,PAY000001106,False,not_requested,not_requested,0.0,
REF000001017,BKG000001107,PAY000001107,False,not_requested,not_requested,0.0,
REF000001018,BKG000001108,PAY000001108,False,not_requested,not_requested,0.0,
REF000001019,BKG000001109,PAY000001109,False,not_requested,not_requested,0.0,
REF000001020,BKG000001110,PAY000001110,False,not_requested,not_requested,0.0,
REF000001021,BKG000001111,PAY000001111,False,not_requested,not_requested,0.0,
REF000001022,BKG000001112,PAY000001112,False,not_requested,not_requested,0.0,
REF000001023,BKG000001113,PAY000001113,False,not_requested,not_requested,0.0,
REF000001024,BKG000001115,PAY000001115,False,not_requested,not_requested,0.0,
REF000001025,BKG000001116,PAY000001116,False,not_requested,not_requested,0.0,
REF000001026,BKG000001117,PAY000001117,False,not_requested,not_requested,0.0,
REF000001027,BKG000001118,PAY000001118,False,not_requested,not_requested,0.0,
REF000001028,BKG000001119,PAY000001119,False,not_requested,not_requested,0.0,
REF000001029,BKG000001121,PAY000001121,False,not_requested,not_requested,0.0,
REF000001030,BKG000001122,PAY000001122,False,not_requested,not_requested,0.0,
REF000001031,BKG000001123,PAY000001123,True,approved,customer_cancelled,203.43,2014-09-29 08:32:36
REF000001032,BKG000001124,PAY000001124,True,approved,customer_cancelled,214.86,2013-03-09 18:27:41
REF000001033,BKG000001125,PAY000001125,False,not_requested,not_requested,0.0,
REF000001034,BKG000001126,PAY000001126,False,not_requested,not_requested,0.0,
REF000001035,BKG000001127,PAY000001127,False,not_requested,not_requested,0.0,
REF000001036,BKG000001128,PAY000001128,False,not_requested,not_requested,0.0,
REF000001037,BKG000001129,PAY000001129,False,not_requested,not_requested,0.0,
REF000001038,BKG000001130,PAY000001130,False,not_requested,not_requested,0.0,
REF000001039,BKG000001132,PAY000001132,False,not_requested,not_requested,0.0,
REF000001040,BKG000001133,PAY000001133,False,not_requested,not_requested,0.0,
REF000001041,BKG000001134,PAY000001134,False,not_requested,not_requested,0.0,
REF000001042,BKG000001135,PAY000001135,False,not_requested,not_requested,0.0,
REF000001043,BKG000001136,PAY000001136,False,not_requested,not_requested,0.0,
REF000001044,BKG000001137,PAY000001137,True,pending,ticketing_failure,101.77,2014-12-07 13:42:22
REF000001045,BKG000001138,PAY000001138,False,not_requested,not_requested,0.0,
REF000001046,BKG000001139,PAY000001139,False,not_requested,not_requested,0.0,
REF000001047,BKG000001140,PAY000001140,False,not_requested,not_requested,0.0,
REF000001048,BKG000001142,PAY000001142,False,not_requested,not_requested,0.0,
REF000001049,BKG000001143,PAY000001143,False,not_requested,not_requested,0.0,
REF000001050,BKG000001144,PAY000001144,False,not_requested,not_requested,0.0,
REF000001051,BKG000001145,PAY000001145,False,not_requested,not_requested,0.0,
REF000001052,BKG000001147,PAY000001147,False,not_requested,not_requested,0.0,
REF000001053,BKG000001148,PAY000001148,False,not_requested,not_requested,0.0,
REF000001054,BKG000001149,PAY000001149,False,not_requested,not_requested,0.0,
REF000001055,BKG000001150,PAY000001150,False,not_requested,not_requested,0.0,
REF000001056,BKG000001151,PAY000001151,False,not_requested,not_requested,0.0,
REF000001057,BKG000001152,PAY000001152,False,not_requested,not_requested,0.0,
REF000001058,BKG000001154,PAY000001154,False,not_requested,not_requested,0.0,
REF000001059,BKG000001155,PAY000001155,False,not_requested,not_requested,0.0,
REF000001060,BKG000001156,PAY000001156,False,not_requested,not_requested,0.0,
REF000001061,BKG000001157,PAY000001157,False,not_requested,not_requested,0.0,
REF000001062,BKG000001158,PAY000001158,False,not_requested,not_requested,0.0,
REF000001063,BKG000001160,PAY000001160,False,not_requested,not_requested,0.0,
REF000001064,BKG000001161,PAY000001161,False,not_requested,not_requested,0.0,
REF000001065,BKG000001162,PAY000001162,False,not_requested,not_requested,0.0,
REF000001066,BKG000001163,PAY000001163,False,not_requested,not_requested,0.0,
REF000001067,BKG000001164,PAY000001164,False,not_requested,not_requested,0.0,
REF000001068,BKG000001165,PAY000001165,False,not_requested,not_requested,0.0,
REF000001069,BKG000001166,PAY000001166,False,not_requested,not_requested,0.0,
REF000001070,BKG000001167,PAY000001167,True,approved,airline_schedule_change,46.66,2013-07-10 14:49:59
REF000001071,BKG000001168,PAY000001168,False,not_requested,not_requested,0.0,
REF000001072,BKG000001169,PAY000001169,False,not_requested,not_requested,0.0,
REF000001073,BKG000001170,PAY000001170,False,not_requested,not_requested,0.0,
REF000001074,BKG000001171,PAY000001171,False,not_requested,not_requested,0.0,
REF000001075,BKG000001172,PAY000001172,False,not_requested,not_requested,0.0,
REF000001076,BKG000001173,PAY000001173,False,not_requested,not_requested,0.0,
REF000001077,BKG000001175,PAY000001175,False,not_requested,not_requested,0.0,
REF000001078,BKG000001176,PAY000001176,False,not_requested,not_requested,0.0,
REF000001079,BKG000001177,PAY000001177,False,not_requested,not_requested,0.0,
REF000001080,BKG000001178,PAY000001178,False,not_requested,not_requested,0.0,
REF000001081,BKG000001179,PAY000001179,False,not_requested,not_requested,0.0,
REF000001082,BKG000001180,PAY000001180,False,not_requested,not_requested,0.0,
REF000001083,BKG000001181,PAY000001181,False,not_requested,not_requested,0.0,
REF000001084,BKG000001182,PAY000001182,False,not_requested,not_requested,0.0,
REF000001085,BKG000001183,PAY000001183,False,not_requested,not_requested,0.0,
REF000001086,BKG000001184,PAY000001184,False,not_requested,not_requested,0.0,
REF000001087,BKG000001185,PAY000001185,False,not_requested,not_requested,0.0,
REF000001088,BKG000001186,PAY000001186,False,not_requested,not_requested,0.0,
REF000001089,BKG000001187,PAY000001187,False,not_requested,not_requested,0.0,
REF000001090,BKG000001188,PAY000001188,False,not_requested,not_requested,0.0,
REF000001091,BKG000001189,PAY000001189,False,not_requested,not_requested,0.0,
REF000001092,BKG000001190,PAY000001190,False,not_requested,not_requested,0.0,
REF000001093,BKG000001191,PAY000001191,False,not_requested,not_requested,0.0,
REF000001094,BKG000001192,PAY000001192,False,not_requested,not_requested,0.0,
REF000001095,BKG000001193,PAY000001193,False,not_requested,not_requested,0.0,
REF000001096,BKG000001194,PAY000001194,False,not_requested,not_requested,0.0,
REF000001097,BKG000001195,PAY000001195,False,not_requested,not_requested,0.0,
REF000001098,BKG000001196,PAY000001196,False,not_requested,not_requested,0.0,
REF000001099,BKG000001198,PAY000001198,False,not_requested,not_requested,0.0,
REF000001100,BKG000001199,PAY000001199,False,not_requested,not_requested,0.0,
REF000001101,BKG000001200,PAY000001200,False,not_requested,not_requested,0.0,
REF000001102,BKG000001201,PAY000001201,True,approved,customer_cancelled,181.93,2014-12-19 07:41:47
REF000001103,BKG000001202,PAY000001202,False,not_requested,not_requested,0.0,
REF000001104,BKG000001203,PAY000001203,False,not_requested,not_requested,0.0,
REF000001105,BKG000001205,PAY000001205,False,not_requested,not_requested,0.0,
REF000001106,BKG000001206,PAY000001206,False,not_requested,not_requested,0.0,
REF000001107,BKG000001207,PAY000001207,False,not_requested,not_requested,0.0,
REF000001108,BKG000001209,PAY000001209,False,not_requested,not_requested,0.0,
REF000001109,BKG000001210,PAY000001210,False,not_requested,not_requested,0.0,
REF000001110,BKG000001211,PAY000001211,False,not_requested,not_requested,0.0,
REF000001111,BKG000001212,PAY000001212,False,not_requested,not_requested,0.0,
REF000001112,BKG000001213,PAY000001213,False,not_requested,not_requested,0.0,
REF000001113,BKG000001214,PAY000001214,False,not_requested,not_requested,0.0,
REF000001114,BKG000001216,PAY000001216,False,not_requested,not_requested,0.0,
REF000001115,BKG000001218,PAY000001218,True,rejected,customer_cancelled,0.0,2014-03-14 01:02:20
REF000001116,BKG000001219,PAY000001219,False,not_requested,not_requested,0.0,
REF000001117,BKG000001220,PAY000001220,False,not_requested,not_requested,0.0,
REF000001118,BKG000001221,PAY000001221,False,not_requested,not_requested,0.0,
REF000001119,BKG000001222,PAY000001222,False,not_requested,not_requested,0.0,
REF000001120,BKG000001223,PAY000001223,False,not_requested,not_requested,0.0,
REF000001121,BKG000001224,PAY000001224,False,not_requested,not_requested,0.0,
REF000001122,BKG000001225,PAY000001225,False,not_requested,not_requested,0.0,
REF000001123,BKG000001226,PAY000001226,False,not_requested,not_requested,0.0,
REF000001124,BKG000001227,PAY000001227,False,not_requested,not_requested,0.0,
REF000001125,BKG000001228,PAY000001228,False,not_requested,not_requested,0.0,
REF000001126,BKG000001229,PAY000001229,False,not_requested,not_requested,0.0,
REF000001127,BKG000001230,PAY000001230,False,not_requested,not_requested,0.0,
REF000001128,BKG000001231,PAY000001231,False,not_requested,not_requested,0.0,
REF000001129,BKG000001232,PAY000001232,False,not_requested,not_requested,0.0,
REF000001130,BKG000001233,PAY000001233,False,not_requested,not_requested,0.0,
REF000001131,BKG000001234,PAY000001234,False,not_requested,not_requested,0.0,
REF000001132,BKG000001235,PAY000001235,False,not_requested,not_requested,0.0,
REF000001133,BKG000001236,PAY000001236,False,not_requested,not_requested,0.0,
REF000001134,BKG000001237,PAY000001237,False,not_requested,not_requested,0.0,
REF000001135,BKG000001238,PAY000001238,False,not_requested,not_requested,0.0,
REF000001136,BKG000001239,PAY000001239,False,not_requested,not_requested,0.0,
REF000001137,BKG000001240,PAY000001240,False,not_requested,not_requested,0.0,
REF000001138,BKG000001241,PAY000001241,False,not_requested,not_requested,0.0,
REF000001139,BKG000001242,PAY000001242,False,not_requested,not_requested,0.0,
REF000001140,BKG000001243,PAY000001243,False,not_requested,not_requested,0.0,
REF000001141,BKG000001244,PAY000001244,False,not_requested,not_requested,0.0,
REF000001142,BKG000001245,PAY000001245,False,not_requested,not_requested,0.0,
REF000001143,BKG000001246,PAY000001246,False,not_requested,not_requested,0.0,
REF000001144,BKG000001247,PAY000001247,False,not_requested,not_requested,0.0,
REF000001145,BKG000001248,PAY000001248,False,not_requested,not_requested,0.0,
REF000001146,BKG000001249,PAY000001249,False,not_requested,not_requested,0.0,
REF000001147,BKG000001250,PAY000001250,False,not_requested,not_requested,0.0,
REF000001148,BKG000001251,PAY000001251,False,not_requested,not_requested,0.0,
REF000001149,BKG000001252,PAY000001252,False,not_requested,not_requested,0.0,
REF000001150,BKG000001253,PAY000001253,False,not_requested,not_requested,0.0,
REF000001151,BKG000001254,PAY000001254,False,not_requested,not_requested,0.0,
REF000001152,BKG000001255,PAY000001255,False,not_requested,not_requested,0.0,
REF000001153,BKG000001257,PAY000001257,False,not_requested,not_requested,0.0,
REF000001154,BKG000001258,PAY000001258,False,not_requested,not_requested,0.0,
REF000001155,BKG000001259,PAY000001259,False,not_requested,not_requested,0.0,
REF000001156,BKG000001260,PAY000001260,False,not_requested,not_requested,0.0,
REF000001157,BKG000001261,PAY000001261,False,not_requested,not_requested,0.0,
REF000001158,BKG000001262,PAY000001262,False,not_requested,not_requested,0.0,
REF000001159,BKG000001263,PAY000001263,False,not_requested,not_requested,0.0,
REF000001160,BKG000001264,PAY000001264,False,not_requested,not_requested,0.0,
REF000001161,BKG000001265,PAY000001265,False,not_requested,not_requested,0.0,
REF000001162,BKG000001266,PAY000001266,True,approved,customer_cancelled,791.66,2014-07-09 23:41:53
REF000001163,BKG000001267,PAY000001267,False,not_requested,not_requested,0.0,
REF000001164,BKG000001268,PAY000001268,False,not_requested,not_requested,0.0,
REF000001165,BKG000001269,PAY000001269,False,not_requested,not_requested,0.0,
REF000001166,BKG000001272,PAY000001272,False,not_requested,not_requested,0.0,
REF000001167,BKG000001273,PAY000001273,False,not_requested,not_requested,0.0,
REF000001168,BKG000001275,PAY000001275,False,not_requested,not_requested,0.0,
REF000001169,BKG000001276,PAY000001276,False,not_requested,not_requested,0.0,
REF000001170,BKG000001277,PAY000001277,False,not_requested,not_requested,0.0,
REF000001171,BKG000001278,PAY000001278,False,not_requested,not_requested,0.0,
REF000001172,BKG000001279,PAY000001279,False,not_requested,not_requested,0.0,
REF000001173,BKG000001280,PAY000001280,False,not_requested,not_requested,0.0,
REF000001174,BKG000001281,PAY000001281,False,not_requested,not_requested,0.0,
REF000001175,BKG000001282,PAY000001282,False,not_requested,not_requested,0.0,
REF000001176,BKG000001283,PAY000001283,False,not_requested,not_requested,0.0,
REF000001177,BKG000001284,PAY000001284,False,not_requested,not_requested,0.0,
REF000001178,BKG000001285,PAY000001285,False,not_requested,not_requested,0.0,
REF000001179,BKG000001286,PAY000001286,False,not_requested,not_requested,0.0,
REF000001180,BKG000001287,PAY000001287,False,not_requested,not_requested,0.0,
REF000001181,BKG000001288,PAY000001288,False,not_requested,not_requested,0.0,
REF000001182,BKG000001289,PAY000001289,False,not_requested,not_requested,0.0,
REF000001183,BKG000001290,PAY000001290,False,not_requested,not_requested,0.0,
REF000001184,BKG000001291,PAY000001291,False,not_requested,not_requested,0.0,
REF000001185,BKG000001292,PAY000001292,False,not_requested,not_requested,0.0,
REF000001186,BKG000001293,PAY000001293,True,rejected,customer_cancelled,0.0,2013-11-06 12:21:03
REF000001187,BKG000001294,PAY000001294,True,pending,ticketing_failure,420.48,2014-07-12 11:52:24
REF000001188,BKG000001295,PAY000001295,False,not_requested,not_requested,0.0,
REF000001189,BKG000001297,PAY000001297,False,not_requested,not_requested,0.0,
REF000001190,BKG000001298,PAY000001298,False,not_requested,not_requested,0.0,
REF000001191,BKG000001299,PAY000001299,False,not_requested,not_requested,0.0,
REF000001192,BKG000001300,PAY000001300,False,not_requested,not_requested,0.0,
REF000001193,BKG000001301,PAY000001301,False,not_requested,not_requested,0.0,
REF000001194,BKG000001302,PAY000001302,False,not_requested,not_requested,0.0,
REF000001195,BKG000001303,PAY000001303,False,not_requested,not_requested,0.0,
REF000001196,BKG000001304,PAY000001304,False,not_requested,not_requested,0.0,
REF000001197,BKG000001305,PAY000001305,False,not_requested,not_requested,0.0,
REF000001198,BKG000001306,PAY000001306,False,not_requested,not_requested,0.0,
REF000001199,BKG000001307,PAY000001307,False,not_requested,not_requested,0.0,
REF000001200,BKG000001308,PAY000001308,False,not_requested,not_requested,0.0,
REF000001201,BKG000001309,PAY000001309,False,not_requested,not_requested,0.0,
REF000001202,BKG000001310,PAY000001310,False,not_requested,not_requested,0.0,
REF000001203,BKG000001311,PAY000001311,False,not_requested,not_requested,0.0,
REF000001204,BKG000001312,PAY000001312,True,approved,airline_schedule_change,180.62,2014-08-04 20:54:46
REF000001205,BKG000001313,PAY000001313,False,not_requested,not_requested,0.0,
REF000001206,BKG000001315,PAY000001315,False,not_requested,not_requested,0.0,
REF000001207,BKG000001316,PAY000001316,False,not_requested,not_requested,0.0,
REF000001208,BKG000001317,PAY000001317,False,not_requested,not_requested,0.0,
REF000001209,BKG000001318,PAY000001318,False,not_requested,not_requested,0.0,
REF000001210,BKG000001319,PAY000001319,False,not_requested,not_requested,0.0,
REF000001211,BKG000001320,PAY000001320,False,not_requested,not_requested,0.0,
REF000001212,BKG000001321,PAY000001321,False,not_requested,not_requested,0.0,
REF000001213,BKG000001323,PAY000001323,False,not_requested,not_requested,0.0,
REF000001214,BKG000001324,PAY000001324,False,not_requested,not_requested,0.0,
REF000001215,BKG000001325,PAY000001325,False,not_requested,not_requested,0.0,
REF000001216,BKG000001326,PAY000001326,False,not_requested,not_requested,0.0,
REF000001217,BKG000001327,PAY000001327,False,not_requested,not_requested,0.0,
REF000001218,BKG000001328,PAY000001328,False,not_requested,not_requested,0.0,
REF000001219,BKG000001329,PAY000001329,False,not_requested,not_requested,0.0,
REF000001220,BKG000001330,PAY000001330,False,not_requested,not_requested,0.0,
REF000001221,BKG000001331,PAY000001331,False,not_requested,not_requested,0.0,
REF000001222,BKG000001332,PAY000001332,False,not_requested,not_requested,0.0,
REF000001223,BKG000001333,PAY000001333,True,approved,airline_schedule_change,361.59,2013-06-14 14:22:44
REF000001224,BKG000001334,PAY000001334,False,not_requested,not_requested,0.0,
REF000001225,BKG000001335,PAY000001335,False,not_requested,not_requested,0.0,
REF000001226,BKG000001336,PAY000001336,False,not_requested,not_requested,0.0,
REF000001227,BKG000001339,PAY000001339,False,not_requested,not_requested,0.0,
REF000001228,BKG000001341,PAY000001341,False,not_requested,not_requested,0.0,
REF000001229,BKG000001342,PAY000001342,False,not_requested,not_requested,0.0,
REF000001230,BKG000001343,PAY000001343,False,not_requested,not_requested,0.0,
REF000001231,BKG000001344,PAY000001344,False,not_requested,not_requested,0.0,
REF000001232,BKG000001345,PAY000001345,False,not_requested,not_requested,0.0,
REF000001233,BKG000001347,PAY000001347,False,not_requested,not_requested,0.0,
REF000001234,BKG000001348,PAY000001348,False,not_requested,not_requested,0.0,
REF000001235,BKG000001349,PAY000001349,False,not_requested,not_requested,0.0,
REF000001236,BKG000001350,PAY000001350,False,not_requested,not_requested,0.0,
REF000001237,BKG000001351,PAY000001351,False,not_requested,not_requested,0.0,
REF000001238,BKG000001352,PAY000001352,False,not_requested,not_requested,0.0,
REF000001239,BKG000001354,PAY000001354,False,not_requested,not_requested,0.0,
REF000001240,BKG000001355,PAY000001355,False,not_requested,not_requested,0.0,
REF000001241,BKG000001357,PAY000001357,False,not_requested,not_requested,0.0,
REF000001242,BKG000001358,PAY000001358,False,not_requested,not_requested,0.0,
REF000001243,BKG000001359,PAY000001359,False,not_requested,not_requested,0.0,
REF000001244,BKG000001360,PAY000001360,False,not_requested,not_requested,0.0,
REF000001245,BKG000001361,PAY000001361,False,not_requested,not_requested,0.0,
REF000001246,BKG000001362,PAY000001362,True,pending,customer_cancelled,75.47,2014-08-18 16:29:08
REF000001247,BKG000001363,PAY000001363,False,not_requested,not_requested,0.0,
REF000001248,BKG000001365,PAY000001365,False,not_requested,not_requested,0.0,
REF000001249,BKG000001366,PAY000001366,False,not_requested,not_requested,0.0,
REF000001250,BKG000001367,PAY000001367,False,not_requested,not_requested,0.0,
REF000001251,BKG000001368,PAY000001368,False,not_requested,not_requested,0.0,
REF000001252,BKG000001369,PAY000001369,False,not_requested,not_requested,0.0,
REF000001253,BKG000001370,PAY000001370,False,not_requested,not_requested,0.0,
REF000001254,BKG000001371,PAY000001371,False,not_requested,not_requested,0.0,
REF000001255,BKG000001372,PAY000001372,False,not_requested,not_requested,0.0,
REF000001256,BKG000001373,PAY000001373,False,not_requested,not_requested,0.0,
REF000001257,BKG000001374,PAY000001374,False,not_requested,not_requested,0.0,
REF000001258,BKG000001375,PAY000001375,False,not_requested,not_requested,0.0,
REF000001259,BKG000001376,PAY000001376,False,not_requested,not_requested,0.0,
REF000001260,BKG000001377,PAY000001377,True,rejected,payment_dispute,0.0,2015-01-01 15:34:54
REF000001261,BKG000001379,PAY000001379,False,not_requested,not_requested,0.0,
REF000001262,BKG000001381,PAY000001381,False,not_requested,not_requested,0.0,
REF000001263,BKG000001382,PAY000001382,False,not_requested,not_requested,0.0,
REF000001264,BKG000001383,PAY000001383,False,not_requested,not_requested,0.0,
REF000001265,BKG000001384,PAY000001384,False,not_requested,not_requested,0.0,
REF000001266,BKG000001385,PAY000001385,False,not_requested,not_requested,0.0,
REF000001267,BKG000001386,PAY000001386,False,not_requested,not_requested,0.0,
REF000001268,BKG000001387,PAY000001387,False,not_requested,not_requested,0.0,
REF000001269,BKG000001388,PAY000001388,False,not_requested,not_requested,0.0,
REF000001270,BKG000001389,PAY000001389,False,not_requested,not_requested,0.0,
REF000001271,BKG000001390,PAY000001390,False,not_requested,not_requested,0.0,
REF000001272,BKG000001391,PAY000001391,False,not_requested,not_requested,0.0,
REF000001273,BKG000001392,PAY000001392,False,not_requested,not_requested,0.0,
REF000001274,BKG000001393,PAY000001393,False,not_requested,not_requested,0.0,
REF000001275,BKG000001394,PAY000001394,False,not_requested,not_requested,0.0,
REF000001276,BKG000001395,PAY000001395,False,not_requested,not_requested,0.0,
REF000001277,BKG000001396,PAY000001396,False,not_requested,not_requested,0.0,
REF000001278,BKG000001397,PAY000001397,False,not_requested,not_requested,0.0,
REF000001279,BKG000001398,PAY000001398,False,not_requested,not_requested,0.0,
REF000001280,BKG000001399,PAY000001399,False,not_requested,not_requested,0.0,
REF000001281,BKG000001400,PAY000001400,False,not_requested,not_requested,0.0,
REF000001282,BKG000001401,PAY000001401,False,not_requested,not_requested,0.0,
REF000001283,BKG000001402,PAY000001402,False,not_requested,not_requested,0.0,
REF000001284,BKG000001403,PAY000001403,False,not_requested,not_requested,0.0,
REF000001285,BKG000001404,PAY000001404,False,not_requested,not_requested,0.0,
REF000001286,BKG000001405,PAY000001405,False,not_requested,not_requested,0.0,
REF000001287,BKG000001406,PAY000001406,False,not_requested,not_requested,0.0,
REF000001288,BKG000001407,PAY000001407,False,not_requested,not_requested,0.0,
REF000001289,BKG000001408,PAY000001408,False,not_requested,not_requested,0.0,
REF000001290,BKG000001409,PAY000001409,False,not_requested,not_requested,0.0,
REF000001291,BKG000001410,PAY000001410,False,not_requested,not_requested,0.0,
REF000001292,BKG000001411,PAY000001411,True,approved,airline_schedule_change,1684.86,2013-11-10 10:44:26
REF000001293,BKG000001413,PAY000001413,False,not_requested,not_requested,0.0,
REF000001294,BKG000001414,PAY000001414,False,not_requested,not_requested,0.0,
REF000001295,BKG000001415,PAY000001415,False,not_requested,not_requested,0.0,
REF000001296,BKG000001416,PAY000001416,False,not_requested,not_requested,0.0,
REF000001297,BKG000001417,PAY000001417,False,not_requested,not_requested,0.0,
REF000001298,BKG000001418,PAY000001418,False,not_requested,not_requested,0.0,
REF000001299,BKG000001419,PAY000001419,False,not_requested,not_requested,0.0,
REF000001300,BKG000001420,PAY000001420,False,not_requested,not_requested,0.0,
REF000001301,BKG000001422,PAY000001422,False,not_requested,not_requested,0.0,
REF000001302,BKG000001424,PAY000001424,False,not_requested,not_requested,0.0,
REF000001303,BKG000001425,PAY000001425,False,not_requested,not_requested,0.0,
REF000001304,BKG000001426,PAY000001426,False,not_requested,not_requested,0.0,
REF000001305,BKG000001427,PAY000001427,False,not_requested,not_requested,0.0,
REF000001306,BKG000001428,PAY000001428,False,not_requested,not_requested,0.0,
REF000001307,BKG000001430,PAY000001430,False,not_requested,not_requested,0.0,
REF000001308,BKG000001431,PAY000001431,False,not_requested,not_requested,0.0,
REF000001309,BKG000001432,PAY000001432,False,not_requested,not_requested,0.0,
REF000001310,BKG000001433,PAY000001433,False,not_requested,not_requested,0.0,
REF000001311,BKG000001434,PAY000001434,False,not_requested,not_requested,0.0,
REF000001312,BKG000001435,PAY000001435,False,not_requested,not_requested,0.0,
REF000001313,BKG000001436,PAY000001436,False,not_requested,not_requested,0.0,
REF000001314,BKG000001437,PAY000001437,False,not_requested,not_requested,0.0,
REF000001315,BKG000001438,PAY000001438,False,not_requested,not_requested,0.0,
REF000001316,BKG000001439,PAY000001439,False,not_requested,not_requested,0.0,
REF000001317,BKG000001440,PAY000001440,False,not_requested,not_requested,0.0,
REF000001318,BKG000001441,PAY000001441,False,not_requested,not_requested,0.0,
REF000001319,BKG000001442,PAY000001442,False,not_requested,not_requested,0.0,
REF000001320,BKG000001443,PAY000001443,False,not_requested,not_requested,0.0,
REF000001321,BKG000001444,PAY000001444,False,not_requested,not_requested,0.0,
REF000001322,BKG000001445,PAY000001445,False,not_requested,not_requested,0.0,
REF000001323,BKG000001446,PAY000001446,False,not_requested,not_requested,0.0,
REF000001324,BKG000001447,PAY000001447,False,not_requested,not_requested,0.0,
REF000001325,BKG000001448,PAY000001448,False,not_requested,not_requested,0.0,
REF000001326,BKG000001449,PAY000001449,False,not_requested,not_requested,0.0,
REF000001327,BKG000001450,PAY000001450,True,approved,airline_schedule_change,220.09,2014-08-17 09:34:22
REF000001328,BKG000001451,PAY000001451,False,not_requested,not_requested,0.0,
REF000001329,BKG000001453,PAY000001453,False,not_requested,not_requested,0.0,
REF000001330,BKG000001455,PAY000001455,True,approved,ticketing_failure,427.53,2014-05-31 03:00:23
REF000001331,BKG000001457,PAY000001457,False,not_requested,not_requested,0.0,
REF000001332,BKG000001458,PAY000001458,False,not_requested,not_requested,0.0,
REF000001333,BKG000001459,PAY000001459,False,not_requested,not_requested,0.0,
REF000001334,BKG000001460,PAY000001460,False,not_requested,not_requested,0.0,
REF000001335,BKG000001461,PAY000001461,False,not_requested,not_requested,0.0,
REF000001336,BKG000001462,PAY000001462,False,not_requested,not_requested,0.0,
REF000001337,BKG000001463,PAY000001463,False,not_requested,not_requested,0.0,
REF000001338,BKG000001464,PAY000001464,False,not_requested,not_requested,0.0,
REF000001339,BKG000001466,PAY000001466,False,not_requested,not_requested,0.0,
REF000001340,BKG000001468,PAY000001468,False,not_requested,not_requested,0.0,
REF000001341,BKG000001469,PAY000001469,False,not_requested,not_requested,0.0,
REF000001342,BKG000001470,PAY000001470,False,not_requested,not_requested,0.0,
REF000001343,BKG000001471,PAY000001471,False,not_requested,not_requested,0.0,
REF000001344,BKG000001472,PAY000001472,False,not_requested,not_requested,0.0,
REF000001345,BKG000001473,PAY000001473,False,not_requested,not_requested,0.0,
REF000001346,BKG000001474,PAY000001474,False,not_requested,not_requested,0.0,
REF000001347,BKG000001475,PAY000001475,False,not_requested,not_requested,0.0,
REF000001348,BKG000001476,PAY000001476,False,not_requested,not_requested,0.0,
REF000001349,BKG000001478,PAY000001478,False,not_requested,not_requested,0.0,
REF000001350,BKG000001479,PAY000001479,False,not_requested,not_requested,0.0,
REF000001351,BKG000001480,PAY000001480,False,not_requested,not_requested,0.0,
REF000001352,BKG000001481,PAY000001481,False,not_requested,not_requested,0.0,
REF000001353,BKG000001482,PAY000001482,False,not_requested,not_requested,0.0,
REF000001354,BKG000001483,PAY000001483,False,not_requested,not_requested,0.0,
REF000001355,BKG000001484,PAY000001484,False,not_requested,not_requested,0.0,
REF000001356,BKG000001485,PAY000001485,False,not_requested,not_requested,0.0,
REF000001357,BKG000001486,PAY000001486,False,not_requested,not_requested,0.0,
REF000001358,BKG000001487,PAY000001487,False,not_requested,not_requested,0.0,
REF000001359,BKG000001488,PAY000001488,False,not_requested,not_requested,0.0,
REF000001360,BKG000001489,PAY000001489,True,rejected,customer_cancelled,0.0,2013-11-18 22:01:47
REF000001361,BKG000001490,PAY000001490,False,not_requested,not_requested,0.0,
REF000001362,BKG000001491,PAY000001491,False,not_requested,not_requested,0.0,
REF000001363,BKG000001492,PAY000001492,False,not_requested,not_requested,0.0,
REF000001364,BKG000001493,PAY000001493,False,not_requested,not_requested,0.0,
REF000001365,BKG000001494,PAY000001494,False,not_requested,not_requested,0.0,
REF000001366,BKG000001495,PAY000001495,False,not_requested,not_requested,0.0,
REF000001367,BKG000001496,PAY000001496,False,not_requested,not_requested,0.0,
REF000001368,BKG000001497,PAY000001497,False,not_requested,not_requested,0.0,
REF000001369,BKG000001498,PAY000001498,True,rejected,duplicate_booking,0.0,2014-11-30 08:01:31
REF000001370,BKG000001499,PAY000001499,False,not_requested,not_requested,0.0,
REF000001371,BKG000001500,PAY000001500,False,not_requested,not_requested,0.0,
REF000001372,BKG000001501,PAY000001501,False,not_requested,not_requested,0.0,
REF000001373,BKG000001502,PAY000001502,False,not_requested,not_requested,0.0,
REF000001374,BKG000001504,PAY000001504,False,not_requested,not_requested,0.0,
REF000001375,BKG000001505,PAY000001505,False,not_requested,not_requested,0.0,
REF000001376,BKG000001506,PAY000001506,False,not_requested,not_requested,0.0,
REF000001377,BKG000001507,PAY000001507,True,rejected,payment_dispute,0.0,2014-07-14 15:47:55
REF000001378,BKG000001508,PAY000001508,False,not_requested,not_requested,0.0,
REF000001379,BKG000001509,PAY000001509,False,not_requested,not_requested,0.0,
REF000001380,BKG000001510,PAY000001510,False,not_requested,not_requested,0.0,
REF000001381,BKG000001511,PAY000001511,False,not_requested,not_requested,0.0,
REF000001382,BKG000001512,PAY000001512,False,not_requested,not_requested,0.0,
REF000001383,BKG000001513,PAY000001513,False,not_requested,not_requested,0.0,
REF000001384,BKG000001514,PAY000001514,False,not_requested,not_requested,0.0,
REF000001385,BKG000001515,PAY000001515,False,not_requested,not_requested,0.0,
REF000001386,BKG000001516,PAY000001516,False,not_requested,not_requested,0.0,
REF000001387,BKG000001517,PAY000001517,False,not_requested,not_requested,0.0,
REF000001388,BKG000001519,PAY000001519,False,not_requested,not_requested,0.0,
REF000001389,BKG000001520,PAY000001520,False,not_requested,not_requested,0.0,
REF000001390,BKG000001521,PAY000001521,False,not_requested,not_requested,0.0,
REF000001391,BKG000001522,PAY000001522,False,not_requested,not_requested,0.0,
REF000001392,BKG000001523,PAY000001523,False,not_requested,not_requested,0.0,
REF000001393,BKG000001524,PAY000001524,False,not_requested,not_requested,0.0,
REF000001394,BKG000001525,PAY000001525,False,not_requested,not_requested,0.0,
REF000001395,BKG000001526,PAY000001526,False,not_requested,not_requested,0.0,
REF000001396,BKG000001527,PAY000001527,False,not_requested,not_requested,0.0,
REF000001397,BKG000001528,PAY000001528,False,not_requested,not_requested,0.0,
REF000001398,BKG000001529,PAY000001529,False,not_requested,not_requested,0.0,
REF000001399,BKG000001530,PAY000001530,False,not_requested,not_requested,0.0,
REF000001400,BKG000001531,PAY000001531,False,not_requested,not_requested,0.0,
REF000001401,BKG000001532,PAY000001532,False,not_requested,not_requested,0.0,
REF000001402,BKG000001533,PAY000001533,False,not_requested,not_requested,0.0,
REF000001403,BKG000001534,PAY000001534,False,not_requested,not_requested,0.0,
REF000001404,BKG000001535,PAY000001535,False,not_requested,not_requested,0.0,
REF000001405,BKG000001536,PAY000001536,False,not_requested,not_requested,0.0,
REF000001406,BKG000001537,PAY000001537,False,not_requested,not_requested,0.0,
REF000001407,BKG000001538,PAY000001538,True,approved,airline_schedule_change,249.44,2014-08-29 08:29:08
REF000001408,BKG000001539,PAY000001539,False,not_requested,not_requested,0.0,
REF000001409,BKG000001540,PAY000001540,False,not_requested,not_requested,0.0,
REF000001410,BKG000001541,PAY000001541,False,not_requested,not_requested,0.0,
REF000001411,BKG000001542,PAY000001542,False,not_requested,not_requested,0.0,
REF000001412,BKG000001543,PAY000001543,False,not_requested,not_requested,0.0,
REF000001413,BKG000001544,PAY000001544,False,not_requested,not_requested,0.0,
REF000001414,BKG000001545,PAY000001545,False,not_requested,not_requested,0.0,
REF000001415,BKG000001546,PAY000001546,False,not_requested,not_requested,0.0,
REF000001416,BKG000001548,PAY000001548,False,not_requested,not_requested,0.0,
REF000001417,BKG000001549,PAY000001549,False,not_requested,not_requested,0.0,
REF000001418,BKG000001550,PAY000001550,False,not_requested,not_requested,0.0,
REF000001419,BKG000001551,PAY000001551,False,not_requested,not_requested,0.0,
REF000001420,BKG000001552,PAY000001552,False,not_requested,not_requested,0.0,
REF000001421,BKG000001554,PAY000001554,False,not_requested,not_requested,0.0,
REF000001422,BKG000001555,PAY000001555,False,not_requested,not_requested,0.0,
REF000001423,BKG000001556,PAY000001556,True,approved,customer_cancelled,426.12,2014-07-29 17:26:19
REF000001424,BKG000001557,PAY000001557,False,not_requested,not_requested,0.0,
REF000001425,BKG000001558,PAY000001558,False,not_requested,not_requested,0.0,
REF000001426,BKG000001559,PAY000001559,False,not_requested,not_requested,0.0,
REF000001427,BKG000001560,PAY000001560,False,not_requested,not_requested,0.0,
REF000001428,BKG000001561,PAY000001561,False,not_requested,not_requested,0.0,
REF000001429,BKG000001562,PAY000001562,True,approved,customer_cancelled,61.92,2014-01-13 17:35:15
REF000001430,BKG000001563,PAY000001563,True,approved,customer_cancelled,756.1,2014-11-17 23:57:57
REF000001431,BKG000001564,PAY000001564,False,not_requested,not_requested,0.0,
REF000001432,BKG000001565,PAY000001565,False,not_requested,not_requested,0.0,
REF000001433,BKG000001566,PAY000001566,False,not_requested,not_requested,0.0,
REF000001434,BKG000001567,PAY000001567,False,not_requested,not_requested,0.0,
REF000001435,BKG000001568,PAY000001568,False,not_requested,not_requested,0.0,
REF000001436,BKG000001569,PAY000001569,False,not_requested,not_requested,0.0,
REF000001437,BKG000001570,PAY000001570,False,not_requested,not_requested,0.0,
REF000001438,BKG000001572,PAY000001572,False,not_requested,not_requested,0.0,
REF000001439,BKG000001573,PAY000001573,False,not_requested,not_requested,0.0,
REF000001440,BKG000001574,PAY000001574,False,not_requested,not_requested,0.0,
REF000001441,BKG000001576,PAY000001576,False,not_requested,not_requested,0.0,
REF000001442,BKG000001577,PAY000001577,False,not_requested,not_requested,0.0,
REF000001443,BKG000001578,PAY000001578,False,not_requested,not_requested,0.0,
REF000001444,BKG000001579,PAY000001579,False,not_requested,not_requested,0.0,
REF000001445,BKG000001580,PAY000001580,False,not_requested,not_requested,0.0,
REF000001446,BKG000001581,PAY000001581,False,not_requested,not_requested,0.0,
REF000001447,BKG000001582,PAY000001582,False,not_requested,not_requested,0.0,
REF000001448,BKG000001583,PAY000001583,False,not_requested,not_requested,0.0,
REF000001449,BKG000001585,PAY000001585,False,not_requested,not_requested,0.0,
REF000001450,BKG000001586,PAY000001586,False,not_requested,not_requested,0.0,
REF000001451,BKG000001587,PAY000001587,False,not_requested,not_requested,0.0,
REF000001452,BKG000001588,PAY000001588,False,not_requested,not_requested,0.0,
REF000001453,BKG000001590,PAY000001590,False,not_requested,not_requested,0.0,
REF000001454,BKG000001591,PAY000001591,True,approved,ticketing_failure,634.93,2014-11-20 13:25:26
REF000001455,BKG000001592,PAY000001592,False,not_requested,not_requested,0.0,
REF000001456,BKG000001593,PAY000001593,False,not_requested,not_requested,0.0,
REF000001457,BKG000001594,PAY000001594,False,not_requested,not_requested,0.0,
REF000001458,BKG000001595,PAY000001595,False,not_requested,not_requested,0.0,
REF000001459,BKG000001596,PAY000001596,False,not_requested,not_requested,0.0,
REF000001460,BKG000001597,PAY000001597,False,not_requested,not_requested,0.0,
REF000001461,BKG000001598,PAY000001598,False,not_requested,not_requested,0.0,
REF000001462,BKG000001599,PAY000001599,False,not_requested,not_requested,0.0,
REF000001463,BKG000001601,PAY000001601,False,not_requested,not_requested,0.0,
REF000001464,BKG000001602,PAY000001602,False,not_requested,not_requested,0.0,
REF000001465,BKG000001603,PAY000001603,False,not_requested,not_requested,0.0,
REF000001466,BKG000001604,PAY000001604,False,not_requested,not_requested,0.0,
REF000001467,BKG000001606,PAY000001606,False,not_requested,not_requested,0.0,
REF000001468,BKG000001607,PAY000001607,False,not_requested,not_requested,0.0,
REF000001469,BKG000001608,PAY000001608,False,not_requested,not_requested,0.0,
REF000001470,BKG000001609,PAY000001609,False,not_requested,not_requested,0.0,
REF000001471,BKG000001610,PAY000001610,False,not_requested,not_requested,0.0,
REF000001472,BKG000001611,PAY000001611,True,pending,customer_cancelled,524.87,2014-02-11 16:06:36
REF000001473,BKG000001612,PAY000001612,False,not_requested,not_requested,0.0,
REF000001474,BKG000001614,PAY000001614,True,approved,customer_cancelled,908.13,2014-02-28 21:21:49
REF000001475,BKG000001615,PAY000001615,False,not_requested,not_requested,0.0,
REF000001476,BKG000001616,PAY000001616,False,not_requested,not_requested,0.0,
REF000001477,BKG000001617,PAY000001617,False,not_requested,not_requested,0.0,
REF000001478,BKG000001618,PAY000001618,False,not_requested,not_requested,0.0,
REF000001479,BKG000001619,PAY000001619,False,not_requested,not_requested,0.0,
REF000001480,BKG000001620,PAY000001620,False,not_requested,not_requested,0.0,
REF000001481,BKG000001621,PAY000001621,False,not_requested,not_requested,0.0,
REF000001482,BKG000001622,PAY000001622,False,not_requested,not_requested,0.0,
REF000001483,BKG000001623,PAY000001623,False,not_requested,not_requested,0.0,
REF000001484,BKG000001625,PAY000001625,False,not_requested,not_requested,0.0,
REF000001485,BKG000001626,PAY000001626,False,not_requested,not_requested,0.0,
REF000001486,BKG000001627,PAY000001627,False,not_requested,not_requested,0.0,
REF000001487,BKG000001628,PAY000001628,False,not_requested,not_requested,0.0,
REF000001488,BKG000001630,PAY000001630,False,not_requested,not_requested,0.0,
REF000001489,BKG000001631,PAY000001631,False,not_requested,not_requested,0.0,
REF000001490,BKG000001632,PAY000001632,False,not_requested,not_requested,0.0,
REF000001491,BKG000001633,PAY000001633,False,not_requested,not_requested,0.0,
REF000001492,BKG000001634,PAY000001634,False,not_requested,not_requested,0.0,
REF000001493,BKG000001635,PAY000001635,False,not_requested,not_requested,0.0,
REF000001494,BKG000001636,PAY000001636,False,not_requested,not_requested,0.0,
REF000001495,BKG000001637,PAY000001637,False,not_requested,not_requested,0.0,
REF000001496,BKG000001638,PAY000001638,False,not_requested,not_requested,0.0,
REF000001497,BKG000001640,PAY000001640,False,not_requested,not_requested,0.0,
REF000001498,BKG000001641,PAY000001641,False,not_requested,not_requested,0.0,
REF000001499,BKG000001642,PAY000001642,False,not_requested,not_requested,0.0,
REF000001500,BKG000001643,PAY000001643,False,not_requested,not_requested,0.0,
REF000001501,BKG000001645,PAY000001645,False,not_requested,not_requested,0.0,
REF000001502,BKG000001646,PAY000001646,False,not_requested,not_requested,0.0,
REF000001503,BKG000001647,PAY000001647,False,not_requested,not_requested,0.0,
REF000001504,BKG000001648,PAY000001648,False,not_requested,not_requested,0.0,
REF000001505,BKG000001649,PAY000001649,False,not_requested,not_requested,0.0,
REF000001506,BKG000001651,PAY000001651,False,not_requested,not_requested,0.0,
REF000001507,BKG000001653,PAY000001653,False,not_requested,not_requested,0.0,
REF000001508,BKG000001654,PAY000001654,False,not_requested,not_requested,0.0,
REF000001509,BKG000001655,PAY000001655,False,not_requested,not_requested,0.0,
REF000001510,BKG000001656,PAY000001656,False,not_requested,not_requested,0.0,
REF000001511,BKG000001657,PAY000001657,False,not_requested,not_requested,0.0,
REF000001512,BKG000001658,PAY000001658,False,not_requested,not_requested,0.0,
REF000001513,BKG000001659,PAY000001659,False,not_requested,not_requested,0.0,
REF000001514,BKG000001660,PAY000001660,False,not_requested,not_requested,0.0,
REF000001515,BKG000001662,PAY000001662,False,not_requested,not_requested,0.0,
REF000001516,BKG000001663,PAY000001663,False,not_requested,not_requested,0.0,
REF000001517,BKG000001664,PAY000001664,False,not_requested,not_requested,0.0,
REF000001518,BKG000001665,PAY000001665,False,not_requested,not_requested,0.0,
REF000001519,BKG000001666,PAY000001666,True,approved,customer_cancelled,244.6,2013-10-24 17:45:18
REF000001520,BKG000001667,PAY000001667,True,rejected,duplicate_booking,0.0,2014-03-22 10:08:47
REF000001521,BKG000001668,PAY000001668,False,not_requested,not_requested,0.0,
REF000001522,BKG000001669,PAY000001669,False,not_requested,not_requested,0.0,
REF000001523,BKG000001670,PAY000001670,False,not_requested,not_requested,0.0,
REF000001524,BKG000001671,PAY000001671,False,not_requested,not_requested,0.0,
REF000001525,BKG000001672,PAY000001672,False,not_requested,not_requested,0.0,
REF000001526,BKG000001673,PAY000001673,False,not_requested,not_requested,0.0,
REF000001527,BKG000001674,PAY000001674,False,not_requested,not_requested,0.0,
REF000001528,BKG000001675,PAY000001675,False,not_requested,not_requested,0.0,
REF000001529,BKG000001676,PAY000001676,True,rejected,customer_cancelled,0.0,2013-12-18 22:17:01
REF000001530,BKG000001677,PAY000001677,False,not_requested,not_requested,0.0,
REF000001531,BKG000001678,PAY000001678,False,not_requested,not_requested,0.0,
REF000001532,BKG000001679,PAY000001679,False,not_requested,not_requested,0.0,
REF000001533,BKG000001680,PAY000001680,False,not_requested,not_requested,0.0,
REF000001534,BKG000001681,PAY000001681,False,not_requested,not_requested,0.0,
REF000001535,BKG000001682,PAY000001682,False,not_requested,not_requested,0.0,
REF000001536,BKG000001683,PAY000001683,False,not_requested,not_requested,0.0,
REF000001537,BKG000001684,PAY000001684,False,not_requested,not_requested,0.0,
REF000001538,BKG000001685,PAY000001685,False,not_requested,not_requested,0.0,
REF000001539,BKG000001686,PAY000001686,False,not_requested,not_requested,0.0,
REF000001540,BKG000001688,PAY000001688,False,not_requested,not_requested,0.0,
REF000001541,BKG000001690,PAY000001690,False,not_requested,not_requested,0.0,
REF000001542,BKG000001691,PAY000001691,False,not_requested,not_requested,0.0,
REF000001543,BKG000001692,PAY000001692,False,not_requested,not_requested,0.0,
REF000001544,BKG000001693,PAY000001693,False,not_requested,not_requested,0.0,
REF000001545,BKG000001694,PAY000001694,False,not_requested,not_requested,0.0,
REF000001546,BKG000001695,PAY000001695,False,not_requested,not_requested,0.0,
REF000001547,BKG000001696,PAY000001696,False,not_requested,not_requested,0.0,
REF000001548,BKG000001697,PAY000001697,False,not_requested,not_requested,0.0,
REF000001549,BKG000001698,PAY000001698,False,not_requested,not_requested,0.0,
REF000001550,BKG000001699,PAY000001699,False,not_requested,not_requested,0.0,
REF000001551,BKG000001700,PAY000001700,False,not_requested,not_requested,0.0,
REF000001552,BKG000001701,PAY000001701,False,not_requested,not_requested,0.0,
REF000001553,BKG000001703,PAY000001703,False,not_requested,not_requested,0.0,
REF000001554,BKG000001704,PAY000001704,False,not_requested,not_requested,0.0,
REF000001555,BKG000001705,PAY000001705,True,approved,airline_schedule_change,630.16,2015-01-14 13:33:50
REF000001556,BKG000001706,PAY000001706,False,not_requested,not_requested,0.0,
REF000001557,BKG000001707,PAY000001707,False,not_requested,not_requested,0.0,
REF000001558,BKG000001708,PAY000001708,False,not_requested,not_requested,0.0,
REF000001559,BKG000001709,PAY000001709,False,not_requested,not_requested,0.0,
REF000001560,BKG000001710,PAY000001710,False,not_requested,not_requested,0.0,
REF000001561,BKG000001711,PAY000001711,False,not_requested,not_requested,0.0,
REF000001562,BKG000001712,PAY000001712,False,not_requested,not_requested,0.0,
REF000001563,BKG000001713,PAY000001713,False,not_requested,not_requested,0.0,
REF000001564,BKG000001714,PAY000001714,False,not_requested,not_requested,0.0,
REF000001565,BKG000001715,PAY000001715,False,not_requested,not_requested,0.0,
REF000001566,BKG000001716,PAY000001716,False,not_requested,not_requested,0.0,
REF000001567,BKG000001717,PAY000001717,False,not_requested,not_requested,0.0,
REF000001568,BKG000001718,PAY000001718,False,not_requested,not_requested,0.0,
REF000001569,BKG000001719,PAY000001719,False,not_requested,not_requested,0.0,
REF000001570,BKG000001720,PAY000001720,False,not_requested,not_requested,0.0,
REF000001571,BKG000001721,PAY000001721,False,not_requested,not_requested,0.0,
REF000001572,BKG000001722,PAY000001722,False,not_requested,not_requested,0.0,
REF000001573,BKG000001723,PAY000001723,False,not_requested,not_requested,0.0,
REF000001574,BKG000001725,PAY000001725,False,not_requested,not_requested,0.0,
REF000001575,BKG000001726,PAY000001726,False,not_requested,not_requested,0.0,
REF000001576,BKG000001727,PAY000001727,False,not_requested,not_requested,0.0,
REF000001577,BKG000001728,PAY000001728,False,not_requested,not_requested,0.0,
REF000001578,BKG000001729,PAY000001729,False,not_requested,not_requested,0.0,
REF000001579,BKG000001730,PAY000001730,False,not_requested,not_requested,0.0,
REF000001580,BKG000001731,PAY000001731,False,not_requested,not_requested,0.0,
REF000001581,BKG000001732,PAY000001732,False,not_requested,not_requested,0.0,
REF000001582,BKG000001733,PAY000001733,False,not_requested,not_requested,0.0,
REF000001583,BKG000001734,PAY000001734,False,not_requested,not_requested,0.0,
REF000001584,BKG000001735,PAY000001735,False,not_requested,not_requested,0.0,
REF000001585,BKG000001736,PAY000001736,False,not_requested,not_requested,0.0,
REF000001586,BKG000001737,PAY000001737,False,not_requested,not_requested,0.0,
REF000001587,BKG000001738,PAY000001738,False,not_requested,not_requested,0.0,
REF000001588,BKG000001739,PAY000001739,False,not_requested,not_requested,0.0,
REF000001589,BKG000001740,PAY000001740,False,not_requested,not_requested,0.0,
REF000001590,BKG000001741,PAY000001741,False,not_requested,not_requested,0.0,
REF000001591,BKG000001742,PAY000001742,False,not_requested,not_requested,0.0,
REF000001592,BKG000001743,PAY000001743,False,not_requested,not_requested,0.0,
REF000001593,BKG000001744,PAY000001744,False,not_requested,not_requested,0.0,
REF000001594,BKG000001745,PAY000001745,False,not_requested,not_requested,0.0,
REF000001595,BKG000001746,PAY000001746,False,not_requested,not_requested,0.0,
REF000001596,BKG000001747,PAY000001747,False,not_requested,not_requested,0.0,
REF000001597,BKG000001748,PAY000001748,False,not_requested,not_requested,0.0,
REF000001598,BKG000001749,PAY000001749,False,not_requested,not_requested,0.0,
REF000001599,BKG000001750,PAY000001750,False,not_requested,not_requested,0.0,
REF000001600,BKG000001752,PAY000001752,False,not_requested,not_requested,0.0,
REF000001601,BKG000001753,PAY000001753,False,not_requested,not_requested,0.0,
REF000001602,BKG000001756,PAY000001756,False,not_requested,not_requested,0.0,
REF000001603,BKG000001757,PAY000001757,False,not_requested,not_requested,0.0,
REF000001604,BKG000001758,PAY000001758,False,not_requested,not_requested,0.0,
REF000001605,BKG000001759,PAY000001759,False,not_requested,not_requested,0.0,
REF000001606,BKG000001760,PAY000001760,False,not_requested,not_requested,0.0,
REF000001607,BKG000001761,PAY000001761,False,not_requested,not_requested,0.0,
REF000001608,BKG000001762,PAY000001762,False,not_requested,not_requested,0.0,
REF000001609,BKG000001763,PAY000001763,False,not_requested,not_requested,0.0,
REF000001610,BKG000001765,PAY000001765,False,not_requested,not_requested,0.0,
REF000001611,BKG000001767,PAY000001767,False,not_requested,not_requested,0.0,
REF000001612,BKG000001769,PAY000001769,False,not_requested,not_requested,0.0,
REF000001613,BKG000001770,PAY000001770,False,not_requested,not_requested,0.0,
REF000001614,BKG000001772,PAY000001772,False,not_requested,not_requested,0.0,
REF000001615,BKG000001773,PAY000001773,False,not_requested,not_requested,0.0,
REF000001616,BKG000001774,PAY000001774,False,not_requested,not_requested,0.0,
REF000001617,BKG000001775,PAY000001775,False,not_requested,not_requested,0.0,
REF000001618,BKG000001776,PAY000001776,True,approved,customer_cancelled,688.68,2014-11-09 15:50:08
REF000001619,BKG000001777,PAY000001777,False,not_requested,not_requested,0.0,
REF000001620,BKG000001778,PAY000001778,False,not_requested,not_requested,0.0,
REF000001621,BKG000001780,PAY000001780,False,not_requested,not_requested,0.0,
REF000001622,BKG000001781,PAY000001781,False,not_requested,not_requested,0.0,
REF000001623,BKG000001782,PAY000001782,False,not_requested,not_requested,0.0,
REF000001624,BKG000001783,PAY000001783,False,not_requested,not_requested,0.0,
REF000001625,BKG000001784,PAY000001784,True,approved,customer_cancelled,53.89,2015-01-28 15:02:17
REF000001626,BKG000001785,PAY000001785,False,not_requested,not_requested,0.0,
REF000001627,BKG000001786,PAY000001786,False,not_requested,not_requested,0.0,
REF000001628,BKG000001787,PAY000001787,False,not_requested,not_requested,0.0,
REF000001629,BKG000001788,PAY000001788,False,not_requested,not_requested,0.0,
REF000001630,BKG000001789,PAY000001789,False,not_requested,not_requested,0.0,
REF000001631,BKG000001790,PAY000001790,False,not_requested,not_requested,0.0,
REF000001632,BKG000001791,PAY000001791,True,approved,duplicate_booking,908.49,2014-01-22 15:07:23
REF000001633,BKG000001792,PAY000001792,False,not_requested,not_requested,0.0,
REF000001634,BKG000001793,PAY000001793,False,not_requested,not_requested,0.0,
REF000001635,BKG000001795,PAY000001795,False,not_requested,not_requested,0.0,
REF000001636,BKG000001796,PAY000001796,False,not_requested,not_requested,0.0,
REF000001637,BKG000001797,PAY000001797,False,not_requested,not_requested,0.0,
REF000001638,BKG000001798,PAY000001798,False,not_requested,not_requested,0.0,
REF000001639,BKG000001799,PAY000001799,False,not_requested,not_requested,0.0,
REF000001640,BKG000001800,PAY000001800,False,not_requested,not_requested,0.0,
REF000001641,BKG000001801,PAY000001801,False,not_requested,not_requested,0.0,
REF000001642,BKG000001802,PAY000001802,False,not_requested,not_requested,0.0,
REF000001643,BKG000001803,PAY000001803,False,not_requested,not_requested,0.0,
REF000001644,BKG000001804,PAY000001804,False,not_requested,not_requested,0.0,
REF000001645,BKG000001805,PAY000001805,False,not_requested,not_requested,0.0,
REF000001646,BKG000001806,PAY000001806,False,not_requested,not_requested,0.0,
REF000001647,BKG000001807,PAY000001807,False,not_requested,not_requested,0.0,
REF000001648,BKG000001808,PAY000001808,False,not_requested,not_requested,0.0,
REF000001649,BKG000001809,PAY000001809,False,not_requested,not_requested,0.0,
REF000001650,BKG000001810,PAY000001810,False,not_requested,not_requested,0.0,
REF000001651,BKG000001811,PAY000001811,False,not_requested,not_requested,0.0,
REF000001652,BKG000001812,PAY000001812,False,not_requested,not_requested,0.0,
REF000001653,BKG000001813,PAY000001813,False,not_requested,not_requested,0.0,
REF000001654,BKG000001814,PAY000001814,False,not_requested,not_requested,0.0,
REF000001655,BKG000001815,PAY000001815,True,approved,customer_cancelled,36.44,2014-11-05 18:04:43
REF000001656,BKG000001816,PAY000001816,False,not_requested,not_requested,0.0,
REF000001657,BKG000001817,PAY000001817,False,not_requested,not_requested,0.0,
REF000001658,BKG000001818,PAY000001818,False,not_requested,not_requested,0.0,
REF000001659,BKG000001819,PAY000001819,False,not_requested,not_requested,0.0,
REF000001660,BKG000001821,PAY000001821,False,not_requested,not_requested,0.0,
REF000001661,BKG000001822,PAY000001822,False,not_requested,not_requested,0.0,
REF000001662,BKG000001823,PAY000001823,False,not_requested,not_requested,0.0,
REF000001663,BKG000001824,PAY000001824,False,not_requested,not_requested,0.0,
REF000001664,BKG000001826,PAY000001826,False,not_requested,not_requested,0.0,
REF000001665,BKG000001827,PAY000001827,False,not_requested,not_requested,0.0,
REF000001666,BKG000001828,PAY000001828,False,not_requested,not_requested,0.0,
REF000001667,BKG000001829,PAY000001829,False,not_requested,not_requested,0.0,
REF000001668,BKG000001830,PAY000001830,False,not_requested,not_requested,0.0,
REF000001669,BKG000001831,PAY000001831,True,approved,customer_cancelled,132.39,2013-10-21 13:49:15
REF000001670,BKG000001832,PAY000001832,False,not_requested,not_requested,0.0,
REF000001671,BKG000001833,PAY000001833,False,not_requested,not_requested,0.0,
REF000001672,BKG000001834,PAY000001834,False,not_requested,not_requested,0.0,
REF000001673,BKG000001835,PAY000001835,False,not_requested,not_requested,0.0,
REF000001674,BKG000001836,PAY000001836,False,not_requested,not_requested,0.0,
REF000001675,BKG000001837,PAY000001837,False,not_requested,not_requested,0.0,
REF000001676,BKG000001838,PAY000001838,False,not_requested,not_requested,0.0,
REF000001677,BKG000001839,PAY000001839,False,not_requested,not_requested,0.0,
REF000001678,BKG000001840,PAY000001840,False,not_requested,not_requested,0.0,
REF000001679,BKG000001841,PAY000001841,False,not_requested,not_requested,0.0,
REF000001680,BKG000001842,PAY000001842,False,not_requested,not_requested,0.0,
REF000001681,BKG000001843,PAY000001843,False,not_requested,not_requested,0.0,
REF000001682,BKG000001844,PAY000001844,False,not_requested,not_requested,0.0,
REF000001683,BKG000001845,PAY000001845,False,not_requested,not_requested,0.0,
REF000001684,BKG000001847,PAY000001847,False,not_requested,not_requested,0.0,
REF000001685,BKG000001848,PAY000001848,False,not_requested,not_requested,0.0,
REF000001686,BKG000001849,PAY000001849,False,not_requested,not_requested,0.0,
REF000001687,BKG000001850,PAY000001850,False,not_requested,not_requested,0.0,
REF000001688,BKG000001852,PAY000001852,False,not_requested,not_requested,0.0,
REF000001689,BKG000001853,PAY000001853,False,not_requested,not_requested,0.0,
REF000001690,BKG000001854,PAY000001854,False,not_requested,not_requested,0.0,
REF000001691,BKG000001855,PAY000001855,False,not_requested,not_requested,0.0,
REF000001692,BKG000001856,PAY000001856,False,not_requested,not_requested,0.0,
REF000001693,BKG000001857,PAY000001857,False,not_requested,not_requested,0.0,
REF000001694,BKG000001858,PAY000001858,False,not_requested,not_requested,0.0,
REF000001695,BKG000001859,PAY000001859,False,not_requested,not_requested,0.0,
REF000001696,BKG000001860,PAY000001860,False,not_requested,not_requested,0.0,
REF000001697,BKG000001861,PAY000001861,False,not_requested,not_requested,0.0,
REF000001698,BKG000001863,PAY000001863,False,not_requested,not_requested,0.0,
REF000001699,BKG000001864,PAY000001864,False,not_requested,not_requested,0.0,
REF000001700,BKG000001866,PAY000001866,False,not_requested,not_requested,0.0,
REF000001701,BKG000001867,PAY000001867,False,not_requested,not_requested,0.0,
REF000001702,BKG000001868,PAY000001868,False,not_requested,not_requested,0.0,
REF000001703,BKG000001869,PAY000001869,False,not_requested,not_requested,0.0,
REF000001704,BKG000001870,PAY000001870,False,not_requested,not_requested,0.0,
REF000001705,BKG000001871,PAY000001871,False,not_requested,not_requested,0.0,
REF000001706,BKG000001872,PAY000001872,False,not_requested,not_requested,0.0,
REF000001707,BKG000001873,PAY000001873,False,not_requested,not_requested,0.0,
REF000001708,BKG000001874,PAY000001874,False,not_requested,not_requested,0.0,
REF000001709,BKG000001875,PAY000001875,False,not_requested,not_requested,0.0,
REF000001710,BKG000001876,PAY000001876,False,not_requested,not_requested,0.0,
REF000001711,BKG000001877,PAY000001877,False,not_requested,not_requested,0.0,
REF000001712,BKG000001878,PAY000001878,False,not_requested,not_requested,0.0,
REF000001713,BKG000001879,PAY000001879,False,not_requested,not_requested,0.0,
REF000001714,BKG000001880,PAY000001880,False,not_requested,not_requested,0.0,
REF000001715,BKG000001881,PAY000001881,False,not_requested,not_requested,0.0,
REF000001716,BKG000001882,PAY000001882,False,not_requested,not_requested,0.0,
REF000001717,BKG000001883,PAY000001883,False,not_requested,not_requested,0.0,
REF000001718,BKG000001884,PAY000001884,False,not_requested,not_requested,0.0,
REF000001719,BKG000001886,PAY000001886,False,not_requested,not_requested,0.0,
REF000001720,BKG000001887,PAY000001887,False,not_requested,not_requested,0.0,
REF000001721,BKG000001889,PAY000001889,False,not_requested,not_requested,0.0,
REF000001722,BKG000001890,PAY000001890,False,not_requested,not_requested,0.0,
REF000001723,BKG000001891,PAY000001891,False,not_requested,not_requested,0.0,
REF000001724,BKG000001892,PAY000001892,False,not_requested,not_requested,0.0,
REF000001725,BKG000001893,PAY000001893,False,not_requested,not_requested,0.0,
REF000001726,BKG000001894,PAY000001894,False,not_requested,not_requested,0.0,
REF000001727,BKG000001895,PAY000001895,False,not_requested,not_requested,0.0,
REF000001728,BKG000001896,PAY000001896,False,not_requested,not_requested,0.0,
REF000001729,BKG000001897,PAY000001897,False,not_requested,not_requested,0.0,
REF000001730,BKG000001898,PAY000001898,False,not_requested,not_requested,0.0,
REF000001731,BKG000001899,PAY000001899,False,not_requested,not_requested,0.0,
REF000001732,BKG000001900,PAY000001900,False,not_requested,not_requested,0.0,
REF000001733,BKG000001901,PAY000001901,False,not_requested,not_requested,0.0,
REF000001734,BKG000001902,PAY000001902,False,not_requested,not_requested,0.0,
REF000001735,BKG000001903,PAY000001903,False,not_requested,not_requested,0.0,
REF000001736,BKG000001904,PAY000001904,False,not_requested,not_requested,0.0,
REF000001737,BKG000001906,PAY000001906,False,not_requested,not_requested,0.0,
REF000001738,BKG000001907,PAY000001907,False,not_requested,not_requested,0.0,
REF000001739,BKG000001908,PAY000001908,False,not_requested,not_requested,0.0,
REF000001740,BKG000001909,PAY000001909,False,not_requested,not_requested,0.0,
REF000001741,BKG000001910,PAY000001910,False,not_requested,not_requested,0.0,
REF000001742,BKG000001911,PAY000001911,False,not_requested,not_requested,0.0,
REF000001743,BKG000001912,PAY000001912,False,not_requested,not_requested,0.0,
REF000001744,BKG000001913,PAY000001913,False,not_requested,not_requested,0.0,
REF000001745,BKG000001914,PAY000001914,False,not_requested,not_requested,0.0,
REF000001746,BKG000001915,PAY000001915,False,not_requested,not_requested,0.0,
REF000001747,BKG000001917,PAY000001917,False,not_requested,not_requested,0.0,
REF000001748,BKG000001919,PAY000001919,False,not_requested,not_requested,0.0,
REF000001749,BKG000001920,PAY000001920,True,approved,airline_schedule_change,132.37,2014-07-08 17:31:25
REF000001750,BKG000001921,PAY000001921,False,not_requested,not_requested,0.0,
REF000001751,BKG000001922,PAY000001922,False,not_requested,not_requested,0.0,
REF000001752,BKG000001923,PAY000001923,False,not_requested,not_requested,0.0,
REF000001753,BKG000001924,PAY000001924,False,not_requested,not_requested,0.0,
REF000001754,BKG000001925,PAY000001925,False,not_requested,not_requested,0.0,
REF000001755,BKG000001926,PAY000001926,False,not_requested,not_requested,0.0,
REF000001756,BKG000001927,PAY000001927,False,not_requested,not_requested,0.0,
REF000001757,BKG000001928,PAY000001928,False,not_requested,not_requested,0.0,
REF000001758,BKG000001929,PAY000001929,False,not_requested,not_requested,0.0,
REF000001759,BKG000001930,PAY000001930,False,not_requested,not_requested,0.0,
REF000001760,BKG000001931,PAY000001931,True,rejected,ticketing_failure,0.0,2013-12-01 07:11:40
REF000001761,BKG000001932,PAY000001932,False,not_requested,not_requested,0.0,
REF000001762,BKG000001933,PAY000001933,False,not_requested,not_requested,0.0,
REF000001763,BKG000001934,PAY000001934,False,not_requested,not_requested,0.0,
REF000001764,BKG000001935,PAY000001935,False,not_requested,not_requested,0.0,
REF000001765,BKG000001936,PAY000001936,False,not_requested,not_requested,0.0,
REF000001766,BKG000001937,PAY000001937,False,not_requested,not_requested,0.0,
REF000001767,BKG000001938,PAY000001938,False,not_requested,not_requested,0.0,
REF000001768,BKG000001939,PAY000001939,False,not_requested,not_requested,0.0,
REF000001769,BKG000001940,PAY000001940,False,not_requested,not_requested,0.0,
REF000001770,BKG000001941,PAY000001941,False,not_requested,not_requested,0.0,
REF000001771,BKG000001942,PAY000001942,False,not_requested,not_requested,0.0,
REF000001772,BKG000001945,PAY000001945,False,not_requested,not_requested,0.0,
REF000001773,BKG000001946,PAY000001946,False,not_requested,not_requested,0.0,
REF000001774,BKG000001947,PAY000001947,False,not_requested,not_requested,0.0,
REF000001775,BKG000001948,PAY000001948,False,not_requested,not_requested,0.0,
REF000001776,BKG000001949,PAY000001949,False,not_requested,not_requested,0.0,
REF000001777,BKG000001951,PAY000001951,False,not_requested,not_requested,0.0,
REF000001778,BKG000001952,PAY000001952,False,not_requested,not_requested,0.0,
REF000001779,BKG000001953,PAY000001953,False,not_requested,not_requested,0.0,
REF000001780,BKG000001954,PAY000001954,False,not_requested,not_requested,0.0,
REF000001781,BKG000001955,PAY000001955,False,not_requested,not_requested,0.0,
REF000001782,BKG000001956,PAY000001956,False,not_requested,not_requested,0.0,
REF000001783,BKG000001957,PAY000001957,False,not_requested,not_requested,0.0,
REF000001784,BKG000001958,PAY000001958,False,not_requested,not_requested,0.0,
REF000001785,BKG000001960,PAY000001960,False,not_requested,not_requested,0.0,
REF000001786,BKG000001961,PAY000001961,False,not_requested,not_requested,0.0,
REF000001787,BKG000001963,PAY000001963,False,not_requested,not_requested,0.0,
REF000001788,BKG000001964,PAY000001964,False,not_requested,not_requested,0.0,
REF000001789,BKG000001965,PAY000001965,False,not_requested,not_requested,0.0,
REF000001790,BKG000001966,PAY000001966,False,not_requested,not_requested,0.0,
REF000001791,BKG000001967,PAY000001967,False,not_requested,not_requested,0.0,
REF000001792,BKG000001968,PAY000001968,False,not_requested,not_requested,0.0,
REF000001793,BKG000001969,PAY000001969,False,not_requested,not_requested,0.0,
REF000001794,BKG000001970,PAY000001970,True,approved,customer_cancelled,541.74,2013-07-13 11:38:33
REF000001795,BKG000001971,PAY000001971,False,not_requested,not_requested,0.0,
REF000001796,BKG000001972,PAY000001972,False,not_requested,not_requested,0.0,
REF000001797,BKG000001973,PAY000001973,False,not_requested,not_requested,0.0,
REF000001798,BKG000001975,PAY000001975,False,not_requested,not_requested,0.0,
REF000001799,BKG000001976,PAY000001976,False,not_requested,not_requested,0.0,
REF000001800,BKG000001977,PAY000001977,False,not_requested,not_requested,0.0,
REF000001801,BKG000001978,PAY000001978,False,not_requested,not_requested,0.0,
REF000001802,BKG000001979,PAY000001979,False,not_requested,not_requested,0.0,
REF000001803,BKG000001980,PAY000001980,False,not_requested,not_requested,0.0,
REF000001804,BKG000001982,PAY000001982,False,not_requested,not_requested,0.0,
REF000001805,BKG000001983,PAY000001983,False,not_requested,not_requested,0.0,
REF000001806,BKG000001984,PAY000001984,False,not_requested,not_requested,0.0,
REF000001807,BKG000001985,PAY000001985,False,not_requested,not_requested,0.0,
REF000001808,BKG000001986,PAY000001986,False,not_requested,not_requested,0.0,
REF000001809,BKG000001987,PAY000001987,False,not_requested,not_requested,0.0,
REF000001810,BKG000001988,PAY000001988,False,not_requested,not_requested,0.0,
REF000001811,BKG000001989,PAY000001989,False,not_requested,not_requested,0.0,
REF000001812,BKG000001990,PAY000001990,False,not_requested,not_requested,0.0,
REF000001813,BKG000001992,PAY000001992,False,not_requested,not_requested,0.0,
REF000001814,BKG000001993,PAY000001993,False,not_requested,not_requested,0.0,
REF000001815,BKG000001994,PAY000001994,False,not_requested,not_requested,0.0,
REF000001816,BKG000001995,PAY000001995,False,not_requested,not_requested,0.0,
REF000001817,BKG000001996,PAY000001996,False,not_requested,not_requested,0.0,
REF000001818,BKG000001997,PAY000001997,False,not_requested,not_requested,0.0,
REF000001819,BKG000001998,PAY000001998,False,not_requested,not_requested,0.0,
REF000001820,BKG000001999,PAY000001999,False,not_requested,not_requested,0.0,
REF000001821,BKG000002000,PAY000002000,False,not_requested,not_requested,0.0,
REF000001822,BKG000002001,PAY000002001,False,not_requested,not_requested,0.0,
REF000001823,BKG000002002,PAY000002002,False,not_requested,not_requested,0.0,
REF000001824,BKG000002003,PAY000002003,False,not_requested,not_requested,0.0,
REF000001825,BKG000002004,PAY000002004,False,not_requested,not_requested,0.0,
REF000001826,BKG000002005,PAY000002005,False,not_requested,not_requested,0.0,
REF000001827,BKG000002006,PAY000002006,False,not_requested,not_requested,0.0,
REF000001828,BKG000002007,PAY000002007,False,not_requested,not_requested,0.0,
REF000001829,BKG000002008,PAY000002008,False,not_requested,not_requested,0.0,
REF000001830,BKG000002009,PAY000002009,False,not_requested,not_requested,0.0,
REF000001831,BKG000002010,PAY000002010,False,not_requested,not_requested,0.0,
REF000001832,BKG000002011,PAY000002011,False,not_requested,not_requested,0.0,
REF000001833,BKG000002013,PAY000002013,False,not_requested,not_requested,0.0,
REF000001834,BKG000002014,PAY000002014,False,not_requested,not_requested,0.0,
REF000001835,BKG000002015,PAY000002015,False,not_requested,not_requested,0.0,
REF000001836,BKG000002016,PAY000002016,False,not_requested,not_requested,0.0,
REF000001837,BKG000002018,PAY000002018,False,not_requested,not_requested,0.0,
REF000001838,BKG000002019,PAY000002019,False,not_requested,not_requested,0.0,
REF000001839,BKG000002020,PAY000002020,False,not_requested,not_requested,0.0,
REF000001840,BKG000002021,PAY000002021,False,not_requested,not_requested,0.0,
REF000001841,BKG000002022,PAY000002022,False,not_requested,not_requested,0.0,
REF000001842,BKG000002023,PAY000002023,False,not_requested,not_requested,0.0,
REF000001843,BKG000002024,PAY000002024,False,not_requested,not_requested,0.0,
REF000001844,BKG000002025,PAY000002025,False,not_requested,not_requested,0.0,
REF000001845,BKG000002026,PAY000002026,False,not_requested,not_requested,0.0,
REF000001846,BKG000002027,PAY000002027,False,not_requested,not_requested,0.0,
REF000001847,BKG000002028,PAY000002028,True,approved,airline_schedule_change,1404.31,2013-12-18 22:01:14
REF000001848,BKG000002029,PAY000002029,False,not_requested,not_requested,0.0,
REF000001849,BKG000002031,PAY000002031,False,not_requested,not_requested,0.0,
REF000001850,BKG000002033,PAY000002033,False,not_requested,not_requested,0.0,
REF000001851,BKG000002034,PAY000002034,False,not_requested,not_requested,0.0,
REF000001852,BKG000002035,PAY000002035,False,not_requested,not_requested,0.0,
REF000001853,BKG000002036,PAY000002036,False,not_requested,not_requested,0.0,
REF000001854,BKG000002037,PAY000002037,False,not_requested,not_requested,0.0,
REF000001855,BKG000002038,PAY000002038,False,not_requested,not_requested,0.0,
REF000001856,BKG000002039,PAY000002039,False,not_requested,not_requested,0.0,
REF000001857,BKG000002040,PAY000002040,False,not_requested,not_requested,0.0,
REF000001858,BKG000002042,PAY000002042,False,not_requested,not_requested,0.0,
REF000001859,BKG000002043,PAY000002043,False,not_requested,not_requested,0.0,
REF000001860,BKG000002044,PAY000002044,False,not_requested,not_requested,0.0,
REF000001861,BKG000002045,PAY000002045,False,not_requested,not_requested,0.0,
REF000001862,BKG000002046,PAY000002046,False,not_requested,not_requested,0.0,
REF000001863,BKG000002047,PAY000002047,False,not_requested,not_requested,0.0,
REF000001864,BKG000002048,PAY000002048,False,not_requested,not_requested,0.0,
REF000001865,BKG000002049,PAY000002049,False,not_requested,not_requested,0.0,
REF000001866,BKG000002050,PAY000002050,False,not_requested,not_requested,0.0,
REF000001867,BKG000002051,PAY000002051,False,not_requested,not_requested,0.0,
REF000001868,BKG000002052,PAY000002052,False,not_requested,not_requested,0.0,
REF000001869,BKG000002053,PAY000002053,False,not_requested,not_requested,0.0,
REF000001870,BKG000002054,PAY000002054,False,not_requested,not_requested,0.0,
REF000001871,BKG000002055,PAY000002055,False,not_requested,not_requested,0.0,
REF000001872,BKG000002056,PAY000002056,False,not_requested,not_requested,0.0,
REF000001873,BKG000002057,PAY000002057,False,not_requested,not_requested,0.0,
REF000001874,BKG000002058,PAY000002058,False,not_requested,not_requested,0.0,
REF000001875,BKG000002059,PAY000002059,False,not_requested,not_requested,0.0,
REF000001876,BKG000002060,PAY000002060,False,not_requested,not_requested,0.0,
REF000001877,BKG000002061,PAY000002061,False,not_requested,not_requested,0.0,
REF000001878,BKG000002062,PAY000002062,False,not_requested,not_requested,0.0,
REF000001879,BKG000002064,PAY000002064,False,not_requested,not_requested,0.0,
REF000001880,BKG000002065,PAY000002065,False,not_requested,not_requested,0.0,
REF000001881,BKG000002066,PAY000002066,False,not_requested,not_requested,0.0,
REF000001882,BKG000002067,PAY000002067,False,not_requested,not_requested,0.0,
REF000001883,BKG000002068,PAY000002068,False,not_requested,not_requested,0.0,
REF000001884,BKG000002069,PAY000002069,False,not_requested,not_requested,0.0,
REF000001885,BKG000002070,PAY000002070,False,not_requested,not_requested,0.0,
REF000001886,BKG000002071,PAY000002071,False,not_requested,not_requested,0.0,
REF000001887,BKG000002072,PAY000002072,True,pending,customer_cancelled,250.83,2014-12-28 07:20:12
REF000001888,BKG000002073,PAY000002073,False,not_requested,not_requested,0.0,
REF000001889,BKG000002074,PAY000002074,False,not_requested,not_requested,0.0,
REF000001890,BKG000002075,PAY000002075,False,not_requested,not_requested,0.0,
REF000001891,BKG000002076,PAY000002076,False,not_requested,not_requested,0.0,
REF000001892,BKG000002077,PAY000002077,False,not_requested,not_requested,0.0,
REF000001893,BKG000002078,PAY000002078,False,not_requested,not_requested,0.0,
REF000001894,BKG000002079,PAY000002079,False,not_requested,not_requested,0.0,
REF000001895,BKG000002080,PAY000002080,False,not_requested,not_requested,0.0,
REF000001896,BKG000002081,PAY000002081,True,approved,customer_cancelled,742.67,2013-05-23 00:46:22
REF000001897,BKG000002083,PAY000002083,False,not_requested,not_requested,0.0,
REF000001898,BKG000002084,PAY000002084,False,not_requested,not_requested,0.0,
REF000001899,BKG000002085,PAY000002085,False,not_requested,not_requested,0.0,
REF000001900,BKG000002086,PAY000002086,False,not_requested,not_requested,0.0,
REF000001901,BKG000002087,PAY000002087,False,not_requested,not_requested,0.0,
REF000001902,BKG000002088,PAY000002088,False,not_requested,not_requested,0.0,
REF000001903,BKG000002089,PAY000002089,False,not_requested,not_requested,0.0,
REF000001904,BKG000002090,PAY000002090,False,not_requested,not_requested,0.0,
REF000001905,BKG000002091,PAY000002091,False,not_requested,not_requested,0.0,
REF000001906,BKG000002092,PAY000002092,False,not_requested,not_requested,0.0,
REF000001907,BKG000002093,PAY000002093,False,not_requested,not_requested,0.0,
REF000001908,BKG000002094,PAY000002094,False,not_requested,not_requested,0.0,
REF000001909,BKG000002097,PAY000002097,False,not_requested,not_requested,0.0,
REF000001910,BKG000002098,PAY000002098,False,not_requested,not_requested,0.0,
REF000001911,BKG000002099,PAY000002099,False,not_requested,not_requested,0.0,
REF000001912,BKG000002100,PAY000002100,False,not_requested,not_requested,0.0,
REF000001913,BKG000002101,PAY000002101,False,not_requested,not_requested,0.0,
REF000001914,BKG000002102,PAY000002102,False,not_requested,not_requested,0.0,
REF000001915,BKG000002103,PAY000002103,False,not_requested,not_requested,0.0,
REF000001916,BKG000002104,PAY000002104,False,not_requested,not_requested,0.0,
REF000001917,BKG000002105,PAY000002105,False,not_requested,not_requested,0.0,
REF000001918,BKG000002106,PAY000002106,False,not_requested,not_requested,0.0,
REF000001919,BKG000002107,PAY000002107,False,not_requested,not_requested,0.0,
REF000001920,BKG000002108,PAY000002108,False,not_requested,not_requested,0.0,
REF000001921,BKG000002109,PAY000002109,False,not_requested,not_requested,0.0,
REF000001922,BKG000002110,PAY000002110,False,not_requested,not_requested,0.0,
REF000001923,BKG000002111,PAY000002111,False,not_requested,not_requested,0.0,
REF000001924,BKG000002112,PAY000002112,False,not_requested,not_requested,0.0,
REF000001925,BKG000002113,PAY000002113,False,not_requested,not_requested,0.0,
REF000001926,BKG000002114,PAY000002114,False,not_requested,not_requested,0.0,
REF000001927,BKG000002115,PAY000002115,False,not_requested,not_requested,0.0,
REF000001928,BKG000002116,PAY000002116,False,not_requested,not_requested,0.0,
REF000001929,BKG000002117,PAY000002117,True,approved,airline_schedule_change,110.93,2014-07-19 23:00:22
REF000001930,BKG000002118,PAY000002118,False,not_requested,not_requested,0.0,
REF000001931,BKG000002119,PAY000002119,False,not_requested,not_requested,0.0,
REF000001932,BKG000002120,PAY000002120,False,not_requested,not_requested,0.0,
REF000001933,BKG000002121,PAY000002121,False,not_requested,not_requested,0.0,
REF000001934,BKG000002122,PAY000002122,False,not_requested,not_requested,0.0,
REF000001935,BKG000002123,PAY000002123,False,not_requested,not_requested,0.0,
REF000001936,BKG000002124,PAY000002124,False,not_requested,not_requested,0.0,
REF000001937,BKG000002125,PAY000002125,False,not_requested,not_requested,0.0,
REF000001938,BKG000002126,PAY000002126,False,not_requested,not_requested,0.0,
REF000001939,BKG000002127,PAY000002127,False,not_requested,not_requested,0.0,
REF000001940,BKG000002129,PAY000002129,False,not_requested,not_requested,0.0,
REF000001941,BKG000002130,PAY000002130,False,not_requested,not_requested,0.0,
REF000001942,BKG000002131,PAY000002131,False,not_requested,not_requested,0.0,
REF000001943,BKG000002132,PAY000002132,False,not_requested,not_requested,0.0,
REF000001944,BKG000002133,PAY000002133,False,not_requested,not_requested,0.0,
REF000001945,BKG000002134,PAY000002134,False,not_requested,not_requested,0.0,
REF000001946,BKG000002135,PAY000002135,False,not_requested,not_requested,0.0,
REF000001947,BKG000002136,PAY000002136,False,not_requested,not_requested,0.0,
REF000001948,BKG000002137,PAY000002137,False,not_requested,not_requested,0.0,
REF000001949,BKG000002138,PAY000002138,False,not_requested,not_requested,0.0,
REF000001950,BKG000002139,PAY000002139,False,not_requested,not_requested,0.0,
REF000001951,BKG000002140,PAY000002140,False,not_requested,not_requested,0.0,
REF000001952,BKG000002141,PAY000002141,False,not_requested,not_requested,0.0,
REF000001953,BKG000002142,PAY000002142,False,not_requested,not_requested,0.0,
REF000001954,BKG000002143,PAY000002143,True,pending,airline_schedule_change,92.65,2014-08-04 15:20:03
REF000001955,BKG000002144,PAY000002144,False,not_requested,not_requested,0.0,
REF000001956,BKG000002145,PAY000002145,False,not_requested,not_requested,0.0,
REF000001957,BKG000002146,PAY000002146,False,not_requested,not_requested,0.0,
REF000001958,BKG000002147,PAY000002147,False,not_requested,not_requested,0.0,
REF000001959,BKG000002148,PAY000002148,False,not_requested,not_requested,0.0,
REF000001960,BKG000002149,PAY000002149,False,not_requested,not_requested,0.0,
REF000001961,BKG000002150,PAY000002150,False,not_requested,not_requested,0.0,
REF000001962,BKG000002151,PAY000002151,False,not_requested,not_requested,0.0,
REF000001963,BKG000002152,PAY000002152,False,not_requested,not_requested,0.0,
REF000001964,BKG000002153,PAY000002153,False,not_requested,not_requested,0.0,
REF000001965,BKG000002154,PAY000002154,False,not_requested,not_requested,0.0,
REF000001966,BKG000002155,PAY000002155,False,not_requested,not_requested,0.0,
REF000001967,BKG000002156,PAY000002156,False,not_requested,not_requested,0.0,
REF000001968,BKG000002157,PAY000002157,False,not_requested,not_requested,0.0,
REF000001969,BKG000002159,PAY000002159,False,not_requested,not_requested,0.0,
REF000001970,BKG000002160,PAY000002160,False,not_requested,not_requested,0.0,
REF000001971,BKG000002161,PAY000002161,False,not_requested,not_requested,0.0,
REF000001972,BKG000002162,PAY000002162,False,not_requested,not_requested,0.0,
REF000001973,BKG000002163,PAY000002163,False,not_requested,not_requested,0.0,
REF000001974,BKG000002164,PAY000002164,False,not_requested,not_requested,0.0,
REF000001975,BKG000002165,PAY000002165,False,not_requested,not_requested,0.0,
REF000001976,BKG000002166,PAY000002166,False,not_requested,not_requested,0.0,
REF000001977,BKG000002167,PAY000002167,True,approved,customer_cancelled,713.79,2013-10-09 10:06:36
REF000001978,BKG000002168,PAY000002168,False,not_requested,not_requested,0.0,
REF000001979,BKG000002169,PAY000002169,False,not_requested,not_requested,0.0,
REF000001980,BKG000002170,PAY000002170,False,not_requested,not_requested,0.0,
REF000001981,BKG000002171,PAY000002171,False,not_requested,not_requested,0.0,
REF000001982,BKG000002172,PAY000002172,False,not_requested,not_requested,0.0,
REF000001983,BKG000002173,PAY000002173,False,not_requested,not_requested,0.0,
REF000001984,BKG000002174,PAY000002174,False,not_requested,not_requested,0.0,
REF000001985,BKG000002175,PAY000002175,False,not_requested,not_requested,0.0,
REF000001986,BKG000002176,PAY000002176,False,not_requested,not_requested,0.0,
REF000001987,BKG000002177,PAY000002177,False,not_requested,not_requested,0.0,
REF000001988,BKG000002178,PAY000002178,False,not_requested,not_requested,0.0,
REF000001989,BKG000002179,PAY000002179,False,not_requested,not_requested,0.0,
REF000001990,BKG000002180,PAY000002180,False,not_requested,not_requested,0.0,
REF000001991,BKG000002181,PAY000002181,False,not_requested,not_requested,0.0,
REF000001992,BKG000002182,PAY000002182,False,not_requested,not_requested,0.0,
REF000001993,BKG000002183,PAY000002183,False,not_requested,not_requested,0.0,
REF000001994,BKG000002184,PAY000002184,False,not_requested,not_requested,0.0,
REF000001995,BKG000002185,PAY000002185,False,not_requested,not_requested,0.0,
REF000001996,BKG000002186,PAY000002186,False,not_requested,not_requested,0.0,
REF000001997,BKG000002187,PAY000002187,False,not_requested,not_requested,0.0,
REF000001998,BKG000002188,PAY000002188,False,not_requested,not_requested,0.0,
REF000001999,BKG000002189,PAY000002189,False,not_requested,not_requested,0.0,
REF000002000,BKG000002191,PAY000002191,False,not_requested,not_requested,0.0,
REF000002001,BKG000002192,PAY000002192,False,not_requested,not_requested,0.0,
REF000002002,BKG000002194,PAY000002194,False,not_requested,not_requested,0.0,
REF000002003,BKG000002195,PAY000002195,False,not_requested,not_requested,0.0,
REF000002004,BKG000002196,PAY000002196,False,not_requested,not_requested,0.0,
REF000002005,BKG000002197,PAY000002197,False,not_requested,not_requested,0.0,
REF000002006,BKG000002198,PAY000002198,False,not_requested,not_requested,0.0,
REF000002007,BKG000002199,PAY000002199,False,not_requested,not_requested,0.0,
REF000002008,BKG000002200,PAY000002200,False,not_requested,not_requested,0.0,
REF000002009,BKG000002201,PAY000002201,False,not_requested,not_requested,0.0,
REF000002010,BKG000002202,PAY000002202,False,not_requested,not_requested,0.0,
REF000002011,BKG000002203,PAY000002203,False,not_requested,not_requested,0.0,
REF000002012,BKG000002205,PAY000002205,False,not_requested,not_requested,0.0,
REF000002013,BKG000002206,PAY000002206,False,not_requested,not_requested,0.0,
REF000002014,BKG000002207,PAY000002207,False,not_requested,not_requested,0.0,
REF000002015,BKG000002208,PAY000002208,False,not_requested,not_requested,0.0,
REF000002016,BKG000002209,PAY000002209,False,not_requested,not_requested,0.0,
REF000002017,BKG000002210,PAY000002210,False,not_requested,not_requested,0.0,
REF000002018,BKG000002212,PAY000002212,False,not_requested,not_requested,0.0,
REF000002019,BKG000002213,PAY000002213,False,not_requested,not_requested,0.0,
REF000002020,BKG000002214,PAY000002214,False,not_requested,not_requested,0.0,
REF000002021,BKG000002215,PAY000002215,False,not_requested,not_requested,0.0,
REF000002022,BKG000002216,PAY000002216,False,not_requested,not_requested,0.0,
REF000002023,BKG000002217,PAY000002217,True,approved,duplicate_booking,180.79,2013-09-12 19:04:31
REF000002024,BKG000002218,PAY000002218,False,not_requested,not_requested,0.0,
REF000002025,BKG000002219,PAY000002219,False,not_requested,not_requested,0.0,
REF000002026,BKG000002220,PAY000002220,False,not_requested,not_requested,0.0,
REF000002027,BKG000002221,PAY000002221,False,not_requested,not_requested,0.0,
REF000002028,BKG000002222,PAY000002222,False,not_requested,not_requested,0.0,
REF000002029,BKG000002223,PAY000002223,False,not_requested,not_requested,0.0,
REF000002030,BKG000002224,PAY000002224,False,not_requested,not_requested,0.0,
REF000002031,BKG000002225,PAY000002225,False,not_requested,not_requested,0.0,
REF000002032,BKG000002226,PAY000002226,False,not_requested,not_requested,0.0,
REF000002033,BKG000002228,PAY000002228,False,not_requested,not_requested,0.0,
REF000002034,BKG000002229,PAY000002229,False,not_requested,not_requested,0.0,
REF000002035,BKG000002230,PAY000002230,False,not_requested,not_requested,0.0,
REF000002036,BKG000002231,PAY000002231,False,not_requested,not_requested,0.0,
REF000002037,BKG000002232,PAY000002232,False,not_requested,not_requested,0.0,
REF000002038,BKG000002234,PAY000002234,False,not_requested,not_requested,0.0,
REF000002039,BKG000002235,PAY000002235,False,not_requested,not_requested,0.0,
REF000002040,BKG000002236,PAY000002236,True,approved,duplicate_booking,217.67,2014-07-22 03:41:44
REF000002041,BKG000002237,PAY000002237,False,not_requested,not_requested,0.0,
REF000002042,BKG000002238,PAY000002238,False,not_requested,not_requested,0.0,
REF000002043,BKG000002239,PAY000002239,False,not_requested,not_requested,0.0,
REF000002044,BKG000002240,PAY000002240,False,not_requested,not_requested,0.0,
REF000002045,BKG000002241,PAY000002241,False,not_requested,not_requested,0.0,
REF000002046,BKG000002242,PAY000002242,False,not_requested,not_requested,0.0,
REF000002047,BKG000002243,PAY000002243,False,not_requested,not_requested,0.0,
REF000002048,BKG000002244,PAY000002244,False,not_requested,not_requested,0.0,
REF000002049,BKG000002245,PAY000002245,False,not_requested,not_requested,0.0,
REF000002050,BKG000002246,PAY000002246,False,not_requested,not_requested,0.0,
REF000002051,BKG000002247,PAY000002247,False,not_requested,not_requested,0.0,
REF000002052,BKG000002248,PAY000002248,False,not_requested,not_requested,0.0,
REF000002053,BKG000002250,PAY000002250,False,not_requested,not_requested,0.0,
REF000002054,BKG000002251,PAY000002251,False,not_requested,not_requested,0.0,
REF000002055,BKG000002252,PAY000002252,False,not_requested,not_requested,0.0,
REF000002056,BKG000002253,PAY000002253,False,not_requested,not_requested,0.0,
REF000002057,BKG000002254,PAY000002254,False,not_requested,not_requested,0.0,
REF000002058,BKG000002255,PAY000002255,False,not_requested,not_requested,0.0,
REF000002059,BKG000002256,PAY000002256,False,not_requested,not_requested,0.0,
REF000002060,BKG000002257,PAY000002257,False,not_requested,not_requested,0.0,
REF000002061,BKG000002258,PAY000002258,False,not_requested,not_requested,0.0,
REF000002062,BKG000002259,PAY000002259,False,not_requested,not_requested,0.0,
REF000002063,BKG000002260,PAY000002260,False,not_requested,not_requested,0.0,
REF000002064,BKG000002261,PAY000002261,False,not_requested,not_requested,0.0,
REF000002065,BKG000002262,PAY000002262,False,not_requested,not_requested,0.0,
REF000002066,BKG000002263,PAY000002263,False,not_requested,not_requested,0.0,
REF000002067,BKG000002264,PAY000002264,False,not_requested,not_requested,0.0,
REF000002068,BKG000002265,PAY000002265,False,not_requested,not_requested,0.0,
REF000002069,BKG000002266,PAY000002266,False,not_requested,not_requested,0.0,
REF000002070,BKG000002267,PAY000002267,False,not_requested,not_requested,0.0,
REF000002071,BKG000002268,PAY000002268,False,not_requested,not_requested,0.0,
REF000002072,BKG000002269,PAY000002269,False,not_requested,not_requested,0.0,
REF000002073,BKG000002270,PAY000002270,False,not_requested,not_requested,0.0,
REF000002074,BKG000002271,PAY000002271,False,not_requested,not_requested,0.0,
REF000002075,BKG000002272,PAY000002272,False,not_requested,not_requested,0.0,
REF000002076,BKG000002273,PAY000002273,False,not_requested,not_requested,0.0,
REF000002077,BKG000002276,PAY000002276,False,not_requested,not_requested,0.0,
REF000002078,BKG000002277,PAY000002277,False,not_requested,not_requested,0.0,
REF000002079,BKG000002278,PAY000002278,True,approved,airline_schedule_change,371.0,2014-01-22 16:15:52
REF000002080,BKG000002279,PAY000002279,False,not_requested,not_requested,0.0,
REF000002081,BKG000002280,PAY000002280,False,not_requested,not_requested,0.0,
REF000002082,BKG000002281,PAY000002281,False,not_requested,not_requested,0.0,
REF000002083,BKG000002282,PAY000002282,False,not_requested,not_requested,0.0,
REF000002084,BKG000002283,PAY000002283,False,not_requested,not_requested,0.0,
REF000002085,BKG000002284,PAY000002284,False,not_requested,not_requested,0.0,
REF000002086,BKG000002285,PAY000002285,False,not_requested,not_requested,0.0,
REF000002087,BKG000002287,PAY000002287,False,not_requested,not_requested,0.0,
REF000002088,BKG000002288,PAY000002288,False,not_requested,not_requested,0.0,
REF000002089,BKG000002289,PAY000002289,False,not_requested,not_requested,0.0,
REF000002090,BKG000002290,PAY000002290,False,not_requested,not_requested,0.0,
REF000002091,BKG000002291,PAY000002291,False,not_requested,not_requested,0.0,
REF000002092,BKG000002292,PAY000002292,False,not_requested,not_requested,0.0,
REF000002093,BKG000002293,PAY000002293,False,not_requested,not_requested,0.0,
REF000002094,BKG000002294,PAY000002294,False,not_requested,not_requested,0.0,
REF000002095,BKG000002295,PAY000002295,False,not_requested,not_requested,0.0,
REF000002096,BKG000002296,PAY000002296,False,not_requested,not_requested,0.0,
REF000002097,BKG000002297,PAY000002297,False,not_requested,not_requested,0.0,
REF000002098,BKG000002298,PAY000002298,False,not_requested,not_requested,0.0,
REF000002099,BKG000002299,PAY000002299,False,not_requested,not_requested,0.0,
REF000002100,BKG000002300,PAY000002300,False,not_requested,not_requested,0.0,
REF000002101,BKG000002301,PAY000002301,False,not_requested,not_requested,0.0,
REF000002102,BKG000002302,PAY000002302,False,not_requested,not_requested,0.0,
REF000002103,BKG000002303,PAY000002303,False,not_requested,not_requested,0.0,
REF000002104,BKG000002305,PAY000002305,False,not_requested,not_requested,0.0,
REF000002105,BKG000002306,PAY000002306,False,not_requested,not_requested,0.0,
REF000002106,BKG000002307,PAY000002307,False,not_requested,not_requested,0.0,
REF000002107,BKG000002308,PAY000002308,False,not_requested,not_requested,0.0,
REF000002108,BKG000002309,PAY000002309,False,not_requested,not_requested,0.0,
REF000002109,BKG000002310,PAY000002310,False,not_requested,not_requested,0.0,
REF000002110,BKG000002311,PAY000002311,False,not_requested,not_requested,0.0,
REF000002111,BKG000002312,PAY000002312,False,not_requested,not_requested,0.0,
REF000002112,BKG000002313,PAY000002313,False,not_requested,not_requested,0.0,
REF000002113,BKG000002314,PAY000002314,False,not_requested,not_requested,0.0,
REF000002114,BKG000002315,PAY000002315,False,not_requested,not_requested,0.0,
REF000002115,BKG000002316,PAY000002316,False,not_requested,not_requested,0.0,
REF000002116,BKG000002317,PAY000002317,True,approved,customer_cancelled,199.62,2014-10-27 10:18:07
REF000002117,BKG000002318,PAY000002318,False,not_requested,not_requested,0.0,
REF000002118,BKG000002319,PAY000002319,False,not_requested,not_requested,0.0,
REF000002119,BKG000002320,PAY000002320,False,not_requested,not_requested,0.0,
REF000002120,BKG000002321,PAY000002321,False,not_requested,not_requested,0.0,
REF000002121,BKG000002322,PAY000002322,False,not_requested,not_requested,0.0,
REF000002122,BKG000002323,PAY000002323,False,not_requested,not_requested,0.0,
REF000002123,BKG000002324,PAY000002324,False,not_requested,not_requested,0.0,
REF000002124,BKG000002325,PAY000002325,False,not_requested,not_requested,0.0,
REF000002125,BKG000002326,PAY000002326,False,not_requested,not_requested,0.0,
REF000002126,BKG000002327,PAY000002327,False,not_requested,not_requested,0.0,
REF000002127,BKG000002328,PAY000002328,False,not_requested,not_requested,0.0,
REF000002128,BKG000002329,PAY000002329,False,not_requested,not_requested,0.0,
REF000002129,BKG000002330,PAY000002330,False,not_requested,not_requested,0.0,
REF000002130,BKG000002331,PAY000002331,False,not_requested,not_requested,0.0,
REF000002131,BKG000002332,PAY000002332,False,not_requested,not_requested,0.0,
REF000002132,BKG000002333,PAY000002333,False,not_requested,not_requested,0.0,
REF000002133,BKG000002334,PAY000002334,False,not_requested,not_requested,0.0,
REF000002134,BKG000002335,PAY000002335,False,not_requested,not_requested,0.0,
REF000002135,BKG000002336,PAY000002336,True,pending,customer_cancelled,263.58,2013-04-14 11:53:21
REF000002136,BKG000002337,PAY000002337,False,not_requested,not_requested,0.0,
REF000002137,BKG000002338,PAY000002338,False,not_requested,not_requested,0.0,
REF000002138,BKG000002340,PAY000002340,True,pending,customer_cancelled,169.24,2014-04-25 13:29:05
REF000002139,BKG000002341,PAY000002341,False,not_requested,not_requested,0.0,
REF000002140,BKG000002342,PAY000002342,False,not_requested,not_requested,0.0,
REF000002141,BKG000002343,PAY000002343,False,not_requested,not_requested,0.0,
REF000002142,BKG000002344,PAY000002344,False,not_requested,not_requested,0.0,
REF000002143,BKG000002345,PAY000002345,False,not_requested,not_requested,0.0,
REF000002144,BKG000002346,PAY000002346,False,not_requested,not_requested,0.0,
REF000002145,BKG000002347,PAY000002347,False,not_requested,not_requested,0.0,
REF000002146,BKG000002348,PAY000002348,False,not_requested,not_requested,0.0,
REF000002147,BKG000002349,PAY000002349,False,not_requested,not_requested,0.0,
REF000002148,BKG000002351,PAY000002351,False,not_requested,not_requested,0.0,
REF000002149,BKG000002352,PAY000002352,False,not_requested,not_requested,0.0,
REF000002150,BKG000002353,PAY000002353,True,approved,customer_cancelled,61.81,2013-08-22 13:07:53
REF000002151,BKG000002354,PAY000002354,False,not_requested,not_requested,0.0,
REF000002152,BKG000002355,PAY000002355,False,not_requested,not_requested,0.0,
REF000002153,BKG000002356,PAY000002356,False,not_requested,not_requested,0.0,
REF000002154,BKG000002357,PAY000002357,True,approved,airline_schedule_change,289.26,2013-11-05 17:41:58
REF000002155,BKG000002358,PAY000002358,False,not_requested,not_requested,0.0,
REF000002156,BKG000002359,PAY000002359,False,not_requested,not_requested,0.0,
REF000002157,BKG000002360,PAY000002360,False,not_requested,not_requested,0.0,
REF000002158,BKG000002361,PAY000002361,False,not_requested,not_requested,0.0,
REF000002159,BKG000002362,PAY000002362,False,not_requested,not_requested,0.0,
REF000002160,BKG000002363,PAY000002363,False,not_requested,not_requested,0.0,
REF000002161,BKG000002364,PAY000002364,False,not_requested,not_requested,0.0,
REF000002162,BKG000002366,PAY000002366,False,not_requested,not_requested,0.0,
REF000002163,BKG000002367,PAY000002367,False,not_requested,not_requested,0.0,
REF000002164,BKG000002368,PAY000002368,False,not_requested,not_requested,0.0,
REF000002165,BKG000002369,PAY000002369,False,not_requested,not_requested,0.0,
REF000002166,BKG000002370,PAY000002370,False,not_requested,not_requested,0.0,
REF000002167,BKG000002371,PAY000002371,False,not_requested,not_requested,0.0,
REF000002168,BKG000002372,PAY000002372,False,not_requested,not_requested,0.0,
REF000002169,BKG000002373,PAY000002373,False,not_requested,not_requested,0.0,
REF000002170,BKG000002374,PAY000002374,False,not_requested,not_requested,0.0,
REF000002171,BKG000002375,PAY000002375,False,not_requested,not_requested,0.0,
REF000002172,BKG000002376,PAY000002376,False,not_requested,not_requested,0.0,
REF000002173,BKG000002377,PAY000002377,False,not_requested,not_requested,0.0,
REF000002174,BKG000002379,PAY000002379,False,not_requested,not_requested,0.0,
REF000002175,BKG000002380,PAY000002380,False,not_requested,not_requested,0.0,
REF000002176,BKG000002381,PAY000002381,False,not_requested,not_requested,0.0,
REF000002177,BKG000002382,PAY000002382,False,not_requested,not_requested,0.0,
REF000002178,BKG000002383,PAY000002383,False,not_requested,not_requested,0.0,
REF000002179,BKG000002384,PAY000002384,False,not_requested,not_requested,0.0,
REF000002180,BKG000002386,PAY000002386,False,not_requested,not_requested,0.0,
REF000002181,BKG000002387,PAY000002387,False,not_requested,not_requested,0.0,
REF000002182,BKG000002388,PAY000002388,False,not_requested,not_requested,0.0,
REF000002183,BKG000002389,PAY000002389,False,not_requested,not_requested,0.0,
REF000002184,BKG000002390,PAY000002390,False,not_requested,not_requested,0.0,
REF000002185,BKG000002391,PAY000002391,False,not_requested,not_requested,0.0,
REF000002186,BKG000002392,PAY000002392,False,not_requested,not_requested,0.0,
REF000002187,BKG000002393,PAY000002393,True,rejected,payment_dispute,0.0,2014-05-29 10:55:43
REF000002188,BKG000002394,PAY000002394,False,not_requested,not_requested,0.0,
REF000002189,BKG000002395,PAY000002395,False,not_requested,not_requested,0.0,
REF000002190,BKG000002396,PAY000002396,False,not_requested,not_requested,0.0,
REF000002191,BKG000002397,PAY000002397,False,not_requested,not_requested,0.0,
REF000002192,BKG000002398,PAY000002398,False,not_requested,not_requested,0.0,
REF000002193,BKG000002399,PAY000002399,False,not_requested,not_requested,0.0,
REF000002194,BKG000002400,PAY000002400,False,not_requested,not_requested,0.0,
REF000002195,BKG000002401,PAY000002401,False,not_requested,not_requested,0.0,
REF000002196,BKG000002402,PAY000002402,False,not_requested,not_requested,0.0,
REF000002197,BKG000002403,PAY000002403,False,not_requested,not_requested,0.0,
REF000002198,BKG000002404,PAY000002404,False,not_requested,not_requested,0.0,
REF000002199,BKG000002405,PAY000002405,False,not_requested,not_requested,0.0,
REF000002200,BKG000002406,PAY000002406,False,not_requested,not_requested,0.0,
REF000002201,BKG000002408,PAY000002408,False,not_requested,not_requested,0.0,
REF000002202,BKG000002409,PAY000002409,False,not_requested,not_requested,0.0,
REF000002203,BKG000002410,PAY000002410,False,not_requested,not_requested,0.0,
REF000002204,BKG000002411,PAY000002411,False,not_requested,not_requested,0.0,
REF000002205,BKG000002412,PAY000002412,False,not_requested,not_requested,0.0,
REF000002206,BKG000002413,PAY000002413,False,not_requested,not_requested,0.0,
REF000002207,BKG000002414,PAY000002414,False,not_requested,not_requested,0.0,
REF000002208,BKG000002415,PAY000002415,False,not_requested,not_requested,0.0,
REF000002209,BKG000002416,PAY000002416,False,not_requested,not_requested,0.0,
REF000002210,BKG000002417,PAY000002417,False,not_requested,not_requested,0.0,
REF000002211,BKG000002418,PAY000002418,False,not_requested,not_requested,0.0,
REF000002212,BKG000002419,PAY000002419,False,not_requested,not_requested,0.0,
REF000002213,BKG000002420,PAY000002420,False,not_requested,not_requested,0.0,
REF000002214,BKG000002422,PAY000002422,False,not_requested,not_requested,0.0,
REF000002215,BKG000002423,PAY000002423,False,not_requested,not_requested,0.0,
REF000002216,BKG000002424,PAY000002424,False,not_requested,not_requested,0.0,
REF000002217,BKG000002425,PAY000002425,False,not_requested,not_requested,0.0,
REF000002218,BKG000002426,PAY000002426,False,not_requested,not_requested,0.0,
REF000002219,BKG000002427,PAY000002427,False,not_requested,not_requested,0.0,
REF000002220,BKG000002428,PAY000002428,False,not_requested,not_requested,0.0,
REF000002221,BKG000002429,PAY000002429,False,not_requested,not_requested,0.0,
REF000002222,BKG000002430,PAY000002430,False,not_requested,not_requested,0.0,
REF000002223,BKG000002431,PAY000002431,True,approved,customer_cancelled,266.36,2014-05-18 17:31:29
REF000002224,BKG000002432,PAY000002432,False,not_requested,not_requested,0.0,
REF000002225,BKG000002433,PAY000002433,False,not_requested,not_requested,0.0,
REF000002226,BKG000002434,PAY000002434,False,not_requested,not_requested,0.0,
REF000002227,BKG000002435,PAY000002435,False,not_requested,not_requested,0.0,
REF000002228,BKG000002436,PAY000002436,False,not_requested,not_requested,0.0,
REF000002229,BKG000002437,PAY000002437,False,not_requested,not_requested,0.0,
REF000002230,BKG000002438,PAY000002438,False,not_requested,not_requested,0.0,
REF000002231,BKG000002439,PAY000002439,False,not_requested,not_requested,0.0,
REF000002232,BKG000002440,PAY000002440,False,not_requested,not_requested,0.0,
REF000002233,BKG000002441,PAY000002441,False,not_requested,not_requested,0.0,
REF000002234,BKG000002442,PAY000002442,False,not_requested,not_requested,0.0,
REF000002235,BKG000002443,PAY000002443,False,not_requested,not_requested,0.0,
REF000002236,BKG000002446,PAY000002446,False,not_requested,not_requested,0.0,
REF000002237,BKG000002447,PAY000002447,False,not_requested,not_requested,0.0,
REF000002238,BKG000002448,PAY000002448,False,not_requested,not_requested,0.0,
REF000002239,BKG000002449,PAY000002449,False,not_requested,not_requested,0.0,
REF000002240,BKG000002450,PAY000002450,False,not_requested,not_requested,0.0,
REF000002241,BKG000002451,PAY000002451,False,not_requested,not_requested,0.0,
REF000002242,BKG000002452,PAY000002452,False,not_requested,not_requested,0.0,
REF000002243,BKG000002453,PAY000002453,False,not_requested,not_requested,0.0,
REF000002244,BKG000002454,PAY000002454,False,not_requested,not_requested,0.0,
REF000002245,BKG000002455,PAY000002455,True,approved,duplicate_booking,353.76,2013-10-19 08:50:01
REF000002246,BKG000002456,PAY000002456,True,approved,duplicate_booking,202.05,2014-08-01 15:10:41
REF000002247,BKG000002457,PAY000002457,False,not_requested,not_requested,0.0,
REF000002248,BKG000002458,PAY000002458,False,not_requested,not_requested,0.0,
REF000002249,BKG000002459,PAY000002459,False,not_requested,not_requested,0.0,
REF000002250,BKG000002460,PAY000002460,False,not_requested,not_requested,0.0,
REF000002251,BKG000002461,PAY000002461,False,not_requested,not_requested,0.0,
REF000002252,BKG000002462,PAY000002462,False,not_requested,not_requested,0.0,
REF000002253,BKG000002463,PAY000002463,False,not_requested,not_requested,0.0,
REF000002254,BKG000002464,PAY000002464,False,not_requested,not_requested,0.0,
REF000002255,BKG000002465,PAY000002465,False,not_requested,not_requested,0.0,
REF000002256,BKG000002466,PAY000002466,False,not_requested,not_requested,0.0,
REF000002257,BKG000002467,PAY000002467,False,not_requested,not_requested,0.0,
REF000002258,BKG000002468,PAY000002468,False,not_requested,not_requested,0.0,
REF000002259,BKG000002469,PAY000002469,False,not_requested,not_requested,0.0,
REF000002260,BKG000002470,PAY000002470,False,not_requested,not_requested,0.0,
REF000002261,BKG000002472,PAY000002472,False,not_requested,not_requested,0.0,
REF000002262,BKG000002473,PAY000002473,False,not_requested,not_requested,0.0,
REF000002263,BKG000002475,PAY000002475,False,not_requested,not_requested,0.0,
REF000002264,BKG000002477,PAY000002477,False,not_requested,not_requested,0.0,
REF000002265,BKG000002478,PAY000002478,False,not_requested,not_requested,0.0,
REF000002266,BKG000002479,PAY000002479,False,not_requested,not_requested,0.0,
REF000002267,BKG000002480,PAY000002480,False,not_requested,not_requested,0.0,
REF000002268,BKG000002481,PAY000002481,False,not_requested,not_requested,0.0,
REF000002269,BKG000002482,PAY000002482,False,not_requested,not_requested,0.0,
REF000002270,BKG000002483,PAY000002483,False,not_requested,not_requested,0.0,
REF000002271,BKG000002484,PAY000002484,False,not_requested,not_requested,0.0,
REF000002272,BKG000002485,PAY000002485,False,not_requested,not_requested,0.0,
REF000002273,BKG000002486,PAY000002486,False,not_requested,not_requested,0.0,
REF000002274,BKG000002487,PAY000002487,False,not_requested,not_requested,0.0,
REF000002275,BKG000002488,PAY000002488,False,not_requested,not_requested,0.0,
REF000002276,BKG000002489,PAY000002489,False,not_requested,not_requested,0.0,
REF000002277,BKG000002490,PAY000002490,False,not_requested,not_requested,0.0,
REF000002278,BKG000002491,PAY000002491,False,not_requested,not_requested,0.0,
REF000002279,BKG000002492,PAY000002492,False,not_requested,not_requested,0.0,
REF000002280,BKG000002493,PAY000002493,False,not_requested,not_requested,0.0,
REF000002281,BKG000002494,PAY000002494,False,not_requested,not_requested,0.0,
REF000002282,BKG000002495,PAY000002495,False,not_requested,not_requested,0.0,
REF000002283,BKG000002496,PAY000002496,False,not_requested,not_requested,0.0,
REF000002284,BKG000002497,PAY000002497,False,not_requested,not_requested,0.0,
REF000002285,BKG000002498,PAY000002498,False,not_requested,not_requested,0.0,
REF000002286,BKG000002499,PAY000002499,False,not_requested,not_requested,0.0,
REF000002287,BKG000002500,PAY000002500,False,not_requested,not_requested,0.0,
REF000002288,BKG000002502,PAY000002502,False,not_requested,not_requested,0.0,
REF000002289,BKG000002504,PAY000002504,False,not_requested,not_requested,0.0,
REF000002290,BKG000002505,PAY000002505,False,not_requested,not_requested,0.0,
REF000002291,BKG000002506,PAY000002506,False,not_requested,not_requested,0.0,
REF000002292,BKG000002507,PAY000002507,False,not_requested,not_requested,0.0,
REF000002293,BKG000002508,PAY000002508,False,not_requested,not_requested,0.0,
REF000002294,BKG000002509,PAY000002509,False,not_requested,not_requested,0.0,
REF000002295,BKG000002510,PAY000002510,False,not_requested,not_requested,0.0,
REF000002296,BKG000002511,PAY000002511,False,not_requested,not_requested,0.0,
REF000002297,BKG000002512,PAY000002512,False,not_requested,not_requested,0.0,
REF000002298,BKG000002513,PAY000002513,False,not_requested,not_requested,0.0,
REF000002299,BKG000002514,PAY000002514,False,not_requested,not_requested,0.0,
REF000002300,BKG000002515,PAY000002515,False,not_requested,not_requested,0.0,
REF000002301,BKG000002517,PAY000002517,False,not_requested,not_requested,0.0,
REF000002302,BKG000002518,PAY000002518,False,not_requested,not_requested,0.0,
REF000002303,BKG000002519,PAY000002519,False,not_requested,not_requested,0.0,
REF000002304,BKG000002520,PAY000002520,False,not_requested,not_requested,0.0,
REF000002305,BKG000002521,PAY000002521,False,not_requested,not_requested,0.0,
REF000002306,BKG000002522,PAY000002522,False,not_requested,not_requested,0.0,
REF000002307,BKG000002523,PAY000002523,False,not_requested,not_requested,0.0,
REF000002308,BKG000002524,PAY000002524,False,not_requested,not_requested,0.0,
REF000002309,BKG000002525,PAY000002525,False,not_requested,not_requested,0.0,
REF000002310,BKG000002526,PAY000002526,False,not_requested,not_requested,0.0,
REF000002311,BKG000002527,PAY000002527,False,not_requested,not_requested,0.0,
REF000002312,BKG000002528,PAY000002528,False,not_requested,not_requested,0.0,
REF000002313,BKG000002529,PAY000002529,False,not_requested,not_requested,0.0,
REF000002314,BKG000002530,PAY000002530,False,not_requested,not_requested,0.0,
REF000002315,BKG000002531,PAY000002531,False,not_requested,not_requested,0.0,
REF000002316,BKG000002532,PAY000002532,True,approved,customer_cancelled,133.13,2014-08-19 16:19:39
REF000002317,BKG000002533,PAY000002533,False,not_requested,not_requested,0.0,
REF000002318,BKG000002534,PAY000002534,False,not_requested,not_requested,0.0,
REF000002319,BKG000002535,PAY000002535,False,not_requested,not_requested,0.0,
REF000002320,BKG000002536,PAY000002536,False,not_requested,not_requested,0.0,
REF000002321,BKG000002537,PAY000002537,False,not_requested,not_requested,0.0,
REF000002322,BKG000002538,PAY000002538,False,not_requested,not_requested,0.0,
REF000002323,BKG000002539,PAY000002539,False,not_requested,not_requested,0.0,
REF000002324,BKG000002540,PAY000002540,False,not_requested,not_requested,0.0,
REF000002325,BKG000002541,PAY000002541,False,not_requested,not_requested,0.0,
REF000002326,BKG000002542,PAY000002542,False,not_requested,not_requested,0.0,
REF000002327,BKG000002543,PAY000002543,False,not_requested,not_requested,0.0,
REF000002328,BKG000002544,PAY000002544,False,not_requested,not_requested,0.0,
REF000002329,BKG000002545,PAY000002545,False,not_requested,not_requested,0.0,
REF000002330,BKG000002546,PAY000002546,False,not_requested,not_requested,0.0,
REF000002331,BKG000002548,PAY000002548,False,not_requested,not_requested,0.0,
REF000002332,BKG000002549,PAY000002549,False,not_requested,not_requested,0.0,
REF000002333,BKG000002550,PAY000002550,False,not_requested,not_requested,0.0,
REF000002334,BKG000002551,PAY000002551,False,not_requested,not_requested,0.0,
REF000002335,BKG000002552,PAY000002552,False,not_requested,not_requested,0.0,
REF000002336,BKG000002554,PAY000002554,False,not_requested,not_requested,0.0,
REF000002337,BKG000002555,PAY000002555,False,not_requested,not_requested,0.0,
REF000002338,BKG000002556,PAY000002556,False,not_requested,not_requested,0.0,
REF000002339,BKG000002557,PAY000002557,False,not_requested,not_requested,0.0,
REF000002340,BKG000002558,PAY000002558,False,not_requested,not_requested,0.0,
REF000002341,BKG000002559,PAY000002559,False,not_requested,not_requested,0.0,
REF000002342,BKG000002560,PAY000002560,False,not_requested,not_requested,0.0,
REF000002343,BKG000002561,PAY000002561,False,not_requested,not_requested,0.0,
REF000002344,BKG000002563,PAY000002563,False,not_requested,not_requested,0.0,
REF000002345,BKG000002565,PAY000002565,False,not_requested,not_requested,0.0,
REF000002346,BKG000002566,PAY000002566,False,not_requested,not_requested,0.0,
REF000002347,BKG000002567,PAY000002567,True,approved,ticketing_failure,210.15,2013-04-25 07:12:54
REF000002348,BKG000002568,PAY000002568,False,not_requested,not_requested,0.0,
REF000002349,BKG000002569,PAY000002569,False,not_requested,not_requested,0.0,
REF000002350,BKG000002570,PAY000002570,False,not_requested,not_requested,0.0,
REF000002351,BKG000002571,PAY000002571,False,not_requested,not_requested,0.0,
REF000002352,BKG000002572,PAY000002572,False,not_requested,not_requested,0.0,
REF000002353,BKG000002575,PAY000002575,False,not_requested,not_requested,0.0,
REF000002354,BKG000002576,PAY000002576,False,not_requested,not_requested,0.0,
REF000002355,BKG000002577,PAY000002577,False,not_requested,not_requested,0.0,
REF000002356,BKG000002578,PAY000002578,False,not_requested,not_requested,0.0,
REF000002357,BKG000002579,PAY000002579,False,not_requested,not_requested,0.0,
REF000002358,BKG000002580,PAY000002580,False,not_requested,not_requested,0.0,
REF000002359,BKG000002581,PAY000002581,False,not_requested,not_requested,0.0,
REF000002360,BKG000002582,PAY000002582,False,not_requested,not_requested,0.0,
REF000002361,BKG000002583,PAY000002583,False,not_requested,not_requested,0.0,
REF000002362,BKG000002584,PAY000002584,False,not_requested,not_requested,0.0,
REF000002363,BKG000002586,PAY000002586,False,not_requested,not_requested,0.0,
REF000002364,BKG000002587,PAY000002587,False,not_requested,not_requested,0.0,
REF000002365,BKG000002589,PAY000002589,False,not_requested,not_requested,0.0,
REF000002366,BKG000002590,PAY000002590,False,not_requested,not_requested,0.0,
REF000002367,BKG000002591,PAY000002591,False,not_requested,not_requested,0.0,
REF000002368,BKG000002592,PAY000002592,False,not_requested,not_requested,0.0,
REF000002369,BKG000002593,PAY000002593,False,not_requested,not_requested,0.0,
REF000002370,BKG000002594,PAY000002594,False,not_requested,not_requested,0.0,
REF000002371,BKG000002595,PAY000002595,False,not_requested,not_requested,0.0,
REF000002372,BKG000002596,PAY000002596,False,not_requested,not_requested,0.0,
REF000002373,BKG000002597,PAY000002597,False,not_requested,not_requested,0.0,
REF000002374,BKG000002598,PAY000002598,False,not_requested,not_requested,0.0,
REF000002375,BKG000002599,PAY000002599,False,not_requested,not_requested,0.0,
REF000002376,BKG000002600,PAY000002600,False,not_requested,not_requested,0.0,
REF000002377,BKG000002601,PAY000002601,False,not_requested,not_requested,0.0,
REF000002378,BKG000002602,PAY000002602,False,not_requested,not_requested,0.0,
REF000002379,BKG000002603,PAY000002603,False,not_requested,not_requested,0.0,
REF000002380,BKG000002604,PAY000002604,False,not_requested,not_requested,0.0,
REF000002381,BKG000002606,PAY000002606,False,not_requested,not_requested,0.0,
REF000002382,BKG000002607,PAY000002607,False,not_requested,not_requested,0.0,
REF000002383,BKG000002608,PAY000002608,False,not_requested,not_requested,0.0,
REF000002384,BKG000002609,PAY000002609,False,not_requested,not_requested,0.0,
REF000002385,BKG000002610,PAY000002610,False,not_requested,not_requested,0.0,
REF000002386,BKG000002611,PAY000002611,False,not_requested,not_requested,0.0,
REF000002387,BKG000002612,PAY000002612,False,not_requested,not_requested,0.0,
REF000002388,BKG000002613,PAY000002613,False,not_requested,not_requested,0.0,
REF000002389,BKG000002614,PAY000002614,False,not_requested,not_requested,0.0,
REF000002390,BKG000002615,PAY000002615,False,not_requested,not_requested,0.0,
REF000002391,BKG000002616,PAY000002616,True,approved,ticketing_failure,314.58,2013-10-21 17:58:56
REF000002392,BKG000002618,PAY000002618,False,not_requested,not_requested,0.0,
REF000002393,BKG000002619,PAY000002619,False,not_requested,not_requested,0.0,
REF000002394,BKG000002620,PAY000002620,False,not_requested,not_requested,0.0,
REF000002395,BKG000002621,PAY000002621,False,not_requested,not_requested,0.0,
REF000002396,BKG000002622,PAY000002622,False,not_requested,not_requested,0.0,
REF000002397,BKG000002623,PAY000002623,False,not_requested,not_requested,0.0,
REF000002398,BKG000002625,PAY000002625,False,not_requested,not_requested,0.0,
REF000002399,BKG000002626,PAY000002626,False,not_requested,not_requested,0.0,
REF000002400,BKG000002627,PAY000002627,False,not_requested,not_requested,0.0,
REF000002401,BKG000002628,PAY000002628,False,not_requested,not_requested,0.0,
REF000002402,BKG000002629,PAY000002629,False,not_requested,not_requested,0.0,
REF000002403,BKG000002631,PAY000002631,False,not_requested,not_requested,0.0,
REF000002404,BKG000002632,PAY000002632,False,not_requested,not_requested,0.0,
REF000002405,BKG000002633,PAY000002633,False,not_requested,not_requested,0.0,
REF000002406,BKG000002634,PAY000002634,False,not_requested,not_requested,0.0,
REF000002407,BKG000002635,PAY000002635,False,not_requested,not_requested,0.0,
REF000002408,BKG000002637,PAY000002637,False,not_requested,not_requested,0.0,
REF000002409,BKG000002638,PAY000002638,False,not_requested,not_requested,0.0,
REF000002410,BKG000002639,PAY000002639,False,not_requested,not_requested,0.0,
REF000002411,BKG000002640,PAY000002640,False,not_requested,not_requested,0.0,
REF000002412,BKG000002641,PAY000002641,False,not_requested,not_requested,0.0,
REF000002413,BKG000002642,PAY000002642,False,not_requested,not_requested,0.0,
REF000002414,BKG000002643,PAY000002643,False,not_requested,not_requested,0.0,
REF000002415,BKG000002644,PAY000002644,False,not_requested,not_requested,0.0,
REF000002416,BKG000002645,PAY000002645,False,not_requested,not_requested,0.0,
REF000002417,BKG000002646,PAY000002646,False,not_requested,not_requested,0.0,
REF000002418,BKG000002647,PAY000002647,False,not_requested,not_requested,0.0,
REF000002419,BKG000002648,PAY000002648,False,not_requested,not_requested,0.0,
REF000002420,BKG000002649,PAY000002649,False,not_requested,not_requested,0.0,
REF000002421,BKG000002650,PAY000002650,False,not_requested,not_requested,0.0,
REF000002422,BKG000002651,PAY000002651,False,not_requested,not_requested,0.0,
REF000002423,BKG000002652,PAY000002652,False,not_requested,not_requested,0.0,
REF000002424,BKG000002653,PAY000002653,False,not_requested,not_requested,0.0,
REF000002425,BKG000002654,PAY000002654,False,not_requested,not_requested,0.0,
REF000002426,BKG000002655,PAY000002655,False,not_requested,not_requested,0.0,
REF000002427,BKG000002656,PAY000002656,False,not_requested,not_requested,0.0,
REF000002428,BKG000002657,PAY000002657,False,not_requested,not_requested,0.0,
REF000002429,BKG000002658,PAY000002658,False,not_requested,not_requested,0.0,
REF000002430,BKG000002659,PAY000002659,False,not_requested,not_requested,0.0,
REF000002431,BKG000002660,PAY000002660,False,not_requested,not_requested,0.0,
REF000002432,BKG000002661,PAY000002661,False,not_requested,not_requested,0.0,
REF000002433,BKG000002662,PAY000002662,False,not_requested,not_requested,0.0,
REF000002434,BKG000002663,PAY000002663,False,not_requested,not_requested,0.0,
REF000002435,BKG000002664,PAY000002664,False,not_requested,not_requested,0.0,
REF000002436,BKG000002666,PAY000002666,False,not_requested,not_requested,0.0,
REF000002437,BKG000002668,PAY000002668,False,not_requested,not_requested,0.0,
REF000002438,BKG000002669,PAY000002669,False,not_requested,not_requested,0.0,
REF000002439,BKG000002670,PAY000002670,False,not_requested,not_requested,0.0,
REF000002440,BKG000002671,PAY000002671,True,rejected,customer_cancelled,0.0,2013-06-22 09:38:27
REF000002441,BKG000002674,PAY000002674,True,pending,customer_cancelled,747.14,2014-04-20 20:25:44
REF000002442,BKG000002675,PAY000002675,False,not_requested,not_requested,0.0,
REF000002443,BKG000002676,PAY000002676,False,not_requested,not_requested,0.0,
REF000002444,BKG000002677,PAY000002677,False,not_requested,not_requested,0.0,
REF000002445,BKG000002678,PAY000002678,False,not_requested,not_requested,0.0,
REF000002446,BKG000002679,PAY000002679,False,not_requested,not_requested,0.0,
REF000002447,BKG000002680,PAY000002680,False,not_requested,not_requested,0.0,
REF000002448,BKG000002681,PAY000002681,False,not_requested,not_requested,0.0,
REF000002449,BKG000002682,PAY000002682,False,not_requested,not_requested,0.0,
REF000002450,BKG000002684,PAY000002684,False,not_requested,not_requested,0.0,
REF000002451,BKG000002685,PAY000002685,False,not_requested,not_requested,0.0,
REF000002452,BKG000002686,PAY000002686,False,not_requested,not_requested,0.0,
REF000002453,BKG000002687,PAY000002687,False,not_requested,not_requested,0.0,
REF000002454,BKG000002688,PAY000002688,False,not_requested,not_requested,0.0,
REF000002455,BKG000002689,PAY000002689,False,not_requested,not_requested,0.0,
REF000002456,BKG000002690,PAY000002690,True,approved,payment_dispute,312.35,2014-07-12 22:54:31
REF000002457,BKG000002691,PAY000002691,False,not_requested,not_requested,0.0,
REF000002458,BKG000002692,PAY000002692,False,not_requested,not_requested,0.0,
REF000002459,BKG000002693,PAY000002693,False,not_requested,not_requested,0.0,
REF000002460,BKG000002694,PAY000002694,False,not_requested,not_requested,0.0,
REF000002461,BKG000002695,PAY000002695,False,not_requested,not_requested,0.0,
REF000002462,BKG000002696,PAY000002696,False,not_requested,not_requested,0.0,
REF000002463,BKG000002697,PAY000002697,False,not_requested,not_requested,0.0,
REF000002464,BKG000002698,PAY000002698,False,not_requested,not_requested,0.0,
REF000002465,BKG000002699,PAY000002699,False,not_requested,not_requested,0.0,
REF000002466,BKG000002700,PAY000002700,False,not_requested,not_requested,0.0,
REF000002467,BKG000002701,PAY000002701,False,not_requested,not_requested,0.0,
REF000002468,BKG000002702,PAY000002702,False,not_requested,not_requested,0.0,
REF000002469,BKG000002703,PAY000002703,False,not_requested,not_requested,0.0,
REF000002470,BKG000002704,PAY000002704,False,not_requested,not_requested,0.0,
REF000002471,BKG000002705,PAY000002705,False,not_requested,not_requested,0.0,
REF000002472,BKG000002706,PAY000002706,False,not_requested,not_requested,0.0,
REF000002473,BKG000002707,PAY000002707,False,not_requested,not_requested,0.0,
REF000002474,BKG000002708,PAY000002708,False,not_requested,not_requested,0.0,
REF000002475,BKG000002709,PAY000002709,False,not_requested,not_requested,0.0,
REF000002476,BKG000002710,PAY000002710,False,not_requested,not_requested,0.0,
REF000002477,BKG000002711,PAY000002711,True,approved,customer_cancelled,624.48,2014-12-25 09:20:36
REF000002478,BKG000002712,PAY000002712,False,not_requested,not_requested,0.0,
REF000002479,BKG000002713,PAY000002713,False,not_requested,not_requested,0.0,
REF000002480,BKG000002715,PAY000002715,False,not_requested,not_requested,0.0,
REF000002481,BKG000002716,PAY000002716,False,not_requested,not_requested,0.0,
REF000002482,BKG000002717,PAY000002717,False,not_requested,not_requested,0.0,
REF000002483,BKG000002718,PAY000002718,False,not_requested,not_requested,0.0,
REF000002484,BKG000002719,PAY000002719,False,not_requested,not_requested,0.0,
REF000002485,BKG000002720,PAY000002720,False,not_requested,not_requested,0.0,
REF000002486,BKG000002721,PAY000002721,False,not_requested,not_requested,0.0,
REF000002487,BKG000002722,PAY000002722,False,not_requested,not_requested,0.0,
REF000002488,BKG000002723,PAY000002723,False,not_requested,not_requested,0.0,
REF000002489,BKG000002724,PAY000002724,False,not_requested,not_requested,0.0,
REF000002490,BKG000002725,PAY000002725,True,approved,payment_dispute,311.28,2013-05-29 10:11:34
REF000002491,BKG000002726,PAY000002726,False,not_requested,not_requested,0.0,
REF000002492,BKG000002727,PAY000002727,False,not_requested,not_requested,0.0,
REF000002493,BKG000002728,PAY000002728,False,not_requested,not_requested,0.0,
REF000002494,BKG000002729,PAY000002729,False,not_requested,not_requested,0.0,
REF000002495,BKG000002730,PAY000002730,False,not_requested,not_requested,0.0,
REF000002496,BKG000002731,PAY000002731,False,not_requested,not_requested,0.0,
REF000002497,BKG000002733,PAY000002733,False,not_requested,not_requested,0.0,
REF000002498,BKG000002734,PAY000002734,False,not_requested,not_requested,0.0,
REF000002499,BKG000002735,PAY000002735,False,not_requested,not_requested,0.0,
REF000002500,BKG000002736,PAY000002736,False,not_requested,not_requested,0.0,
REF000002501,BKG000002737,PAY000002737,True,pending,ticketing_failure,88.15,2014-04-15 12:36:16
REF000002502,BKG000002738,PAY000002738,False,not_requested,not_requested,0.0,
REF000002503,BKG000002739,PAY000002739,False,not_requested,not_requested,0.0,
REF000002504,BKG000002740,PAY000002740,False,not_requested,not_requested,0.0,
REF000002505,BKG000002741,PAY000002741,False,not_requested,not_requested,0.0,
REF000002506,BKG000002742,PAY000002742,False,not_requested,not_requested,0.0,
REF000002507,BKG000002743,PAY000002743,False,not_requested,not_requested,0.0,
REF000002508,BKG000002744,PAY000002744,False,not_requested,not_requested,0.0,
REF000002509,BKG000002745,PAY000002745,False,not_requested,not_requested,0.0,
REF000002510,BKG000002746,PAY000002746,False,not_requested,not_requested,0.0,
REF000002511,BKG000002747,PAY000002747,False,not_requested,not_requested,0.0,
REF000002512,BKG000002748,PAY000002748,False,not_requested,not_requested,0.0,
REF000002513,BKG000002749,PAY000002749,False,not_requested,not_requested,0.0,
REF000002514,BKG000002751,PAY000002751,False,not_requested,not_requested,0.0,
REF000002515,BKG000002752,PAY000002752,True,approved,customer_cancelled,91.29,2014-05-19 14:01:58
REF000002516,BKG000002753,PAY000002753,False,not_requested,not_requested,0.0,
REF000002517,BKG000002754,PAY000002754,False,not_requested,not_requested,0.0,
REF000002518,BKG000002755,PAY000002755,False,not_requested,not_requested,0.0,
REF000002519,BKG000002756,PAY000002756,False,not_requested,not_requested,0.0,
REF000002520,BKG000002757,PAY000002757,False,not_requested,not_requested,0.0,
REF000002521,BKG000002758,PAY000002758,False,not_requested,not_requested,0.0,
REF000002522,BKG000002759,PAY000002759,False,not_requested,not_requested,0.0,
REF000002523,BKG000002761,PAY000002761,False,not_requested,not_requested,0.0,
REF000002524,BKG000002762,PAY000002762,False,not_requested,not_requested,0.0,
REF000002525,BKG000002763,PAY000002763,False,not_requested,not_requested,0.0,
REF000002526,BKG000002764,PAY000002764,False,not_requested,not_requested,0.0,
REF000002527,BKG000002765,PAY000002765,False,not_requested,not_requested,0.0,
REF000002528,BKG000002766,PAY000002766,False,not_requested,not_requested,0.0,
REF000002529,BKG000002767,PAY000002767,False,not_requested,not_requested,0.0,
REF000002530,BKG000002768,PAY000002768,False,not_requested,not_requested,0.0,
REF000002531,BKG000002770,PAY000002770,False,not_requested,not_requested,0.0,
REF000002532,BKG000002772,PAY000002772,False,not_requested,not_requested,0.0,
REF000002533,BKG000002773,PAY000002773,False,not_requested,not_requested,0.0,
REF000002534,BKG000002774,PAY000002774,False,not_requested,not_requested,0.0,
REF000002535,BKG000002775,PAY000002775,False,not_requested,not_requested,0.0,
REF000002536,BKG000002776,PAY000002776,True,rejected,airline_schedule_change,0.0,2013-12-13 11:32:23
REF000002537,BKG000002777,PAY000002777,False,not_requested,not_requested,0.0,
REF000002538,BKG000002778,PAY000002778,False,not_requested,not_requested,0.0,
REF000002539,BKG000002779,PAY000002779,False,not_requested,not_requested,0.0,
REF000002540,BKG000002780,PAY000002780,False,not_requested,not_requested,0.0,
REF000002541,BKG000002781,PAY000002781,False,not_requested,not_requested,0.0,
REF000002542,BKG000002782,PAY000002782,False,not_requested,not_requested,0.0,
REF000002543,BKG000002783,PAY000002783,False,not_requested,not_requested,0.0,
REF000002544,BKG000002784,PAY000002784,False,not_requested,not_requested,0.0,
REF000002545,BKG000002785,PAY000002785,False,not_requested,not_requested,0.0,
REF000002546,BKG000002786,PAY000002786,False,not_requested,not_requested,0.0,
REF000002547,BKG000002787,PAY000002787,False,not_requested,not_requested,0.0,
REF000002548,BKG000002788,PAY000002788,False,not_requested,not_requested,0.0,
REF000002549,BKG000002789,PAY000002789,False,not_requested,not_requested,0.0,
REF000002550,BKG000002790,PAY000002790,False,not_requested,not_requested,0.0,
REF000002551,BKG000002791,PAY000002791,False,not_requested,not_requested,0.0,
REF000002552,BKG000002792,PAY000002792,False,not_requested,not_requested,0.0,
REF000002553,BKG000002793,PAY000002793,False,not_requested,not_requested,0.0,
REF000002554,BKG000002794,PAY000002794,False,not_requested,not_requested,0.0,
REF000002555,BKG000002795,PAY000002795,False,not_requested,not_requested,0.0,
REF000002556,BKG000002796,PAY000002796,False,not_requested,not_requested,0.0,
REF000002557,BKG000002797,PAY000002797,False,not_requested,not_requested,0.0,
REF000002558,BKG000002798,PAY000002798,False,not_requested,not_requested,0.0,
REF000002559,BKG000002799,PAY000002799,False,not_requested,not_requested,0.0,
REF000002560,BKG000002800,PAY000002800,False,not_requested,not_requested,0.0,
REF000002561,BKG000002801,PAY000002801,False,not_requested,not_requested,0.0,
REF000002562,BKG000002802,PAY000002802,False,not_requested,not_requested,0.0,
REF000002563,BKG000002804,PAY000002804,False,not_requested,not_requested,0.0,
REF000002564,BKG000002805,PAY000002805,False,not_requested,not_requested,0.0,
REF000002565,BKG000002806,PAY000002806,False,not_requested,not_requested,0.0,
REF000002566,BKG000002807,PAY000002807,False,not_requested,not_requested,0.0,
REF000002567,BKG000002808,PAY000002808,False,not_requested,not_requested,0.0,
REF000002568,BKG000002809,PAY000002809,False,not_requested,not_requested,0.0,
REF000002569,BKG000002810,PAY000002810,False,not_requested,not_requested,0.0,
REF000002570,BKG000002811,PAY000002811,False,not_requested,not_requested,0.0,
REF000002571,BKG000002812,PAY000002812,False,not_requested,not_requested,0.0,
REF000002572,BKG000002814,PAY000002814,False,not_requested,not_requested,0.0,
REF000002573,BKG000002815,PAY000002815,False,not_requested,not_requested,0.0,
REF000002574,BKG000002816,PAY000002816,False,not_requested,not_requested,0.0,
REF000002575,BKG000002817,PAY000002817,False,not_requested,not_requested,0.0,
REF000002576,BKG000002818,PAY000002818,False,not_requested,not_requested,0.0,
REF000002577,BKG000002819,PAY000002819,False,not_requested,not_requested,0.0,
REF000002578,BKG000002820,PAY000002820,False,not_requested,not_requested,0.0,
REF000002579,BKG000002821,PAY000002821,False,not_requested,not_requested,0.0,
REF000002580,BKG000002823,PAY000002823,False,not_requested,not_requested,0.0,
REF000002581,BKG000002824,PAY000002824,False,not_requested,not_requested,0.0,
REF000002582,BKG000002825,PAY000002825,False,not_requested,not_requested,0.0,
REF000002583,BKG000002826,PAY000002826,False,not_requested,not_requested,0.0,
REF000002584,BKG000002827,PAY000002827,False,not_requested,not_requested,0.0,
REF000002585,BKG000002828,PAY000002828,False,not_requested,not_requested,0.0,
REF000002586,BKG000002829,PAY000002829,False,not_requested,not_requested,0.0,
REF000002587,BKG000002830,PAY000002830,True,pending,customer_cancelled,1154.75,2014-06-30 19:58:10
REF000002588,BKG000002831,PAY000002831,False,not_requested,not_requested,0.0,
REF000002589,BKG000002832,PAY000002832,False,not_requested,not_requested,0.0,
REF000002590,BKG000002833,PAY000002833,False,not_requested,not_requested,0.0,
REF000002591,BKG000002834,PAY000002834,False,not_requested,not_requested,0.0,
REF000002592,BKG000002835,PAY000002835,False,not_requested,not_requested,0.0,
REF000002593,BKG000002836,PAY000002836,False,not_requested,not_requested,0.0,
REF000002594,BKG000002837,PAY000002837,False,not_requested,not_requested,0.0,
REF000002595,BKG000002838,PAY000002838,False,not_requested,not_requested,0.0,
REF000002596,BKG000002839,PAY000002839,True,approved,customer_cancelled,82.0,2013-07-08 18:17:32
REF000002597,BKG000002840,PAY000002840,False,not_requested,not_requested,0.0,
REF000002598,BKG000002841,PAY000002841,False,not_requested,not_requested,0.0,
REF000002599,BKG000002843,PAY000002843,False,not_requested,not_requested,0.0,
REF000002600,BKG000002844,PAY000002844,False,not_requested,not_requested,0.0,
REF000002601,BKG000002845,PAY000002845,False,not_requested,not_requested,0.0,
REF000002602,BKG000002846,PAY000002846,False,not_requested,not_requested,0.0,
REF000002603,BKG000002847,PAY000002847,False,not_requested,not_requested,0.0,
REF000002604,BKG000002848,PAY000002848,True,approved,ticketing_failure,937.16,2014-10-21 19:54:31
REF000002605,BKG000002849,PAY000002849,False,not_requested,not_requested,0.0,
REF000002606,BKG000002850,PAY000002850,False,not_requested,not_requested,0.0,
REF000002607,BKG000002852,PAY000002852,False,not_requested,not_requested,0.0,
REF000002608,BKG000002853,PAY000002853,False,not_requested,not_requested,0.0,
REF000002609,BKG000002854,PAY000002854,False,not_requested,not_requested,0.0,
REF000002610,BKG000002855,PAY000002855,False,not_requested,not_requested,0.0,
REF000002611,BKG000002856,PAY000002856,False,not_requested,not_requested,0.0,
REF000002612,BKG000002857,PAY000002857,False,not_requested,not_requested,0.0,
REF000002613,BKG000002858,PAY000002858,False,not_requested,not_requested,0.0,
REF000002614,BKG000002859,PAY000002859,False,not_requested,not_requested,0.0,
REF000002615,BKG000002860,PAY000002860,False,not_requested,not_requested,0.0,
REF000002616,BKG000002861,PAY000002861,False,not_requested,not_requested,0.0,
REF000002617,BKG000002862,PAY000002862,False,not_requested,not_requested,0.0,
REF000002618,BKG000002863,PAY000002863,False,not_requested,not_requested,0.0,
REF000002619,BKG000002864,PAY000002864,False,not_requested,not_requested,0.0,
REF000002620,BKG000002865,PAY000002865,False,not_requested,not_requested,0.0,
REF000002621,BKG000002866,PAY000002866,False,not_requested,not_requested,0.0,
REF000002622,BKG000002867,PAY000002867,False,not_requested,not_requested,0.0,
REF000002623,BKG000002868,PAY000002868,False,not_requested,not_requested,0.0,
REF000002624,BKG000002869,PAY000002869,False,not_requested,not_requested,0.0,
REF000002625,BKG000002870,PAY000002870,False,not_requested,not_requested,0.0,
REF000002626,BKG000002871,PAY000002871,False,not_requested,not_requested,0.0,
REF000002627,BKG000002872,PAY000002872,False,not_requested,not_requested,0.0,
REF000002628,BKG000002873,PAY000002873,False,not_requested,not_requested,0.0,
REF000002629,BKG000002874,PAY000002874,False,not_requested,not_requested,0.0,
REF000002630,BKG000002875,PAY000002875,False,not_requested,not_requested,0.0,
REF000002631,BKG000002876,PAY000002876,False,not_requested,not_requested,0.0,
REF000002632,BKG000002877,PAY000002877,False,not_requested,not_requested,0.0,
REF000002633,BKG000002878,PAY000002878,False,not_requested,not_requested,0.0,
REF000002634,BKG000002879,PAY000002879,False,not_requested,not_requested,0.0,
REF000002635,BKG000002881,PAY000002881,False,not_requested,not_requested,0.0,
REF000002636,BKG000002882,PAY000002882,False,not_requested,not_requested,0.0,
REF000002637,BKG000002883,PAY000002883,False,not_requested,not_requested,0.0,
REF000002638,BKG000002884,PAY000002884,False,not_requested,not_requested,0.0,
REF000002639,BKG000002885,PAY000002885,False,not_requested,not_requested,0.0,
REF000002640,BKG000002886,PAY000002886,False,not_requested,not_requested,0.0,
REF000002641,BKG000002887,PAY000002887,False,not_requested,not_requested,0.0,
REF000002642,BKG000002888,PAY000002888,False,not_requested,not_requested,0.0,
REF000002643,BKG000002889,PAY000002889,False,not_requested,not_requested,0.0,
REF000002644,BKG000002890,PAY000002890,False,not_requested,not_requested,0.0,
REF000002645,BKG000002891,PAY000002891,False,not_requested,not_requested,0.0,
REF000002646,BKG000002892,PAY000002892,False,not_requested,not_requested,0.0,
REF000002647,BKG000002893,PAY000002893,False,not_requested,not_requested,0.0,
REF000002648,BKG000002894,PAY000002894,False,not_requested,not_requested,0.0,
REF000002649,BKG000002895,PAY000002895,False,not_requested,not_requested,0.0,
REF000002650,BKG000002896,PAY000002896,False,not_requested,not_requested,0.0,
REF000002651,BKG000002897,PAY000002897,False,not_requested,not_requested,0.0,
REF000002652,BKG000002899,PAY000002899,False,not_requested,not_requested,0.0,
REF000002653,BKG000002900,PAY000002900,False,not_requested,not_requested,0.0,
REF000002654,BKG000002902,PAY000002902,False,not_requested,not_requested,0.0,
REF000002655,BKG000002903,PAY000002903,False,not_requested,not_requested,0.0,
REF000002656,BKG000002904,PAY000002904,False,not_requested,not_requested,0.0,
REF000002657,BKG000002905,PAY000002905,False,not_requested,not_requested,0.0,
REF000002658,BKG000002906,PAY000002906,False,not_requested,not_requested,0.0,
REF000002659,BKG000002907,PAY000002907,False,not_requested,not_requested,0.0,
REF000002660,BKG000002908,PAY000002908,False,not_requested,not_requested,0.0,
REF000002661,BKG000002909,PAY000002909,False,not_requested,not_requested,0.0,
REF000002662,BKG000002910,PAY000002910,False,not_requested,not_requested,0.0,
REF000002663,BKG000002911,PAY000002911,False,not_requested,not_requested,0.0,
REF000002664,BKG000002913,PAY000002913,False,not_requested,not_requested,0.0,
REF000002665,BKG000002914,PAY000002914,False,not_requested,not_requested,0.0,
REF000002666,BKG000002915,PAY000002915,True,approved,customer_cancelled,106.15,2014-01-06 05:05:41
REF000002667,BKG000002916,PAY000002916,False,not_requested,not_requested,0.0,
REF000002668,BKG000002917,PAY000002917,False,not_requested,not_requested,0.0,
REF000002669,BKG000002918,PAY000002918,False,not_requested,not_requested,0.0,
REF000002670,BKG000002919,PAY000002919,False,not_requested,not_requested,0.0,
REF000002671,BKG000002920,PAY000002920,False,not_requested,not_requested,0.0,
REF000002672,BKG000002922,PAY000002922,False,not_requested,not_requested,0.0,
REF000002673,BKG000002923,PAY000002923,True,approved,customer_cancelled,390.86,2013-05-26 06:13:17
REF000002674,BKG000002924,PAY000002924,False,not_requested,not_requested,0.0,
REF000002675,BKG000002926,PAY000002926,True,approved,customer_cancelled,49.72,2014-09-13 06:46:22
REF000002676,BKG000002927,PAY000002927,False,not_requested,not_requested,0.0,
REF000002677,BKG000002928,PAY000002928,False,not_requested,not_requested,0.0,
REF000002678,BKG000002929,PAY000002929,False,not_requested,not_requested,0.0,
REF000002679,BKG000002930,PAY000002930,False,not_requested,not_requested,0.0,
REF000002680,BKG000002931,PAY000002931,False,not_requested,not_requested,0.0,
REF000002681,BKG000002932,PAY000002932,False,not_requested,not_requested,0.0,
REF000002682,BKG000002934,PAY000002934,False,not_requested,not_requested,0.0,
REF000002683,BKG000002935,PAY000002935,False,not_requested,not_requested,0.0,
REF000002684,BKG000002936,PAY000002936,False,not_requested,not_requested,0.0,
REF000002685,BKG000002937,PAY000002937,False,not_requested,not_requested,0.0,
REF000002686,BKG000002938,PAY000002938,False,not_requested,not_requested,0.0,
REF000002687,BKG000002939,PAY000002939,False,not_requested,not_requested,0.0,
REF000002688,BKG000002940,PAY000002940,False,not_requested,not_requested,0.0,
REF000002689,BKG000002941,PAY000002941,False,not_requested,not_requested,0.0,
REF000002690,BKG000002942,PAY000002942,False,not_requested,not_requested,0.0,
REF000002691,BKG000002943,PAY000002943,False,not_requested,not_requested,0.0,
REF000002692,BKG000002944,PAY000002944,True,rejected,customer_cancelled,0.0,2014-10-25 16:35:19
REF000002693,BKG000002945,PAY000002945,False,not_requested,not_requested,0.0,
REF000002694,BKG000002946,PAY000002946,False,not_requested,not_requested,0.0,
REF000002695,BKG000002947,PAY000002947,False,not_requested,not_requested,0.0,
REF000002696,BKG000002948,PAY000002948,False,not_requested,not_requested,0.0,
REF000002697,BKG000002949,PAY000002949,False,not_requested,not_requested,0.0,
REF000002698,BKG000002950,PAY000002950,False,not_requested,not_requested,0.0,
REF000002699,BKG000002951,PAY000002951,False,not_requested,not_requested,0.0,
REF000002700,BKG000002952,PAY000002952,False,not_requested,not_requested,0.0,
REF000002701,BKG000002953,PAY000002953,False,not_requested,not_requested,0.0,
REF000002702,BKG000002954,PAY000002954,False,not_requested,not_requested,0.0,
REF000002703,BKG000002955,PAY000002955,False,not_requested,not_requested,0.0,
REF000002704,BKG000002956,PAY000002956,False,not_requested,not_requested,0.0,
REF000002705,BKG000002957,PAY000002957,False,not_requested,not_requested,0.0,
REF000002706,BKG000002958,PAY000002958,False,not_requested,not_requested,0.0,
REF000002707,BKG000002959,PAY000002959,False,not_requested,not_requested,0.0,
REF000002708,BKG000002960,PAY000002960,False,not_requested,not_requested,0.0,
REF000002709,BKG000002961,PAY000002961,False,not_requested,not_requested,0.0,
REF000002710,BKG000002962,PAY000002962,False,not_requested,not_requested,0.0,
REF000002711,BKG000002963,PAY000002963,False,not_requested,not_requested,0.0,
REF000002712,BKG000002964,PAY000002964,False,not_requested,not_requested,0.0,
REF000002713,BKG000002965,PAY000002965,False,not_requested,not_requested,0.0,
REF000002714,BKG000002967,PAY000002967,False,not_requested,not_requested,0.0,
REF000002715,BKG000002968,PAY000002968,False,not_requested,not_requested,0.0,
REF000002716,BKG000002969,PAY000002969,False,not_requested,not_requested,0.0,
REF000002717,BKG000002970,PAY000002970,False,not_requested,not_requested,0.0,
REF000002718,BKG000002971,PAY000002971,False,not_requested,not_requested,0.0,
REF000002719,BKG000002972,PAY000002972,False,not_requested,not_requested,0.0,
REF000002720,BKG000002973,PAY000002973,False,not_requested,not_requested,0.0,
REF000002721,BKG000002974,PAY000002974,False,not_requested,not_requested,0.0,
REF000002722,BKG000002975,PAY000002975,False,not_requested,not_requested,0.0,
REF000002723,BKG000002976,PAY000002976,False,not_requested,not_requested,0.0,
REF000002724,BKG000002977,PAY000002977,False,not_requested,not_requested,0.0,
REF000002725,BKG000002978,PAY000002978,False,not_requested,not_requested,0.0,
REF000002726,BKG000002979,PAY000002979,True,approved,customer_cancelled,70.83,2014-03-28 22:44:19
REF000002727,BKG000002980,PAY000002980,False,not_requested,not_requested,0.0,
REF000002728,BKG000002982,PAY000002982,False,not_requested,not_requested,0.0,
REF000002729,BKG000002983,PAY000002983,False,not_requested,not_requested,0.0,
REF000002730,BKG000002984,PAY000002984,False,not_requested,not_requested,0.0,
REF000002731,BKG000002985,PAY000002985,False,not_requested,not_requested,0.0,
REF000002732,BKG000002986,PAY000002986,False,not_requested,not_requested,0.0,
REF000002733,BKG000002987,PAY000002987,False,not_requested,not_requested,0.0,
REF000002734,BKG000002988,PAY000002988,False,not_requested,not_requested,0.0,
REF000002735,BKG000002989,PAY000002989,False,not_requested,not_requested,0.0,
REF000002736,BKG000002991,PAY000002991,False,not_requested,not_requested,0.0,
REF000002737,BKG000002992,PAY000002992,False,not_requested,not_requested,0.0,
REF000002738,BKG000002993,PAY000002993,False,not_requested,not_requested,0.0,
REF000002739,BKG000002994,PAY000002994,False,not_requested,not_requested,0.0,
REF000002740,BKG000002995,PAY000002995,False,not_requested,not_requested,0.0,
REF000002741,BKG000002996,PAY000002996,False,not_requested,not_requested,0.0,
REF000002742,BKG000002998,PAY000002998,False,not_requested,not_requested,0.0,
REF000002743,BKG000002999,PAY000002999,False,not_requested,not_requested,0.0,
REF000002744,BKG000003000,PAY000003000,False,not_requested,not_requested,0.0,
REF000002745,BKG000003001,PAY000003001,True,rejected,ticketing_failure,0.0,2014-09-05 19:13:37
REF000002746,BKG000003002,PAY000003002,True,pending,airline_schedule_change,792.41,2014-03-17 18:32:59
REF000002747,BKG000003003,PAY000003003,False,not_requested,not_requested,0.0,
REF000002748,BKG000003004,PAY000003004,True,approved,airline_schedule_change,496.32,2014-05-24 22:31:05
REF000002749,BKG000003005,PAY000003005,False,not_requested,not_requested,0.0,
REF000002750,BKG000003006,PAY000003006,False,not_requested,not_requested,0.0,
REF000002751,BKG000003007,PAY000003007,False,not_requested,not_requested,0.0,
REF000002752,BKG000003008,PAY000003008,False,not_requested,not_requested,0.0,
REF000002753,BKG000003009,PAY000003009,False,not_requested,not_requested,0.0,
REF000002754,BKG000003010,PAY000003010,False,not_requested,not_requested,0.0,
REF000002755,BKG000003011,PAY000003011,False,not_requested,not_requested,0.0,
REF000002756,BKG000003012,PAY000003012,False,not_requested,not_requested,0.0,
REF000002757,BKG000003014,PAY000003014,False,not_requested,not_requested,0.0,
REF000002758,BKG000003015,PAY000003015,False,not_requested,not_requested,0.0,
REF000002759,BKG000003016,PAY000003016,False,not_requested,not_requested,0.0,
REF000002760,BKG000003017,PAY000003017,False,not_requested,not_requested,0.0,
REF000002761,BKG000003018,PAY000003018,False,not_requested,not_requested,0.0,
REF000002762,BKG000003019,PAY000003019,False,not_requested,not_requested,0.0,
REF000002763,BKG000003020,PAY000003020,False,not_requested,not_requested,0.0,
REF000002764,BKG000003021,PAY000003021,False,not_requested,not_requested,0.0,
REF000002765,BKG000003022,PAY000003022,False,not_requested,not_requested,0.0,
REF000002766,BKG000003023,PAY000003023,False,not_requested,not_requested,0.0,
REF000002767,BKG000003024,PAY000003024,False,not_requested,not_requested,0.0,
REF000002768,BKG000003026,PAY000003026,False,not_requested,not_requested,0.0,
REF000002769,BKG000003027,PAY000003027,False,not_requested,not_requested,0.0,
REF000002770,BKG000003029,PAY000003029,False,not_requested,not_requested,0.0,
REF000002771,BKG000003030,PAY000003030,False,not_requested,not_requested,0.0,
REF000002772,BKG000003031,PAY000003031,False,not_requested,not_requested,0.0,
REF000002773,BKG000003032,PAY000003032,False,not_requested,not_requested,0.0,
REF000002774,BKG000003033,PAY000003033,False,not_requested,not_requested,0.0,
REF000002775,BKG000003034,PAY000003034,False,not_requested,not_requested,0.0,
REF000002776,BKG000003035,PAY000003035,False,not_requested,not_requested,0.0,
REF000002777,BKG000003036,PAY000003036,False,not_requested,not_requested,0.0,
REF000002778,BKG000003037,PAY000003037,False,not_requested,not_requested,0.0,
REF000002779,BKG000003038,PAY000003038,False,not_requested,not_requested,0.0,
REF000002780,BKG000003039,PAY000003039,False,not_requested,not_requested,0.0,
REF000002781,BKG000003040,PAY000003040,False,not_requested,not_requested,0.0,
REF000002782,BKG000003041,PAY000003041,False,not_requested,not_requested,0.0,
REF000002783,BKG000003042,PAY000003042,False,not_requested,not_requested,0.0,
REF000002784,BKG000003043,PAY000003043,False,not_requested,not_requested,0.0,
REF000002785,BKG000003045,PAY000003045,False,not_requested,not_requested,0.0,
REF000002786,BKG000003046,PAY000003046,False,not_requested,not_requested,0.0,
REF000002787,BKG000003047,PAY000003047,False,not_requested,not_requested,0.0,
REF000002788,BKG000003048,PAY000003048,False,not_requested,not_requested,0.0,
REF000002789,BKG000003049,PAY000003049,False,not_requested,not_requested,0.0,
REF000002790,BKG000003050,PAY000003050,False,not_requested,not_requested,0.0,
REF000002791,BKG000003051,PAY000003051,False,not_requested,not_requested,0.0,
REF000002792,BKG000003052,PAY000003052,False,not_requested,not_requested,0.0,
REF000002793,BKG000003053,PAY000003053,False,not_requested,not_requested,0.0,
REF000002794,BKG000003054,PAY000003054,False,not_requested,not_requested,0.0,
REF000002795,BKG000003055,PAY000003055,False,not_requested,not_requested,0.0,
REF000002796,BKG000003056,PAY000003056,False,not_requested,not_requested,0.0,
REF000002797,BKG000003057,PAY000003057,False,not_requested,not_requested,0.0,
REF000002798,BKG000003058,PAY000003058,False,not_requested,not_requested,0.0,
REF000002799,BKG000003060,PAY000003060,False,not_requested,not_requested,0.0,
REF000002800,BKG000003061,PAY000003061,False,not_requested,not_requested,0.0,
REF000002801,BKG000003062,PAY000003062,False,not_requested,not_requested,0.0,
REF000002802,BKG000003063,PAY000003063,False,not_requested,not_requested,0.0,
REF000002803,BKG000003064,PAY000003064,False,not_requested,not_requested,0.0,
REF000002804,BKG000003065,PAY000003065,False,not_requested,not_requested,0.0,
REF000002805,BKG000003066,PAY000003066,False,not_requested,not_requested,0.0,
REF000002806,BKG000003067,PAY000003067,False,not_requested,not_requested,0.0,
REF000002807,BKG000003068,PAY000003068,False,not_requested,not_requested,0.0,
REF000002808,BKG000003069,PAY000003069,False,not_requested,not_requested,0.0,
REF000002809,BKG000003070,PAY000003070,False,not_requested,not_requested,0.0,
REF000002810,BKG000003071,PAY000003071,False,not_requested,not_requested,0.0,
REF000002811,BKG000003072,PAY000003072,False,not_requested,not_requested,0.0,
REF000002812,BKG000003074,PAY000003074,False,not_requested,not_requested,0.0,
REF000002813,BKG000003075,PAY000003075,False,not_requested,not_requested,0.0,
REF000002814,BKG000003076,PAY000003076,False,not_requested,not_requested,0.0,
REF000002815,BKG000003077,PAY000003077,False,not_requested,not_requested,0.0,
REF000002816,BKG000003078,PAY000003078,False,not_requested,not_requested,0.0,
REF000002817,BKG000003079,PAY000003079,False,not_requested,not_requested,0.0,
REF000002818,BKG000003080,PAY000003080,False,not_requested,not_requested,0.0,
REF000002819,BKG000003081,PAY000003081,False,not_requested,not_requested,0.0,
REF000002820,BKG000003082,PAY000003082,False,not_requested,not_requested,0.0,
REF000002821,BKG000003083,PAY000003083,False,not_requested,not_requested,0.0,
REF000002822,BKG000003084,PAY000003084,False,not_requested,not_requested,0.0,
REF000002823,BKG000003085,PAY000003085,False,not_requested,not_requested,0.0,
REF000002824,BKG000003086,PAY000003086,False,not_requested,not_requested,0.0,
REF000002825,BKG000003087,PAY000003087,False,not_requested,not_requested,0.0,
REF000002826,BKG000003088,PAY000003088,False,not_requested,not_requested,0.0,
REF000002827,BKG000003089,PAY000003089,True,rejected,customer_cancelled,0.0,2014-11-19 18:51:47
REF000002828,BKG000003090,PAY000003090,False,not_requested,not_requested,0.0,
REF000002829,BKG000003091,PAY000003091,False,not_requested,not_requested,0.0,
REF000002830,BKG000003092,PAY000003092,False,not_requested,not_requested,0.0,
REF000002831,BKG000003093,PAY000003093,False,not_requested,not_requested,0.0,
REF000002832,BKG000003094,PAY000003094,False,not_requested,not_requested,0.0,
REF000002833,BKG000003096,PAY000003096,False,not_requested,not_requested,0.0,
REF000002834,BKG000003097,PAY000003097,False,not_requested,not_requested,0.0,
REF000002835,BKG000003098,PAY000003098,False,not_requested,not_requested,0.0,
REF000002836,BKG000003099,PAY000003099,False,not_requested,not_requested,0.0,
REF000002837,BKG000003100,PAY000003100,False,not_requested,not_requested,0.0,
REF000002838,BKG000003101,PAY000003101,False,not_requested,not_requested,0.0,
REF000002839,BKG000003102,PAY000003102,False,not_requested,not_requested,0.0,
REF000002840,BKG000003103,PAY000003103,False,not_requested,not_requested,0.0,
REF000002841,BKG000003104,PAY000003104,False,not_requested,not_requested,0.0,
REF000002842,BKG000003105,PAY000003105,False,not_requested,not_requested,0.0,
REF000002843,BKG000003106,PAY000003106,False,not_requested,not_requested,0.0,
REF000002844,BKG000003107,PAY000003107,False,not_requested,not_requested,0.0,
REF000002845,BKG000003108,PAY000003108,False,not_requested,not_requested,0.0,
REF000002846,BKG000003109,PAY000003109,False,not_requested,not_requested,0.0,
REF000002847,BKG000003110,PAY000003110,False,not_requested,not_requested,0.0,
REF000002848,BKG000003111,PAY000003111,False,not_requested,not_requested,0.0,
REF000002849,BKG000003112,PAY000003112,False,not_requested,not_requested,0.0,
REF000002850,BKG000003113,PAY000003113,False,not_requested,not_requested,0.0,
REF000002851,BKG000003114,PAY000003114,False,not_requested,not_requested,0.0,
REF000002852,BKG000003115,PAY000003115,False,not_requested,not_requested,0.0,
REF000002853,BKG000003116,PAY000003116,False,not_requested,not_requested,0.0,
REF000002854,BKG000003117,PAY000003117,False,not_requested,not_requested,0.0,
REF000002855,BKG000003118,PAY000003118,False,not_requested,not_requested,0.0,
REF000002856,BKG000003119,PAY000003119,False,not_requested,not_requested,0.0,
REF000002857,BKG000003120,PAY000003120,False,not_requested,not_requested,0.0,
REF000002858,BKG000003121,PAY000003121,False,not_requested,not_requested,0.0,
REF000002859,BKG000003122,PAY000003122,False,not_requested,not_requested,0.0,
REF000002860,BKG000003123,PAY000003123,False,not_requested,not_requested,0.0,
REF000002861,BKG000003124,PAY000003124,False,not_requested,not_requested,0.0,
REF000002862,BKG000003125,PAY000003125,False,not_requested,not_requested,0.0,
REF000002863,BKG000003126,PAY000003126,False,not_requested,not_requested,0.0,
REF000002864,BKG000003127,PAY000003127,False,not_requested,not_requested,0.0,
REF000002865,BKG000003128,PAY000003128,False,not_requested,not_requested,0.0,
REF000002866,BKG000003129,PAY000003129,False,not_requested,not_requested,0.0,
REF000002867,BKG000003130,PAY000003130,True,approved,customer_cancelled,128.17,2014-02-22 13:17:47
REF000002868,BKG000003131,PAY000003131,False,not_requested,not_requested,0.0,
REF000002869,BKG000003132,PAY000003132,False,not_requested,not_requested,0.0,
REF000002870,BKG000003134,PAY000003134,False,not_requested,not_requested,0.0,
REF000002871,BKG000003135,PAY000003135,False,not_requested,not_requested,0.0,
REF000002872,BKG000003136,PAY000003136,False,not_requested,not_requested,0.0,
REF000002873,BKG000003137,PAY000003137,False,not_requested,not_requested,0.0,
REF000002874,BKG000003138,PAY000003138,False,not_requested,not_requested,0.0,
REF000002875,BKG000003139,PAY000003139,False,not_requested,not_requested,0.0,
REF000002876,BKG000003140,PAY000003140,False,not_requested,not_requested,0.0,
REF000002877,BKG000003141,PAY000003141,False,not_requested,not_requested,0.0,
REF000002878,BKG000003142,PAY000003142,False,not_requested,not_requested,0.0,
REF000002879,BKG000003143,PAY000003143,True,rejected,duplicate_booking,0.0,2014-09-13 08:11:03
REF000002880,BKG000003144,PAY000003144,False,not_requested,not_requested,0.0,
REF000002881,BKG000003146,PAY000003146,False,not_requested,not_requested,0.0,
REF000002882,BKG000003147,PAY000003147,False,not_requested,not_requested,0.0,
REF000002883,BKG000003148,PAY000003148,False,not_requested,not_requested,0.0,
REF000002884,BKG000003149,PAY000003149,False,not_requested,not_requested,0.0,
REF000002885,BKG000003150,PAY000003150,False,not_requested,not_requested,0.0,
REF000002886,BKG000003151,PAY000003151,False,not_requested,not_requested,0.0,
REF000002887,BKG000003152,PAY000003152,False,not_requested,not_requested,0.0,
REF000002888,BKG000003154,PAY000003154,False,not_requested,not_requested,0.0,
REF000002889,BKG000003155,PAY000003155,False,not_requested,not_requested,0.0,
REF000002890,BKG000003156,PAY000003156,False,not_requested,not_requested,0.0,
REF000002891,BKG000003157,PAY000003157,False,not_requested,not_requested,0.0,
REF000002892,BKG000003158,PAY000003158,False,not_requested,not_requested,0.0,
REF000002893,BKG000003159,PAY000003159,False,not_requested,not_requested,0.0,
REF000002894,BKG000003160,PAY000003160,False,not_requested,not_requested,0.0,
REF000002895,BKG000003162,PAY000003162,False,not_requested,not_requested,0.0,
REF000002896,BKG000003163,PAY000003163,False,not_requested,not_requested,0.0,
REF000002897,BKG000003164,PAY000003164,False,not_requested,not_requested,0.0,
REF000002898,BKG000003165,PAY000003165,False,not_requested,not_requested,0.0,
REF000002899,BKG000003166,PAY000003166,False,not_requested,not_requested,0.0,
REF000002900,BKG000003167,PAY000003167,False,not_requested,not_requested,0.0,
REF000002901,BKG000003168,PAY000003168,False,not_requested,not_requested,0.0,
REF000002902,BKG000003169,PAY000003169,False,not_requested,not_requested,0.0,
REF000002903,BKG000003171,PAY000003171,False,not_requested,not_requested,0.0,
REF000002904,BKG000003172,PAY000003172,False,not_requested,not_requested,0.0,
REF000002905,BKG000003173,PAY000003173,False,not_requested,not_requested,0.0,
REF000002906,BKG000003174,PAY000003174,False,not_requested,not_requested,0.0,
REF000002907,BKG000003175,PAY000003175,False,not_requested,not_requested,0.0,
REF000002908,BKG000003176,PAY000003176,False,not_requested,not_requested,0.0,
REF000002909,BKG000003177,PAY000003177,False,not_requested,not_requested,0.0,
REF000002910,BKG000003178,PAY000003178,False,not_requested,not_requested,0.0,
REF000002911,BKG000003180,PAY000003180,False,not_requested,not_requested,0.0,
REF000002912,BKG000003181,PAY000003181,False,not_requested,not_requested,0.0,
REF000002913,BKG000003182,PAY000003182,False,not_requested,not_requested,0.0,
REF000002914,BKG000003183,PAY000003183,False,not_requested,not_requested,0.0,
REF000002915,BKG000003184,PAY000003184,False,not_requested,not_requested,0.0,
REF000002916,BKG000003185,PAY000003185,False,not_requested,not_requested,0.0,
REF000002917,BKG000003186,PAY000003186,False,not_requested,not_requested,0.0,
REF000002918,BKG000003187,PAY000003187,False,not_requested,not_requested,0.0,
REF000002919,BKG000003189,PAY000003189,False,not_requested,not_requested,0.0,
REF000002920,BKG000003190,PAY000003190,False,not_requested,not_requested,0.0,
REF000002921,BKG000003191,PAY000003191,False,not_requested,not_requested,0.0,
REF000002922,BKG000003192,PAY000003192,False,not_requested,not_requested,0.0,
REF000002923,BKG000003193,PAY000003193,False,not_requested,not_requested,0.0,
REF000002924,BKG000003194,PAY000003194,False,not_requested,not_requested,0.0,
REF000002925,BKG000003195,PAY000003195,False,not_requested,not_requested,0.0,
REF000002926,BKG000003196,PAY000003196,False,not_requested,not_requested,0.0,
REF000002927,BKG000003197,PAY000003197,False,not_requested,not_requested,0.0,
REF000002928,BKG000003199,PAY000003199,False,not_requested,not_requested,0.0,
REF000002929,BKG000003200,PAY000003200,False,not_requested,not_requested,0.0,
REF000002930,BKG000003201,PAY000003201,False,not_requested,not_requested,0.0,
REF000002931,BKG000003202,PAY000003202,False,not_requested,not_requested,0.0,
REF000002932,BKG000003203,PAY000003203,False,not_requested,not_requested,0.0,
REF000002933,BKG000003204,PAY000003204,False,not_requested,not_requested,0.0,
REF000002934,BKG000003205,PAY000003205,False,not_requested,not_requested,0.0,
REF000002935,BKG000003206,PAY000003206,False,not_requested,not_requested,0.0,
REF000002936,BKG000003207,PAY000003207,False,not_requested,not_requested,0.0,
REF000002937,BKG000003208,PAY000003208,False,not_requested,not_requested,0.0,
REF000002938,BKG000003209,PAY000003209,False,not_requested,not_requested,0.0,
REF000002939,BKG000003210,PAY000003210,False,not_requested,not_requested,0.0,
REF000002940,BKG000003211,PAY000003211,False,not_requested,not_requested,0.0,
REF000002941,BKG000003212,PAY000003212,True,approved,airline_schedule_change,166.2,2013-11-10 18:46:57
REF000002942,BKG000003213,PAY000003213,False,not_requested,not_requested,0.0,
REF000002943,BKG000003214,PAY000003214,False,not_requested,not_requested,0.0,
REF000002944,BKG000003215,PAY000003215,False,not_requested,not_requested,0.0,
REF000002945,BKG000003216,PAY000003216,False,not_requested,not_requested,0.0,
REF000002946,BKG000003217,PAY000003217,False,not_requested,not_requested,0.0,
REF000002947,BKG000003218,PAY000003218,False,not_requested,not_requested,0.0,
REF000002948,BKG000003220,PAY000003220,False,not_requested,not_requested,0.0,
REF000002949,BKG000003222,PAY000003222,False,not_requested,not_requested,0.0,
REF000002950,BKG000003223,PAY000003223,False,not_requested,not_requested,0.0,
REF000002951,BKG000003224,PAY000003224,False,not_requested,not_requested,0.0,
REF000002952,BKG000003225,PAY000003225,False,not_requested,not_requested,0.0,
REF000002953,BKG000003226,PAY000003226,False,not_requested,not_requested,0.0,
REF000002954,BKG000003227,PAY000003227,False,not_requested,not_requested,0.0,
REF000002955,BKG000003228,PAY000003228,False,not_requested,not_requested,0.0,
REF000002956,BKG000003230,PAY000003230,True,rejected,payment_dispute,0.0,2013-02-22 12:25:18
REF000002957,BKG000003232,PAY000003232,False,not_requested,not_requested,0.0,
REF000002958,BKG000003233,PAY000003233,False,not_requested,not_requested,0.0,
REF000002959,BKG000003234,PAY000003234,True,approved,ticketing_failure,450.27,2014-09-07 22:32:41
REF000002960,BKG000003235,PAY000003235,False,not_requested,not_requested,0.0,
REF000002961,BKG000003236,PAY000003236,False,not_requested,not_requested,0.0,
REF000002962,BKG000003238,PAY000003238,False,not_requested,not_requested,0.0,
REF000002963,BKG000003239,PAY000003239,False,not_requested,not_requested,0.0,
REF000002964,BKG000003241,PAY000003241,False,not_requested,not_requested,0.0,
REF000002965,BKG000003242,PAY000003242,False,not_requested,not_requested,0.0,
REF000002966,BKG000003243,PAY000003243,False,not_requested,not_requested,0.0,
REF000002967,BKG000003244,PAY000003244,False,not_requested,not_requested,0.0,
REF000002968,BKG000003245,PAY000003245,False,not_requested,not_requested,0.0,
REF000002969,BKG000003246,PAY000003246,False,not_requested,not_requested,0.0,
REF000002970,BKG000003247,PAY000003247,False,not_requested,not_requested,0.0,
REF000002971,BKG000003248,PAY000003248,False,not_requested,not_requested,0.0,
REF000002972,BKG000003249,PAY000003249,False,not_requested,not_requested,0.0,
REF000002973,BKG000003250,PAY000003250,True,approved,ticketing_failure,234.25,2014-07-05 19:37:52
REF000002974,BKG000003251,PAY000003251,False,not_requested,not_requested,0.0,
REF000002975,BKG000003252,PAY000003252,False,not_requested,not_requested,0.0,
REF000002976,BKG000003253,PAY000003253,False,not_requested,not_requested,0.0,
REF000002977,BKG000003254,PAY000003254,False,not_requested,not_requested,0.0,
REF000002978,BKG000003255,PAY000003255,False,not_requested,not_requested,0.0,
REF000002979,BKG000003256,PAY000003256,False,not_requested,not_requested,0.0,
REF000002980,BKG000003257,PAY000003257,False,not_requested,not_requested,0.0,
REF000002981,BKG000003258,PAY000003258,False,not_requested,not_requested,0.0,
REF000002982,BKG000003259,PAY000003259,False,not_requested,not_requested,0.0,
REF000002983,BKG000003260,PAY000003260,False,not_requested,not_requested,0.0,
REF000002984,BKG000003261,PAY000003261,False,not_requested,not_requested,0.0,
REF000002985,BKG000003262,PAY000003262,False,not_requested,not_requested,0.0,
REF000002986,BKG000003263,PAY000003263,False,not_requested,not_requested,0.0,
REF000002987,BKG000003264,PAY000003264,False,not_requested,not_requested,0.0,
REF000002988,BKG000003265,PAY000003265,False,not_requested,not_requested,0.0,
REF000002989,BKG000003266,PAY000003266,False,not_requested,not_requested,0.0,
REF000002990,BKG000003267,PAY000003267,False,not_requested,not_requested,0.0,
REF000002991,BKG000003268,PAY000003268,False,not_requested,not_requested,0.0,
REF000002992,BKG000003269,PAY000003269,False,not_requested,not_requested,0.0,
REF000002993,BKG000003270,PAY000003270,False,not_requested,not_requested,0.0,
REF000002994,BKG000003271,PAY000003271,False,not_requested,not_requested,0.0,
REF000002995,BKG000003272,PAY000003272,False,not_requested,not_requested,0.0,
REF000002996,BKG000003273,PAY000003273,False,not_requested,not_requested,0.0,
REF000002997,BKG000003274,PAY000003274,False,not_requested,not_requested,0.0,
REF000002998,BKG000003275,PAY000003275,False,not_requested,not_requested,0.0,
REF000002999,BKG000003278,PAY000003278,False,not_requested,not_requested,0.0,
REF000003000,BKG000003279,PAY000003279,False,not_requested,not_requested,0.0,
REF000003001,BKG000003280,PAY000003280,False,not_requested,not_requested,0.0,
REF000003002,BKG000003281,PAY000003281,False,not_requested,not_requested,0.0,
REF000003003,BKG000003282,PAY000003282,False,not_requested,not_requested,0.0,
REF000003004,BKG000003283,PAY000003283,False,not_requested,not_requested,0.0,
REF000003005,BKG000003284,PAY000003284,False,not_requested,not_requested,0.0,
REF000003006,BKG000003286,PAY000003286,False,not_requested,not_requested,0.0,
REF000003007,BKG000003287,PAY000003287,False,not_requested,not_requested,0.0,
REF000003008,BKG000003288,PAY000003288,False,not_requested,not_requested,0.0,
REF000003009,BKG000003289,PAY000003289,False,not_requested,not_requested,0.0,
REF000003010,BKG000003292,PAY000003292,False,not_requested,not_requested,0.0,
REF000003011,BKG000003293,PAY000003293,False,not_requested,not_requested,0.0,
REF000003012,BKG000003294,PAY000003294,False,not_requested,not_requested,0.0,
REF000003013,BKG000003296,PAY000003296,False,not_requested,not_requested,0.0,
REF000003014,BKG000003297,PAY000003297,True,approved,airline_schedule_change,432.66,2015-01-22 17:07:50
REF000003015,BKG000003298,PAY000003298,False,not_requested,not_requested,0.0,
REF000003016,BKG000003299,PAY000003299,False,not_requested,not_requested,0.0,
REF000003017,BKG000003300,PAY000003300,False,not_requested,not_requested,0.0,
REF000003018,BKG000003301,PAY000003301,False,not_requested,not_requested,0.0,
REF000003019,BKG000003302,PAY000003302,False,not_requested,not_requested,0.0,
REF000003020,BKG000003303,PAY000003303,False,not_requested,not_requested,0.0,
REF000003021,BKG000003304,PAY000003304,False,not_requested,not_requested,0.0,
REF000003022,BKG000003305,PAY000003305,False,not_requested,not_requested,0.0,
REF000003023,BKG000003306,PAY000003306,False,not_requested,not_requested,0.0,
REF000003024,BKG000003307,PAY000003307,False,not_requested,not_requested,0.0,
REF000003025,BKG000003308,PAY000003308,False,not_requested,not_requested,0.0,
REF000003026,BKG000003309,PAY000003309,False,not_requested,not_requested,0.0,
REF000003027,BKG000003310,PAY000003310,False,not_requested,not_requested,0.0,
REF000003028,BKG000003311,PAY000003311,False,not_requested,not_requested,0.0,
REF000003029,BKG000003312,PAY000003312,False,not_requested,not_requested,0.0,
REF000003030,BKG000003313,PAY000003313,False,not_requested,not_requested,0.0,
REF000003031,BKG000003314,PAY000003314,False,not_requested,not_requested,0.0,
REF000003032,BKG000003315,PAY000003315,False,not_requested,not_requested,0.0,
REF000003033,BKG000003318,PAY000003318,False,not_requested,not_requested,0.0,
REF000003034,BKG000003319,PAY000003319,False,not_requested,not_requested,0.0,
REF000003035,BKG000003320,PAY000003320,False,not_requested,not_requested,0.0,
REF000003036,BKG000003321,PAY000003321,False,not_requested,not_requested,0.0,
REF000003037,BKG000003322,PAY000003322,False,not_requested,not_requested,0.0,
REF000003038,BKG000003323,PAY000003323,False,not_requested,not_requested,0.0,
REF000003039,BKG000003324,PAY000003324,False,not_requested,not_requested,0.0,
REF000003040,BKG000003325,PAY000003325,False,not_requested,not_requested,0.0,
REF000003041,BKG000003326,PAY000003326,False,not_requested,not_requested,0.0,
REF000003042,BKG000003327,PAY000003327,False,not_requested,not_requested,0.0,
REF000003043,BKG000003328,PAY000003328,False,not_requested,not_requested,0.0,
REF000003044,BKG000003329,PAY000003329,False,not_requested,not_requested,0.0,
REF000003045,BKG000003330,PAY000003330,False,not_requested,not_requested,0.0,
REF000003046,BKG000003331,PAY000003331,False,not_requested,not_requested,0.0,
REF000003047,BKG000003332,PAY000003332,False,not_requested,not_requested,0.0,
REF000003048,BKG000003333,PAY000003333,False,not_requested,not_requested,0.0,
REF000003049,BKG000003334,PAY000003334,False,not_requested,not_requested,0.0,
REF000003050,BKG000003335,PAY000003335,False,not_requested,not_requested,0.0,
REF000003051,BKG000003336,PAY000003336,False,not_requested,not_requested,0.0,
REF000003052,BKG000003337,PAY000003337,False,not_requested,not_requested,0.0,
REF000003053,BKG000003338,PAY000003338,False,not_requested,not_requested,0.0,
REF000003054,BKG000003339,PAY000003339,False,not_requested,not_requested,0.0,
REF000003055,BKG000003340,PAY000003340,False,not_requested,not_requested,0.0,
REF000003056,BKG000003341,PAY000003341,False,not_requested,not_requested,0.0,
REF000003057,BKG000003342,PAY000003342,False,not_requested,not_requested,0.0,
REF000003058,BKG000003343,PAY000003343,False,not_requested,not_requested,0.0,
REF000003059,BKG000003344,PAY000003344,False,not_requested,not_requested,0.0,
REF000003060,BKG000003345,PAY000003345,False,not_requested,not_requested,0.0,
REF000003061,BKG000003346,PAY000003346,False,not_requested,not_requested,0.0,
REF000003062,BKG000003347,PAY000003347,False,not_requested,not_requested,0.0,
REF000003063,BKG000003348,PAY000003348,False,not_requested,not_requested,0.0,
REF000003064,BKG000003349,PAY000003349,False,not_requested,not_requested,0.0,
REF000003065,BKG000003350,PAY000003350,False,not_requested,not_requested,0.0,
REF000003066,BKG000003352,PAY000003352,False,not_requested,not_requested,0.0,
REF000003067,BKG000003353,PAY000003353,False,not_requested,not_requested,0.0,
REF000003068,BKG000003354,PAY000003354,False,not_requested,not_requested,0.0,
REF000003069,BKG000003355,PAY000003355,False,not_requested,not_requested,0.0,
REF000003070,BKG000003356,PAY000003356,False,not_requested,not_requested,0.0,
REF000003071,BKG000003358,PAY000003358,True,approved,airline_schedule_change,86.12,2014-11-05 23:23:56
REF000003072,BKG000003359,PAY000003359,False,not_requested,not_requested,0.0,
REF000003073,BKG000003360,PAY000003360,False,not_requested,not_requested,0.0,
REF000003074,BKG000003361,PAY000003361,False,not_requested,not_requested,0.0,
REF000003075,BKG000003362,PAY000003362,False,not_requested,not_requested,0.0,
REF000003076,BKG000003363,PAY000003363,False,not_requested,not_requested,0.0,
REF000003077,BKG000003364,PAY000003364,False,not_requested,not_requested,0.0,
REF000003078,BKG000003365,PAY000003365,False,not_requested,not_requested,0.0,
REF000003079,BKG000003366,PAY000003366,False,not_requested,not_requested,0.0,
REF000003080,BKG000003369,PAY000003369,False,not_requested,not_requested,0.0,
REF000003081,BKG000003370,PAY000003370,False,not_requested,not_requested,0.0,
REF000003082,BKG000003371,PAY000003371,False,not_requested,not_requested,0.0,
REF000003083,BKG000003372,PAY000003372,False,not_requested,not_requested,0.0,
REF000003084,BKG000003373,PAY000003373,False,not_requested,not_requested,0.0,
REF000003085,BKG000003374,PAY000003374,True,rejected,ticketing_failure,0.0,2015-01-12 20:47:50
REF000003086,BKG000003375,PAY000003375,False,not_requested,not_requested,0.0,
REF000003087,BKG000003376,PAY000003376,False,not_requested,not_requested,0.0,
REF000003088,BKG000003377,PAY000003377,False,not_requested,not_requested,0.0,
REF000003089,BKG000003378,PAY000003378,False,not_requested,not_requested,0.0,
REF000003090,BKG000003379,PAY000003379,False,not_requested,not_requested,0.0,
REF000003091,BKG000003380,PAY000003380,False,not_requested,not_requested,0.0,
REF000003092,BKG000003382,PAY000003382,False,not_requested,not_requested,0.0,
REF000003093,BKG000003383,PAY000003383,False,not_requested,not_requested,0.0,
REF000003094,BKG000003384,PAY000003384,False,not_requested,not_requested,0.0,
REF000003095,BKG000003385,PAY000003385,False,not_requested,not_requested,0.0,
REF000003096,BKG000003388,PAY000003388,False,not_requested,not_requested,0.0,
REF000003097,BKG000003389,PAY000003389,False,not_requested,not_requested,0.0,
REF000003098,BKG000003390,PAY000003390,False,not_requested,not_requested,0.0,
REF000003099,BKG000003391,PAY000003391,False,not_requested,not_requested,0.0,
REF000003100,BKG000003392,PAY000003392,False,not_requested,not_requested,0.0,
REF000003101,BKG000003393,PAY000003393,False,not_requested,not_requested,0.0,
REF000003102,BKG000003394,PAY000003394,True,pending,duplicate_booking,240.76,2015-01-15 14:10:24
REF000003103,BKG000003395,PAY000003395,True,approved,duplicate_booking,125.37,2013-05-15 23:02:02
REF000003104,BKG000003396,PAY000003396,False,not_requested,not_requested,0.0,
REF000003105,BKG000003397,PAY000003397,False,not_requested,not_requested,0.0,
REF000003106,BKG000003398,PAY000003398,False,not_requested,not_requested,0.0,
REF000003107,BKG000003399,PAY000003399,False,not_requested,not_requested,0.0,
REF000003108,BKG000003400,PAY000003400,False,not_requested,not_requested,0.0,
REF000003109,BKG000003401,PAY000003401,True,rejected,ticketing_failure,0.0,2013-08-27 11:59:45
REF000003110,BKG000003402,PAY000003402,False,not_requested,not_requested,0.0,
REF000003111,BKG000003403,PAY000003403,False,not_requested,not_requested,0.0,
REF000003112,BKG000003404,PAY000003404,False,not_requested,not_requested,0.0,
REF000003113,BKG000003405,PAY000003405,False,not_requested,not_requested,0.0,
REF000003114,BKG000003406,PAY000003406,False,not_requested,not_requested,0.0,
REF000003115,BKG000003407,PAY000003407,False,not_requested,not_requested,0.0,
REF000003116,BKG000003410,PAY000003410,False,not_requested,not_requested,0.0,
REF000003117,BKG000003411,PAY000003411,False,not_requested,not_requested,0.0,
REF000003118,BKG000003412,PAY000003412,False,not_requested,not_requested,0.0,
REF000003119,BKG000003413,PAY000003413,False,not_requested,not_requested,0.0,
REF000003120,BKG000003415,PAY000003415,False,not_requested,not_requested,0.0,
REF000003121,BKG000003418,PAY000003418,False,not_requested,not_requested,0.0,
REF000003122,BKG000003419,PAY000003419,False,not_requested,not_requested,0.0,
REF000003123,BKG000003420,PAY000003420,False,not_requested,not_requested,0.0,
REF000003124,BKG000003421,PAY000003421,False,not_requested,not_requested,0.0,
REF000003125,BKG000003422,PAY000003422,False,not_requested,not_requested,0.0,
REF000003126,BKG000003423,PAY000003423,False,not_requested,not_requested,0.0,
REF000003127,BKG000003424,PAY000003424,False,not_requested,not_requested,0.0,
REF000003128,BKG000003425,PAY000003425,False,not_requested,not_requested,0.0,
REF000003129,BKG000003426,PAY000003426,False,not_requested,not_requested,0.0,
REF000003130,BKG000003427,PAY000003427,False,not_requested,not_requested,0.0,
REF000003131,BKG000003428,PAY000003428,False,not_requested,not_requested,0.0,
REF000003132,BKG000003429,PAY000003429,False,not_requested,not_requested,0.0,
REF000003133,BKG000003430,PAY000003430,False,not_requested,not_requested,0.0,
REF000003134,BKG000003431,PAY000003431,False,not_requested,not_requested,0.0,
REF000003135,BKG000003432,PAY000003432,False,not_requested,not_requested,0.0,
REF000003136,BKG000003433,PAY000003433,False,not_requested,not_requested,0.0,
REF000003137,BKG000003434,PAY000003434,False,not_requested,not_requested,0.0,
REF000003138,BKG000003435,PAY000003435,False,not_requested,not_requested,0.0,
REF000003139,BKG000003436,PAY000003436,False,not_requested,not_requested,0.0,
REF000003140,BKG000003437,PAY000003437,False,not_requested,not_requested,0.0,
REF000003141,BKG000003438,PAY000003438,False,not_requested,not_requested,0.0,
REF000003142,BKG000003439,PAY000003439,False,not_requested,not_requested,0.0,
REF000003143,BKG000003440,PAY000003440,False,not_requested,not_requested,0.0,
REF000003144,BKG000003441,PAY000003441,False,not_requested,not_requested,0.0,
REF000003145,BKG000003443,PAY000003443,False,not_requested,not_requested,0.0,
REF000003146,BKG000003444,PAY000003444,True,approved,airline_schedule_change,372.84,2014-10-27 19:09:51
REF000003147,BKG000003445,PAY000003445,False,not_requested,not_requested,0.0,
REF000003148,BKG000003447,PAY000003447,False,not_requested,not_requested,0.0,
REF000003149,BKG000003449,PAY000003449,False,not_requested,not_requested,0.0,
REF000003150,BKG000003450,PAY000003450,False,not_requested,not_requested,0.0,
REF000003151,BKG000003452,PAY000003452,False,not_requested,not_requested,0.0,
REF000003152,BKG000003453,PAY000003453,False,not_requested,not_requested,0.0,
REF000003153,BKG000003454,PAY000003454,False,not_requested,not_requested,0.0,
REF000003154,BKG000003455,PAY000003455,True,approved,airline_schedule_change,383.45,2013-05-01 17:30:14
REF000003155,BKG000003456,PAY000003456,False,not_requested,not_requested,0.0,
REF000003156,BKG000003457,PAY000003457,False,not_requested,not_requested,0.0,
REF000003157,BKG000003458,PAY000003458,False,not_requested,not_requested,0.0,
REF000003158,BKG000003459,PAY000003459,False,not_requested,not_requested,0.0,
REF000003159,BKG000003460,PAY000003460,False,not_requested,not_requested,0.0,
REF000003160,BKG000003461,PAY000003461,False,not_requested,not_requested,0.0,
REF000003161,BKG000003462,PAY000003462,False,not_requested,not_requested,0.0,
REF000003162,BKG000003463,PAY000003463,False,not_requested,not_requested,0.0,
REF000003163,BKG000003464,PAY000003464,False,not_requested,not_requested,0.0,
REF000003164,BKG000003465,PAY000003465,False,not_requested,not_requested,0.0,
REF000003165,BKG000003466,PAY000003466,False,not_requested,not_requested,0.0,
REF000003166,BKG000003468,PAY000003468,False,not_requested,not_requested,0.0,
REF000003167,BKG000003469,PAY000003469,False,not_requested,not_requested,0.0,
REF000003168,BKG000003470,PAY000003470,False,not_requested,not_requested,0.0,
REF000003169,BKG000003471,PAY000003471,False,not_requested,not_requested,0.0,
REF000003170,BKG000003472,PAY000003472,False,not_requested,not_requested,0.0,
REF000003171,BKG000003473,PAY000003473,True,approved,customer_cancelled,64.01,2013-04-09 19:54:15
REF000003172,BKG000003474,PAY000003474,False,not_requested,not_requested,0.0,
REF000003173,BKG000003475,PAY000003475,False,not_requested,not_requested,0.0,
REF000003174,BKG000003476,PAY000003476,False,not_requested,not_requested,0.0,
REF000003175,BKG000003477,PAY000003477,False,not_requested,not_requested,0.0,
REF000003176,BKG000003478,PAY000003478,False,not_requested,not_requested,0.0,
REF000003177,BKG000003479,PAY000003479,False,not_requested,not_requested,0.0,
REF000003178,BKG000003480,PAY000003480,False,not_requested,not_requested,0.0,
REF000003179,BKG000003481,PAY000003481,False,not_requested,not_requested,0.0,
REF000003180,BKG000003482,PAY000003482,False,not_requested,not_requested,0.0,
REF000003181,BKG000003483,PAY000003483,False,not_requested,not_requested,0.0,
REF000003182,BKG000003484,PAY000003484,False,not_requested,not_requested,0.0,
REF000003183,BKG000003485,PAY000003485,False,not_requested,not_requested,0.0,
REF000003184,BKG000003486,PAY000003486,False,not_requested,not_requested,0.0,
REF000003185,BKG000003487,PAY000003487,False,not_requested,not_requested,0.0,
REF000003186,BKG000003488,PAY000003488,False,not_requested,not_requested,0.0,
REF000003187,BKG000003489,PAY000003489,False,not_requested,not_requested,0.0,
REF000003188,BKG000003490,PAY000003490,False,not_requested,not_requested,0.0,
REF000003189,BKG000003491,PAY000003491,False,not_requested,not_requested,0.0,
REF000003190,BKG000003493,PAY000003493,False,not_requested,not_requested,0.0,
REF000003191,BKG000003495,PAY000003495,False,not_requested,not_requested,0.0,
REF000003192,BKG000003496,PAY000003496,False,not_requested,not_requested,0.0,
REF000003193,BKG000003497,PAY000003497,False,not_requested,not_requested,0.0,
REF000003194,BKG000003498,PAY000003498,True,rejected,customer_cancelled,0.0,2014-09-07 19:11:50
REF000003195,BKG000003499,PAY000003499,False,not_requested,not_requested,0.0,
REF000003196,BKG000003500,PAY000003500,False,not_requested,not_requested,0.0,
REF000003197,BKG000003501,PAY000003501,False,not_requested,not_requested,0.0,
REF000003198,BKG000003502,PAY000003502,False,not_requested,not_requested,0.0,
REF000003199,BKG000003503,PAY000003503,False,not_requested,not_requested,0.0,
REF000003200,BKG000003504,PAY000003504,False,not_requested,not_requested,0.0,
REF000003201,BKG000003505,PAY000003505,False,not_requested,not_requested,0.0,
REF000003202,BKG000003507,PAY000003507,False,not_requested,not_requested,0.0,
REF000003203,BKG000003508,PAY000003508,False,not_requested,not_requested,0.0,
REF000003204,BKG000003509,PAY000003509,False,not_requested,not_requested,0.0,
REF000003205,BKG000003510,PAY000003510,False,not_requested,not_requested,0.0,
REF000003206,BKG000003511,PAY000003511,False,not_requested,not_requested,0.0,
REF000003207,BKG000003512,PAY000003512,False,not_requested,not_requested,0.0,
REF000003208,BKG000003513,PAY000003513,False,not_requested,not_requested,0.0,
REF000003209,BKG000003514,PAY000003514,False,not_requested,not_requested,0.0,
REF000003210,BKG000003515,PAY000003515,False,not_requested,not_requested,0.0,
REF000003211,BKG000003516,PAY000003516,False,not_requested,not_requested,0.0,
REF000003212,BKG000003517,PAY000003517,False,not_requested,not_requested,0.0,
REF000003213,BKG000003518,PAY000003518,True,approved,ticketing_failure,659.92,2014-08-11 20:57:16
REF000003214,BKG000003519,PAY000003519,False,not_requested,not_requested,0.0,
REF000003215,BKG000003521,PAY000003521,False,not_requested,not_requested,0.0,
REF000003216,BKG000003523,PAY000003523,False,not_requested,not_requested,0.0,
REF000003217,BKG000003525,PAY000003525,False,not_requested,not_requested,0.0,
REF000003218,BKG000003528,PAY000003528,False,not_requested,not_requested,0.0,
REF000003219,BKG000003529,PAY000003529,False,not_requested,not_requested,0.0,
REF000003220,BKG000003530,PAY000003530,False,not_requested,not_requested,0.0,
REF000003221,BKG000003531,PAY000003531,False,not_requested,not_requested,0.0,
REF000003222,BKG000003532,PAY000003532,False,not_requested,not_requested,0.0,
REF000003223,BKG000003533,PAY000003533,False,not_requested,not_requested,0.0,
REF000003224,BKG000003534,PAY000003534,False,not_requested,not_requested,0.0,
REF000003225,BKG000003535,PAY000003535,False,not_requested,not_requested,0.0,
REF000003226,BKG000003536,PAY000003536,False,not_requested,not_requested,0.0,
REF000003227,BKG000003537,PAY000003537,False,not_requested,not_requested,0.0,
REF000003228,BKG000003538,PAY000003538,False,not_requested,not_requested,0.0,
REF000003229,BKG000003540,PAY000003540,False,not_requested,not_requested,0.0,
REF000003230,BKG000003541,PAY000003541,False,not_requested,not_requested,0.0,
REF000003231,BKG000003542,PAY000003542,False,not_requested,not_requested,0.0,
REF000003232,BKG000003543,PAY000003543,False,not_requested,not_requested,0.0,
REF000003233,BKG000003544,PAY000003544,False,not_requested,not_requested,0.0,
REF000003234,BKG000003545,PAY000003545,False,not_requested,not_requested,0.0,
REF000003235,BKG000003546,PAY000003546,True,approved,airline_schedule_change,1470.69,2014-11-09 10:22:20
REF000003236,BKG000003547,PAY000003547,False,not_requested,not_requested,0.0,
REF000003237,BKG000003548,PAY000003548,False,not_requested,not_requested,0.0,
REF000003238,BKG000003549,PAY000003549,False,not_requested,not_requested,0.0,
REF000003239,BKG000003550,PAY000003550,False,not_requested,not_requested,0.0,
REF000003240,BKG000003551,PAY000003551,False,not_requested,not_requested,0.0,
REF000003241,BKG000003553,PAY000003553,True,approved,airline_schedule_change,178.46,2014-03-03 19:01:49
REF000003242,BKG000003554,PAY000003554,True,approved,payment_dispute,372.18,2013-12-30 16:24:55
REF000003243,BKG000003555,PAY000003555,False,not_requested,not_requested,0.0,
REF000003244,BKG000003556,PAY000003556,False,not_requested,not_requested,0.0,
REF000003245,BKG000003557,PAY000003557,False,not_requested,not_requested,0.0,
REF000003246,BKG000003558,PAY000003558,False,not_requested,not_requested,0.0,
REF000003247,BKG000003559,PAY000003559,False,not_requested,not_requested,0.0,
REF000003248,BKG000003560,PAY000003560,False,not_requested,not_requested,0.0,
REF000003249,BKG000003561,PAY000003561,False,not_requested,not_requested,0.0,
REF000003250,BKG000003562,PAY000003562,False,not_requested,not_requested,0.0,
REF000003251,BKG000003563,PAY000003563,False,not_requested,not_requested,0.0,
REF000003252,BKG000003564,PAY000003564,False,not_requested,not_requested,0.0,
REF000003253,BKG000003565,PAY000003565,False,not_requested,not_requested,0.0,
REF000003254,BKG000003566,PAY000003566,False,not_requested,not_requested,0.0,
REF000003255,BKG000003567,PAY000003567,False,not_requested,not_requested,0.0,
REF000003256,BKG000003568,PAY000003568,False,not_requested,not_requested,0.0,
REF000003257,BKG000003569,PAY000003569,False,not_requested,not_requested,0.0,
REF000003258,BKG000003570,PAY000003570,False,not_requested,not_requested,0.0,
REF000003259,BKG000003571,PAY000003571,False,not_requested,not_requested,0.0,
REF000003260,BKG000003572,PAY000003572,False,not_requested,not_requested,0.0,
REF000003261,BKG000003573,PAY000003573,False,not_requested,not_requested,0.0,
REF000003262,BKG000003574,PAY000003574,False,not_requested,not_requested,0.0,
REF000003263,BKG000003575,PAY000003575,False,not_requested,not_requested,0.0,
REF000003264,BKG000003576,PAY000003576,False,not_requested,not_requested,0.0,
REF000003265,BKG000003577,PAY000003577,False,not_requested,not_requested,0.0,
REF000003266,BKG000003578,PAY000003578,True,rejected,ticketing_failure,0.0,2013-09-28 12:10:03
REF000003267,BKG000003579,PAY000003579,False,not_requested,not_requested,0.0,
REF000003268,BKG000003580,PAY000003580,False,not_requested,not_requested,0.0,
REF000003269,BKG000003581,PAY000003581,False,not_requested,not_requested,0.0,
REF000003270,BKG000003582,PAY000003582,False,not_requested,not_requested,0.0,
REF000003271,BKG000003583,PAY000003583,False,not_requested,not_requested,0.0,
REF000003272,BKG000003585,PAY000003585,False,not_requested,not_requested,0.0,
REF000003273,BKG000003586,PAY000003586,False,not_requested,not_requested,0.0,
REF000003274,BKG000003587,PAY000003587,False,not_requested,not_requested,0.0,
REF000003275,BKG000003588,PAY000003588,False,not_requested,not_requested,0.0,
REF000003276,BKG000003589,PAY000003589,False,not_requested,not_requested,0.0,
REF000003277,BKG000003590,PAY000003590,False,not_requested,not_requested,0.0,
REF000003278,BKG000003591,PAY000003591,False,not_requested,not_requested,0.0,
REF000003279,BKG000003592,PAY000003592,False,not_requested,not_requested,0.0,
REF000003280,BKG000003593,PAY000003593,False,not_requested,not_requested,0.0,
REF000003281,BKG000003594,PAY000003594,False,not_requested,not_requested,0.0,
REF000003282,BKG000003595,PAY000003595,False,not_requested,not_requested,0.0,
REF000003283,BKG000003596,PAY000003596,False,not_requested,not_requested,0.0,
REF000003284,BKG000003597,PAY000003597,False,not_requested,not_requested,0.0,
REF000003285,BKG000003598,PAY000003598,False,not_requested,not_requested,0.0,
REF000003286,BKG000003599,PAY000003599,True,approved,customer_cancelled,284.8,2014-08-18 19:08:51
REF000003287,BKG000003600,PAY000003600,False,not_requested,not_requested,0.0,
REF000003288,BKG000003601,PAY000003601,False,not_requested,not_requested,0.0,
REF000003289,BKG000003602,PAY000003602,False,not_requested,not_requested,0.0,
REF000003290,BKG000003604,PAY000003604,False,not_requested,not_requested,0.0,
REF000003291,BKG000003605,PAY000003605,False,not_requested,not_requested,0.0,
REF000003292,BKG000003606,PAY000003606,True,approved,ticketing_failure,150.13,2014-11-05 00:43:05
REF000003293,BKG000003607,PAY000003607,True,approved,ticketing_failure,349.24,2014-12-26 20:22:20
REF000003294,BKG000003608,PAY000003608,False,not_requested,not_requested,0.0,
REF000003295,BKG000003609,PAY000003609,False,not_requested,not_requested,0.0,
REF000003296,BKG000003610,PAY000003610,False,not_requested,not_requested,0.0,
REF000003297,BKG000003611,PAY000003611,False,not_requested,not_requested,0.0,
REF000003298,BKG000003612,PAY000003612,False,not_requested,not_requested,0.0,
REF000003299,BKG000003613,PAY000003613,False,not_requested,not_requested,0.0,
REF000003300,BKG000003614,PAY000003614,False,not_requested,not_requested,0.0,
REF000003301,BKG000003615,PAY000003615,False,not_requested,not_requested,0.0,
REF000003302,BKG000003616,PAY000003616,False,not_requested,not_requested,0.0,
REF000003303,BKG000003617,PAY000003617,False,not_requested,not_requested,0.0,
REF000003304,BKG000003618,PAY000003618,False,not_requested,not_requested,0.0,
REF000003305,BKG000003619,PAY000003619,False,not_requested,not_requested,0.0,
REF000003306,BKG000003620,PAY000003620,False,not_requested,not_requested,0.0,
REF000003307,BKG000003621,PAY000003621,False,not_requested,not_requested,0.0,
REF000003308,BKG000003622,PAY000003622,False,not_requested,not_requested,0.0,
REF000003309,BKG000003623,PAY000003623,False,not_requested,not_requested,0.0,
REF000003310,BKG000003624,PAY000003624,False,not_requested,not_requested,0.0,
REF000003311,BKG000003625,PAY000003625,False,not_requested,not_requested,0.0,
REF000003312,BKG000003626,PAY000003626,False,not_requested,not_requested,0.0,
REF000003313,BKG000003627,PAY000003627,False,not_requested,not_requested,0.0,
REF000003314,BKG000003628,PAY000003628,False,not_requested,not_requested,0.0,
REF000003315,BKG000003629,PAY000003629,False,not_requested,not_requested,0.0,
REF000003316,BKG000003631,PAY000003631,False,not_requested,not_requested,0.0,
REF000003317,BKG000003632,PAY000003632,False,not_requested,not_requested,0.0,
REF000003318,BKG000003634,PAY000003634,False,not_requested,not_requested,0.0,
REF000003319,BKG000003635,PAY000003635,False,not_requested,not_requested,0.0,
REF000003320,BKG000003636,PAY000003636,False,not_requested,not_requested,0.0,
REF000003321,BKG000003637,PAY000003637,False,not_requested,not_requested,0.0,
REF000003322,BKG000003638,PAY000003638,False,not_requested,not_requested,0.0,
REF000003323,BKG000003639,PAY000003639,False,not_requested,not_requested,0.0,
REF000003324,BKG000003640,PAY000003640,False,not_requested,not_requested,0.0,
REF000003325,BKG000003641,PAY000003641,False,not_requested,not_requested,0.0,
REF000003326,BKG000003642,PAY000003642,False,not_requested,not_requested,0.0,
REF000003327,BKG000003643,PAY000003643,False,not_requested,not_requested,0.0,
REF000003328,BKG000003644,PAY000003644,False,not_requested,not_requested,0.0,
REF000003329,BKG000003646,PAY000003646,True,approved,customer_cancelled,140.81,2014-10-24 14:34:26
REF000003330,BKG000003647,PAY000003647,False,not_requested,not_requested,0.0,
REF000003331,BKG000003648,PAY000003648,False,not_requested,not_requested,0.0,
REF000003332,BKG000003649,PAY000003649,False,not_requested,not_requested,0.0,
REF000003333,BKG000003650,PAY000003650,False,not_requested,not_requested,0.0,
REF000003334,BKG000003651,PAY000003651,False,not_requested,not_requested,0.0,
REF000003335,BKG000003652,PAY000003652,False,not_requested,not_requested,0.0,
REF000003336,BKG000003653,PAY000003653,False,not_requested,not_requested,0.0,
REF000003337,BKG000003654,PAY000003654,False,not_requested,not_requested,0.0,
REF000003338,BKG000003655,PAY000003655,False,not_requested,not_requested,0.0,
REF000003339,BKG000003656,PAY000003656,False,not_requested,not_requested,0.0,
REF000003340,BKG000003657,PAY000003657,False,not_requested,not_requested,0.0,
REF000003341,BKG000003658,PAY000003658,False,not_requested,not_requested,0.0,
REF000003342,BKG000003659,PAY000003659,False,not_requested,not_requested,0.0,
REF000003343,BKG000003660,PAY000003660,False,not_requested,not_requested,0.0,
REF000003344,BKG000003661,PAY000003661,False,not_requested,not_requested,0.0,
REF000003345,BKG000003662,PAY000003662,False,not_requested,not_requested,0.0,
REF000003346,BKG000003663,PAY000003663,False,not_requested,not_requested,0.0,
REF000003347,BKG000003664,PAY000003664,False,not_requested,not_requested,0.0,
REF000003348,BKG000003665,PAY000003665,False,not_requested,not_requested,0.0,
REF000003349,BKG000003666,PAY000003666,False,not_requested,not_requested,0.0,
REF000003350,BKG000003667,PAY000003667,False,not_requested,not_requested,0.0,
REF000003351,BKG000003668,PAY000003668,False,not_requested,not_requested,0.0,
REF000003352,BKG000003669,PAY000003669,False,not_requested,not_requested,0.0,
REF000003353,BKG000003670,PAY000003670,False,not_requested,not_requested,0.0,
REF000003354,BKG000003671,PAY000003671,False,not_requested,not_requested,0.0,
REF000003355,BKG000003672,PAY000003672,False,not_requested,not_requested,0.0,
REF000003356,BKG000003673,PAY000003673,False,not_requested,not_requested,0.0,
REF000003357,BKG000003674,PAY000003674,False,not_requested,not_requested,0.0,
REF000003358,BKG000003675,PAY000003675,False,not_requested,not_requested,0.0,
REF000003359,BKG000003676,PAY000003676,False,not_requested,not_requested,0.0,
REF000003360,BKG000003677,PAY000003677,False,not_requested,not_requested,0.0,
REF000003361,BKG000003678,PAY000003678,False,not_requested,not_requested,0.0,
REF000003362,BKG000003679,PAY000003679,False,not_requested,not_requested,0.0,
REF000003363,BKG000003680,PAY000003680,False,not_requested,not_requested,0.0,
REF000003364,BKG000003681,PAY000003681,False,not_requested,not_requested,0.0,
REF000003365,BKG000003682,PAY000003682,False,not_requested,not_requested,0.0,
REF000003366,BKG000003683,PAY000003683,False,not_requested,not_requested,0.0,
REF000003367,BKG000003684,PAY000003684,False,not_requested,not_requested,0.0,
REF000003368,BKG000003686,PAY000003686,False,not_requested,not_requested,0.0,
REF000003369,BKG000003687,PAY000003687,False,not_requested,not_requested,0.0,
REF000003370,BKG000003688,PAY000003688,False,not_requested,not_requested,0.0,
REF000003371,BKG000003689,PAY000003689,False,not_requested,not_requested,0.0,
REF000003372,BKG000003690,PAY000003690,False,not_requested,not_requested,0.0,
REF000003373,BKG000003691,PAY000003691,False,not_requested,not_requested,0.0,
REF000003374,BKG000003693,PAY000003693,False,not_requested,not_requested,0.0,
REF000003375,BKG000003695,PAY000003695,False,not_requested,not_requested,0.0,
REF000003376,BKG000003696,PAY000003696,False,not_requested,not_requested,0.0,
REF000003377,BKG000003697,PAY000003697,False,not_requested,not_requested,0.0,
REF000003378,BKG000003698,PAY000003698,False,not_requested,not_requested,0.0,
REF000003379,BKG000003699,PAY000003699,False,not_requested,not_requested,0.0,
REF000003380,BKG000003700,PAY000003700,False,not_requested,not_requested,0.0,
REF000003381,BKG000003701,PAY000003701,False,not_requested,not_requested,0.0,
REF000003382,BKG000003702,PAY000003702,False,not_requested,not_requested,0.0,
REF000003383,BKG000003703,PAY000003703,False,not_requested,not_requested,0.0,
REF000003384,BKG000003704,PAY000003704,False,not_requested,not_requested,0.0,
REF000003385,BKG000003705,PAY000003705,False,not_requested,not_requested,0.0,
REF000003386,BKG000003706,PAY000003706,False,not_requested,not_requested,0.0,
REF000003387,BKG000003707,PAY000003707,False,not_requested,not_requested,0.0,
REF000003388,BKG000003708,PAY000003708,False,not_requested,not_requested,0.0,
REF000003389,BKG000003709,PAY000003709,False,not_requested,not_requested,0.0,
REF000003390,BKG000003710,PAY000003710,False,not_requested,not_requested,0.0,
REF000003391,BKG000003711,PAY000003711,False,not_requested,not_requested,0.0,
REF000003392,BKG000003712,PAY000003712,False,not_requested,not_requested,0.0,
REF000003393,BKG000003713,PAY000003713,False,not_requested,not_requested,0.0,
REF000003394,BKG000003714,PAY000003714,False,not_requested,not_requested,0.0,
REF000003395,BKG000003715,PAY000003715,True,rejected,duplicate_booking,0.0,2013-07-07 19:29:59
REF000003396,BKG000003716,PAY000003716,False,not_requested,not_requested,0.0,
REF000003397,BKG000003717,PAY000003717,False,not_requested,not_requested,0.0,
REF000003398,BKG000003718,PAY000003718,False,not_requested,not_requested,0.0,
REF000003399,BKG000003719,PAY000003719,False,not_requested,not_requested,0.0,
REF000003400,BKG000003720,PAY000003720,False,not_requested,not_requested,0.0,
REF000003401,BKG000003721,PAY000003721,True,approved,ticketing_failure,171.11,2014-08-30 20:21:32
REF000003402,BKG000003722,PAY000003722,False,not_requested,not_requested,0.0,
REF000003403,BKG000003723,PAY000003723,False,not_requested,not_requested,0.0,
REF000003404,BKG000003724,PAY000003724,False,not_requested,not_requested,0.0,
REF000003405,BKG000003725,PAY000003725,False,not_requested,not_requested,0.0,
REF000003406,BKG000003726,PAY000003726,False,not_requested,not_requested,0.0,
REF000003407,BKG000003727,PAY000003727,False,not_requested,not_requested,0.0,
REF000003408,BKG000003728,PAY000003728,False,not_requested,not_requested,0.0,
REF000003409,BKG000003729,PAY000003729,False,not_requested,not_requested,0.0,
REF000003410,BKG000003730,PAY000003730,False,not_requested,not_requested,0.0,
REF000003411,BKG000003731,PAY000003731,False,not_requested,not_requested,0.0,
REF000003412,BKG000003732,PAY000003732,False,not_requested,not_requested,0.0,
REF000003413,BKG000003733,PAY000003733,False,not_requested,not_requested,0.0,
REF000003414,BKG000003734,PAY000003734,False,not_requested,not_requested,0.0,
REF000003415,BKG000003735,PAY000003735,False,not_requested,not_requested,0.0,
REF000003416,BKG000003736,PAY000003736,False,not_requested,not_requested,0.0,
REF000003417,BKG000003737,PAY000003737,False,not_requested,not_requested,0.0,
REF000003418,BKG000003738,PAY000003738,False,not_requested,not_requested,0.0,
REF000003419,BKG000003739,PAY000003739,False,not_requested,not_requested,0.0,
REF000003420,BKG000003740,PAY000003740,False,not_requested,not_requested,0.0,
REF000003421,BKG000003741,PAY000003741,False,not_requested,not_requested,0.0,
REF000003422,BKG000003742,PAY000003742,False,not_requested,not_requested,0.0,
REF000003423,BKG000003743,PAY000003743,False,not_requested,not_requested,0.0,
REF000003424,BKG000003744,PAY000003744,False,not_requested,not_requested,0.0,
REF000003425,BKG000003745,PAY000003745,False,not_requested,not_requested,0.0,
REF000003426,BKG000003746,PAY000003746,False,not_requested,not_requested,0.0,
REF000003427,BKG000003747,PAY000003747,False,not_requested,not_requested,0.0,
REF000003428,BKG000003748,PAY000003748,False,not_requested,not_requested,0.0,
REF000003429,BKG000003749,PAY000003749,False,not_requested,not_requested,0.0,
REF000003430,BKG000003750,PAY000003750,False,not_requested,not_requested,0.0,
REF000003431,BKG000003751,PAY000003751,False,not_requested,not_requested,0.0,
REF000003432,BKG000003752,PAY000003752,False,not_requested,not_requested,0.0,
REF000003433,BKG000003753,PAY000003753,False,not_requested,not_requested,0.0,
REF000003434,BKG000003754,PAY000003754,False,not_requested,not_requested,0.0,
REF000003435,BKG000003755,PAY000003755,False,not_requested,not_requested,0.0,
REF000003436,BKG000003756,PAY000003756,False,not_requested,not_requested,0.0,
REF000003437,BKG000003757,PAY000003757,False,not_requested,not_requested,0.0,
REF000003438,BKG000003758,PAY000003758,False,not_requested,not_requested,0.0,
REF000003439,BKG000003759,PAY000003759,False,not_requested,not_requested,0.0,
REF000003440,BKG000003760,PAY000003760,False,not_requested,not_requested,0.0,
REF000003441,BKG000003761,PAY000003761,False,not_requested,not_requested,0.0,
REF000003442,BKG000003764,PAY000003764,False,not_requested,not_requested,0.0,
REF000003443,BKG000003765,PAY000003765,False,not_requested,not_requested,0.0,
REF000003444,BKG000003767,PAY000003767,False,not_requested,not_requested,0.0,
REF000003445,BKG000003768,PAY000003768,False,not_requested,not_requested,0.0,
REF000003446,BKG000003770,PAY000003770,False,not_requested,not_requested,0.0,
REF000003447,BKG000003771,PAY000003771,False,not_requested,not_requested,0.0,
REF000003448,BKG000003773,PAY000003773,False,not_requested,not_requested,0.0,
REF000003449,BKG000003774,PAY000003774,False,not_requested,not_requested,0.0,
REF000003450,BKG000003775,PAY000003775,False,not_requested,not_requested,0.0,
REF000003451,BKG000003776,PAY000003776,False,not_requested,not_requested,0.0,
REF000003452,BKG000003778,PAY000003778,False,not_requested,not_requested,0.0,
REF000003453,BKG000003780,PAY000003780,False,not_requested,not_requested,0.0,
REF000003454,BKG000003781,PAY000003781,False,not_requested,not_requested,0.0,
REF000003455,BKG000003782,PAY000003782,False,not_requested,not_requested,0.0,
REF000003456,BKG000003783,PAY000003783,False,not_requested,not_requested,0.0,
REF000003457,BKG000003784,PAY000003784,False,not_requested,not_requested,0.0,
REF000003458,BKG000003785,PAY000003785,False,not_requested,not_requested,0.0,
REF000003459,BKG000003787,PAY000003787,False,not_requested,not_requested,0.0,
REF000003460,BKG000003788,PAY000003788,False,not_requested,not_requested,0.0,
REF000003461,BKG000003790,PAY000003790,False,not_requested,not_requested,0.0,
REF000003462,BKG000003791,PAY000003791,False,not_requested,not_requested,0.0,
REF000003463,BKG000003792,PAY000003792,False,not_requested,not_requested,0.0,
REF000003464,BKG000003793,PAY000003793,False,not_requested,not_requested,0.0,
REF000003465,BKG000003794,PAY000003794,False,not_requested,not_requested,0.0,
REF000003466,BKG000003795,PAY000003795,False,not_requested,not_requested,0.0,
REF000003467,BKG000003796,PAY000003796,False,not_requested,not_requested,0.0,
REF000003468,BKG000003797,PAY000003797,False,not_requested,not_requested,0.0,
REF000003469,BKG000003799,PAY000003799,False,not_requested,not_requested,0.0,
REF000003470,BKG000003800,PAY000003800,False,not_requested,not_requested,0.0,
REF000003471,BKG000003801,PAY000003801,False,not_requested,not_requested,0.0,
REF000003472,BKG000003802,PAY000003802,False,not_requested,not_requested,0.0,
REF000003473,BKG000003803,PAY000003803,False,not_requested,not_requested,0.0,
REF000003474,BKG000003804,PAY000003804,False,not_requested,not_requested,0.0,
REF000003475,BKG000003805,PAY000003805,False,not_requested,not_requested,0.0,
REF000003476,BKG000003807,PAY000003807,False,not_requested,not_requested,0.0,
REF000003477,BKG000003808,PAY000003808,False,not_requested,not_requested,0.0,
REF000003478,BKG000003809,PAY000003809,False,not_requested,not_requested,0.0,
REF000003479,BKG000003810,PAY000003810,False,not_requested,not_requested,0.0,
REF000003480,BKG000003811,PAY000003811,False,not_requested,not_requested,0.0,
REF000003481,BKG000003812,PAY000003812,False,not_requested,not_requested,0.0,
REF000003482,BKG000003813,PAY000003813,False,not_requested,not_requested,0.0,
REF000003483,BKG000003814,PAY000003814,False,not_requested,not_requested,0.0,
REF000003484,BKG000003815,PAY000003815,False,not_requested,not_requested,0.0,
REF000003485,BKG000003816,PAY000003816,False,not_requested,not_requested,0.0,
REF000003486,BKG000003817,PAY000003817,False,not_requested,not_requested,0.0,
REF000003487,BKG000003818,PAY000003818,False,not_requested,not_requested,0.0,
REF000003488,BKG000003819,PAY000003819,False,not_requested,not_requested,0.0,
REF000003489,BKG000003820,PAY000003820,False,not_requested,not_requested,0.0,
REF000003490,BKG000003821,PAY000003821,False,not_requested,not_requested,0.0,
REF000003491,BKG000003822,PAY000003822,False,not_requested,not_requested,0.0,
REF000003492,BKG000003823,PAY000003823,False,not_requested,not_requested,0.0,
REF000003493,BKG000003825,PAY000003825,False,not_requested,not_requested,0.0,
REF000003494,BKG000003826,PAY000003826,False,not_requested,not_requested,0.0,
REF000003495,BKG000003827,PAY000003827,False,not_requested,not_requested,0.0,
REF000003496,BKG000003828,PAY000003828,False,not_requested,not_requested,0.0,
REF000003497,BKG000003829,PAY000003829,False,not_requested,not_requested,0.0,
REF000003498,BKG000003830,PAY000003830,False,not_requested,not_requested,0.0,
REF000003499,BKG000003831,PAY000003831,False,not_requested,not_requested,0.0,
REF000003500,BKG000003832,PAY000003832,False,not_requested,not_requested,0.0,
REF000003501,BKG000003833,PAY000003833,False,not_requested,not_requested,0.0,
REF000003502,BKG000003834,PAY000003834,False,not_requested,not_requested,0.0,
REF000003503,BKG000003835,PAY000003835,False,not_requested,not_requested,0.0,
REF000003504,BKG000003836,PAY000003836,False,not_requested,not_requested,0.0,
REF000003505,BKG000003837,PAY000003837,False,not_requested,not_requested,0.0,
REF000003506,BKG000003838,PAY000003838,False,not_requested,not_requested,0.0,
REF000003507,BKG000003840,PAY000003840,False,not_requested,not_requested,0.0,
REF000003508,BKG000003841,PAY000003841,False,not_requested,not_requested,0.0,
REF000003509,BKG000003842,PAY000003842,False,not_requested,not_requested,0.0,
REF000003510,BKG000003843,PAY000003843,False,not_requested,not_requested,0.0,
REF000003511,BKG000003844,PAY000003844,True,approved,customer_cancelled,458.2,2013-03-24 10:29:30
REF000003512,BKG000003845,PAY000003845,False,not_requested,not_requested,0.0,
REF000003513,BKG000003846,PAY000003846,False,not_requested,not_requested,0.0,
REF000003514,BKG000003847,PAY000003847,False,not_requested,not_requested,0.0,
REF000003515,BKG000003849,PAY000003849,True,approved,customer_cancelled,276.64,2014-05-09 15:29:26
REF000003516,BKG000003850,PAY000003850,False,not_requested,not_requested,0.0,
REF000003517,BKG000003851,PAY000003851,False,not_requested,not_requested,0.0,
REF000003518,BKG000003852,PAY000003852,False,not_requested,not_requested,0.0,
REF000003519,BKG000003853,PAY000003853,True,approved,customer_cancelled,69.19,2014-03-14 15:45:42
REF000003520,BKG000003854,PAY000003854,False,not_requested,not_requested,0.0,
REF000003521,BKG000003855,PAY000003855,False,not_requested,not_requested,0.0,
REF000003522,BKG000003856,PAY000003856,False,not_requested,not_requested,0.0,
REF000003523,BKG000003857,PAY000003857,False,not_requested,not_requested,0.0,
REF000003524,BKG000003858,PAY000003858,False,not_requested,not_requested,0.0,
REF000003525,BKG000003859,PAY000003859,False,not_requested,not_requested,0.0,
REF000003526,BKG000003860,PAY000003860,False,not_requested,not_requested,0.0,
REF000003527,BKG000003863,PAY000003863,False,not_requested,not_requested,0.0,
REF000003528,BKG000003864,PAY000003864,False,not_requested,not_requested,0.0,
REF000003529,BKG000003865,PAY000003865,False,not_requested,not_requested,0.0,
REF000003530,BKG000003866,PAY000003866,False,not_requested,not_requested,0.0,
REF000003531,BKG000003867,PAY000003867,False,not_requested,not_requested,0.0,
REF000003532,BKG000003868,PAY000003868,False,not_requested,not_requested,0.0,
REF000003533,BKG000003869,PAY000003869,False,not_requested,not_requested,0.0,
REF000003534,BKG000003871,PAY000003871,False,not_requested,not_requested,0.0,
REF000003535,BKG000003872,PAY000003872,False,not_requested,not_requested,0.0,
REF000003536,BKG000003873,PAY000003873,False,not_requested,not_requested,0.0,
REF000003537,BKG000003875,PAY000003875,False,not_requested,not_requested,0.0,
REF000003538,BKG000003876,PAY000003876,True,rejected,duplicate_booking,0.0,2014-10-19 14:19:08
REF000003539,BKG000003877,PAY000003877,False,not_requested,not_requested,0.0,
REF000003540,BKG000003878,PAY000003878,False,not_requested,not_requested,0.0,
REF000003541,BKG000003879,PAY000003879,False,not_requested,not_requested,0.0,
REF000003542,BKG000003880,PAY000003880,False,not_requested,not_requested,0.0,
REF000003543,BKG000003881,PAY000003881,False,not_requested,not_requested,0.0,
REF000003544,BKG000003882,PAY000003882,False,not_requested,not_requested,0.0,
REF000003545,BKG000003883,PAY000003883,False,not_requested,not_requested,0.0,
REF000003546,BKG000003884,PAY000003884,False,not_requested,not_requested,0.0,
REF000003547,BKG000003885,PAY000003885,False,not_requested,not_requested,0.0,
REF000003548,BKG000003886,PAY000003886,False,not_requested,not_requested,0.0,
REF000003549,BKG000003887,PAY000003887,False,not_requested,not_requested,0.0,
REF000003550,BKG000003888,PAY000003888,False,not_requested,not_requested,0.0,
REF000003551,BKG000003889,PAY000003889,False,not_requested,not_requested,0.0,
REF000003552,BKG000003890,PAY000003890,False,not_requested,not_requested,0.0,
REF000003553,BKG000003891,PAY000003891,False,not_requested,not_requested,0.0,
REF000003554,BKG000003893,PAY000003893,False,not_requested,not_requested,0.0,
REF000003555,BKG000003894,PAY000003894,False,not_requested,not_requested,0.0,
REF000003556,BKG000003895,PAY000003895,False,not_requested,not_requested,0.0,
REF000003557,BKG000003896,PAY000003896,False,not_requested,not_requested,0.0,
REF000003558,BKG000003898,PAY000003898,False,not_requested,not_requested,0.0,
REF000003559,BKG000003899,PAY000003899,True,approved,airline_schedule_change,272.52,2014-06-14 11:54:36
REF000003560,BKG000003900,PAY000003900,False,not_requested,not_requested,0.0,
REF000003561,BKG000003901,PAY000003901,False,not_requested,not_requested,0.0,
REF000003562,BKG000003902,PAY000003902,False,not_requested,not_requested,0.0,
REF000003563,BKG000003903,PAY000003903,False,not_requested,not_requested,0.0,
REF000003564,BKG000003904,PAY000003904,False,not_requested,not_requested,0.0,
REF000003565,BKG000003905,PAY000003905,False,not_requested,not_requested,0.0,
REF000003566,BKG000003906,PAY000003906,False,not_requested,not_requested,0.0,
REF000003567,BKG000003907,PAY000003907,False,not_requested,not_requested,0.0,
REF000003568,BKG000003908,PAY000003908,False,not_requested,not_requested,0.0,
REF000003569,BKG000003909,PAY000003909,False,not_requested,not_requested,0.0,
REF000003570,BKG000003911,PAY000003911,False,not_requested,not_requested,0.0,
REF000003571,BKG000003912,PAY000003912,False,not_requested,not_requested,0.0,
REF000003572,BKG000003913,PAY000003913,False,not_requested,not_requested,0.0,
REF000003573,BKG000003914,PAY000003914,False,not_requested,not_requested,0.0,
REF000003574,BKG000003915,PAY000003915,False,not_requested,not_requested,0.0,
REF000003575,BKG000003916,PAY000003916,False,not_requested,not_requested,0.0,
REF000003576,BKG000003917,PAY000003917,False,not_requested,not_requested,0.0,
REF000003577,BKG000003918,PAY000003918,False,not_requested,not_requested,0.0,
REF000003578,BKG000003919,PAY000003919,False,not_requested,not_requested,0.0,
REF000003579,BKG000003920,PAY000003920,False,not_requested,not_requested,0.0,
REF000003580,BKG000003921,PAY000003921,False,not_requested,not_requested,0.0,
REF000003581,BKG000003922,PAY000003922,False,not_requested,not_requested,0.0,
REF000003582,BKG000003923,PAY000003923,False,not_requested,not_requested,0.0,
REF000003583,BKG000003924,PAY000003924,False,not_requested,not_requested,0.0,
REF000003584,BKG000003925,PAY000003925,False,not_requested,not_requested,0.0,
REF000003585,BKG000003927,PAY000003927,False,not_requested,not_requested,0.0,
REF000003586,BKG000003931,PAY000003931,False,not_requested,not_requested,0.0,
REF000003587,BKG000003932,PAY000003932,False,not_requested,not_requested,0.0,
REF000003588,BKG000003933,PAY000003933,False,not_requested,not_requested,0.0,
REF000003589,BKG000003934,PAY000003934,False,not_requested,not_requested,0.0,
REF000003590,BKG000003935,PAY000003935,False,not_requested,not_requested,0.0,
REF000003591,BKG000003936,PAY000003936,False,not_requested,not_requested,0.0,
REF000003592,BKG000003937,PAY000003937,False,not_requested,not_requested,0.0,
REF000003593,BKG000003938,PAY000003938,False,not_requested,not_requested,0.0,
REF000003594,BKG000003939,PAY000003939,False,not_requested,not_requested,0.0,
REF000003595,BKG000003940,PAY000003940,False,not_requested,not_requested,0.0,
REF000003596,BKG000003941,PAY000003941,False,not_requested,not_requested,0.0,
REF000003597,BKG000003942,PAY000003942,False,not_requested,not_requested,0.0,
REF000003598,BKG000003944,PAY000003944,False,not_requested,not_requested,0.0,
REF000003599,BKG000003945,PAY000003945,False,not_requested,not_requested,0.0,
REF000003600,BKG000003946,PAY000003946,False,not_requested,not_requested,0.0,
REF000003601,BKG000003947,PAY000003947,False,not_requested,not_requested,0.0,
REF000003602,BKG000003948,PAY000003948,False,not_requested,not_requested,0.0,
REF000003603,BKG000003949,PAY000003949,False,not_requested,not_requested,0.0,
REF000003604,BKG000003950,PAY000003950,False,not_requested,not_requested,0.0,
REF000003605,BKG000003951,PAY000003951,True,approved,airline_schedule_change,143.05,2014-08-15 10:40:58
REF000003606,BKG000003952,PAY000003952,False,not_requested,not_requested,0.0,
REF000003607,BKG000003954,PAY000003954,True,approved,duplicate_booking,99.79,2013-07-28 16:38:30
REF000003608,BKG000003955,PAY000003955,False,not_requested,not_requested,0.0,
REF000003609,BKG000003956,PAY000003956,False,not_requested,not_requested,0.0,
REF000003610,BKG000003957,PAY000003957,True,approved,airline_schedule_change,1231.81,2014-09-19 15:54:59
REF000003611,BKG000003958,PAY000003958,False,not_requested,not_requested,0.0,
REF000003612,BKG000003959,PAY000003959,False,not_requested,not_requested,0.0,
REF000003613,BKG000003961,PAY000003961,False,not_requested,not_requested,0.0,
REF000003614,BKG000003962,PAY000003962,False,not_requested,not_requested,0.0,
REF000003615,BKG000003963,PAY000003963,False,not_requested,not_requested,0.0,
REF000003616,BKG000003964,PAY000003964,False,not_requested,not_requested,0.0,
REF000003617,BKG000003965,PAY000003965,False,not_requested,not_requested,0.0,
REF000003618,BKG000003966,PAY000003966,False,not_requested,not_requested,0.0,
REF000003619,BKG000003967,PAY000003967,False,not_requested,not_requested,0.0,
REF000003620,BKG000003968,PAY000003968,False,not_requested,not_requested,0.0,
REF000003621,BKG000003969,PAY000003969,False,not_requested,not_requested,0.0,
REF000003622,BKG000003970,PAY000003970,False,not_requested,not_requested,0.0,
REF000003623,BKG000003971,PAY000003971,False,not_requested,not_requested,0.0,
REF000003624,BKG000003972,PAY000003972,False,not_requested,not_requested,0.0,
REF000003625,BKG000003973,PAY000003973,False,not_requested,not_requested,0.0,
REF000003626,BKG000003974,PAY000003974,False,not_requested,not_requested,0.0,
REF000003627,BKG000003975,PAY000003975,False,not_requested,not_requested,0.0,
REF000003628,BKG000003976,PAY000003976,False,not_requested,not_requested,0.0,
REF000003629,BKG000003977,PAY000003977,False,not_requested,not_requested,0.0,
REF000003630,BKG000003978,PAY000003978,False,not_requested,not_requested,0.0,
REF000003631,BKG000003981,PAY000003981,False,not_requested,not_requested,0.0,
REF000003632,BKG000003982,PAY000003982,False,not_requested,not_requested,0.0,
REF000003633,BKG000003983,PAY000003983,False,not_requested,not_requested,0.0,
REF000003634,BKG000003984,PAY000003984,False,not_requested,not_requested,0.0,
REF000003635,BKG000003985,PAY000003985,False,not_requested,not_requested,0.0,
REF000003636,BKG000003986,PAY000003986,False,not_requested,not_requested,0.0,
REF000003637,BKG000003987,PAY000003987,False,not_requested,not_requested,0.0,
REF000003638,BKG000003988,PAY000003988,False,not_requested,not_requested,0.0,
REF000003639,BKG000003989,PAY000003989,False,not_requested,not_requested,0.0,
REF000003640,BKG000003990,PAY000003990,False,not_requested,not_requested,0.0,
REF000003641,BKG000003991,PAY000003991,False,not_requested,not_requested,0.0,
REF000003642,BKG000003992,PAY000003992,False,not_requested,not_requested,0.0,
REF000003643,BKG000003993,PAY000003993,False,not_requested,not_requested,0.0,
REF000003644,BKG000003995,PAY000003995,False,not_requested,not_requested,0.0,
REF000003645,BKG000003997,PAY000003997,False,not_requested,not_requested,0.0,
REF000003646,BKG000003998,PAY000003998,True,approved,airline_schedule_change,186.67,2013-05-21 08:53:35
REF000003647,BKG000003999,PAY000003999,False,not_requested,not_requested,0.0,
REF000003648,BKG000004000,PAY000004000,False,not_requested,not_requested,0.0,
REF000003649,BKG000004002,PAY000004002,False,not_requested,not_requested,0.0,
REF000003650,BKG000004003,PAY000004003,False,not_requested,not_requested,0.0,
REF000003651,BKG000004004,PAY000004004,False,not_requested,not_requested,0.0,
REF000003652,BKG000004006,PAY000004006,False,not_requested,not_requested,0.0,
REF000003653,BKG000004007,PAY000004007,False,not_requested,not_requested,0.0,
REF000003654,BKG000004008,PAY000004008,False,not_requested,not_requested,0.0,
REF000003655,BKG000004009,PAY000004009,False,not_requested,not_requested,0.0,
REF000003656,BKG000004010,PAY000004010,False,not_requested,not_requested,0.0,
REF000003657,BKG000004011,PAY000004011,False,not_requested,not_requested,0.0,
REF000003658,BKG000004012,PAY000004012,False,not_requested,not_requested,0.0,
REF000003659,BKG000004013,PAY000004013,False,not_requested,not_requested,0.0,
REF000003660,BKG000004014,PAY000004014,False,not_requested,not_requested,0.0,
REF000003661,BKG000004015,PAY000004015,False,not_requested,not_requested,0.0,
REF000003662,BKG000004016,PAY000004016,False,not_requested,not_requested,0.0,
REF000003663,BKG000004017,PAY000004017,False,not_requested,not_requested,0.0,
REF000003664,BKG000004018,PAY000004018,False,not_requested,not_requested,0.0,
REF000003665,BKG000004019,PAY000004019,False,not_requested,not_requested,0.0,
REF000003666,BKG000004020,PAY000004020,False,not_requested,not_requested,0.0,
REF000003667,BKG000004021,PAY000004021,False,not_requested,not_requested,0.0,
REF000003668,BKG000004022,PAY000004022,False,not_requested,not_requested,0.0,
REF000003669,BKG000004023,PAY000004023,False,not_requested,not_requested,0.0,
REF000003670,BKG000004024,PAY000004024,False,not_requested,not_requested,0.0,
REF000003671,BKG000004025,PAY000004025,False,not_requested,not_requested,0.0,
REF000003672,BKG000004026,PAY000004026,False,not_requested,not_requested,0.0,
REF000003673,BKG000004027,PAY000004027,False,not_requested,not_requested,0.0,
REF000003674,BKG000004028,PAY000004028,False,not_requested,not_requested,0.0,
REF000003675,BKG000004029,PAY000004029,False,not_requested,not_requested,0.0,
REF000003676,BKG000004030,PAY000004030,False,not_requested,not_requested,0.0,
REF000003677,BKG000004031,PAY000004031,False,not_requested,not_requested,0.0,
REF000003678,BKG000004032,PAY000004032,False,not_requested,not_requested,0.0,
REF000003679,BKG000004033,PAY000004033,False,not_requested,not_requested,0.0,
REF000003680,BKG000004034,PAY000004034,False,not_requested,not_requested,0.0,
REF000003681,BKG000004035,PAY000004035,False,not_requested,not_requested,0.0,
REF000003682,BKG000004036,PAY000004036,False,not_requested,not_requested,0.0,
REF000003683,BKG000004037,PAY000004037,True,approved,ticketing_failure,776.62,2013-04-23 14:13:24
REF000003684,BKG000004038,PAY000004038,False,not_requested,not_requested,0.0,
REF000003685,BKG000004039,PAY000004039,False,not_requested,not_requested,0.0,
REF000003686,BKG000004040,PAY000004040,False,not_requested,not_requested,0.0,
REF000003687,BKG000004041,PAY000004041,False,not_requested,not_requested,0.0,
REF000003688,BKG000004042,PAY000004042,False,not_requested,not_requested,0.0,
REF000003689,BKG000004043,PAY000004043,False,not_requested,not_requested,0.0,
REF000003690,BKG000004044,PAY000004044,False,not_requested,not_requested,0.0,
REF000003691,BKG000004045,PAY000004045,False,not_requested,not_requested,0.0,
REF000003692,BKG000004047,PAY000004047,False,not_requested,not_requested,0.0,
REF000003693,BKG000004048,PAY000004048,True,approved,payment_dispute,84.36,2014-08-16 12:40:40
REF000003694,BKG000004049,PAY000004049,False,not_requested,not_requested,0.0,
REF000003695,BKG000004050,PAY000004050,False,not_requested,not_requested,0.0,
REF000003696,BKG000004051,PAY000004051,False,not_requested,not_requested,0.0,
REF000003697,BKG000004052,PAY000004052,False,not_requested,not_requested,0.0,
REF000003698,BKG000004053,PAY000004053,False,not_requested,not_requested,0.0,
REF000003699,BKG000004054,PAY000004054,False,not_requested,not_requested,0.0,
REF000003700,BKG000004055,PAY000004055,False,not_requested,not_requested,0.0,
REF000003701,BKG000004056,PAY000004056,False,not_requested,not_requested,0.0,
REF000003702,BKG000004057,PAY000004057,True,approved,customer_cancelled,624.58,2013-07-29 18:44:02
REF000003703,BKG000004058,PAY000004058,False,not_requested,not_requested,0.0,
REF000003704,BKG000004059,PAY000004059,False,not_requested,not_requested,0.0,
REF000003705,BKG000004060,PAY000004060,False,not_requested,not_requested,0.0,
REF000003706,BKG000004061,PAY000004061,False,not_requested,not_requested,0.0,
REF000003707,BKG000004062,PAY000004062,False,not_requested,not_requested,0.0,
REF000003708,BKG000004063,PAY000004063,False,not_requested,not_requested,0.0,
REF000003709,BKG000004064,PAY000004064,False,not_requested,not_requested,0.0,
REF000003710,BKG000004065,PAY000004065,False,not_requested,not_requested,0.0,
REF000003711,BKG000004066,PAY000004066,False,not_requested,not_requested,0.0,
REF000003712,BKG000004067,PAY000004067,False,not_requested,not_requested,0.0,
REF000003713,BKG000004068,PAY000004068,False,not_requested,not_requested,0.0,
REF000003714,BKG000004069,PAY000004069,False,not_requested,not_requested,0.0,
REF000003715,BKG000004070,PAY000004070,False,not_requested,not_requested,0.0,
REF000003716,BKG000004071,PAY000004071,False,not_requested,not_requested,0.0,
REF000003717,BKG000004072,PAY000004072,False,not_requested,not_requested,0.0,
REF000003718,BKG000004073,PAY000004073,False,not_requested,not_requested,0.0,
REF000003719,BKG000004074,PAY000004074,False,not_requested,not_requested,0.0,
REF000003720,BKG000004075,PAY000004075,False,not_requested,not_requested,0.0,
REF000003721,BKG000004076,PAY000004076,False,not_requested,not_requested,0.0,
REF000003722,BKG000004077,PAY000004077,False,not_requested,not_requested,0.0,
REF000003723,BKG000004078,PAY000004078,False,not_requested,not_requested,0.0,
REF000003724,BKG000004079,PAY000004079,False,not_requested,not_requested,0.0,
REF000003725,BKG000004080,PAY000004080,False,not_requested,not_requested,0.0,
REF000003726,BKG000004081,PAY000004081,True,approved,customer_cancelled,392.53,2014-11-10 03:59:35
REF000003727,BKG000004082,PAY000004082,False,not_requested,not_requested,0.0,
REF000003728,BKG000004083,PAY000004083,False,not_requested,not_requested,0.0,
REF000003729,BKG000004084,PAY000004084,False,not_requested,not_requested,0.0,
REF000003730,BKG000004085,PAY000004085,False,not_requested,not_requested,0.0,
REF000003731,BKG000004086,PAY000004086,True,approved,customer_cancelled,279.54,2014-08-02 19:32:26
REF000003732,BKG000004087,PAY000004087,False,not_requested,not_requested,0.0,
REF000003733,BKG000004089,PAY000004089,False,not_requested,not_requested,0.0,
REF000003734,BKG000004090,PAY000004090,False,not_requested,not_requested,0.0,
REF000003735,BKG000004091,PAY000004091,False,not_requested,not_requested,0.0,
REF000003736,BKG000004092,PAY000004092,False,not_requested,not_requested,0.0,
REF000003737,BKG000004093,PAY000004093,False,not_requested,not_requested,0.0,
REF000003738,BKG000004094,PAY000004094,False,not_requested,not_requested,0.0,
REF000003739,BKG000004095,PAY000004095,False,not_requested,not_requested,0.0,
REF000003740,BKG000004096,PAY000004096,True,approved,customer_cancelled,214.32,2015-01-06 19:19:36
REF000003741,BKG000004097,PAY000004097,False,not_requested,not_requested,0.0,
REF000003742,BKG000004098,PAY000004098,False,not_requested,not_requested,0.0,
REF000003743,BKG000004099,PAY000004099,False,not_requested,not_requested,0.0,
REF000003744,BKG000004100,PAY000004100,False,not_requested,not_requested,0.0,
REF000003745,BKG000004101,PAY000004101,True,rejected,payment_dispute,0.0,2014-11-11 17:27:54
REF000003746,BKG000004102,PAY000004102,False,not_requested,not_requested,0.0,
REF000003747,BKG000004103,PAY000004103,False,not_requested,not_requested,0.0,
REF000003748,BKG000004104,PAY000004104,False,not_requested,not_requested,0.0,
REF000003749,BKG000004105,PAY000004105,False,not_requested,not_requested,0.0,
REF000003750,BKG000004106,PAY000004106,False,not_requested,not_requested,0.0,
REF000003751,BKG000004107,PAY000004107,False,not_requested,not_requested,0.0,
REF000003752,BKG000004108,PAY000004108,False,not_requested,not_requested,0.0,
REF000003753,BKG000004109,PAY000004109,False,not_requested,not_requested,0.0,
REF000003754,BKG000004110,PAY000004110,False,not_requested,not_requested,0.0,
REF000003755,BKG000004111,PAY000004111,False,not_requested,not_requested,0.0,
REF000003756,BKG000004112,PAY000004112,False,not_requested,not_requested,0.0,
REF000003757,BKG000004113,PAY000004113,False,not_requested,not_requested,0.0,
REF000003758,BKG000004114,PAY000004114,False,not_requested,not_requested,0.0,
REF000003759,BKG000004115,PAY000004115,False,not_requested,not_requested,0.0,
REF000003760,BKG000004116,PAY000004116,False,not_requested,not_requested,0.0,
REF000003761,BKG000004117,PAY000004117,False,not_requested,not_requested,0.0,
REF000003762,BKG000004119,PAY000004119,False,not_requested,not_requested,0.0,
REF000003763,BKG000004120,PAY000004120,False,not_requested,not_requested,0.0,
REF000003764,BKG000004121,PAY000004121,False,not_requested,not_requested,0.0,
REF000003765,BKG000004122,PAY000004122,False,not_requested,not_requested,0.0,
REF000003766,BKG000004123,PAY000004123,False,not_requested,not_requested,0.0,
REF000003767,BKG000004124,PAY000004124,False,not_requested,not_requested,0.0,
REF000003768,BKG000004126,PAY000004126,False,not_requested,not_requested,0.0,
REF000003769,BKG000004127,PAY000004127,False,not_requested,not_requested,0.0,
REF000003770,BKG000004129,PAY000004129,False,not_requested,not_requested,0.0,
REF000003771,BKG000004130,PAY000004130,False,not_requested,not_requested,0.0,
REF000003772,BKG000004131,PAY000004131,False,not_requested,not_requested,0.0,
REF000003773,BKG000004132,PAY000004132,False,not_requested,not_requested,0.0,
REF000003774,BKG000004134,PAY000004134,False,not_requested,not_requested,0.0,
REF000003775,BKG000004135,PAY000004135,False,not_requested,not_requested,0.0,
REF000003776,BKG000004136,PAY000004136,False,not_requested,not_requested,0.0,
REF000003777,BKG000004137,PAY000004137,False,not_requested,not_requested,0.0,
REF000003778,BKG000004138,PAY000004138,False,not_requested,not_requested,0.0,
REF000003779,BKG000004140,PAY000004140,False,not_requested,not_requested,0.0,
REF000003780,BKG000004141,PAY000004141,False,not_requested,not_requested,0.0,
REF000003781,BKG000004143,PAY000004143,False,not_requested,not_requested,0.0,
REF000003782,BKG000004145,PAY000004145,False,not_requested,not_requested,0.0,
REF000003783,BKG000004146,PAY000004146,False,not_requested,not_requested,0.0,
REF000003784,BKG000004148,PAY000004148,False,not_requested,not_requested,0.0,
REF000003785,BKG000004149,PAY000004149,False,not_requested,not_requested,0.0,
REF000003786,BKG000004150,PAY000004150,False,not_requested,not_requested,0.0,
REF000003787,BKG000004151,PAY000004151,False,not_requested,not_requested,0.0,
REF000003788,BKG000004152,PAY000004152,False,not_requested,not_requested,0.0,
REF000003789,BKG000004153,PAY000004153,False,not_requested,not_requested,0.0,
REF000003790,BKG000004154,PAY000004154,False,not_requested,not_requested,0.0,
REF000003791,BKG000004155,PAY000004155,True,rejected,airline_schedule_change,0.0,2014-06-11 07:10:15
REF000003792,BKG000004156,PAY000004156,False,not_requested,not_requested,0.0,
REF000003793,BKG000004157,PAY000004157,False,not_requested,not_requested,0.0,
REF000003794,BKG000004158,PAY000004158,False,not_requested,not_requested,0.0,
REF000003795,BKG000004159,PAY000004159,False,not_requested,not_requested,0.0,
REF000003796,BKG000004160,PAY000004160,False,not_requested,not_requested,0.0,
REF000003797,BKG000004161,PAY000004161,False,not_requested,not_requested,0.0,
REF000003798,BKG000004162,PAY000004162,False,not_requested,not_requested,0.0,
REF000003799,BKG000004163,PAY000004163,False,not_requested,not_requested,0.0,
REF000003800,BKG000004164,PAY000004164,False,not_requested,not_requested,0.0,
REF000003801,BKG000004165,PAY000004165,False,not_requested,not_requested,0.0,
REF000003802,BKG000004166,PAY000004166,True,approved,airline_schedule_change,186.13,2015-01-05 04:53:25
REF000003803,BKG000004167,PAY000004167,False,not_requested,not_requested,0.0,
REF000003804,BKG000004168,PAY000004168,False,not_requested,not_requested,0.0,
REF000003805,BKG000004170,PAY000004170,False,not_requested,not_requested,0.0,
REF000003806,BKG000004171,PAY000004171,False,not_requested,not_requested,0.0,
REF000003807,BKG000004172,PAY000004172,False,not_requested,not_requested,0.0,
REF000003808,BKG000004173,PAY000004173,False,not_requested,not_requested,0.0,
REF000003809,BKG000004174,PAY000004174,False,not_requested,not_requested,0.0,
REF000003810,BKG000004175,PAY000004175,False,not_requested,not_requested,0.0,
REF000003811,BKG000004176,PAY000004176,False,not_requested,not_requested,0.0,
REF000003812,BKG000004177,PAY000004177,True,approved,customer_cancelled,630.46,2014-11-27 23:33:39
REF000003813,BKG000004178,PAY000004178,False,not_requested,not_requested,0.0,
REF000003814,BKG000004179,PAY000004179,False,not_requested,not_requested,0.0,
REF000003815,BKG000004180,PAY000004180,False,not_requested,not_requested,0.0,
REF000003816,BKG000004181,PAY000004181,False,not_requested,not_requested,0.0,
REF000003817,BKG000004183,PAY000004183,False,not_requested,not_requested,0.0,
REF000003818,BKG000004184,PAY000004184,False,not_requested,not_requested,0.0,
REF000003819,BKG000004187,PAY000004187,False,not_requested,not_requested,0.0,
REF000003820,BKG000004188,PAY000004188,False,not_requested,not_requested,0.0,
REF000003821,BKG000004190,PAY000004190,False,not_requested,not_requested,0.0,
REF000003822,BKG000004191,PAY000004191,False,not_requested,not_requested,0.0,
REF000003823,BKG000004193,PAY000004193,False,not_requested,not_requested,0.0,
REF000003824,BKG000004194,PAY000004194,False,not_requested,not_requested,0.0,
REF000003825,BKG000004195,PAY000004195,False,not_requested,not_requested,0.0,
REF000003826,BKG000004196,PAY000004196,False,not_requested,not_requested,0.0,
REF000003827,BKG000004198,PAY000004198,False,not_requested,not_requested,0.0,
REF000003828,BKG000004199,PAY000004199,False,not_requested,not_requested,0.0,
REF000003829,BKG000004200,PAY000004200,False,not_requested,not_requested,0.0,
REF000003830,BKG000004201,PAY000004201,False,not_requested,not_requested,0.0,
REF000003831,BKG000004202,PAY000004202,False,not_requested,not_requested,0.0,
REF000003832,BKG000004203,PAY000004203,True,rejected,duplicate_booking,0.0,2014-05-23 08:36:31
REF000003833,BKG000004204,PAY000004204,False,not_requested,not_requested,0.0,
REF000003834,BKG000004205,PAY000004205,False,not_requested,not_requested,0.0,
REF000003835,BKG000004206,PAY000004206,False,not_requested,not_requested,0.0,
REF000003836,BKG000004207,PAY000004207,False,not_requested,not_requested,0.0,
REF000003837,BKG000004208,PAY000004208,False,not_requested,not_requested,0.0,
REF000003838,BKG000004209,PAY000004209,False,not_requested,not_requested,0.0,
REF000003839,BKG000004210,PAY000004210,False,not_requested,not_requested,0.0,
REF000003840,BKG000004211,PAY000004211,False,not_requested,not_requested,0.0,
REF000003841,BKG000004212,PAY000004212,False,not_requested,not_requested,0.0,
REF000003842,BKG000004213,PAY000004213,False,not_requested,not_requested,0.0,
REF000003843,BKG000004214,PAY000004214,False,not_requested,not_requested,0.0,
REF000003844,BKG000004215,PAY000004215,False,not_requested,not_requested,0.0,
REF000003845,BKG000004217,PAY000004217,False,not_requested,not_requested,0.0,
REF000003846,BKG000004218,PAY000004218,False,not_requested,not_requested,0.0,
REF000003847,BKG000004219,PAY000004219,False,not_requested,not_requested,0.0,
REF000003848,BKG000004221,PAY000004221,False,not_requested,not_requested,0.0,
REF000003849,BKG000004222,PAY000004222,False,not_requested,not_requested,0.0,
REF000003850,BKG000004223,PAY000004223,False,not_requested,not_requested,0.0,
REF000003851,BKG000004224,PAY000004224,False,not_requested,not_requested,0.0,
REF000003852,BKG000004225,PAY000004225,False,not_requested,not_requested,0.0,
REF000003853,BKG000004226,PAY000004226,False,not_requested,not_requested,0.0,
REF000003854,BKG000004227,PAY000004227,False,not_requested,not_requested,0.0,
REF000003855,BKG000004228,PAY000004228,False,not_requested,not_requested,0.0,
REF000003856,BKG000004229,PAY000004229,False,not_requested,not_requested,0.0,
REF000003857,BKG000004230,PAY000004230,False,not_requested,not_requested,0.0,
REF000003858,BKG000004231,PAY000004231,False,not_requested,not_requested,0.0,
REF000003859,BKG000004232,PAY000004232,False,not_requested,not_requested,0.0,
REF000003860,BKG000004233,PAY000004233,False,not_requested,not_requested,0.0,
REF000003861,BKG000004234,PAY000004234,False,not_requested,not_requested,0.0,
REF000003862,BKG000004235,PAY000004235,False,not_requested,not_requested,0.0,
REF000003863,BKG000004237,PAY000004237,False,not_requested,not_requested,0.0,
REF000003864,BKG000004238,PAY000004238,False,not_requested,not_requested,0.0,
REF000003865,BKG000004239,PAY000004239,False,not_requested,not_requested,0.0,
REF000003866,BKG000004240,PAY000004240,False,not_requested,not_requested,0.0,
REF000003867,BKG000004241,PAY000004241,False,not_requested,not_requested,0.0,
REF000003868,BKG000004242,PAY000004242,False,not_requested,not_requested,0.0,
REF000003869,BKG000004243,PAY000004243,False,not_requested,not_requested,0.0,
REF000003870,BKG000004244,PAY000004244,False,not_requested,not_requested,0.0,
REF000003871,BKG000004245,PAY000004245,False,not_requested,not_requested,0.0,
REF000003872,BKG000004247,PAY000004247,False,not_requested,not_requested,0.0,
REF000003873,BKG000004249,PAY000004249,False,not_requested,not_requested,0.0,
REF000003874,BKG000004250,PAY000004250,False,not_requested,not_requested,0.0,
REF000003875,BKG000004251,PAY000004251,False,not_requested,not_requested,0.0,
REF000003876,BKG000004252,PAY000004252,False,not_requested,not_requested,0.0,
REF000003877,BKG000004253,PAY000004253,False,not_requested,not_requested,0.0,
REF000003878,BKG000004254,PAY000004254,False,not_requested,not_requested,0.0,
REF000003879,BKG000004255,PAY000004255,False,not_requested,not_requested,0.0,
REF000003880,BKG000004256,PAY000004256,False,not_requested,not_requested,0.0,
REF000003881,BKG000004257,PAY000004257,False,not_requested,not_requested,0.0,
REF000003882,BKG000004258,PAY000004258,False,not_requested,not_requested,0.0,
REF000003883,BKG000004259,PAY000004259,False,not_requested,not_requested,0.0,
REF000003884,BKG000004260,PAY000004260,False,not_requested,not_requested,0.0,
REF000003885,BKG000004261,PAY000004261,False,not_requested,not_requested,0.0,
REF000003886,BKG000004262,PAY000004262,False,not_requested,not_requested,0.0,
REF000003887,BKG000004263,PAY000004263,False,not_requested,not_requested,0.0,
REF000003888,BKG000004264,PAY000004264,False,not_requested,not_requested,0.0,
REF000003889,BKG000004265,PAY000004265,False,not_requested,not_requested,0.0,
REF000003890,BKG000004266,PAY000004266,False,not_requested,not_requested,0.0,
REF000003891,BKG000004267,PAY000004267,False,not_requested,not_requested,0.0,
REF000003892,BKG000004268,PAY000004268,False,not_requested,not_requested,0.0,
REF000003893,BKG000004269,PAY000004269,False,not_requested,not_requested,0.0,
REF000003894,BKG000004270,PAY000004270,False,not_requested,not_requested,0.0,
REF000003895,BKG000004271,PAY000004271,False,not_requested,not_requested,0.0,
REF000003896,BKG000004272,PAY000004272,False,not_requested,not_requested,0.0,
REF000003897,BKG000004273,PAY000004273,False,not_requested,not_requested,0.0,
REF000003898,BKG000004274,PAY000004274,False,not_requested,not_requested,0.0,
REF000003899,BKG000004275,PAY000004275,False,not_requested,not_requested,0.0,
REF000003900,BKG000004276,PAY000004276,False,not_requested,not_requested,0.0,
REF000003901,BKG000004277,PAY000004277,False,not_requested,not_requested,0.0,
REF000003902,BKG000004278,PAY000004278,False,not_requested,not_requested,0.0,
REF000003903,BKG000004279,PAY000004279,False,not_requested,not_requested,0.0,
REF000003904,BKG000004280,PAY000004280,True,rejected,duplicate_booking,0.0,2014-10-21 04:59:41
REF000003905,BKG000004281,PAY000004281,False,not_requested,not_requested,0.0,
REF000003906,BKG000004282,PAY000004282,False,not_requested,not_requested,0.0,
REF000003907,BKG000004283,PAY000004283,False,not_requested,not_requested,0.0,
REF000003908,BKG000004284,PAY000004284,False,not_requested,not_requested,0.0,
REF000003909,BKG000004285,PAY000004285,True,approved,customer_cancelled,238.81,2014-05-04 20:38:24
REF000003910,BKG000004286,PAY000004286,False,not_requested,not_requested,0.0,
REF000003911,BKG000004287,PAY000004287,False,not_requested,not_requested,0.0,
REF000003912,BKG000004288,PAY000004288,False,not_requested,not_requested,0.0,
REF000003913,BKG000004289,PAY000004289,False,not_requested,not_requested,0.0,
REF000003914,BKG000004290,PAY000004290,False,not_requested,not_requested,0.0,
REF000003915,BKG000004291,PAY000004291,False,not_requested,not_requested,0.0,
REF000003916,BKG000004292,PAY000004292,False,not_requested,not_requested,0.0,
REF000003917,BKG000004293,PAY000004293,False,not_requested,not_requested,0.0,
REF000003918,BKG000004294,PAY000004294,False,not_requested,not_requested,0.0,
REF000003919,BKG000004295,PAY000004295,False,not_requested,not_requested,0.0,
REF000003920,BKG000004296,PAY000004296,False,not_requested,not_requested,0.0,
REF000003921,BKG000004297,PAY000004297,False,not_requested,not_requested,0.0,
REF000003922,BKG000004298,PAY000004298,False,not_requested,not_requested,0.0,
REF000003923,BKG000004299,PAY000004299,False,not_requested,not_requested,0.0,
REF000003924,BKG000004301,PAY000004301,False,not_requested,not_requested,0.0,
REF000003925,BKG000004302,PAY000004302,False,not_requested,not_requested,0.0,
REF000003926,BKG000004303,PAY000004303,False,not_requested,not_requested,0.0,
REF000003927,BKG000004304,PAY000004304,False,not_requested,not_requested,0.0,
REF000003928,BKG000004305,PAY000004305,False,not_requested,not_requested,0.0,
REF000003929,BKG000004306,PAY000004306,False,not_requested,not_requested,0.0,
REF000003930,BKG000004307,PAY000004307,False,not_requested,not_requested,0.0,
REF000003931,BKG000004308,PAY000004308,False,not_requested,not_requested,0.0,
REF000003932,BKG000004309,PAY000004309,False,not_requested,not_requested,0.0,
REF000003933,BKG000004310,PAY000004310,False,not_requested,not_requested,0.0,
REF000003934,BKG000004311,PAY000004311,False,not_requested,not_requested,0.0,
REF000003935,BKG000004312,PAY000004312,True,approved,ticketing_failure,239.75,2014-09-09 22:09:27
REF000003936,BKG000004313,PAY000004313,True,pending,ticketing_failure,394.48,2014-07-15 21:31:19
REF000003937,BKG000004314,PAY000004314,False,not_requested,not_requested,0.0,
REF000003938,BKG000004315,PAY000004315,True,approved,duplicate_booking,557.02,2014-05-29 00:37:00
REF000003939,BKG000004316,PAY000004316,False,not_requested,not_requested,0.0,
REF000003940,BKG000004317,PAY000004317,False,not_requested,not_requested,0.0,
REF000003941,BKG000004318,PAY000004318,False,not_requested,not_requested,0.0,
REF000003942,BKG000004319,PAY000004319,False,not_requested,not_requested,0.0,
REF000003943,BKG000004320,PAY000004320,False,not_requested,not_requested,0.0,
REF000003944,BKG000004322,PAY000004322,False,not_requested,not_requested,0.0,
REF000003945,BKG000004323,PAY000004323,False,not_requested,not_requested,0.0,
REF000003946,BKG000004324,PAY000004324,False,not_requested,not_requested,0.0,
REF000003947,BKG000004325,PAY000004325,False,not_requested,not_requested,0.0,
REF000003948,BKG000004326,PAY000004326,False,not_requested,not_requested,0.0,
REF000003949,BKG000004327,PAY000004327,False,not_requested,not_requested,0.0,
REF000003950,BKG000004328,PAY000004328,False,not_requested,not_requested,0.0,
REF000003951,BKG000004329,PAY000004329,False,not_requested,not_requested,0.0,
REF000003952,BKG000004330,PAY000004330,False,not_requested,not_requested,0.0,
REF000003953,BKG000004331,PAY000004331,False,not_requested,not_requested,0.0,
REF000003954,BKG000004332,PAY000004332,False,not_requested,not_requested,0.0,
REF000003955,BKG000004333,PAY000004333,False,not_requested,not_requested,0.0,
REF000003956,BKG000004334,PAY000004334,False,not_requested,not_requested,0.0,
REF000003957,BKG000004335,PAY000004335,False,not_requested,not_requested,0.0,
REF000003958,BKG000004336,PAY000004336,False,not_requested,not_requested,0.0,
REF000003959,BKG000004337,PAY000004337,False,not_requested,not_requested,0.0,
REF000003960,BKG000004338,PAY000004338,False,not_requested,not_requested,0.0,
REF000003961,BKG000004339,PAY000004339,False,not_requested,not_requested,0.0,
REF000003962,BKG000004340,PAY000004340,False,not_requested,not_requested,0.0,
REF000003963,BKG000004341,PAY000004341,False,not_requested,not_requested,0.0,
REF000003964,BKG000004343,PAY000004343,False,not_requested,not_requested,0.0,
REF000003965,BKG000004344,PAY000004344,False,not_requested,not_requested,0.0,
REF000003966,BKG000004345,PAY000004345,True,approved,customer_cancelled,399.26,2014-01-30 14:00:46
REF000003967,BKG000004346,PAY000004346,False,not_requested,not_requested,0.0,
REF000003968,BKG000004347,PAY000004347,False,not_requested,not_requested,0.0,
REF000003969,BKG000004348,PAY000004348,False,not_requested,not_requested,0.0,
REF000003970,BKG000004349,PAY000004349,False,not_requested,not_requested,0.0,
REF000003971,BKG000004350,PAY000004350,False,not_requested,not_requested,0.0,
REF000003972,BKG000004352,PAY000004352,False,not_requested,not_requested,0.0,
REF000003973,BKG000004355,PAY000004355,False,not_requested,not_requested,0.0,
REF000003974,BKG000004356,PAY000004356,False,not_requested,not_requested,0.0,
REF000003975,BKG000004357,PAY000004357,False,not_requested,not_requested,0.0,
REF000003976,BKG000004358,PAY000004358,False,not_requested,not_requested,0.0,
REF000003977,BKG000004359,PAY000004359,False,not_requested,not_requested,0.0,
REF000003978,BKG000004360,PAY000004360,False,not_requested,not_requested,0.0,
REF000003979,BKG000004361,PAY000004361,False,not_requested,not_requested,0.0,
REF000003980,BKG000004362,PAY000004362,False,not_requested,not_requested,0.0,
REF000003981,BKG000004363,PAY000004363,False,not_requested,not_requested,0.0,
REF000003982,BKG000004364,PAY000004364,False,not_requested,not_requested,0.0,
REF000003983,BKG000004365,PAY000004365,False,not_requested,not_requested,0.0,
REF000003984,BKG000004366,PAY000004366,False,not_requested,not_requested,0.0,
REF000003985,BKG000004367,PAY000004367,False,not_requested,not_requested,0.0,
REF000003986,BKG000004368,PAY000004368,False,not_requested,not_requested,0.0,
REF000003987,BKG000004369,PAY000004369,False,not_requested,not_requested,0.0,
REF000003988,BKG000004372,PAY000004372,False,not_requested,not_requested,0.0,
REF000003989,BKG000004373,PAY000004373,True,approved,ticketing_failure,270.92,2014-08-28 16:31:32
REF000003990,BKG000004374,PAY000004374,False,not_requested,not_requested,0.0,
REF000003991,BKG000004375,PAY000004375,False,not_requested,not_requested,0.0,
REF000003992,BKG000004376,PAY000004376,False,not_requested,not_requested,0.0,
REF000003993,BKG000004377,PAY000004377,False,not_requested,not_requested,0.0,
REF000003994,BKG000004378,PAY000004378,False,not_requested,not_requested,0.0,
REF000003995,BKG000004380,PAY000004380,False,not_requested,not_requested,0.0,
REF000003996,BKG000004382,PAY000004382,False,not_requested,not_requested,0.0,
REF000003997,BKG000004383,PAY000004383,False,not_requested,not_requested,0.0,
REF000003998,BKG000004384,PAY000004384,False,not_requested,not_requested,0.0,
REF000003999,BKG000004385,PAY000004385,False,not_requested,not_requested,0.0,
REF000004000,BKG000004386,PAY000004386,False,not_requested,not_requested,0.0,
REF000004001,BKG000004387,PAY000004387,False,not_requested,not_requested,0.0,
REF000004002,BKG000004389,PAY000004389,False,not_requested,not_requested,0.0,
REF000004003,BKG000004390,PAY000004390,False,not_requested,not_requested,0.0,
REF000004004,BKG000004391,PAY000004391,False,not_requested,not_requested,0.0,
REF000004005,BKG000004392,PAY000004392,False,not_requested,not_requested,0.0,
REF000004006,BKG000004393,PAY000004393,False,not_requested,not_requested,0.0,
REF000004007,BKG000004394,PAY000004394,False,not_requested,not_requested,0.0,
REF000004008,BKG000004395,PAY000004395,False,not_requested,not_requested,0.0,
REF000004009,BKG000004397,PAY000004397,False,not_requested,not_requested,0.0,
REF000004010,BKG000004398,PAY000004398,False,not_requested,not_requested,0.0,
REF000004011,BKG000004399,PAY000004399,False,not_requested,not_requested,0.0,
REF000004012,BKG000004400,PAY000004400,False,not_requested,not_requested,0.0,
REF000004013,BKG000004401,PAY000004401,False,not_requested,not_requested,0.0,
REF000004014,BKG000004402,PAY000004402,False,not_requested,not_requested,0.0,
REF000004015,BKG000004404,PAY000004404,False,not_requested,not_requested,0.0,
REF000004016,BKG000004405,PAY000004405,False,not_requested,not_requested,0.0,
REF000004017,BKG000004406,PAY000004406,False,not_requested,not_requested,0.0,
REF000004018,BKG000004407,PAY000004407,False,not_requested,not_requested,0.0,
REF000004019,BKG000004408,PAY000004408,False,not_requested,not_requested,0.0,
REF000004020,BKG000004409,PAY000004409,False,not_requested,not_requested,0.0,
REF000004021,BKG000004410,PAY000004410,True,approved,customer_cancelled,179.48,2014-07-22 22:38:39
REF000004022,BKG000004411,PAY000004411,False,not_requested,not_requested,0.0,
REF000004023,BKG000004412,PAY000004412,False,not_requested,not_requested,0.0,
REF000004024,BKG000004413,PAY000004413,False,not_requested,not_requested,0.0,
REF000004025,BKG000004414,PAY000004414,False,not_requested,not_requested,0.0,
REF000004026,BKG000004415,PAY000004415,False,not_requested,not_requested,0.0,
REF000004027,BKG000004416,PAY000004416,False,not_requested,not_requested,0.0,
REF000004028,BKG000004417,PAY000004417,False,not_requested,not_requested,0.0,
REF000004029,BKG000004418,PAY000004418,False,not_requested,not_requested,0.0,
REF000004030,BKG000004419,PAY000004419,False,not_requested,not_requested,0.0,
REF000004031,BKG000004420,PAY000004420,False,not_requested,not_requested,0.0,
REF000004032,BKG000004421,PAY000004421,False,not_requested,not_requested,0.0,
REF000004033,BKG000004422,PAY000004422,False,not_requested,not_requested,0.0,
REF000004034,BKG000004423,PAY000004423,False,not_requested,not_requested,0.0,
REF000004035,BKG000004424,PAY000004424,False,not_requested,not_requested,0.0,
REF000004036,BKG000004425,PAY000004425,False,not_requested,not_requested,0.0,
REF000004037,BKG000004426,PAY000004426,False,not_requested,not_requested,0.0,
REF000004038,BKG000004427,PAY000004427,False,not_requested,not_requested,0.0,
REF000004039,BKG000004428,PAY000004428,False,not_requested,not_requested,0.0,
REF000004040,BKG000004429,PAY000004429,False,not_requested,not_requested,0.0,
REF000004041,BKG000004430,PAY000004430,True,approved,customer_cancelled,371.09,2014-12-27 18:49:42
REF000004042,BKG000004431,PAY000004431,False,not_requested,not_requested,0.0,
REF000004043,BKG000004432,PAY000004432,False,not_requested,not_requested,0.0,
REF000004044,BKG000004433,PAY000004433,False,not_requested,not_requested,0.0,
REF000004045,BKG000004434,PAY000004434,False,not_requested,not_requested,0.0,
REF000004046,BKG000004435,PAY000004435,False,not_requested,not_requested,0.0,
REF000004047,BKG000004436,PAY000004436,False,not_requested,not_requested,0.0,
REF000004048,BKG000004437,PAY000004437,False,not_requested,not_requested,0.0,
REF000004049,BKG000004438,PAY000004438,False,not_requested,not_requested,0.0,
REF000004050,BKG000004439,PAY000004439,False,not_requested,not_requested,0.0,
REF000004051,BKG000004441,PAY000004441,True,pending,ticketing_failure,58.31,2014-07-29 22:55:14
REF000004052,BKG000004442,PAY000004442,False,not_requested,not_requested,0.0,
REF000004053,BKG000004443,PAY000004443,False,not_requested,not_requested,0.0,
REF000004054,BKG000004444,PAY000004444,False,not_requested,not_requested,0.0,
REF000004055,BKG000004445,PAY000004445,False,not_requested,not_requested,0.0,
REF000004056,BKG000004447,PAY000004447,False,not_requested,not_requested,0.0,
REF000004057,BKG000004448,PAY000004448,False,not_requested,not_requested,0.0,
REF000004058,BKG000004449,PAY000004449,False,not_requested,not_requested,0.0,
REF000004059,BKG000004450,PAY000004450,False,not_requested,not_requested,0.0,
REF000004060,BKG000004451,PAY000004451,False,not_requested,not_requested,0.0,
REF000004061,BKG000004452,PAY000004452,False,not_requested,not_requested,0.0,
REF000004062,BKG000004453,PAY000004453,False,not_requested,not_requested,0.0,
REF000004063,BKG000004454,PAY000004454,False,not_requested,not_requested,0.0,
REF000004064,BKG000004455,PAY000004455,False,not_requested,not_requested,0.0,
REF000004065,BKG000004457,PAY000004457,False,not_requested,not_requested,0.0,
REF000004066,BKG000004458,PAY000004458,False,not_requested,not_requested,0.0,
REF000004067,BKG000004459,PAY000004459,False,not_requested,not_requested,0.0,
REF000004068,BKG000004460,PAY000004460,False,not_requested,not_requested,0.0,
REF000004069,BKG000004461,PAY000004461,False,not_requested,not_requested,0.0,
REF000004070,BKG000004462,PAY000004462,False,not_requested,not_requested,0.0,
REF000004071,BKG000004463,PAY000004463,False,not_requested,not_requested,0.0,
REF000004072,BKG000004464,PAY000004464,False,not_requested,not_requested,0.0,
REF000004073,BKG000004465,PAY000004465,False,not_requested,not_requested,0.0,
REF000004074,BKG000004466,PAY000004466,False,not_requested,not_requested,0.0,
REF000004075,BKG000004467,PAY000004467,False,not_requested,not_requested,0.0,
REF000004076,BKG000004468,PAY000004468,False,not_requested,not_requested,0.0,
REF000004077,BKG000004469,PAY000004469,False,not_requested,not_requested,0.0,
REF000004078,BKG000004471,PAY000004471,False,not_requested,not_requested,0.0,
REF000004079,BKG000004473,PAY000004473,False,not_requested,not_requested,0.0,
REF000004080,BKG000004474,PAY000004474,False,not_requested,not_requested,0.0,
REF000004081,BKG000004475,PAY000004475,False,not_requested,not_requested,0.0,
REF000004082,BKG000004476,PAY000004476,False,not_requested,not_requested,0.0,
REF000004083,BKG000004477,PAY000004477,False,not_requested,not_requested,0.0,
REF000004084,BKG000004478,PAY000004478,False,not_requested,not_requested,0.0,
REF000004085,BKG000004479,PAY000004479,False,not_requested,not_requested,0.0,
REF000004086,BKG000004481,PAY000004481,False,not_requested,not_requested,0.0,
REF000004087,BKG000004482,PAY000004482,False,not_requested,not_requested,0.0,
REF000004088,BKG000004483,PAY000004483,True,approved,ticketing_failure,248.63,2013-02-27 07:14:28
REF000004089,BKG000004484,PAY000004484,False,not_requested,not_requested,0.0,
REF000004090,BKG000004485,PAY000004485,False,not_requested,not_requested,0.0,
REF000004091,BKG000004486,PAY000004486,False,not_requested,not_requested,0.0,
REF000004092,BKG000004487,PAY000004487,False,not_requested,not_requested,0.0,
REF000004093,BKG000004488,PAY000004488,False,not_requested,not_requested,0.0,
REF000004094,BKG000004489,PAY000004489,False,not_requested,not_requested,0.0,
REF000004095,BKG000004490,PAY000004490,False,not_requested,not_requested,0.0,
REF000004096,BKG000004491,PAY000004491,False,not_requested,not_requested,0.0,
REF000004097,BKG000004492,PAY000004492,False,not_requested,not_requested,0.0,
REF000004098,BKG000004493,PAY000004493,False,not_requested,not_requested,0.0,
REF000004099,BKG000004494,PAY000004494,False,not_requested,not_requested,0.0,
REF000004100,BKG000004495,PAY000004495,False,not_requested,not_requested,0.0,
REF000004101,BKG000004497,PAY000004497,False,not_requested,not_requested,0.0,
REF000004102,BKG000004498,PAY000004498,False,not_requested,not_requested,0.0,
REF000004103,BKG000004499,PAY000004499,False,not_requested,not_requested,0.0,
REF000004104,BKG000004500,PAY000004500,True,approved,ticketing_failure,442.91,2014-04-28 09:42:52
REF000004105,BKG000004501,PAY000004501,False,not_requested,not_requested,0.0,
REF000004106,BKG000004502,PAY000004502,False,not_requested,not_requested,0.0,
REF000004107,BKG000004503,PAY000004503,False,not_requested,not_requested,0.0,
REF000004108,BKG000004505,PAY000004505,False,not_requested,not_requested,0.0,
REF000004109,BKG000004506,PAY000004506,False,not_requested,not_requested,0.0,
REF000004110,BKG000004507,PAY000004507,False,not_requested,not_requested,0.0,
REF000004111,BKG000004509,PAY000004509,False,not_requested,not_requested,0.0,
REF000004112,BKG000004510,PAY000004510,False,not_requested,not_requested,0.0,
REF000004113,BKG000004511,PAY000004511,False,not_requested,not_requested,0.0,
REF000004114,BKG000004513,PAY000004513,False,not_requested,not_requested,0.0,
REF000004115,BKG000004514,PAY000004514,True,approved,airline_schedule_change,261.6,2013-06-28 21:40:08
REF000004116,BKG000004516,PAY000004516,False,not_requested,not_requested,0.0,
REF000004117,BKG000004517,PAY000004517,False,not_requested,not_requested,0.0,
REF000004118,BKG000004518,PAY000004518,False,not_requested,not_requested,0.0,
REF000004119,BKG000004519,PAY000004519,False,not_requested,not_requested,0.0,
REF000004120,BKG000004520,PAY000004520,False,not_requested,not_requested,0.0,
REF000004121,BKG000004521,PAY000004521,False,not_requested,not_requested,0.0,
REF000004122,BKG000004522,PAY000004522,False,not_requested,not_requested,0.0,
REF000004123,BKG000004524,PAY000004524,False,not_requested,not_requested,0.0,
REF000004124,BKG000004525,PAY000004525,False,not_requested,not_requested,0.0,
REF000004125,BKG000004526,PAY000004526,False,not_requested,not_requested,0.0,
REF000004126,BKG000004527,PAY000004527,False,not_requested,not_requested,0.0,
REF000004127,BKG000004528,PAY000004528,False,not_requested,not_requested,0.0,
REF000004128,BKG000004529,PAY000004529,False,not_requested,not_requested,0.0,
REF000004129,BKG000004530,PAY000004530,False,not_requested,not_requested,0.0,
REF000004130,BKG000004531,PAY000004531,False,not_requested,not_requested,0.0,
REF000004131,BKG000004532,PAY000004532,False,not_requested,not_requested,0.0,
REF000004132,BKG000004533,PAY000004533,False,not_requested,not_requested,0.0,
REF000004133,BKG000004535,PAY000004535,False,not_requested,not_requested,0.0,
REF000004134,BKG000004536,PAY000004536,False,not_requested,not_requested,0.0,
REF000004135,BKG000004537,PAY000004537,False,not_requested,not_requested,0.0,
REF000004136,BKG000004538,PAY000004538,False,not_requested,not_requested,0.0,
REF000004137,BKG000004539,PAY000004539,False,not_requested,not_requested,0.0,
REF000004138,BKG000004540,PAY000004540,False,not_requested,not_requested,0.0,
REF000004139,BKG000004542,PAY000004542,False,not_requested,not_requested,0.0,
REF000004140,BKG000004543,PAY000004543,False,not_requested,not_requested,0.0,
REF000004141,BKG000004544,PAY000004544,False,not_requested,not_requested,0.0,
REF000004142,BKG000004546,PAY000004546,False,not_requested,not_requested,0.0,
REF000004143,BKG000004547,PAY000004547,False,not_requested,not_requested,0.0,
REF000004144,BKG000004548,PAY000004548,False,not_requested,not_requested,0.0,
REF000004145,BKG000004549,PAY000004549,False,not_requested,not_requested,0.0,
REF000004146,BKG000004550,PAY000004550,False,not_requested,not_requested,0.0,
REF000004147,BKG000004551,PAY000004551,False,not_requested,not_requested,0.0,
REF000004148,BKG000004552,PAY000004552,False,not_requested,not_requested,0.0,
REF000004149,BKG000004554,PAY000004554,False,not_requested,not_requested,0.0,
REF000004150,BKG000004555,PAY000004555,False,not_requested,not_requested,0.0,
REF000004151,BKG000004556,PAY000004556,False,not_requested,not_requested,0.0,
REF000004152,BKG000004557,PAY000004557,False,not_requested,not_requested,0.0,
REF000004153,BKG000004558,PAY000004558,False,not_requested,not_requested,0.0,
REF000004154,BKG000004560,PAY000004560,False,not_requested,not_requested,0.0,
REF000004155,BKG000004561,PAY000004561,False,not_requested,not_requested,0.0,
REF000004156,BKG000004562,PAY000004562,False,not_requested,not_requested,0.0,
REF000004157,BKG000004563,PAY000004563,False,not_requested,not_requested,0.0,
REF000004158,BKG000004566,PAY000004566,False,not_requested,not_requested,0.0,
REF000004159,BKG000004567,PAY000004567,False,not_requested,not_requested,0.0,
REF000004160,BKG000004569,PAY000004569,False,not_requested,not_requested,0.0,
REF000004161,BKG000004570,PAY000004570,False,not_requested,not_requested,0.0,
REF000004162,BKG000004571,PAY000004571,False,not_requested,not_requested,0.0,
REF000004163,BKG000004572,PAY000004572,False,not_requested,not_requested,0.0,
REF000004164,BKG000004573,PAY000004573,False,not_requested,not_requested,0.0,
REF000004165,BKG000004574,PAY000004574,False,not_requested,not_requested,0.0,
REF000004166,BKG000004575,PAY000004575,False,not_requested,not_requested,0.0,
REF000004167,BKG000004576,PAY000004576,False,not_requested,not_requested,0.0,
REF000004168,BKG000004578,PAY000004578,False,not_requested,not_requested,0.0,
REF000004169,BKG000004579,PAY000004579,False,not_requested,not_requested,0.0,
REF000004170,BKG000004580,PAY000004580,False,not_requested,not_requested,0.0,
REF000004171,BKG000004581,PAY000004581,False,not_requested,not_requested,0.0,
REF000004172,BKG000004582,PAY000004582,False,not_requested,not_requested,0.0,
REF000004173,BKG000004584,PAY000004584,False,not_requested,not_requested,0.0,
REF000004174,BKG000004585,PAY000004585,False,not_requested,not_requested,0.0,
REF000004175,BKG000004586,PAY000004586,False,not_requested,not_requested,0.0,
REF000004176,BKG000004587,PAY000004587,False,not_requested,not_requested,0.0,
REF000004177,BKG000004588,PAY000004588,False,not_requested,not_requested,0.0,
REF000004178,BKG000004589,PAY000004589,False,not_requested,not_requested,0.0,
REF000004179,BKG000004590,PAY000004590,False,not_requested,not_requested,0.0,
REF000004180,BKG000004592,PAY000004592,False,not_requested,not_requested,0.0,
REF000004181,BKG000004594,PAY000004594,False,not_requested,not_requested,0.0,
REF000004182,BKG000004595,PAY000004595,False,not_requested,not_requested,0.0,
REF000004183,BKG000004596,PAY000004596,True,rejected,airline_schedule_change,0.0,2014-05-30 18:05:40
REF000004184,BKG000004597,PAY000004597,True,approved,airline_schedule_change,376.78,2013-06-11 21:07:51
REF000004185,BKG000004598,PAY000004598,False,not_requested,not_requested,0.0,
REF000004186,BKG000004599,PAY000004599,False,not_requested,not_requested,0.0,
REF000004187,BKG000004600,PAY000004600,False,not_requested,not_requested,0.0,
REF000004188,BKG000004601,PAY000004601,True,approved,duplicate_booking,434.38,2014-12-17 22:34:10
REF000004189,BKG000004602,PAY000004602,False,not_requested,not_requested,0.0,
REF000004190,BKG000004604,PAY000004604,False,not_requested,not_requested,0.0,
REF000004191,BKG000004605,PAY000004605,False,not_requested,not_requested,0.0,
REF000004192,BKG000004606,PAY000004606,False,not_requested,not_requested,0.0,
REF000004193,BKG000004608,PAY000004608,False,not_requested,not_requested,0.0,
REF000004194,BKG000004609,PAY000004609,False,not_requested,not_requested,0.0,
REF000004195,BKG000004611,PAY000004611,True,approved,airline_schedule_change,72.31,2014-11-29 15:23:06
REF000004196,BKG000004613,PAY000004613,False,not_requested,not_requested,0.0,
REF000004197,BKG000004614,PAY000004614,False,not_requested,not_requested,0.0,
REF000004198,BKG000004615,PAY000004615,False,not_requested,not_requested,0.0,
REF000004199,BKG000004616,PAY000004616,False,not_requested,not_requested,0.0,
REF000004200,BKG000004617,PAY000004617,False,not_requested,not_requested,0.0,
REF000004201,BKG000004618,PAY000004618,False,not_requested,not_requested,0.0,
REF000004202,BKG000004619,PAY000004619,False,not_requested,not_requested,0.0,
REF000004203,BKG000004620,PAY000004620,False,not_requested,not_requested,0.0,
REF000004204,BKG000004621,PAY000004621,False,not_requested,not_requested,0.0,
REF000004205,BKG000004622,PAY000004622,False,not_requested,not_requested,0.0,
REF000004206,BKG000004623,PAY000004623,False,not_requested,not_requested,0.0,
REF000004207,BKG000004624,PAY000004624,False,not_requested,not_requested,0.0,
REF000004208,BKG000004625,PAY000004625,False,not_requested,not_requested,0.0,
REF000004209,BKG000004626,PAY000004626,False,not_requested,not_requested,0.0,
REF000004210,BKG000004627,PAY000004627,False,not_requested,not_requested,0.0,
REF000004211,BKG000004628,PAY000004628,False,not_requested,not_requested,0.0,
REF000004212,BKG000004629,PAY000004629,False,not_requested,not_requested,0.0,
REF000004213,BKG000004630,PAY000004630,False,not_requested,not_requested,0.0,
REF000004214,BKG000004631,PAY000004631,False,not_requested,not_requested,0.0,
REF000004215,BKG000004632,PAY000004632,False,not_requested,not_requested,0.0,
REF000004216,BKG000004633,PAY000004633,False,not_requested,not_requested,0.0,
REF000004217,BKG000004634,PAY000004634,False,not_requested,not_requested,0.0,
REF000004218,BKG000004635,PAY000004635,False,not_requested,not_requested,0.0,
REF000004219,BKG000004636,PAY000004636,False,not_requested,not_requested,0.0,
REF000004220,BKG000004637,PAY000004637,False,not_requested,not_requested,0.0,
REF000004221,BKG000004638,PAY000004638,False,not_requested,not_requested,0.0,
REF000004222,BKG000004639,PAY000004639,False,not_requested,not_requested,0.0,
REF000004223,BKG000004640,PAY000004640,False,not_requested,not_requested,0.0,
REF000004224,BKG000004641,PAY000004641,False,not_requested,not_requested,0.0,
REF000004225,BKG000004643,PAY000004643,False,not_requested,not_requested,0.0,
REF000004226,BKG000004645,PAY000004645,True,approved,airline_schedule_change,316.83,2014-10-25 19:48:42
REF000004227,BKG000004646,PAY000004646,False,not_requested,not_requested,0.0,
REF000004228,BKG000004647,PAY000004647,False,not_requested,not_requested,0.0,
REF000004229,BKG000004648,PAY000004648,False,not_requested,not_requested,0.0,
REF000004230,BKG000004649,PAY000004649,False,not_requested,not_requested,0.0,
REF000004231,BKG000004650,PAY000004650,False,not_requested,not_requested,0.0,
REF000004232,BKG000004651,PAY000004651,False,not_requested,not_requested,0.0,
REF000004233,BKG000004652,PAY000004652,False,not_requested,not_requested,0.0,
REF000004234,BKG000004654,PAY000004654,False,not_requested,not_requested,0.0,
REF000004235,BKG000004655,PAY000004655,False,not_requested,not_requested,0.0,
REF000004236,BKG000004656,PAY000004656,False,not_requested,not_requested,0.0,
REF000004237,BKG000004657,PAY000004657,False,not_requested,not_requested,0.0,
REF000004238,BKG000004658,PAY000004658,False,not_requested,not_requested,0.0,
REF000004239,BKG000004659,PAY000004659,False,not_requested,not_requested,0.0,
REF000004240,BKG000004660,PAY000004660,False,not_requested,not_requested,0.0,
REF000004241,BKG000004661,PAY000004661,False,not_requested,not_requested,0.0,
REF000004242,BKG000004662,PAY000004662,False,not_requested,not_requested,0.0,
REF000004243,BKG000004663,PAY000004663,False,not_requested,not_requested,0.0,
REF000004244,BKG000004664,PAY000004664,False,not_requested,not_requested,0.0,
REF000004245,BKG000004665,PAY000004665,False,not_requested,not_requested,0.0,
REF000004246,BKG000004666,PAY000004666,False,not_requested,not_requested,0.0,
REF000004247,BKG000004667,PAY000004667,False,not_requested,not_requested,0.0,
REF000004248,BKG000004669,PAY000004669,False,not_requested,not_requested,0.0,
REF000004249,BKG000004671,PAY000004671,False,not_requested,not_requested,0.0,
REF000004250,BKG000004672,PAY000004672,False,not_requested,not_requested,0.0,
REF000004251,BKG000004673,PAY000004673,True,approved,duplicate_booking,172.83,2014-12-29 16:51:31
REF000004252,BKG000004675,PAY000004675,False,not_requested,not_requested,0.0,
REF000004253,BKG000004676,PAY000004676,False,not_requested,not_requested,0.0,
REF000004254,BKG000004677,PAY000004677,False,not_requested,not_requested,0.0,
REF000004255,BKG000004678,PAY000004678,False,not_requested,not_requested,0.0,
REF000004256,BKG000004679,PAY000004679,False,not_requested,not_requested,0.0,
REF000004257,BKG000004680,PAY000004680,False,not_requested,not_requested,0.0,
REF000004258,BKG000004681,PAY000004681,False,not_requested,not_requested,0.0,
REF000004259,BKG000004683,PAY000004683,False,not_requested,not_requested,0.0,
REF000004260,BKG000004684,PAY000004684,False,not_requested,not_requested,0.0,
REF000004261,BKG000004686,PAY000004686,False,not_requested,not_requested,0.0,
REF000004262,BKG000004687,PAY000004687,False,not_requested,not_requested,0.0,
REF000004263,BKG000004688,PAY000004688,False,not_requested,not_requested,0.0,
REF000004264,BKG000004689,PAY000004689,False,not_requested,not_requested,0.0,
REF000004265,BKG000004690,PAY000004690,False,not_requested,not_requested,0.0,
REF000004266,BKG000004692,PAY000004692,False,not_requested,not_requested,0.0,
REF000004267,BKG000004693,PAY000004693,False,not_requested,not_requested,0.0,
REF000004268,BKG000004694,PAY000004694,False,not_requested,not_requested,0.0,
REF000004269,BKG000004695,PAY000004695,False,not_requested,not_requested,0.0,
REF000004270,BKG000004696,PAY000004696,False,not_requested,not_requested,0.0,
REF000004271,BKG000004697,PAY000004697,False,not_requested,not_requested,0.0,
REF000004272,BKG000004698,PAY000004698,False,not_requested,not_requested,0.0,
REF000004273,BKG000004699,PAY000004699,False,not_requested,not_requested,0.0,
REF000004274,BKG000004701,PAY000004701,False,not_requested,not_requested,0.0,
REF000004275,BKG000004702,PAY000004702,False,not_requested,not_requested,0.0,
REF000004276,BKG000004703,PAY000004703,False,not_requested,not_requested,0.0,
REF000004277,BKG000004704,PAY000004704,False,not_requested,not_requested,0.0,
REF000004278,BKG000004705,PAY000004705,False,not_requested,not_requested,0.0,
REF000004279,BKG000004706,PAY000004706,False,not_requested,not_requested,0.0,
REF000004280,BKG000004707,PAY000004707,False,not_requested,not_requested,0.0,
REF000004281,BKG000004708,PAY000004708,False,not_requested,not_requested,0.0,
REF000004282,BKG000004709,PAY000004709,False,not_requested,not_requested,0.0,
REF000004283,BKG000004710,PAY000004710,False,not_requested,not_requested,0.0,
REF000004284,BKG000004711,PAY000004711,False,not_requested,not_requested,0.0,
REF000004285,BKG000004713,PAY000004713,False,not_requested,not_requested,0.0,
REF000004286,BKG000004714,PAY000004714,False,not_requested,not_requested,0.0,
REF000004287,BKG000004715,PAY000004715,False,not_requested,not_requested,0.0,
REF000004288,BKG000004716,PAY000004716,False,not_requested,not_requested,0.0,
REF000004289,BKG000004717,PAY000004717,False,not_requested,not_requested,0.0,
REF000004290,BKG000004718,PAY000004718,False,not_requested,not_requested,0.0,
REF000004291,BKG000004719,PAY000004719,False,not_requested,not_requested,0.0,
REF000004292,BKG000004720,PAY000004720,False,not_requested,not_requested,0.0,
REF000004293,BKG000004721,PAY000004721,False,not_requested,not_requested,0.0,
REF000004294,BKG000004722,PAY000004722,False,not_requested,not_requested,0.0,
REF000004295,BKG000004724,PAY000004724,False,not_requested,not_requested,0.0,
REF000004296,BKG000004725,PAY000004725,False,not_requested,not_requested,0.0,
REF000004297,BKG000004726,PAY000004726,False,not_requested,not_requested,0.0,
REF000004298,BKG000004727,PAY000004727,False,not_requested,not_requested,0.0,
REF000004299,BKG000004729,PAY000004729,False,not_requested,not_requested,0.0,
REF000004300,BKG000004730,PAY000004730,False,not_requested,not_requested,0.0,
REF000004301,BKG000004731,PAY000004731,False,not_requested,not_requested,0.0,
REF000004302,BKG000004732,PAY000004732,False,not_requested,not_requested,0.0,
REF000004303,BKG000004733,PAY000004733,False,not_requested,not_requested,0.0,
REF000004304,BKG000004734,PAY000004734,False,not_requested,not_requested,0.0,
REF000004305,BKG000004735,PAY000004735,False,not_requested,not_requested,0.0,
REF000004306,BKG000004736,PAY000004736,False,not_requested,not_requested,0.0,
REF000004307,BKG000004737,PAY000004737,False,not_requested,not_requested,0.0,
REF000004308,BKG000004738,PAY000004738,False,not_requested,not_requested,0.0,
REF000004309,BKG000004739,PAY000004739,False,not_requested,not_requested,0.0,
REF000004310,BKG000004740,PAY000004740,False,not_requested,not_requested,0.0,
REF000004311,BKG000004741,PAY000004741,False,not_requested,not_requested,0.0,
REF000004312,BKG000004742,PAY000004742,False,not_requested,not_requested,0.0,
REF000004313,BKG000004743,PAY000004743,True,rejected,ticketing_failure,0.0,2013-07-23 09:14:55
REF000004314,BKG000004744,PAY000004744,False,not_requested,not_requested,0.0,
REF000004315,BKG000004746,PAY000004746,False,not_requested,not_requested,0.0,
REF000004316,BKG000004747,PAY000004747,False,not_requested,not_requested,0.0,
REF000004317,BKG000004748,PAY000004748,False,not_requested,not_requested,0.0,
REF000004318,BKG000004750,PAY000004750,False,not_requested,not_requested,0.0,
REF000004319,BKG000004751,PAY000004751,False,not_requested,not_requested,0.0,
REF000004320,BKG000004752,PAY000004752,False,not_requested,not_requested,0.0,
REF000004321,BKG000004753,PAY000004753,False,not_requested,not_requested,0.0,
REF000004322,BKG000004754,PAY000004754,False,not_requested,not_requested,0.0,
REF000004323,BKG000004755,PAY000004755,False,not_requested,not_requested,0.0,
REF000004324,BKG000004756,PAY000004756,False,not_requested,not_requested,0.0,
REF000004325,BKG000004757,PAY000004757,False,not_requested,not_requested,0.0,
REF000004326,BKG000004758,PAY000004758,False,not_requested,not_requested,0.0,
REF000004327,BKG000004759,PAY000004759,False,not_requested,not_requested,0.0,
REF000004328,BKG000004760,PAY000004760,False,not_requested,not_requested,0.0,
REF000004329,BKG000004761,PAY000004761,False,not_requested,not_requested,0.0,
REF000004330,BKG000004762,PAY000004762,False,not_requested,not_requested,0.0,
REF000004331,BKG000004766,PAY000004766,True,approved,customer_cancelled,142.48,2014-12-08 17:08:28
REF000004332,BKG000004767,PAY000004767,False,not_requested,not_requested,0.0,
REF000004333,BKG000004768,PAY000004768,False,not_requested,not_requested,0.0,
REF000004334,BKG000004769,PAY000004769,False,not_requested,not_requested,0.0,
REF000004335,BKG000004770,PAY000004770,False,not_requested,not_requested,0.0,
REF000004336,BKG000004771,PAY000004771,False,not_requested,not_requested,0.0,
REF000004337,BKG000004772,PAY000004772,False,not_requested,not_requested,0.0,
REF000004338,BKG000004773,PAY000004773,True,rejected,airline_schedule_change,0.0,2014-10-09 02:14:57
REF000004339,BKG000004774,PAY000004774,False,not_requested,not_requested,0.0,
REF000004340,BKG000004775,PAY000004775,False,not_requested,not_requested,0.0,
REF000004341,BKG000004776,PAY000004776,False,not_requested,not_requested,0.0,
REF000004342,BKG000004778,PAY000004778,False,not_requested,not_requested,0.0,
REF000004343,BKG000004779,PAY000004779,False,not_requested,not_requested,0.0,
REF000004344,BKG000004780,PAY000004780,False,not_requested,not_requested,0.0,
REF000004345,BKG000004781,PAY000004781,False,not_requested,not_requested,0.0,
REF000004346,BKG000004782,PAY000004782,False,not_requested,not_requested,0.0,
REF000004347,BKG000004784,PAY000004784,False,not_requested,not_requested,0.0,
REF000004348,BKG000004786,PAY000004786,False,not_requested,not_requested,0.0,
REF000004349,BKG000004787,PAY000004787,False,not_requested,not_requested,0.0,
REF000004350,BKG000004788,PAY000004788,False,not_requested,not_requested,0.0,
REF000004351,BKG000004789,PAY000004789,False,not_requested,not_requested,0.0,
REF000004352,BKG000004790,PAY000004790,False,not_requested,not_requested,0.0,
REF000004353,BKG000004791,PAY000004791,False,not_requested,not_requested,0.0,
REF000004354,BKG000004792,PAY000004792,False,not_requested,not_requested,0.0,
REF000004355,BKG000004793,PAY000004793,False,not_requested,not_requested,0.0,
REF000004356,BKG000004794,PAY000004794,False,not_requested,not_requested,0.0,
REF000004357,BKG000004795,PAY000004795,False,not_requested,not_requested,0.0,
REF000004358,BKG000004796,PAY000004796,False,not_requested,not_requested,0.0,
REF000004359,BKG000004797,PAY000004797,False,not_requested,not_requested,0.0,
REF000004360,BKG000004798,PAY000004798,False,not_requested,not_requested,0.0,
REF000004361,BKG000004799,PAY000004799,False,not_requested,not_requested,0.0,
REF000004362,BKG000004800,PAY000004800,False,not_requested,not_requested,0.0,
REF000004363,BKG000004801,PAY000004801,False,not_requested,not_requested,0.0,
REF000004364,BKG000004802,PAY000004802,True,pending,customer_cancelled,148.19,2014-05-06 07:39:02
REF000004365,BKG000004803,PAY000004803,False,not_requested,not_requested,0.0,
REF000004366,BKG000004804,PAY000004804,False,not_requested,not_requested,0.0,
REF000004367,BKG000004805,PAY000004805,False,not_requested,not_requested,0.0,
REF000004368,BKG000004806,PAY000004806,False,not_requested,not_requested,0.0,
REF000004369,BKG000004807,PAY000004807,False,not_requested,not_requested,0.0,
REF000004370,BKG000004808,PAY000004808,False,not_requested,not_requested,0.0,
REF000004371,BKG000004809,PAY000004809,False,not_requested,not_requested,0.0,
REF000004372,BKG000004810,PAY000004810,True,pending,customer_cancelled,228.93,2014-01-02 08:17:19
REF000004373,BKG000004811,PAY000004811,False,not_requested,not_requested,0.0,
REF000004374,BKG000004812,PAY000004812,False,not_requested,not_requested,0.0,
REF000004375,BKG000004813,PAY000004813,False,not_requested,not_requested,0.0,
REF000004376,BKG000004814,PAY000004814,False,not_requested,not_requested,0.0,
REF000004377,BKG000004815,PAY000004815,False,not_requested,not_requested,0.0,
REF000004378,BKG000004816,PAY000004816,False,not_requested,not_requested,0.0,
REF000004379,BKG000004817,PAY000004817,True,approved,ticketing_failure,291.76,2015-01-12 14:19:53
REF000004380,BKG000004818,PAY000004818,False,not_requested,not_requested,0.0,
REF000004381,BKG000004819,PAY000004819,False,not_requested,not_requested,0.0,
REF000004382,BKG000004820,PAY000004820,False,not_requested,not_requested,0.0,
REF000004383,BKG000004821,PAY000004821,False,not_requested,not_requested,0.0,
REF000004384,BKG000004822,PAY000004822,False,not_requested,not_requested,0.0,
REF000004385,BKG000004823,PAY000004823,False,not_requested,not_requested,0.0,
REF000004386,BKG000004824,PAY000004824,False,not_requested,not_requested,0.0,
REF000004387,BKG000004825,PAY000004825,False,not_requested,not_requested,0.0,
REF000004388,BKG000004826,PAY000004826,False,not_requested,not_requested,0.0,
REF000004389,BKG000004827,PAY000004827,False,not_requested,not_requested,0.0,
REF000004390,BKG000004828,PAY000004828,False,not_requested,not_requested,0.0,
REF000004391,BKG000004829,PAY000004829,False,not_requested,not_requested,0.0,
REF000004392,BKG000004830,PAY000004830,False,not_requested,not_requested,0.0,
REF000004393,BKG000004831,PAY000004831,False,not_requested,not_requested,0.0,
REF000004394,BKG000004832,PAY000004832,False,not_requested,not_requested,0.0,
REF000004395,BKG000004833,PAY000004833,False,not_requested,not_requested,0.0,
REF000004396,BKG000004835,PAY000004835,False,not_requested,not_requested,0.0,
REF000004397,BKG000004836,PAY000004836,False,not_requested,not_requested,0.0,
REF000004398,BKG000004837,PAY000004837,False,not_requested,not_requested,0.0,
REF000004399,BKG000004838,PAY000004838,False,not_requested,not_requested,0.0,
REF000004400,BKG000004839,PAY000004839,False,not_requested,not_requested,0.0,
REF000004401,BKG000004840,PAY000004840,False,not_requested,not_requested,0.0,
REF000004402,BKG000004841,PAY000004841,False,not_requested,not_requested,0.0,
REF000004403,BKG000004842,PAY000004842,False,not_requested,not_requested,0.0,
REF000004404,BKG000004843,PAY000004843,False,not_requested,not_requested,0.0,
REF000004405,BKG000004844,PAY000004844,False,not_requested,not_requested,0.0,
REF000004406,BKG000004845,PAY000004845,False,not_requested,not_requested,0.0,
REF000004407,BKG000004846,PAY000004846,False,not_requested,not_requested,0.0,
REF000004408,BKG000004847,PAY000004847,False,not_requested,not_requested,0.0,
REF000004409,BKG000004848,PAY000004848,False,not_requested,not_requested,0.0,
REF000004410,BKG000004849,PAY000004849,False,not_requested,not_requested,0.0,
REF000004411,BKG000004850,PAY000004850,False,not_requested,not_requested,0.0,
REF000004412,BKG000004851,PAY000004851,False,not_requested,not_requested,0.0,
REF000004413,BKG000004852,PAY000004852,False,not_requested,not_requested,0.0,
REF000004414,BKG000004853,PAY000004853,False,not_requested,not_requested,0.0,
REF000004415,BKG000004854,PAY000004854,False,not_requested,not_requested,0.0,
REF000004416,BKG000004855,PAY000004855,False,not_requested,not_requested,0.0,
REF000004417,BKG000004857,PAY000004857,False,not_requested,not_requested,0.0,
REF000004418,BKG000004858,PAY000004858,False,not_requested,not_requested,0.0,
REF000004419,BKG000004859,PAY000004859,False,not_requested,not_requested,0.0,
REF000004420,BKG000004860,PAY000004860,False,not_requested,not_requested,0.0,
REF000004421,BKG000004861,PAY000004861,False,not_requested,not_requested,0.0,
REF000004422,BKG000004862,PAY000004862,False,not_requested,not_requested,0.0,
REF000004423,BKG000004863,PAY000004863,False,not_requested,not_requested,0.0,
REF000004424,BKG000004864,PAY000004864,True,approved,ticketing_failure,1568.35,2014-01-07 07:28:46
REF000004425,BKG000004865,PAY000004865,False,not_requested,not_requested,0.0,
REF000004426,BKG000004866,PAY000004866,False,not_requested,not_requested,0.0,
REF000004427,BKG000004867,PAY000004867,False,not_requested,not_requested,0.0,
REF000004428,BKG000004868,PAY000004868,False,not_requested,not_requested,0.0,
REF000004429,BKG000004869,PAY000004869,False,not_requested,not_requested,0.0,
REF000004430,BKG000004870,PAY000004870,False,not_requested,not_requested,0.0,
REF000004431,BKG000004871,PAY000004871,False,not_requested,not_requested,0.0,
REF000004432,BKG000004872,PAY000004872,False,not_requested,not_requested,0.0,
REF000004433,BKG000004873,PAY000004873,False,not_requested,not_requested,0.0,
REF000004434,BKG000004874,PAY000004874,False,not_requested,not_requested,0.0,
REF000004435,BKG000004875,PAY000004875,False,not_requested,not_requested,0.0,
REF000004436,BKG000004876,PAY000004876,False,not_requested,not_requested,0.0,
REF000004437,BKG000004877,PAY000004877,False,not_requested,not_requested,0.0,
REF000004438,BKG000004878,PAY000004878,False,not_requested,not_requested,0.0,
REF000004439,BKG000004879,PAY000004879,False,not_requested,not_requested,0.0,
REF000004440,BKG000004880,PAY000004880,True,rejected,customer_cancelled,0.0,2014-08-01 20:17:05
REF000004441,BKG000004881,PAY000004881,False,not_requested,not_requested,0.0,
REF000004442,BKG000004882,PAY000004882,False,not_requested,not_requested,0.0,
REF000004443,BKG000004883,PAY000004883,False,not_requested,not_requested,0.0,
REF000004444,BKG000004884,PAY000004884,False,not_requested,not_requested,0.0,
REF000004445,BKG000004885,PAY000004885,False,not_requested,not_requested,0.0,
REF000004446,BKG000004886,PAY000004886,False,not_requested,not_requested,0.0,
REF000004447,BKG000004888,PAY000004888,False,not_requested,not_requested,0.0,
REF000004448,BKG000004890,PAY000004890,False,not_requested,not_requested,0.0,
REF000004449,BKG000004891,PAY000004891,False,not_requested,not_requested,0.0,
REF000004450,BKG000004892,PAY000004892,False,not_requested,not_requested,0.0,
REF000004451,BKG000004893,PAY000004893,False,not_requested,not_requested,0.0,
REF000004452,BKG000004894,PAY000004894,False,not_requested,not_requested,0.0,
REF000004453,BKG000004895,PAY000004895,False,not_requested,not_requested,0.0,
REF000004454,BKG000004896,PAY000004896,False,not_requested,not_requested,0.0,
REF000004455,BKG000004897,PAY000004897,True,approved,customer_cancelled,169.84,2014-09-17 21:29:57
REF000004456,BKG000004898,PAY000004898,True,approved,customer_cancelled,137.73,2014-01-28 10:13:09
REF000004457,BKG000004899,PAY000004899,False,not_requested,not_requested,0.0,
REF000004458,BKG000004900,PAY000004900,False,not_requested,not_requested,0.0,
REF000004459,BKG000004901,PAY000004901,False,not_requested,not_requested,0.0,
REF000004460,BKG000004902,PAY000004902,False,not_requested,not_requested,0.0,
REF000004461,BKG000004903,PAY000004903,False,not_requested,not_requested,0.0,
REF000004462,BKG000004905,PAY000004905,True,approved,customer_cancelled,595.85,2014-03-14 11:16:08
REF000004463,BKG000004906,PAY000004906,False,not_requested,not_requested,0.0,
REF000004464,BKG000004907,PAY000004907,False,not_requested,not_requested,0.0,
REF000004465,BKG000004909,PAY000004909,False,not_requested,not_requested,0.0,
REF000004466,BKG000004910,PAY000004910,False,not_requested,not_requested,0.0,
REF000004467,BKG000004911,PAY000004911,False,not_requested,not_requested,0.0,
REF000004468,BKG000004912,PAY000004912,False,not_requested,not_requested,0.0,
REF000004469,BKG000004913,PAY000004913,False,not_requested,not_requested,0.0,
REF000004470,BKG000004914,PAY000004914,False,not_requested,not_requested,0.0,
REF000004471,BKG000004915,PAY000004915,False,not_requested,not_requested,0.0,
REF000004472,BKG000004916,PAY000004916,False,not_requested,not_requested,0.0,
REF000004473,BKG000004917,PAY000004917,False,not_requested,not_requested,0.0,
REF000004474,BKG000004918,PAY000004918,False,not_requested,not_requested,0.0,
REF000004475,BKG000004919,PAY000004919,False,not_requested,not_requested,0.0,
REF000004476,BKG000004920,PAY000004920,False,not_requested,not_requested,0.0,
REF000004477,BKG000004921,PAY000004921,False,not_requested,not_requested,0.0,
REF000004478,BKG000004922,PAY000004922,False,not_requested,not_requested,0.0,
REF000004479,BKG000004923,PAY000004923,True,approved,customer_cancelled,470.24,2013-03-14 00:23:37
REF000004480,BKG000004924,PAY000004924,False,not_requested,not_requested,0.0,
REF000004481,BKG000004925,PAY000004925,False,not_requested,not_requested,0.0,
REF000004482,BKG000004926,PAY000004926,False,not_requested,not_requested,0.0,
REF000004483,BKG000004927,PAY000004927,False,not_requested,not_requested,0.0,
REF000004484,BKG000004928,PAY000004928,False,not_requested,not_requested,0.0,
REF000004485,BKG000004929,PAY000004929,False,not_requested,not_requested,0.0,
REF000004486,BKG000004930,PAY000004930,False,not_requested,not_requested,0.0,
REF000004487,BKG000004931,PAY000004931,False,not_requested,not_requested,0.0,
REF000004488,BKG000004932,PAY000004932,False,not_requested,not_requested,0.0,
REF000004489,BKG000004933,PAY000004933,False,not_requested,not_requested,0.0,
REF000004490,BKG000004934,PAY000004934,False,not_requested,not_requested,0.0,
REF000004491,BKG000004935,PAY000004935,False,not_requested,not_requested,0.0,
REF000004492,BKG000004936,PAY000004936,False,not_requested,not_requested,0.0,
REF000004493,BKG000004937,PAY000004937,False,not_requested,not_requested,0.0,
REF000004494,BKG000004938,PAY000004938,False,not_requested,not_requested,0.0,
REF000004495,BKG000004939,PAY000004939,False,not_requested,not_requested,0.0,
REF000004496,BKG000004940,PAY000004940,False,not_requested,not_requested,0.0,
REF000004497,BKG000004941,PAY000004941,False,not_requested,not_requested,0.0,
REF000004498,BKG000004942,PAY000004942,False,not_requested,not_requested,0.0,
REF000004499,BKG000004943,PAY000004943,False,not_requested,not_requested,0.0,
REF000004500,BKG000004944,PAY000004944,False,not_requested,not_requested,0.0,
REF000004501,BKG000004945,PAY000004945,False,not_requested,not_requested,0.0,
REF000004502,BKG000004946,PAY000004946,False,not_requested,not_requested,0.0,
REF000004503,BKG000004947,PAY000004947,False,not_requested,not_requested,0.0,
REF000004504,BKG000004948,PAY000004948,False,not_requested,not_requested,0.0,
REF000004505,BKG000004949,PAY000004949,False,not_requested,not_requested,0.0,
REF000004506,BKG000004950,PAY000004950,False,not_requested,not_requested,0.0,
REF000004507,BKG000004951,PAY000004951,False,not_requested,not_requested,0.0,
REF000004508,BKG000004952,PAY000004952,False,not_requested,not_requested,0.0,
REF000004509,BKG000004953,PAY000004953,False,not_requested,not_requested,0.0,
REF000004510,BKG000004954,PAY000004954,False,not_requested,not_requested,0.0,
REF000004511,BKG000004955,PAY000004955,False,not_requested,not_requested,0.0,
REF000004512,BKG000004956,PAY000004956,False,not_requested,not_requested,0.0,
REF000004513,BKG000004957,PAY000004957,False,not_requested,not_requested,0.0,
REF000004514,BKG000004958,PAY000004958,False,not_requested,not_requested,0.0,
REF000004515,BKG000004959,PAY000004959,False,not_requested,not_requested,0.0,
REF000004516,BKG000004960,PAY000004960,False,not_requested,not_requested,0.0,
REF000004517,BKG000004961,PAY000004961,False,not_requested,not_requested,0.0,
REF000004518,BKG000004962,PAY000004962,False,not_requested,not_requested,0.0,
REF000004519,BKG000004963,PAY000004963,False,not_requested,not_requested,0.0,
REF000004520,BKG000004964,PAY000004964,False,not_requested,not_requested,0.0,
REF000004521,BKG000004965,PAY000004965,False,not_requested,not_requested,0.0,
REF000004522,BKG000004966,PAY000004966,False,not_requested,not_requested,0.0,
REF000004523,BKG000004967,PAY000004967,False,not_requested,not_requested,0.0,
REF000004524,BKG000004968,PAY000004968,False,not_requested,not_requested,0.0,
REF000004525,BKG000004969,PAY000004969,False,not_requested,not_requested,0.0,
REF000004526,BKG000004970,PAY000004970,False,not_requested,not_requested,0.0,
REF000004527,BKG000004971,PAY000004971,False,not_requested,not_requested,0.0,
REF000004528,BKG000004972,PAY000004972,False,not_requested,not_requested,0.0,
REF000004529,BKG000004973,PAY000004973,False,not_requested,not_requested,0.0,
REF000004530,BKG000004974,PAY000004974,True,approved,airline_schedule_change,202.31,2013-08-20 09:13:57
REF000004531,BKG000004975,PAY000004975,False,not_requested,not_requested,0.0,
REF000004532,BKG000004976,PAY000004976,False,not_requested,not_requested,0.0,
REF000004533,BKG000004977,PAY000004977,False,not_requested,not_requested,0.0,
REF000004534,BKG000004978,PAY000004978,False,not_requested,not_requested,0.0,
REF000004535,BKG000004979,PAY000004979,False,not_requested,not_requested,0.0,
REF000004536,BKG000004980,PAY000004980,False,not_requested,not_requested,0.0,
REF000004537,BKG000004982,PAY000004982,False,not_requested,not_requested,0.0,
REF000004538,BKG000004984,PAY000004984,False,not_requested,not_requested,0.0,
REF000004539,BKG000004985,PAY000004985,False,not_requested,not_requested,0.0,
REF000004540,BKG000004986,PAY000004986,True,approved,airline_schedule_change,136.55,2014-01-11 17:18:50
REF000004541,BKG000004987,PAY000004987,False,not_requested,not_requested,0.0,
REF000004542,BKG000004988,PAY000004988,False,not_requested,not_requested,0.0,
REF000004543,BKG000004989,PAY000004989,False,not_requested,not_requested,0.0,
REF000004544,BKG000004991,PAY000004991,False,not_requested,not_requested,0.0,
REF000004545,BKG000004992,PAY000004992,False,not_requested,not_requested,0.0,
REF000004546,BKG000004993,PAY000004993,False,not_requested,not_requested,0.0,
REF000004547,BKG000004994,PAY000004994,True,rejected,customer_cancelled,0.0,2015-01-15 17:15:55
REF000004548,BKG000004996,PAY000004996,False,not_requested,not_requested,0.0,
REF000004549,BKG000004997,PAY000004997,False,not_requested,not_requested,0.0,
REF000004550,BKG000004998,PAY000004998,False,not_requested,not_requested,0.0,
REF000004551,BKG000004999,PAY000004999,False,not_requested,not_requested,0.0,
REF000004552,BKG000005001,PAY000005001,False,not_requested,not_requested,0.0,
REF000004553,BKG000005002,PAY000005002,False,not_requested,not_requested,0.0,
REF000004554,BKG000005003,PAY000005003,False,not_requested,not_requested,0.0,
REF000004555,BKG000005004,PAY000005004,False,not_requested,not_requested,0.0,
REF000004556,BKG000005005,PAY000005005,False,not_requested,not_requested,0.0,
REF000004557,BKG000005006,PAY000005006,False,not_requested,not_requested,0.0,
REF000004558,BKG000005007,PAY000005007,False,not_requested,not_requested,0.0,
REF000004559,BKG000005008,PAY000005008,True,rejected,payment_dispute,0.0,2014-11-21 09:08:55
REF000004560,BKG000005009,PAY000005009,False,not_requested,not_requested,0.0,
REF000004561,BKG000005010,PAY000005010,False,not_requested,not_requested,0.0,
REF000004562,BKG000005011,PAY000005011,False,not_requested,not_requested,0.0,
REF000004563,BKG000005012,PAY000005012,False,not_requested,not_requested,0.0,
REF000004564,BKG000005013,PAY000005013,False,not_requested,not_requested,0.0,
REF000004565,BKG000005014,PAY000005014,False,not_requested,not_requested,0.0,
REF000004566,BKG000005015,PAY000005015,False,not_requested,not_requested,0.0,
REF000004567,BKG000005016,PAY000005016,False,not_requested,not_requested,0.0,
REF000004568,BKG000005017,PAY000005017,False,not_requested,not_requested,0.0,
REF000004569,BKG000005018,PAY000005018,False,not_requested,not_requested,0.0,
REF000004570,BKG000005019,PAY000005019,False,not_requested,not_requested,0.0,
REF000004571,BKG000005021,PAY000005021,False,not_requested,not_requested,0.0,
REF000004572,BKG000005022,PAY000005022,False,not_requested,not_requested,0.0,
REF000004573,BKG000005023,PAY000005023,False,not_requested,not_requested,0.0,
REF000004574,BKG000005024,PAY000005024,False,not_requested,not_requested,0.0,
REF000004575,BKG000005025,PAY000005025,False,not_requested,not_requested,0.0,
REF000004576,BKG000005026,PAY000005026,False,not_requested,not_requested,0.0,
REF000004577,BKG000005027,PAY000005027,False,not_requested,not_requested,0.0,
REF000004578,BKG000005029,PAY000005029,False,not_requested,not_requested,0.0,
REF000004579,BKG000005030,PAY000005030,False,not_requested,not_requested,0.0,
REF000004580,BKG000005031,PAY000005031,False,not_requested,not_requested,0.0,
REF000004581,BKG000005032,PAY000005032,False,not_requested,not_requested,0.0,
REF000004582,BKG000005033,PAY000005033,False,not_requested,not_requested,0.0,
REF000004583,BKG000005034,PAY000005034,False,not_requested,not_requested,0.0,
REF000004584,BKG000005035,PAY000005035,False,not_requested,not_requested,0.0,
REF000004585,BKG000005036,PAY000005036,False,not_requested,not_requested,0.0,
REF000004586,BKG000005037,PAY000005037,False,not_requested,not_requested,0.0,
REF000004587,BKG000005038,PAY000005038,False,not_requested,not_requested,0.0,
REF000004588,BKG000005039,PAY000005039,False,not_requested,not_requested,0.0,
REF000004589,BKG000005040,PAY000005040,False,not_requested,not_requested,0.0,
REF000004590,BKG000005041,PAY000005041,False,not_requested,not_requested,0.0,
REF000004591,BKG000005042,PAY000005042,False,not_requested,not_requested,0.0,
REF000004592,BKG000005043,PAY000005043,False,not_requested,not_requested,0.0,
REF000004593,BKG000005044,PAY000005044,False,not_requested,not_requested,0.0,
REF000004594,BKG000005045,PAY000005045,False,not_requested,not_requested,0.0,
REF000004595,BKG000005046,PAY000005046,False,not_requested,not_requested,0.0,
REF000004596,BKG000005047,PAY000005047,False,not_requested,not_requested,0.0,
REF000004597,BKG000005048,PAY000005048,True,approved,payment_dispute,154.39,2013-05-02 21:42:10
REF000004598,BKG000005049,PAY000005049,False,not_requested,not_requested,0.0,
REF000004599,BKG000005050,PAY000005050,False,not_requested,not_requested,0.0,
REF000004600,BKG000005051,PAY000005051,False,not_requested,not_requested,0.0,
REF000004601,BKG000005052,PAY000005052,False,not_requested,not_requested,0.0,
REF000004602,BKG000005053,PAY000005053,False,not_requested,not_requested,0.0,
REF000004603,BKG000005054,PAY000005054,False,not_requested,not_requested,0.0,
REF000004604,BKG000005055,PAY000005055,False,not_requested,not_requested,0.0,
REF000004605,BKG000005056,PAY000005056,True,approved,ticketing_failure,3784.31,2014-09-30 13:53:43
REF000004606,BKG000005057,PAY000005057,False,not_requested,not_requested,0.0,
REF000004607,BKG000005058,PAY000005058,False,not_requested,not_requested,0.0,
REF000004608,BKG000005059,PAY000005059,False,not_requested,not_requested,0.0,
REF000004609,BKG000005060,PAY000005060,False,not_requested,not_requested,0.0,
REF000004610,BKG000005061,PAY000005061,False,not_requested,not_requested,0.0,
REF000004611,BKG000005062,PAY000005062,False,not_requested,not_requested,0.0,
REF000004612,BKG000005063,PAY000005063,False,not_requested,not_requested,0.0,
REF000004613,BKG000005064,PAY000005064,False,not_requested,not_requested,0.0,
REF000004614,BKG000005067,PAY000005067,False,not_requested,not_requested,0.0,
REF000004615,BKG000005068,PAY000005068,False,not_requested,not_requested,0.0,
REF000004616,BKG000005069,PAY000005069,False,not_requested,not_requested,0.0,
REF000004617,BKG000005070,PAY000005070,False,not_requested,not_requested,0.0,
REF000004618,BKG000005071,PAY000005071,False,not_requested,not_requested,0.0,
REF000004619,BKG000005072,PAY000005072,False,not_requested,not_requested,0.0,
REF000004620,BKG000005073,PAY000005073,False,not_requested,not_requested,0.0,
REF000004621,BKG000005074,PAY000005074,False,not_requested,not_requested,0.0,
REF000004622,BKG000005075,PAY000005075,False,not_requested,not_requested,0.0,
REF000004623,BKG000005076,PAY000005076,False,not_requested,not_requested,0.0,
REF000004624,BKG000005077,PAY000005077,False,not_requested,not_requested,0.0,
REF000004625,BKG000005078,PAY000005078,False,not_requested,not_requested,0.0,
REF000004626,BKG000005079,PAY000005079,False,not_requested,not_requested,0.0,
REF000004627,BKG000005080,PAY000005080,False,not_requested,not_requested,0.0,
REF000004628,BKG000005081,PAY000005081,False,not_requested,not_requested,0.0,
REF000004629,BKG000005082,PAY000005082,False,not_requested,not_requested,0.0,
REF000004630,BKG000005083,PAY000005083,False,not_requested,not_requested,0.0,
REF000004631,BKG000005084,PAY000005084,False,not_requested,not_requested,0.0,
REF000004632,BKG000005085,PAY000005085,False,not_requested,not_requested,0.0,
REF000004633,BKG000005086,PAY000005086,False,not_requested,not_requested,0.0,
REF000004634,BKG000005087,PAY000005087,False,not_requested,not_requested,0.0,
REF000004635,BKG000005088,PAY000005088,False,not_requested,not_requested,0.0,
REF000004636,BKG000005089,PAY000005089,False,not_requested,not_requested,0.0,
REF000004637,BKG000005090,PAY000005090,False,not_requested,not_requested,0.0,
REF000004638,BKG000005092,PAY000005092,False,not_requested,not_requested,0.0,
REF000004639,BKG000005093,PAY000005093,False,not_requested,not_requested,0.0,
REF000004640,BKG000005094,PAY000005094,False,not_requested,not_requested,0.0,
REF000004641,BKG000005095,PAY000005095,False,not_requested,not_requested,0.0,
REF000004642,BKG000005097,PAY000005097,False,not_requested,not_requested,0.0,
REF000004643,BKG000005099,PAY000005099,False,not_requested,not_requested,0.0,
REF000004644,BKG000005100,PAY000005100,False,not_requested,not_requested,0.0,
REF000004645,BKG000005101,PAY000005101,False,not_requested,not_requested,0.0,
REF000004646,BKG000005102,PAY000005102,False,not_requested,not_requested,0.0,
REF000004647,BKG000005103,PAY000005103,False,not_requested,not_requested,0.0,
REF000004648,BKG000005104,PAY000005104,True,approved,duplicate_booking,161.13,2013-04-12 10:38:47
REF000004649,BKG000005105,PAY000005105,False,not_requested,not_requested,0.0,
REF000004650,BKG000005106,PAY000005106,False,not_requested,not_requested,0.0,
REF000004651,BKG000005107,PAY000005107,False,not_requested,not_requested,0.0,
REF000004652,BKG000005108,PAY000005108,False,not_requested,not_requested,0.0,
REF000004653,BKG000005109,PAY000005109,False,not_requested,not_requested,0.0,
REF000004654,BKG000005110,PAY000005110,False,not_requested,not_requested,0.0,
REF000004655,BKG000005111,PAY000005111,False,not_requested,not_requested,0.0,
REF000004656,BKG000005112,PAY000005112,False,not_requested,not_requested,0.0,
REF000004657,BKG000005113,PAY000005113,False,not_requested,not_requested,0.0,
REF000004658,BKG000005114,PAY000005114,False,not_requested,not_requested,0.0,
REF000004659,BKG000005115,PAY000005115,False,not_requested,not_requested,0.0,
REF000004660,BKG000005116,PAY000005116,False,not_requested,not_requested,0.0,
REF000004661,BKG000005118,PAY000005118,False,not_requested,not_requested,0.0,
REF000004662,BKG000005119,PAY000005119,True,approved,airline_schedule_change,154.49,2014-05-15 16:05:23
REF000004663,BKG000005120,PAY000005120,False,not_requested,not_requested,0.0,
REF000004664,BKG000005121,PAY000005121,False,not_requested,not_requested,0.0,
REF000004665,BKG000005122,PAY000005122,False,not_requested,not_requested,0.0,
REF000004666,BKG000005123,PAY000005123,False,not_requested,not_requested,0.0,
REF000004667,BKG000005124,PAY000005124,False,not_requested,not_requested,0.0,
REF000004668,BKG000005125,PAY000005125,False,not_requested,not_requested,0.0,
REF000004669,BKG000005126,PAY000005126,False,not_requested,not_requested,0.0,
REF000004670,BKG000005127,PAY000005127,False,not_requested,not_requested,0.0,
REF000004671,BKG000005128,PAY000005128,False,not_requested,not_requested,0.0,
REF000004672,BKG000005129,PAY000005129,True,approved,customer_cancelled,672.2,2014-05-15 09:53:34
REF000004673,BKG000005130,PAY000005130,False,not_requested,not_requested,0.0,
REF000004674,BKG000005131,PAY000005131,True,approved,payment_dispute,136.12,2014-07-25 21:16:59
REF000004675,BKG000005133,PAY000005133,True,approved,customer_cancelled,92.48,2014-03-25 17:57:41
REF000004676,BKG000005134,PAY000005134,False,not_requested,not_requested,0.0,
REF000004677,BKG000005135,PAY000005135,False,not_requested,not_requested,0.0,
REF000004678,BKG000005136,PAY000005136,False,not_requested,not_requested,0.0,
REF000004679,BKG000005137,PAY000005137,False,not_requested,not_requested,0.0,
REF000004680,BKG000005138,PAY000005138,False,not_requested,not_requested,0.0,
REF000004681,BKG000005139,PAY000005139,False,not_requested,not_requested,0.0,
REF000004682,BKG000005140,PAY000005140,False,not_requested,not_requested,0.0,
REF000004683,BKG000005141,PAY000005141,False,not_requested,not_requested,0.0,
REF000004684,BKG000005142,PAY000005142,False,not_requested,not_requested,0.0,
REF000004685,BKG000005143,PAY000005143,False,not_requested,not_requested,0.0,
REF000004686,BKG000005144,PAY000005144,False,not_requested,not_requested,0.0,
REF000004687,BKG000005145,PAY000005145,False,not_requested,not_requested,0.0,
REF000004688,BKG000005146,PAY000005146,False,not_requested,not_requested,0.0,
REF000004689,BKG000005147,PAY000005147,False,not_requested,not_requested,0.0,
REF000004690,BKG000005150,PAY000005150,False,not_requested,not_requested,0.0,
REF000004691,BKG000005152,PAY000005152,False,not_requested,not_requested,0.0,
REF000004692,BKG000005153,PAY000005153,False,not_requested,not_requested,0.0,
REF000004693,BKG000005155,PAY000005155,False,not_requested,not_requested,0.0,
REF000004694,BKG000005157,PAY000005157,False,not_requested,not_requested,0.0,
REF000004695,BKG000005158,PAY000005158,True,rejected,duplicate_booking,0.0,2014-09-14 01:45:17
REF000004696,BKG000005159,PAY000005159,False,not_requested,not_requested,0.0,
REF000004697,BKG000005160,PAY000005160,False,not_requested,not_requested,0.0,
REF000004698,BKG000005161,PAY000005161,False,not_requested,not_requested,0.0,
REF000004699,BKG000005162,PAY000005162,True,rejected,customer_cancelled,0.0,2014-01-04 17:28:53
REF000004700,BKG000005163,PAY000005163,False,not_requested,not_requested,0.0,
REF000004701,BKG000005164,PAY000005164,False,not_requested,not_requested,0.0,
REF000004702,BKG000005165,PAY000005165,False,not_requested,not_requested,0.0,
REF000004703,BKG000005166,PAY000005166,False,not_requested,not_requested,0.0,
REF000004704,BKG000005167,PAY000005167,False,not_requested,not_requested,0.0,
REF000004705,BKG000005168,PAY000005168,False,not_requested,not_requested,0.0,
REF000004706,BKG000005169,PAY000005169,False,not_requested,not_requested,0.0,
REF000004707,BKG000005170,PAY000005170,False,not_requested,not_requested,0.0,
REF000004708,BKG000005171,PAY000005171,False,not_requested,not_requested,0.0,
REF000004709,BKG000005172,PAY000005172,False,not_requested,not_requested,0.0,
REF000004710,BKG000005173,PAY000005173,False,not_requested,not_requested,0.0,
REF000004711,BKG000005174,PAY000005174,False,not_requested,not_requested,0.0,
REF000004712,BKG000005175,PAY000005175,False,not_requested,not_requested,0.0,
REF000004713,BKG000005176,PAY000005176,False,not_requested,not_requested,0.0,
REF000004714,BKG000005177,PAY000005177,False,not_requested,not_requested,0.0,
REF000004715,BKG000005178,PAY000005178,False,not_requested,not_requested,0.0,
REF000004716,BKG000005179,PAY000005179,False,not_requested,not_requested,0.0,
REF000004717,BKG000005180,PAY000005180,False,not_requested,not_requested,0.0,
REF000004718,BKG000005181,PAY000005181,False,not_requested,not_requested,0.0,
REF000004719,BKG000005184,PAY000005184,False,not_requested,not_requested,0.0,
REF000004720,BKG000005185,PAY000005185,False,not_requested,not_requested,0.0,
REF000004721,BKG000005186,PAY000005186,False,not_requested,not_requested,0.0,
REF000004722,BKG000005187,PAY000005187,False,not_requested,not_requested,0.0,
REF000004723,BKG000005188,PAY000005188,False,not_requested,not_requested,0.0,
REF000004724,BKG000005189,PAY000005189,False,not_requested,not_requested,0.0,
REF000004725,BKG000005190,PAY000005190,False,not_requested,not_requested,0.0,
REF000004726,BKG000005191,PAY000005191,False,not_requested,not_requested,0.0,
REF000004727,BKG000005192,PAY000005192,False,not_requested,not_requested,0.0,
REF000004728,BKG000005194,PAY000005194,False,not_requested,not_requested,0.0,
REF000004729,BKG000005195,PAY000005195,False,not_requested,not_requested,0.0,
REF000004730,BKG000005196,PAY000005196,False,not_requested,not_requested,0.0,
REF000004731,BKG000005198,PAY000005198,False,not_requested,not_requested,0.0,
REF000004732,BKG000005199,PAY000005199,False,not_requested,not_requested,0.0,
REF000004733,BKG000005200,PAY000005200,False,not_requested,not_requested,0.0,
REF000004734,BKG000005201,PAY000005201,False,not_requested,not_requested,0.0,
REF000004735,BKG000005202,PAY000005202,False,not_requested,not_requested,0.0,
REF000004736,BKG000005204,PAY000005204,False,not_requested,not_requested,0.0,
REF000004737,BKG000005205,PAY000005205,False,not_requested,not_requested,0.0,
REF000004738,BKG000005207,PAY000005207,False,not_requested,not_requested,0.0,
REF000004739,BKG000005208,PAY000005208,False,not_requested,not_requested,0.0,
REF000004740,BKG000005210,PAY000005210,False,not_requested,not_requested,0.0,
REF000004741,BKG000005211,PAY000005211,False,not_requested,not_requested,0.0,
REF000004742,BKG000005213,PAY000005213,False,not_requested,not_requested,0.0,
REF000004743,BKG000005214,PAY000005214,False,not_requested,not_requested,0.0,
REF000004744,BKG000005215,PAY000005215,False,not_requested,not_requested,0.0,
REF000004745,BKG000005216,PAY000005216,False,not_requested,not_requested,0.0,
REF000004746,BKG000005217,PAY000005217,False,not_requested,not_requested,0.0,
REF000004747,BKG000005219,PAY000005219,False,not_requested,not_requested,0.0,
REF000004748,BKG000005220,PAY000005220,False,not_requested,not_requested,0.0,
REF000004749,BKG000005221,PAY000005221,False,not_requested,not_requested,0.0,
REF000004750,BKG000005222,PAY000005222,False,not_requested,not_requested,0.0,
REF000004751,BKG000005223,PAY000005223,False,not_requested,not_requested,0.0,
REF000004752,BKG000005224,PAY000005224,True,approved,airline_schedule_change,248.45,2014-07-13 15:58:18
REF000004753,BKG000005225,PAY000005225,True,approved,ticketing_failure,82.0,2014-03-26 15:43:26
REF000004754,BKG000005226,PAY000005226,False,not_requested,not_requested,0.0,
REF000004755,BKG000005228,PAY000005228,False,not_requested,not_requested,0.0,
REF000004756,BKG000005229,PAY000005229,False,not_requested,not_requested,0.0,
REF000004757,BKG000005230,PAY000005230,False,not_requested,not_requested,0.0,
REF000004758,BKG000005231,PAY000005231,False,not_requested,not_requested,0.0,
REF000004759,BKG000005232,PAY000005232,False,not_requested,not_requested,0.0,
REF000004760,BKG000005233,PAY000005233,False,not_requested,not_requested,0.0,
REF000004761,BKG000005234,PAY000005234,False,not_requested,not_requested,0.0,
REF000004762,BKG000005235,PAY000005235,False,not_requested,not_requested,0.0,
REF000004763,BKG000005236,PAY000005236,False,not_requested,not_requested,0.0,
REF000004764,BKG000005237,PAY000005237,False,not_requested,not_requested,0.0,
REF000004765,BKG000005238,PAY000005238,False,not_requested,not_requested,0.0,
REF000004766,BKG000005239,PAY000005239,False,not_requested,not_requested,0.0,
REF000004767,BKG000005240,PAY000005240,False,not_requested,not_requested,0.0,
REF000004768,BKG000005241,PAY000005241,False,not_requested,not_requested,0.0,
REF000004769,BKG000005242,PAY000005242,False,not_requested,not_requested,0.0,
REF000004770,BKG000005243,PAY000005243,False,not_requested,not_requested,0.0,
REF000004771,BKG000005245,PAY000005245,False,not_requested,not_requested,0.0,
REF000004772,BKG000005246,PAY000005246,True,approved,customer_cancelled,272.47,2014-11-09 23:01:51
REF000004773,BKG000005247,PAY000005247,False,not_requested,not_requested,0.0,
REF000004774,BKG000005248,PAY000005248,False,not_requested,not_requested,0.0,
REF000004775,BKG000005250,PAY000005250,False,not_requested,not_requested,0.0,
REF000004776,BKG000005251,PAY000005251,False,not_requested,not_requested,0.0,
REF000004777,BKG000005252,PAY000005252,False,not_requested,not_requested,0.0,
REF000004778,BKG000005253,PAY000005253,False,not_requested,not_requested,0.0,
REF000004779,BKG000005254,PAY000005254,False,not_requested,not_requested,0.0,
REF000004780,BKG000005255,PAY000005255,False,not_requested,not_requested,0.0,
REF000004781,BKG000005256,PAY000005256,False,not_requested,not_requested,0.0,
REF000004782,BKG000005258,PAY000005258,False,not_requested,not_requested,0.0,
REF000004783,BKG000005260,PAY000005260,False,not_requested,not_requested,0.0,
REF000004784,BKG000005261,PAY000005261,False,not_requested,not_requested,0.0,
REF000004785,BKG000005262,PAY000005262,False,not_requested,not_requested,0.0,
REF000004786,BKG000005263,PAY000005263,False,not_requested,not_requested,0.0,
REF000004787,BKG000005264,PAY000005264,False,not_requested,not_requested,0.0,
REF000004788,BKG000005265,PAY000005265,False,not_requested,not_requested,0.0,
REF000004789,BKG000005266,PAY000005266,False,not_requested,not_requested,0.0,
REF000004790,BKG000005267,PAY000005267,False,not_requested,not_requested,0.0,
REF000004791,BKG000005268,PAY000005268,False,not_requested,not_requested,0.0,
REF000004792,BKG000005269,PAY000005269,False,not_requested,not_requested,0.0,
REF000004793,BKG000005271,PAY000005271,False,not_requested,not_requested,0.0,
REF000004794,BKG000005272,PAY000005272,False,not_requested,not_requested,0.0,
REF000004795,BKG000005273,PAY000005273,False,not_requested,not_requested,0.0,
REF000004796,BKG000005274,PAY000005274,False,not_requested,not_requested,0.0,
REF000004797,BKG000005275,PAY000005275,False,not_requested,not_requested,0.0,
REF000004798,BKG000005276,PAY000005276,False,not_requested,not_requested,0.0,
REF000004799,BKG000005277,PAY000005277,False,not_requested,not_requested,0.0,
REF000004800,BKG000005278,PAY000005278,False,not_requested,not_requested,0.0,
REF000004801,BKG000005279,PAY000005279,False,not_requested,not_requested,0.0,
REF000004802,BKG000005280,PAY000005280,False,not_requested,not_requested,0.0,
REF000004803,BKG000005281,PAY000005281,False,not_requested,not_requested,0.0,
REF000004804,BKG000005282,PAY000005282,False,not_requested,not_requested,0.0,
REF000004805,BKG000005283,PAY000005283,False,not_requested,not_requested,0.0,
REF000004806,BKG000005284,PAY000005284,False,not_requested,not_requested,0.0,
REF000004807,BKG000005285,PAY000005285,False,not_requested,not_requested,0.0,
REF000004808,BKG000005286,PAY000005286,False,not_requested,not_requested,0.0,
REF000004809,BKG000005287,PAY000005287,False,not_requested,not_requested,0.0,
REF000004810,BKG000005288,PAY000005288,False,not_requested,not_requested,0.0,
REF000004811,BKG000005289,PAY000005289,False,not_requested,not_requested,0.0,
REF000004812,BKG000005291,PAY000005291,False,not_requested,not_requested,0.0,
REF000004813,BKG000005292,PAY000005292,False,not_requested,not_requested,0.0,
REF000004814,BKG000005293,PAY000005293,False,not_requested,not_requested,0.0,
REF000004815,BKG000005294,PAY000005294,False,not_requested,not_requested,0.0,
REF000004816,BKG000005295,PAY000005295,False,not_requested,not_requested,0.0,
REF000004817,BKG000005296,PAY000005296,False,not_requested,not_requested,0.0,
REF000004818,BKG000005297,PAY000005297,False,not_requested,not_requested,0.0,
REF000004819,BKG000005299,PAY000005299,False,not_requested,not_requested,0.0,
REF000004820,BKG000005300,PAY000005300,False,not_requested,not_requested,0.0,
REF000004821,BKG000005301,PAY000005301,False,not_requested,not_requested,0.0,
REF000004822,BKG000005302,PAY000005302,False,not_requested,not_requested,0.0,
REF000004823,BKG000005303,PAY000005303,False,not_requested,not_requested,0.0,
REF000004824,BKG000005304,PAY000005304,False,not_requested,not_requested,0.0,
REF000004825,BKG000005305,PAY000005305,False,not_requested,not_requested,0.0,
REF000004826,BKG000005306,PAY000005306,False,not_requested,not_requested,0.0,
REF000004827,BKG000005307,PAY000005307,False,not_requested,not_requested,0.0,
REF000004828,BKG000005308,PAY000005308,False,not_requested,not_requested,0.0,
REF000004829,BKG000005309,PAY000005309,False,not_requested,not_requested,0.0,
REF000004830,BKG000005311,PAY000005311,False,not_requested,not_requested,0.0,
REF000004831,BKG000005312,PAY000005312,False,not_requested,not_requested,0.0,
REF000004832,BKG000005313,PAY000005313,False,not_requested,not_requested,0.0,
REF000004833,BKG000005314,PAY000005314,False,not_requested,not_requested,0.0,
REF000004834,BKG000005315,PAY000005315,False,not_requested,not_requested,0.0,
REF000004835,BKG000005317,PAY000005317,False,not_requested,not_requested,0.0,
REF000004836,BKG000005318,PAY000005318,False,not_requested,not_requested,0.0,
REF000004837,BKG000005319,PAY000005319,False,not_requested,not_requested,0.0,
REF000004838,BKG000005320,PAY000005320,False,not_requested,not_requested,0.0,
REF000004839,BKG000005321,PAY000005321,True,approved,customer_cancelled,115.84,2013-04-03 17:09:20
REF000004840,BKG000005322,PAY000005322,False,not_requested,not_requested,0.0,
REF000004841,BKG000005323,PAY000005323,False,not_requested,not_requested,0.0,
REF000004842,BKG000005324,PAY000005324,False,not_requested,not_requested,0.0,
REF000004843,BKG000005325,PAY000005325,False,not_requested,not_requested,0.0,
REF000004844,BKG000005326,PAY000005326,False,not_requested,not_requested,0.0,
REF000004845,BKG000005327,PAY000005327,False,not_requested,not_requested,0.0,
REF000004846,BKG000005328,PAY000005328,False,not_requested,not_requested,0.0,
REF000004847,BKG000005329,PAY000005329,False,not_requested,not_requested,0.0,
REF000004848,BKG000005330,PAY000005330,False,not_requested,not_requested,0.0,
REF000004849,BKG000005331,PAY000005331,False,not_requested,not_requested,0.0,
REF000004850,BKG000005332,PAY000005332,False,not_requested,not_requested,0.0,
REF000004851,BKG000005333,PAY000005333,False,not_requested,not_requested,0.0,
REF000004852,BKG000005334,PAY000005334,False,not_requested,not_requested,0.0,
REF000004853,BKG000005335,PAY000005335,False,not_requested,not_requested,0.0,
REF000004854,BKG000005337,PAY000005337,False,not_requested,not_requested,0.0,
REF000004855,BKG000005338,PAY000005338,False,not_requested,not_requested,0.0,
REF000004856,BKG000005339,PAY000005339,False,not_requested,not_requested,0.0,
REF000004857,BKG000005340,PAY000005340,False,not_requested,not_requested,0.0,
REF000004858,BKG000005341,PAY000005341,False,not_requested,not_requested,0.0,
REF000004859,BKG000005342,PAY000005342,False,not_requested,not_requested,0.0,
REF000004860,BKG000005343,PAY000005343,False,not_requested,not_requested,0.0,
REF000004861,BKG000005344,PAY000005344,False,not_requested,not_requested,0.0,
REF000004862,BKG000005347,PAY000005347,False,not_requested,not_requested,0.0,
REF000004863,BKG000005348,PAY000005348,False,not_requested,not_requested,0.0,
REF000004864,BKG000005349,PAY000005349,False,not_requested,not_requested,0.0,
REF000004865,BKG000005350,PAY000005350,False,not_requested,not_requested,0.0,
REF000004866,BKG000005351,PAY000005351,True,rejected,customer_cancelled,0.0,2014-08-10 15:13:40
REF000004867,BKG000005352,PAY000005352,False,not_requested,not_requested,0.0,
REF000004868,BKG000005353,PAY000005353,False,not_requested,not_requested,0.0,
REF000004869,BKG000005354,PAY000005354,True,pending,duplicate_booking,159.16,2014-08-18 13:28:25
REF000004870,BKG000005355,PAY000005355,False,not_requested,not_requested,0.0,
REF000004871,BKG000005356,PAY000005356,False,not_requested,not_requested,0.0,
REF000004872,BKG000005357,PAY000005357,False,not_requested,not_requested,0.0,
REF000004873,BKG000005358,PAY000005358,False,not_requested,not_requested,0.0,
REF000004874,BKG000005359,PAY000005359,False,not_requested,not_requested,0.0,
REF000004875,BKG000005360,PAY000005360,True,rejected,payment_dispute,0.0,2015-01-24 15:15:59
REF000004876,BKG000005361,PAY000005361,False,not_requested,not_requested,0.0,
REF000004877,BKG000005362,PAY000005362,False,not_requested,not_requested,0.0,
REF000004878,BKG000005363,PAY000005363,False,not_requested,not_requested,0.0,
REF000004879,BKG000005364,PAY000005364,False,not_requested,not_requested,0.0,
REF000004880,BKG000005365,PAY000005365,False,not_requested,not_requested,0.0,
REF000004881,BKG000005366,PAY000005366,False,not_requested,not_requested,0.0,
REF000004882,BKG000005367,PAY000005367,False,not_requested,not_requested,0.0,
REF000004883,BKG000005368,PAY000005368,False,not_requested,not_requested,0.0,
REF000004884,BKG000005369,PAY000005369,False,not_requested,not_requested,0.0,
REF000004885,BKG000005370,PAY000005370,False,not_requested,not_requested,0.0,
REF000004886,BKG000005371,PAY000005371,False,not_requested,not_requested,0.0,
REF000004887,BKG000005372,PAY000005372,False,not_requested,not_requested,0.0,
REF000004888,BKG000005374,PAY000005374,True,approved,customer_cancelled,181.31,2014-11-25 21:39:09
REF000004889,BKG000005375,PAY000005375,False,not_requested,not_requested,0.0,
REF000004890,BKG000005377,PAY000005377,False,not_requested,not_requested,0.0,
REF000004891,BKG000005378,PAY000005378,False,not_requested,not_requested,0.0,
REF000004892,BKG000005379,PAY000005379,False,not_requested,not_requested,0.0,
REF000004893,BKG000005380,PAY000005380,False,not_requested,not_requested,0.0,
REF000004894,BKG000005381,PAY000005381,False,not_requested,not_requested,0.0,
REF000004895,BKG000005382,PAY000005382,False,not_requested,not_requested,0.0,
REF000004896,BKG000005383,PAY000005383,False,not_requested,not_requested,0.0,
REF000004897,BKG000005384,PAY000005384,False,not_requested,not_requested,0.0,
REF000004898,BKG000005385,PAY000005385,False,not_requested,not_requested,0.0,
REF000004899,BKG000005386,PAY000005386,False,not_requested,not_requested,0.0,
REF000004900,BKG000005388,PAY000005388,False,not_requested,not_requested,0.0,
REF000004901,BKG000005389,PAY000005389,False,not_requested,not_requested,0.0,
REF000004902,BKG000005390,PAY000005390,False,not_requested,not_requested,0.0,
REF000004903,BKG000005391,PAY000005391,False,not_requested,not_requested,0.0,
REF000004904,BKG000005392,PAY000005392,False,not_requested,not_requested,0.0,
REF000004905,BKG000005393,PAY000005393,False,not_requested,not_requested,0.0,
REF000004906,BKG000005394,PAY000005394,True,approved,ticketing_failure,230.58,2013-04-11 13:08:43
REF000004907,BKG000005395,PAY000005395,False,not_requested,not_requested,0.0,
REF000004908,BKG000005396,PAY000005396,False,not_requested,not_requested,0.0,
REF000004909,BKG000005397,PAY000005397,False,not_requested,not_requested,0.0,
REF000004910,BKG000005398,PAY000005398,False,not_requested,not_requested,0.0,
REF000004911,BKG000005400,PAY000005400,False,not_requested,not_requested,0.0,
REF000004912,BKG000005401,PAY000005401,True,approved,customer_cancelled,108.98,2013-09-18 19:40:38
REF000004913,BKG000005402,PAY000005402,False,not_requested,not_requested,0.0,
REF000004914,BKG000005403,PAY000005403,False,not_requested,not_requested,0.0,
REF000004915,BKG000005404,PAY000005404,False,not_requested,not_requested,0.0,
REF000004916,BKG000005406,PAY000005406,False,not_requested,not_requested,0.0,
REF000004917,BKG000005407,PAY000005407,False,not_requested,not_requested,0.0,
REF000004918,BKG000005408,PAY000005408,False,not_requested,not_requested,0.0,
REF000004919,BKG000005411,PAY000005411,False,not_requested,not_requested,0.0,
REF000004920,BKG000005412,PAY000005412,False,not_requested,not_requested,0.0,
REF000004921,BKG000005413,PAY000005413,False,not_requested,not_requested,0.0,
REF000004922,BKG000005414,PAY000005414,False,not_requested,not_requested,0.0,
REF000004923,BKG000005415,PAY000005415,False,not_requested,not_requested,0.0,
REF000004924,BKG000005416,PAY000005416,False,not_requested,not_requested,0.0,
REF000004925,BKG000005417,PAY000005417,False,not_requested,not_requested,0.0,
REF000004926,BKG000005418,PAY000005418,False,not_requested,not_requested,0.0,
REF000004927,BKG000005419,PAY000005419,False,not_requested,not_requested,0.0,
REF000004928,BKG000005420,PAY000005420,False,not_requested,not_requested,0.0,
REF000004929,BKG000005421,PAY000005421,False,not_requested,not_requested,0.0,
REF000004930,BKG000005422,PAY000005422,False,not_requested,not_requested,0.0,
REF000004931,BKG000005425,PAY000005425,False,not_requested,not_requested,0.0,
REF000004932,BKG000005426,PAY000005426,False,not_requested,not_requested,0.0,
REF000004933,BKG000005427,PAY000005427,False,not_requested,not_requested,0.0,
REF000004934,BKG000005428,PAY000005428,False,not_requested,not_requested,0.0,
REF000004935,BKG000005429,PAY000005429,False,not_requested,not_requested,0.0,
REF000004936,BKG000005430,PAY000005430,True,pending,duplicate_booking,409.17,2013-06-26 23:08:24
REF000004937,BKG000005431,PAY000005431,False,not_requested,not_requested,0.0,
REF000004938,BKG000005432,PAY000005432,False,not_requested,not_requested,0.0,
REF000004939,BKG000005435,PAY000005435,False,not_requested,not_requested,0.0,
REF000004940,BKG000005436,PAY000005436,False,not_requested,not_requested,0.0,
REF000004941,BKG000005437,PAY000005437,False,not_requested,not_requested,0.0,
REF000004942,BKG000005438,PAY000005438,False,not_requested,not_requested,0.0,
REF000004943,BKG000005439,PAY000005439,False,not_requested,not_requested,0.0,
REF000004944,BKG000005440,PAY000005440,False,not_requested,not_requested,0.0,
REF000004945,BKG000005441,PAY000005441,False,not_requested,not_requested,0.0,
REF000004946,BKG000005442,PAY000005442,False,not_requested,not_requested,0.0,
REF000004947,BKG000005443,PAY000005443,False,not_requested,not_requested,0.0,
REF000004948,BKG000005444,PAY000005444,False,not_requested,not_requested,0.0,
REF000004949,BKG000005445,PAY000005445,False,not_requested,not_requested,0.0,
REF000004950,BKG000005446,PAY000005446,False,not_requested,not_requested,0.0,
REF000004951,BKG000005448,PAY000005448,False,not_requested,not_requested,0.0,
REF000004952,BKG000005449,PAY000005449,False,not_requested,not_requested,0.0,
REF000004953,BKG000005450,PAY000005450,False,not_requested,not_requested,0.0,
REF000004954,BKG000005451,PAY000005451,False,not_requested,not_requested,0.0,
REF000004955,BKG000005453,PAY000005453,False,not_requested,not_requested,0.0,
REF000004956,BKG000005454,PAY000005454,False,not_requested,not_requested,0.0,
REF000004957,BKG000005455,PAY000005455,False,not_requested,not_requested,0.0,
REF000004958,BKG000005456,PAY000005456,False,not_requested,not_requested,0.0,
REF000004959,BKG000005457,PAY000005457,False,not_requested,not_requested,0.0,
REF000004960,BKG000005458,PAY000005458,False,not_requested,not_requested,0.0,
REF000004961,BKG000005459,PAY000005459,False,not_requested,not_requested,0.0,
REF000004962,BKG000005460,PAY000005460,False,not_requested,not_requested,0.0,
REF000004963,BKG000005461,PAY000005461,False,not_requested,not_requested,0.0,
REF000004964,BKG000005462,PAY000005462,False,not_requested,not_requested,0.0,
REF000004965,BKG000005463,PAY000005463,False,not_requested,not_requested,0.0,
REF000004966,BKG000005464,PAY000005464,False,not_requested,not_requested,0.0,
REF000004967,BKG000005465,PAY000005465,False,not_requested,not_requested,0.0,
REF000004968,BKG000005467,PAY000005467,False,not_requested,not_requested,0.0,
REF000004969,BKG000005468,PAY000005468,False,not_requested,not_requested,0.0,
REF000004970,BKG000005469,PAY000005469,False,not_requested,not_requested,0.0,
REF000004971,BKG000005470,PAY000005470,False,not_requested,not_requested,0.0,
REF000004972,BKG000005471,PAY000005471,False,not_requested,not_requested,0.0,
REF000004973,BKG000005472,PAY000005472,False,not_requested,not_requested,0.0,
REF000004974,BKG000005473,PAY000005473,False,not_requested,not_requested,0.0,
REF000004975,BKG000005474,PAY000005474,False,not_requested,not_requested,0.0,
REF000004976,BKG000005475,PAY000005475,False,not_requested,not_requested,0.0,
REF000004977,BKG000005476,PAY000005476,False,not_requested,not_requested,0.0,
REF000004978,BKG000005477,PAY000005477,False,not_requested,not_requested,0.0,
REF000004979,BKG000005478,PAY000005478,False,not_requested,not_requested,0.0,
REF000004980,BKG000005479,PAY000005479,False,not_requested,not_requested,0.0,
REF000004981,BKG000005480,PAY000005480,False,not_requested,not_requested,0.0,
REF000004982,BKG000005481,PAY000005481,False,not_requested,not_requested,0.0,
REF000004983,BKG000005482,PAY000005482,False,not_requested,not_requested,0.0,
REF000004984,BKG000005483,PAY000005483,False,not_requested,not_requested,0.0,
REF000004985,BKG000005484,PAY000005484,False,not_requested,not_requested,0.0,
REF000004986,BKG000005485,PAY000005485,False,not_requested,not_requested,0.0,
REF000004987,BKG000005486,PAY000005486,False,not_requested,not_requested,0.0,
REF000004988,BKG000005487,PAY000005487,False,not_requested,not_requested,0.0,
REF000004989,BKG000005488,PAY000005488,False,not_requested,not_requested,0.0,
REF000004990,BKG000005489,PAY000005489,False,not_requested,not_requested,0.0,
REF000004991,BKG000005490,PAY000005490,False,not_requested,not_requested,0.0,
REF000004992,BKG000005491,PAY000005491,False,not_requested,not_requested,0.0,
REF000004993,BKG000005492,PAY000005492,False,not_requested,not_requested,0.0,
REF000004994,BKG000005493,PAY000005493,False,not_requested,not_requested,0.0,
REF000004995,BKG000005494,PAY000005494,False,not_requested,not_requested,0.0,
REF000004996,BKG000005495,PAY000005495,False,not_requested,not_requested,0.0,
REF000004997,BKG000005497,PAY000005497,False,not_requested,not_requested,0.0,
REF000004998,BKG000005498,PAY000005498,False,not_requested,not_requested,0.0,
REF000004999,BKG000005499,PAY000005499,False,not_requested,not_requested,0.0,
REF000005000,BKG000005500,PAY000005500,False,not_requested,not_requested,0.0,
REF000005001,BKG000005501,PAY000005501,False,not_requested,not_requested,0.0,
REF000005002,BKG000005502,PAY000005502,False,not_requested,not_requested,0.0,
REF000005003,BKG000005503,PAY000005503,False,not_requested,not_requested,0.0,
REF000005004,BKG000005504,PAY000005504,False,not_requested,not_requested,0.0,
REF000005005,BKG000005505,PAY000005505,False,not_requested,not_requested,0.0,
REF000005006,BKG000005506,PAY000005506,False,not_requested,not_requested,0.0,
REF000005007,BKG000005507,PAY000005507,False,not_requested,not_requested,0.0,
REF000005008,BKG000005508,PAY000005508,False,not_requested,not_requested,0.0,
REF000005009,BKG000005509,PAY000005509,False,not_requested,not_requested,0.0,
REF000005010,BKG000005510,PAY000005510,False,not_requested,not_requested,0.0,
REF000005011,BKG000005511,PAY000005511,False,not_requested,not_requested,0.0,
REF000005012,BKG000005512,PAY000005512,False,not_requested,not_requested,0.0,
REF000005013,BKG000005513,PAY000005513,False,not_requested,not_requested,0.0,
REF000005014,BKG000005514,PAY000005514,False,not_requested,not_requested,0.0,
REF000005015,BKG000005515,PAY000005515,False,not_requested,not_requested,0.0,
REF000005016,BKG000005516,PAY000005516,False,not_requested,not_requested,0.0,
REF000005017,BKG000005517,PAY000005517,False,not_requested,not_requested,0.0,
REF000005018,BKG000005518,PAY000005518,False,not_requested,not_requested,0.0,
REF000005019,BKG000005519,PAY000005519,False,not_requested,not_requested,0.0,
REF000005020,BKG000005520,PAY000005520,False,not_requested,not_requested,0.0,
REF000005021,BKG000005521,PAY000005521,False,not_requested,not_requested,0.0,
REF000005022,BKG000005522,PAY000005522,False,not_requested,not_requested,0.0,
REF000005023,BKG000005523,PAY000005523,False,not_requested,not_requested,0.0,
REF000005024,BKG000005524,PAY000005524,False,not_requested,not_requested,0.0,
REF000005025,BKG000005525,PAY000005525,False,not_requested,not_requested,0.0,
REF000005026,BKG000005526,PAY000005526,False,not_requested,not_requested,0.0,
REF000005027,BKG000005527,PAY000005527,False,not_requested,not_requested,0.0,
REF000005028,BKG000005528,PAY000005528,False,not_requested,not_requested,0.0,
REF000005029,BKG000005529,PAY000005529,False,not_requested,not_requested,0.0,
REF000005030,BKG000005530,PAY000005530,False,not_requested,not_requested,0.0,
REF000005031,BKG000005531,PAY000005531,False,not_requested,not_requested,0.0,
REF000005032,BKG000005532,PAY000005532,False,not_requested,not_requested,0.0,
REF000005033,BKG000005533,PAY000005533,False,not_requested,not_requested,0.0,
REF000005034,BKG000005534,PAY000005534,False,not_requested,not_requested,0.0,
REF000005035,BKG000005535,PAY000005535,False,not_requested,not_requested,0.0,
REF000005036,BKG000005536,PAY000005536,False,not_requested,not_requested,0.0,
REF000005037,BKG000005537,PAY000005537,False,not_requested,not_requested,0.0,
REF000005038,BKG000005538,PAY000005538,False,not_requested,not_requested,0.0,
REF000005039,BKG000005539,PAY000005539,True,approved,airline_schedule_change,600.06,2014-10-27 07:39:30
REF000005040,BKG000005540,PAY000005540,True,approved,ticketing_failure,173.93,2013-05-24 10:48:06
REF000005041,BKG000005541,PAY000005541,False,not_requested,not_requested,0.0,
REF000005042,BKG000005542,PAY000005542,False,not_requested,not_requested,0.0,
REF000005043,BKG000005543,PAY000005543,False,not_requested,not_requested,0.0,
REF000005044,BKG000005544,PAY000005544,False,not_requested,not_requested,0.0,
REF000005045,BKG000005545,PAY000005545,False,not_requested,not_requested,0.0,
REF000005046,BKG000005546,PAY000005546,False,not_requested,not_requested,0.0,
REF000005047,BKG000005547,PAY000005547,False,not_requested,not_requested,0.0,
REF000005048,BKG000005548,PAY000005548,False,not_requested,not_requested,0.0,
REF000005049,BKG000005549,PAY000005549,False,not_requested,not_requested,0.0,
REF000005050,BKG000005550,PAY000005550,False,not_requested,not_requested,0.0,
REF000005051,BKG000005552,PAY000005552,False,not_requested,not_requested,0.0,
REF000005052,BKG000005554,PAY000005554,False,not_requested,not_requested,0.0,
REF000005053,BKG000005555,PAY000005555,False,not_requested,not_requested,0.0,
REF000005054,BKG000005556,PAY000005556,False,not_requested,not_requested,0.0,
REF000005055,BKG000005557,PAY000005557,False,not_requested,not_requested,0.0,
REF000005056,BKG000005558,PAY000005558,False,not_requested,not_requested,0.0,
REF000005057,BKG000005559,PAY000005559,False,not_requested,not_requested,0.0,
REF000005058,BKG000005560,PAY000005560,False,not_requested,not_requested,0.0,
REF000005059,BKG000005562,PAY000005562,False,not_requested,not_requested,0.0,
REF000005060,BKG000005563,PAY000005563,True,rejected,ticketing_failure,0.0,2014-08-26 15:19:28
REF000005061,BKG000005564,PAY000005564,False,not_requested,not_requested,0.0,
REF000005062,BKG000005565,PAY000005565,False,not_requested,not_requested,0.0,
REF000005063,BKG000005566,PAY000005566,False,not_requested,not_requested,0.0,
REF000005064,BKG000005567,PAY000005567,False,not_requested,not_requested,0.0,
REF000005065,BKG000005568,PAY000005568,False,not_requested,not_requested,0.0,
REF000005066,BKG000005569,PAY000005569,False,not_requested,not_requested,0.0,
REF000005067,BKG000005570,PAY000005570,False,not_requested,not_requested,0.0,
REF000005068,BKG000005571,PAY000005571,False,not_requested,not_requested,0.0,
REF000005069,BKG000005573,PAY000005573,False,not_requested,not_requested,0.0,
REF000005070,BKG000005574,PAY000005574,False,not_requested,not_requested,0.0,
REF000005071,BKG000005575,PAY000005575,False,not_requested,not_requested,0.0,
REF000005072,BKG000005577,PAY000005577,False,not_requested,not_requested,0.0,
REF000005073,BKG000005578,PAY000005578,False,not_requested,not_requested,0.0,
REF000005074,BKG000005579,PAY000005579,False,not_requested,not_requested,0.0,
REF000005075,BKG000005580,PAY000005580,False,not_requested,not_requested,0.0,
REF000005076,BKG000005581,PAY000005581,False,not_requested,not_requested,0.0,
REF000005077,BKG000005582,PAY000005582,False,not_requested,not_requested,0.0,
REF000005078,BKG000005583,PAY000005583,False,not_requested,not_requested,0.0,
REF000005079,BKG000005584,PAY000005584,False,not_requested,not_requested,0.0,
REF000005080,BKG000005586,PAY000005586,False,not_requested,not_requested,0.0,
REF000005081,BKG000005588,PAY000005588,False,not_requested,not_requested,0.0,
REF000005082,BKG000005589,PAY000005589,False,not_requested,not_requested,0.0,
REF000005083,BKG000005590,PAY000005590,False,not_requested,not_requested,0.0,
REF000005084,BKG000005591,PAY000005591,False,not_requested,not_requested,0.0,
REF000005085,BKG000005592,PAY000005592,False,not_requested,not_requested,0.0,
REF000005086,BKG000005593,PAY000005593,False,not_requested,not_requested,0.0,
REF000005087,BKG000005594,PAY000005594,False,not_requested,not_requested,0.0,
REF000005088,BKG000005595,PAY000005595,False,not_requested,not_requested,0.0,
REF000005089,BKG000005596,PAY000005596,False,not_requested,not_requested,0.0,
REF000005090,BKG000005597,PAY000005597,False,not_requested,not_requested,0.0,
REF000005091,BKG000005598,PAY000005598,False,not_requested,not_requested,0.0,
REF000005092,BKG000005599,PAY000005599,False,not_requested,not_requested,0.0,
REF000005093,BKG000005600,PAY000005600,False,not_requested,not_requested,0.0,
REF000005094,BKG000005601,PAY000005601,False,not_requested,not_requested,0.0,
REF000005095,BKG000005602,PAY000005602,False,not_requested,not_requested,0.0,
REF000005096,BKG000005603,PAY000005603,False,not_requested,not_requested,0.0,
REF000005097,BKG000005604,PAY000005604,False,not_requested,not_requested,0.0,
REF000005098,BKG000005605,PAY000005605,True,approved,customer_cancelled,121.96,2013-04-05 10:21:04
REF000005099,BKG000005606,PAY000005606,False,not_requested,not_requested,0.0,
REF000005100,BKG000005607,PAY000005607,False,not_requested,not_requested,0.0,
REF000005101,BKG000005608,PAY000005608,False,not_requested,not_requested,0.0,
REF000005102,BKG000005609,PAY000005609,False,not_requested,not_requested,0.0,
REF000005103,BKG000005610,PAY000005610,False,not_requested,not_requested,0.0,
REF000005104,BKG000005611,PAY000005611,False,not_requested,not_requested,0.0,
REF000005105,BKG000005612,PAY000005612,False,not_requested,not_requested,0.0,
REF000005106,BKG000005613,PAY000005613,False,not_requested,not_requested,0.0,
REF000005107,BKG000005614,PAY000005614,False,not_requested,not_requested,0.0,
REF000005108,BKG000005615,PAY000005615,False,not_requested,not_requested,0.0,
REF000005109,BKG000005616,PAY000005616,False,not_requested,not_requested,0.0,
REF000005110,BKG000005617,PAY000005617,False,not_requested,not_requested,0.0,
REF000005111,BKG000005620,PAY000005620,False,not_requested,not_requested,0.0,
REF000005112,BKG000005621,PAY000005621,False,not_requested,not_requested,0.0,
REF000005113,BKG000005622,PAY000005622,False,not_requested,not_requested,0.0,
REF000005114,BKG000005623,PAY000005623,False,not_requested,not_requested,0.0,
REF000005115,BKG000005624,PAY000005624,False,not_requested,not_requested,0.0,
REF000005116,BKG000005625,PAY000005625,False,not_requested,not_requested,0.0,
REF000005117,BKG000005626,PAY000005626,False,not_requested,not_requested,0.0,
REF000005118,BKG000005627,PAY000005627,False,not_requested,not_requested,0.0,
REF000005119,BKG000005628,PAY000005628,False,not_requested,not_requested,0.0,
REF000005120,BKG000005629,PAY000005629,False,not_requested,not_requested,0.0,
REF000005121,BKG000005630,PAY000005630,False,not_requested,not_requested,0.0,
REF000005122,BKG000005631,PAY000005631,False,not_requested,not_requested,0.0,
REF000005123,BKG000005632,PAY000005632,False,not_requested,not_requested,0.0,
REF000005124,BKG000005633,PAY000005633,False,not_requested,not_requested,0.0,
REF000005125,BKG000005634,PAY000005634,False,not_requested,not_requested,0.0,
REF000005126,BKG000005635,PAY000005635,False,not_requested,not_requested,0.0,
REF000005127,BKG000005636,PAY000005636,False,not_requested,not_requested,0.0,
REF000005128,BKG000005637,PAY000005637,False,not_requested,not_requested,0.0,
REF000005129,BKG000005638,PAY000005638,False,not_requested,not_requested,0.0,
REF000005130,BKG000005639,PAY000005639,False,not_requested,not_requested,0.0,
REF000005131,BKG000005640,PAY000005640,False,not_requested,not_requested,0.0,
REF000005132,BKG000005641,PAY000005641,False,not_requested,not_requested,0.0,
REF000005133,BKG000005642,PAY000005642,False,not_requested,not_requested,0.0,
REF000005134,BKG000005643,PAY000005643,False,not_requested,not_requested,0.0,
REF000005135,BKG000005644,PAY000005644,False,not_requested,not_requested,0.0,
REF000005136,BKG000005645,PAY000005645,False,not_requested,not_requested,0.0,
REF000005137,BKG000005646,PAY000005646,False,not_requested,not_requested,0.0,
REF000005138,BKG000005647,PAY000005647,False,not_requested,not_requested,0.0,
REF000005139,BKG000005648,PAY000005648,False,not_requested,not_requested,0.0,
REF000005140,BKG000005649,PAY000005649,False,not_requested,not_requested,0.0,
REF000005141,BKG000005650,PAY000005650,False,not_requested,not_requested,0.0,
REF000005142,BKG000005652,PAY000005652,False,not_requested,not_requested,0.0,
REF000005143,BKG000005653,PAY000005653,False,not_requested,not_requested,0.0,
REF000005144,BKG000005654,PAY000005654,False,not_requested,not_requested,0.0,
REF000005145,BKG000005655,PAY000005655,False,not_requested,not_requested,0.0,
REF000005146,BKG000005656,PAY000005656,False,not_requested,not_requested,0.0,
REF000005147,BKG000005657,PAY000005657,False,not_requested,not_requested,0.0,
REF000005148,BKG000005658,PAY000005658,False,not_requested,not_requested,0.0,
REF000005149,BKG000005659,PAY000005659,True,pending,duplicate_booking,88.49,2014-07-18 17:21:24
REF000005150,BKG000005660,PAY000005660,False,not_requested,not_requested,0.0,
REF000005151,BKG000005661,PAY000005661,False,not_requested,not_requested,0.0,
REF000005152,BKG000005662,PAY000005662,False,not_requested,not_requested,0.0,
REF000005153,BKG000005664,PAY000005664,False,not_requested,not_requested,0.0,
REF000005154,BKG000005665,PAY000005665,False,not_requested,not_requested,0.0,
REF000005155,BKG000005666,PAY000005666,False,not_requested,not_requested,0.0,
REF000005156,BKG000005667,PAY000005667,False,not_requested,not_requested,0.0,
REF000005157,BKG000005668,PAY000005668,False,not_requested,not_requested,0.0,
REF000005158,BKG000005669,PAY000005669,False,not_requested,not_requested,0.0,
REF000005159,BKG000005670,PAY000005670,False,not_requested,not_requested,0.0,
REF000005160,BKG000005671,PAY000005671,True,approved,airline_schedule_change,493.46,2014-06-18 08:12:38
REF000005161,BKG000005672,PAY000005672,False,not_requested,not_requested,0.0,
REF000005162,BKG000005673,PAY000005673,False,not_requested,not_requested,0.0,
REF000005163,BKG000005674,PAY000005674,False,not_requested,not_requested,0.0,
REF000005164,BKG000005675,PAY000005675,False,not_requested,not_requested,0.0,
REF000005165,BKG000005676,PAY000005676,False,not_requested,not_requested,0.0,
REF000005166,BKG000005677,PAY000005677,False,not_requested,not_requested,0.0,
REF000005167,BKG000005678,PAY000005678,False,not_requested,not_requested,0.0,
REF000005168,BKG000005679,PAY000005679,False,not_requested,not_requested,0.0,
REF000005169,BKG000005680,PAY000005680,True,pending,customer_cancelled,144.16,2013-06-25 01:02:29
REF000005170,BKG000005682,PAY000005682,False,not_requested,not_requested,0.0,
REF000005171,BKG000005683,PAY000005683,False,not_requested,not_requested,0.0,
REF000005172,BKG000005684,PAY000005684,False,not_requested,not_requested,0.0,
REF000005173,BKG000005685,PAY000005685,False,not_requested,not_requested,0.0,
REF000005174,BKG000005686,PAY000005686,False,not_requested,not_requested,0.0,
REF000005175,BKG000005687,PAY000005687,False,not_requested,not_requested,0.0,
REF000005176,BKG000005688,PAY000005688,True,approved,airline_schedule_change,231.5,2013-04-25 00:39:17
REF000005177,BKG000005689,PAY000005689,False,not_requested,not_requested,0.0,
REF000005178,BKG000005690,PAY000005690,False,not_requested,not_requested,0.0,
REF000005179,BKG000005691,PAY000005691,False,not_requested,not_requested,0.0,
REF000005180,BKG000005692,PAY000005692,False,not_requested,not_requested,0.0,
REF000005181,BKG000005694,PAY000005694,False,not_requested,not_requested,0.0,
REF000005182,BKG000005695,PAY000005695,False,not_requested,not_requested,0.0,
REF000005183,BKG000005696,PAY000005696,False,not_requested,not_requested,0.0,
REF000005184,BKG000005697,PAY000005697,False,not_requested,not_requested,0.0,
REF000005185,BKG000005698,PAY000005698,False,not_requested,not_requested,0.0,
REF000005186,BKG000005699,PAY000005699,False,not_requested,not_requested,0.0,
REF000005187,BKG000005700,PAY000005700,False,not_requested,not_requested,0.0,
REF000005188,BKG000005702,PAY000005702,False,not_requested,not_requested,0.0,
REF000005189,BKG000005703,PAY000005703,False,not_requested,not_requested,0.0,
REF000005190,BKG000005704,PAY000005704,False,not_requested,not_requested,0.0,
REF000005191,BKG000005705,PAY000005705,False,not_requested,not_requested,0.0,
REF000005192,BKG000005706,PAY000005706,False,not_requested,not_requested,0.0,
REF000005193,BKG000005707,PAY000005707,False,not_requested,not_requested,0.0,
REF000005194,BKG000005708,PAY000005708,True,approved,customer_cancelled,70.0,2014-10-17 11:56:28
REF000005195,BKG000005709,PAY000005709,False,not_requested,not_requested,0.0,
REF000005196,BKG000005710,PAY000005710,False,not_requested,not_requested,0.0,
REF000005197,BKG000005711,PAY000005711,False,not_requested,not_requested,0.0,
REF000005198,BKG000005713,PAY000005713,False,not_requested,not_requested,0.0,
REF000005199,BKG000005714,PAY000005714,False,not_requested,not_requested,0.0,
REF000005200,BKG000005715,PAY000005715,False,not_requested,not_requested,0.0,
REF000005201,BKG000005716,PAY000005716,False,not_requested,not_requested,0.0,
REF000005202,BKG000005717,PAY000005717,False,not_requested,not_requested,0.0,
REF000005203,BKG000005718,PAY000005718,False,not_requested,not_requested,0.0,
REF000005204,BKG000005719,PAY000005719,False,not_requested,not_requested,0.0,
REF000005205,BKG000005720,PAY000005720,False,not_requested,not_requested,0.0,
REF000005206,BKG000005721,PAY000005721,False,not_requested,not_requested,0.0,
REF000005207,BKG000005722,PAY000005722,False,not_requested,not_requested,0.0,
REF000005208,BKG000005723,PAY000005723,False,not_requested,not_requested,0.0,
REF000005209,BKG000005724,PAY000005724,False,not_requested,not_requested,0.0,
REF000005210,BKG000005725,PAY000005725,True,approved,customer_cancelled,257.11,2014-10-30 20:11:39
REF000005211,BKG000005726,PAY000005726,False,not_requested,not_requested,0.0,
REF000005212,BKG000005727,PAY000005727,False,not_requested,not_requested,0.0,
REF000005213,BKG000005728,PAY000005728,False,not_requested,not_requested,0.0,
REF000005214,BKG000005729,PAY000005729,False,not_requested,not_requested,0.0,
REF000005215,BKG000005730,PAY000005730,False,not_requested,not_requested,0.0,
REF000005216,BKG000005731,PAY000005731,False,not_requested,not_requested,0.0,
REF000005217,BKG000005732,PAY000005732,False,not_requested,not_requested,0.0,
REF000005218,BKG000005733,PAY000005733,False,not_requested,not_requested,0.0,
REF000005219,BKG000005734,PAY000005734,False,not_requested,not_requested,0.0,
REF000005220,BKG000005735,PAY000005735,False,not_requested,not_requested,0.0,
REF000005221,BKG000005736,PAY000005736,True,approved,customer_cancelled,155.48,2014-10-23 23:16:23
REF000005222,BKG000005738,PAY000005738,False,not_requested,not_requested,0.0,
REF000005223,BKG000005739,PAY000005739,False,not_requested,not_requested,0.0,
REF000005224,BKG000005740,PAY000005740,False,not_requested,not_requested,0.0,
REF000005225,BKG000005741,PAY000005741,True,approved,airline_schedule_change,289.77,2013-11-23 14:14:25
REF000005226,BKG000005742,PAY000005742,False,not_requested,not_requested,0.0,
REF000005227,BKG000005743,PAY000005743,False,not_requested,not_requested,0.0,
REF000005228,BKG000005744,PAY000005744,False,not_requested,not_requested,0.0,
REF000005229,BKG000005746,PAY000005746,False,not_requested,not_requested,0.0,
REF000005230,BKG000005747,PAY000005747,False,not_requested,not_requested,0.0,
REF000005231,BKG000005748,PAY000005748,False,not_requested,not_requested,0.0,
REF000005232,BKG000005750,PAY000005750,False,not_requested,not_requested,0.0,
REF000005233,BKG000005751,PAY000005751,False,not_requested,not_requested,0.0,
REF000005234,BKG000005752,PAY000005752,False,not_requested,not_requested,0.0,
REF000005235,BKG000005753,PAY000005753,False,not_requested,not_requested,0.0,
REF000005236,BKG000005754,PAY000005754,False,not_requested,not_requested,0.0,
REF000005237,BKG000005756,PAY000005756,False,not_requested,not_requested,0.0,
REF000005238,BKG000005757,PAY000005757,False,not_requested,not_requested,0.0,
REF000005239,BKG000005758,PAY000005758,False,not_requested,not_requested,0.0,
REF000005240,BKG000005761,PAY000005761,False,not_requested,not_requested,0.0,
REF000005241,BKG000005762,PAY000005762,False,not_requested,not_requested,0.0,
REF000005242,BKG000005763,PAY000005763,False,not_requested,not_requested,0.0,
REF000005243,BKG000005764,PAY000005764,True,approved,duplicate_booking,450.3,2013-11-15 17:04:00
REF000005244,BKG000005765,PAY000005765,False,not_requested,not_requested,0.0,
REF000005245,BKG000005766,PAY000005766,False,not_requested,not_requested,0.0,
REF000005246,BKG000005768,PAY000005768,False,not_requested,not_requested,0.0,
REF000005247,BKG000005769,PAY000005769,False,not_requested,not_requested,0.0,
REF000005248,BKG000005770,PAY000005770,False,not_requested,not_requested,0.0,
REF000005249,BKG000005771,PAY000005771,False,not_requested,not_requested,0.0,
REF000005250,BKG000005772,PAY000005772,False,not_requested,not_requested,0.0,
REF000005251,BKG000005773,PAY000005773,False,not_requested,not_requested,0.0,
REF000005252,BKG000005774,PAY000005774,False,not_requested,not_requested,0.0,
REF000005253,BKG000005775,PAY000005775,False,not_requested,not_requested,0.0,
REF000005254,BKG000005776,PAY000005776,False,not_requested,not_requested,0.0,
REF000005255,BKG000005778,PAY000005778,False,not_requested,not_requested,0.0,
REF000005256,BKG000005779,PAY000005779,False,not_requested,not_requested,0.0,
REF000005257,BKG000005780,PAY000005780,False,not_requested,not_requested,0.0,
REF000005258,BKG000005782,PAY000005782,False,not_requested,not_requested,0.0,
REF000005259,BKG000005783,PAY000005783,False,not_requested,not_requested,0.0,
REF000005260,BKG000005784,PAY000005784,False,not_requested,not_requested,0.0,
REF000005261,BKG000005785,PAY000005785,False,not_requested,not_requested,0.0,
REF000005262,BKG000005786,PAY000005786,False,not_requested,not_requested,0.0,
REF000005263,BKG000005787,PAY000005787,False,not_requested,not_requested,0.0,
REF000005264,BKG000005788,PAY000005788,False,not_requested,not_requested,0.0,
REF000005265,BKG000005789,PAY000005789,False,not_requested,not_requested,0.0,
REF000005266,BKG000005790,PAY000005790,False,not_requested,not_requested,0.0,
REF000005267,BKG000005791,PAY000005791,False,not_requested,not_requested,0.0,
REF000005268,BKG000005792,PAY000005792,False,not_requested,not_requested,0.0,
REF000005269,BKG000005793,PAY000005793,False,not_requested,not_requested,0.0,
REF000005270,BKG000005794,PAY000005794,False,not_requested,not_requested,0.0,
REF000005271,BKG000005795,PAY000005795,False,not_requested,not_requested,0.0,
REF000005272,BKG000005796,PAY000005796,False,not_requested,not_requested,0.0,
REF000005273,BKG000005797,PAY000005797,False,not_requested,not_requested,0.0,
REF000005274,BKG000005798,PAY000005798,False,not_requested,not_requested,0.0,
REF000005275,BKG000005799,PAY000005799,False,not_requested,not_requested,0.0,
REF000005276,BKG000005800,PAY000005800,False,not_requested,not_requested,0.0,
REF000005277,BKG000005802,PAY000005802,False,not_requested,not_requested,0.0,
REF000005278,BKG000005803,PAY000005803,True,approved,ticketing_failure,184.87,2014-04-29 15:39:48
REF000005279,BKG000005804,PAY000005804,False,not_requested,not_requested,0.0,
REF000005280,BKG000005805,PAY000005805,False,not_requested,not_requested,0.0,
REF000005281,BKG000005806,PAY000005806,False,not_requested,not_requested,0.0,
REF000005282,BKG000005807,PAY000005807,False,not_requested,not_requested,0.0,
REF000005283,BKG000005808,PAY000005808,False,not_requested,not_requested,0.0,
REF000005284,BKG000005809,PAY000005809,False,not_requested,not_requested,0.0,
REF000005285,BKG000005811,PAY000005811,False,not_requested,not_requested,0.0,
REF000005286,BKG000005812,PAY000005812,False,not_requested,not_requested,0.0,
REF000005287,BKG000005815,PAY000005815,False,not_requested,not_requested,0.0,
REF000005288,BKG000005816,PAY000005816,False,not_requested,not_requested,0.0,
REF000005289,BKG000005817,PAY000005817,True,pending,ticketing_failure,296.34,2014-04-14 19:14:07
REF000005290,BKG000005818,PAY000005818,False,not_requested,not_requested,0.0,
REF000005291,BKG000005819,PAY000005819,False,not_requested,not_requested,0.0,
REF000005292,BKG000005820,PAY000005820,False,not_requested,not_requested,0.0,
REF000005293,BKG000005821,PAY000005821,False,not_requested,not_requested,0.0,
REF000005294,BKG000005822,PAY000005822,False,not_requested,not_requested,0.0,
REF000005295,BKG000005823,PAY000005823,False,not_requested,not_requested,0.0,
REF000005296,BKG000005824,PAY000005824,False,not_requested,not_requested,0.0,
REF000005297,BKG000005825,PAY000005825,False,not_requested,not_requested,0.0,
REF000005298,BKG000005826,PAY000005826,False,not_requested,not_requested,0.0,
REF000005299,BKG000005827,PAY000005827,False,not_requested,not_requested,0.0,
REF000005300,BKG000005828,PAY000005828,False,not_requested,not_requested,0.0,
REF000005301,BKG000005829,PAY000005829,False,not_requested,not_requested,0.0,
REF000005302,BKG000005830,PAY000005830,False,not_requested,not_requested,0.0,
REF000005303,BKG000005831,PAY000005831,False,not_requested,not_requested,0.0,
REF000005304,BKG000005832,PAY000005832,False,not_requested,not_requested,0.0,
REF000005305,BKG000005834,PAY000005834,False,not_requested,not_requested,0.0,
REF000005306,BKG000005835,PAY000005835,False,not_requested,not_requested,0.0,
REF000005307,BKG000005837,PAY000005837,False,not_requested,not_requested,0.0,
REF000005308,BKG000005838,PAY000005838,False,not_requested,not_requested,0.0,
REF000005309,BKG000005839,PAY000005839,False,not_requested,not_requested,0.0,
REF000005310,BKG000005840,PAY000005840,False,not_requested,not_requested,0.0,
REF000005311,BKG000005841,PAY000005841,False,not_requested,not_requested,0.0,
REF000005312,BKG000005842,PAY000005842,False,not_requested,not_requested,0.0,
REF000005313,BKG000005843,PAY000005843,False,not_requested,not_requested,0.0,
REF000005314,BKG000005844,PAY000005844,False,not_requested,not_requested,0.0,
REF000005315,BKG000005845,PAY000005845,False,not_requested,not_requested,0.0,
REF000005316,BKG000005846,PAY000005846,False,not_requested,not_requested,0.0,
REF000005317,BKG000005848,PAY000005848,False,not_requested,not_requested,0.0,
REF000005318,BKG000005849,PAY000005849,False,not_requested,not_requested,0.0,
REF000005319,BKG000005850,PAY000005850,False,not_requested,not_requested,0.0,
REF000005320,BKG000005851,PAY000005851,True,approved,ticketing_failure,293.43,2013-06-20 19:42:38
REF000005321,BKG000005852,PAY000005852,False,not_requested,not_requested,0.0,
REF000005322,BKG000005853,PAY000005853,False,not_requested,not_requested,0.0,
REF000005323,BKG000005854,PAY000005854,False,not_requested,not_requested,0.0,
REF000005324,BKG000005855,PAY000005855,False,not_requested,not_requested,0.0,
REF000005325,BKG000005856,PAY000005856,True,pending,duplicate_booking,640.77,2013-04-04 11:02:30
REF000005326,BKG000005857,PAY000005857,False,not_requested,not_requested,0.0,
REF000005327,BKG000005859,PAY000005859,False,not_requested,not_requested,0.0,
REF000005328,BKG000005860,PAY000005860,False,not_requested,not_requested,0.0,
REF000005329,BKG000005861,PAY000005861,False,not_requested,not_requested,0.0,
REF000005330,BKG000005862,PAY000005862,False,not_requested,not_requested,0.0,
REF000005331,BKG000005863,PAY000005863,False,not_requested,not_requested,0.0,
REF000005332,BKG000005864,PAY000005864,False,not_requested,not_requested,0.0,
REF000005333,BKG000005865,PAY000005865,False,not_requested,not_requested,0.0,
REF000005334,BKG000005866,PAY000005866,False,not_requested,not_requested,0.0,
REF000005335,BKG000005867,PAY000005867,False,not_requested,not_requested,0.0,
REF000005336,BKG000005868,PAY000005868,False,not_requested,not_requested,0.0,
REF000005337,BKG000005869,PAY000005869,False,not_requested,not_requested,0.0,
REF000005338,BKG000005870,PAY000005870,False,not_requested,not_requested,0.0,
REF000005339,BKG000005871,PAY000005871,False,not_requested,not_requested,0.0,
REF000005340,BKG000005872,PAY000005872,False,not_requested,not_requested,0.0,
REF000005341,BKG000005873,PAY000005873,False,not_requested,not_requested,0.0,
REF000005342,BKG000005874,PAY000005874,False,not_requested,not_requested,0.0,
REF000005343,BKG000005875,PAY000005875,False,not_requested,not_requested,0.0,
REF000005344,BKG000005876,PAY000005876,False,not_requested,not_requested,0.0,
REF000005345,BKG000005877,PAY000005877,False,not_requested,not_requested,0.0,
REF000005346,BKG000005878,PAY000005878,True,approved,customer_cancelled,156.48,2014-10-06 05:56:21
REF000005347,BKG000005879,PAY000005879,False,not_requested,not_requested,0.0,
REF000005348,BKG000005880,PAY000005880,False,not_requested,not_requested,0.0,
REF000005349,BKG000005882,PAY000005882,False,not_requested,not_requested,0.0,
REF000005350,BKG000005884,PAY000005884,False,not_requested,not_requested,0.0,
REF000005351,BKG000005885,PAY000005885,False,not_requested,not_requested,0.0,
REF000005352,BKG000005886,PAY000005886,True,rejected,payment_dispute,0.0,2013-04-01 09:09:32
REF000005353,BKG000005887,PAY000005887,False,not_requested,not_requested,0.0,
REF000005354,BKG000005888,PAY000005888,False,not_requested,not_requested,0.0,
REF000005355,BKG000005890,PAY000005890,False,not_requested,not_requested,0.0,
REF000005356,BKG000005891,PAY000005891,False,not_requested,not_requested,0.0,
REF000005357,BKG000005892,PAY000005892,False,not_requested,not_requested,0.0,
REF000005358,BKG000005893,PAY000005893,False,not_requested,not_requested,0.0,
REF000005359,BKG000005894,PAY000005894,False,not_requested,not_requested,0.0,
REF000005360,BKG000005895,PAY000005895,False,not_requested,not_requested,0.0,
REF000005361,BKG000005896,PAY000005896,False,not_requested,not_requested,0.0,
REF000005362,BKG000005897,PAY000005897,False,not_requested,not_requested,0.0,
REF000005363,BKG000005898,PAY000005898,False,not_requested,not_requested,0.0,
REF000005364,BKG000005899,PAY000005899,False,not_requested,not_requested,0.0,
REF000005365,BKG000005900,PAY000005900,False,not_requested,not_requested,0.0,
REF000005366,BKG000005901,PAY000005901,False,not_requested,not_requested,0.0,
REF000005367,BKG000005902,PAY000005902,False,not_requested,not_requested,0.0,
REF000005368,BKG000005903,PAY000005903,False,not_requested,not_requested,0.0,
REF000005369,BKG000005904,PAY000005904,False,not_requested,not_requested,0.0,
REF000005370,BKG000005905,PAY000005905,False,not_requested,not_requested,0.0,
REF000005371,BKG000005906,PAY000005906,False,not_requested,not_requested,0.0,
REF000005372,BKG000005907,PAY000005907,False,not_requested,not_requested,0.0,
REF000005373,BKG000005908,PAY000005908,False,not_requested,not_requested,0.0,
REF000005374,BKG000005909,PAY000005909,True,approved,customer_cancelled,256.89,2014-06-24 19:00:22
REF000005375,BKG000005910,PAY000005910,False,not_requested,not_requested,0.0,
REF000005376,BKG000005911,PAY000005911,False,not_requested,not_requested,0.0,
REF000005377,BKG000005913,PAY000005913,False,not_requested,not_requested,0.0,
REF000005378,BKG000005914,PAY000005914,False,not_requested,not_requested,0.0,
REF000005379,BKG000005915,PAY000005915,False,not_requested,not_requested,0.0,
REF000005380,BKG000005916,PAY000005916,False,not_requested,not_requested,0.0,
REF000005381,BKG000005917,PAY000005917,False,not_requested,not_requested,0.0,
REF000005382,BKG000005918,PAY000005918,False,not_requested,not_requested,0.0,
REF000005383,BKG000005920,PAY000005920,False,not_requested,not_requested,0.0,
REF000005384,BKG000005921,PAY000005921,False,not_requested,not_requested,0.0,
REF000005385,BKG000005923,PAY000005923,False,not_requested,not_requested,0.0,
REF000005386,BKG000005924,PAY000005924,True,rejected,payment_dispute,0.0,2014-11-29 20:53:31
REF000005387,BKG000005925,PAY000005925,False,not_requested,not_requested,0.0,
REF000005388,BKG000005926,PAY000005926,False,not_requested,not_requested,0.0,
REF000005389,BKG000005927,PAY000005927,False,not_requested,not_requested,0.0,
REF000005390,BKG000005928,PAY000005928,False,not_requested,not_requested,0.0,
REF000005391,BKG000005929,PAY000005929,False,not_requested,not_requested,0.0,
REF000005392,BKG000005930,PAY000005930,False,not_requested,not_requested,0.0,
REF000005393,BKG000005931,PAY000005931,False,not_requested,not_requested,0.0,
REF000005394,BKG000005932,PAY000005932,False,not_requested,not_requested,0.0,
REF000005395,BKG000005933,PAY000005933,False,not_requested,not_requested,0.0,
REF000005396,BKG000005934,PAY000005934,False,not_requested,not_requested,0.0,
REF000005397,BKG000005936,PAY000005936,False,not_requested,not_requested,0.0,
REF000005398,BKG000005937,PAY000005937,False,not_requested,not_requested,0.0,
REF000005399,BKG000005938,PAY000005938,False,not_requested,not_requested,0.0,
REF000005400,BKG000005939,PAY000005939,False,not_requested,not_requested,0.0,
REF000005401,BKG000005940,PAY000005940,False,not_requested,not_requested,0.0,
REF000005402,BKG000005941,PAY000005941,False,not_requested,not_requested,0.0,
REF000005403,BKG000005944,PAY000005944,False,not_requested,not_requested,0.0,
REF000005404,BKG000005945,PAY000005945,False,not_requested,not_requested,0.0,
REF000005405,BKG000005946,PAY000005946,False,not_requested,not_requested,0.0,
REF000005406,BKG000005947,PAY000005947,False,not_requested,not_requested,0.0,
REF000005407,BKG000005948,PAY000005948,False,not_requested,not_requested,0.0,
REF000005408,BKG000005949,PAY000005949,False,not_requested,not_requested,0.0,
REF000005409,BKG000005950,PAY000005950,False,not_requested,not_requested,0.0,
REF000005410,BKG000005951,PAY000005951,True,approved,duplicate_booking,674.91,2014-09-01 20:13:08
REF000005411,BKG000005952,PAY000005952,False,not_requested,not_requested,0.0,
REF000005412,BKG000005953,PAY000005953,False,not_requested,not_requested,0.0,
REF000005413,BKG000005954,PAY000005954,False,not_requested,not_requested,0.0,
REF000005414,BKG000005955,PAY000005955,False,not_requested,not_requested,0.0,
REF000005415,BKG000005956,PAY000005956,False,not_requested,not_requested,0.0,
REF000005416,BKG000005957,PAY000005957,False,not_requested,not_requested,0.0,
REF000005417,BKG000005958,PAY000005958,False,not_requested,not_requested,0.0,
REF000005418,BKG000005959,PAY000005959,False,not_requested,not_requested,0.0,
REF000005419,BKG000005960,PAY000005960,True,pending,customer_cancelled,133.14,2014-04-30 12:13:59
REF000005420,BKG000005961,PAY000005961,False,not_requested,not_requested,0.0,
REF000005421,BKG000005962,PAY000005962,False,not_requested,not_requested,0.0,
REF000005422,BKG000005963,PAY000005963,False,not_requested,not_requested,0.0,
REF000005423,BKG000005964,PAY000005964,False,not_requested,not_requested,0.0,
REF000005424,BKG000005965,PAY000005965,False,not_requested,not_requested,0.0,
REF000005425,BKG000005966,PAY000005966,False,not_requested,not_requested,0.0,
REF000005426,BKG000005967,PAY000005967,False,not_requested,not_requested,0.0,
REF000005427,BKG000005968,PAY000005968,False,not_requested,not_requested,0.0,
REF000005428,BKG000005969,PAY000005969,False,not_requested,not_requested,0.0,
REF000005429,BKG000005970,PAY000005970,False,not_requested,not_requested,0.0,
REF000005430,BKG000005972,PAY000005972,False,not_requested,not_requested,0.0,
REF000005431,BKG000005973,PAY000005973,False,not_requested,not_requested,0.0,
REF000005432,BKG000005974,PAY000005974,False,not_requested,not_requested,0.0,
REF000005433,BKG000005976,PAY000005976,False,not_requested,not_requested,0.0,
REF000005434,BKG000005977,PAY000005977,False,not_requested,not_requested,0.0,
REF000005435,BKG000005978,PAY000005978,False,not_requested,not_requested,0.0,
REF000005436,BKG000005979,PAY000005979,False,not_requested,not_requested,0.0,
REF000005437,BKG000005980,PAY000005980,False,not_requested,not_requested,0.0,
REF000005438,BKG000005981,PAY000005981,False,not_requested,not_requested,0.0,
REF000005439,BKG000005982,PAY000005982,False,not_requested,not_requested,0.0,
REF000005440,BKG000005983,PAY000005983,False,not_requested,not_requested,0.0,
REF000005441,BKG000005984,PAY000005984,False,not_requested,not_requested,0.0,
REF000005442,BKG000005985,PAY000005985,False,not_requested,not_requested,0.0,
REF000005443,BKG000005986,PAY000005986,False,not_requested,not_requested,0.0,
REF000005444,BKG000005987,PAY000005987,False,not_requested,not_requested,0.0,
REF000005445,BKG000005988,PAY000005988,False,not_requested,not_requested,0.0,
REF000005446,BKG000005989,PAY000005989,False,not_requested,not_requested,0.0,
REF000005447,BKG000005990,PAY000005990,False,not_requested,not_requested,0.0,
REF000005448,BKG000005991,PAY000005991,False,not_requested,not_requested,0.0,
REF000005449,BKG000005992,PAY000005992,False,not_requested,not_requested,0.0,
REF000005450,BKG000005993,PAY000005993,False,not_requested,not_requested,0.0,
REF000005451,BKG000005994,PAY000005994,False,not_requested,not_requested,0.0,
REF000005452,BKG000005995,PAY000005995,False,not_requested,not_requested,0.0,
REF000005453,BKG000005996,PAY000005996,False,not_requested,not_requested,0.0,
REF000005454,BKG000005997,PAY000005997,False,not_requested,not_requested,0.0,
REF000005455,BKG000005998,PAY000005998,False,not_requested,not_requested,0.0,
REF000005456,BKG000005999,PAY000005999,False,not_requested,not_requested,0.0,
REF000005457,BKG000006000,PAY000006000,False,not_requested,not_requested,0.0,
REF000005458,BKG000006001,PAY000006001,False,not_requested,not_requested,0.0,
REF000005459,BKG000006002,PAY000006002,False,not_requested,not_requested,0.0,
REF000005460,BKG000006003,PAY000006003,False,not_requested,not_requested,0.0,
REF000005461,BKG000006004,PAY000006004,False,not_requested,not_requested,0.0,
REF000005462,BKG000006005,PAY000006005,False,not_requested,not_requested,0.0,
REF000005463,BKG000006006,PAY000006006,False,not_requested,not_requested,0.0,
REF000005464,BKG000006007,PAY000006007,True,rejected,customer_cancelled,0.0,2014-08-30 20:14:16
REF000005465,BKG000006008,PAY000006008,False,not_requested,not_requested,0.0,
REF000005466,BKG000006011,PAY000006011,False,not_requested,not_requested,0.0,
REF000005467,BKG000006012,PAY000006012,False,not_requested,not_requested,0.0,
REF000005468,BKG000006013,PAY000006013,False,not_requested,not_requested,0.0,
REF000005469,BKG000006014,PAY000006014,False,not_requested,not_requested,0.0,
REF000005470,BKG000006015,PAY000006015,False,not_requested,not_requested,0.0,
REF000005471,BKG000006016,PAY000006016,False,not_requested,not_requested,0.0,
REF000005472,BKG000006017,PAY000006017,False,not_requested,not_requested,0.0,
REF000005473,BKG000006018,PAY000006018,False,not_requested,not_requested,0.0,
REF000005474,BKG000006019,PAY000006019,False,not_requested,not_requested,0.0,
REF000005475,BKG000006020,PAY000006020,False,not_requested,not_requested,0.0,
REF000005476,BKG000006021,PAY000006021,False,not_requested,not_requested,0.0,
REF000005477,BKG000006023,PAY000006023,False,not_requested,not_requested,0.0,
REF000005478,BKG000006024,PAY000006024,False,not_requested,not_requested,0.0,
REF000005479,BKG000006025,PAY000006025,False,not_requested,not_requested,0.0,
REF000005480,BKG000006026,PAY000006026,False,not_requested,not_requested,0.0,
REF000005481,BKG000006027,PAY000006027,False,not_requested,not_requested,0.0,
REF000005482,BKG000006028,PAY000006028,False,not_requested,not_requested,0.0,
REF000005483,BKG000006029,PAY000006029,True,approved,customer_cancelled,873.31,2013-06-05 15:55:27
REF000005484,BKG000006030,PAY000006030,False,not_requested,not_requested,0.0,
REF000005485,BKG000006031,PAY000006031,False,not_requested,not_requested,0.0,
REF000005486,BKG000006032,PAY000006032,False,not_requested,not_requested,0.0,
REF000005487,BKG000006033,PAY000006033,False,not_requested,not_requested,0.0,
REF000005488,BKG000006034,PAY000006034,False,not_requested,not_requested,0.0,
REF000005489,BKG000006035,PAY000006035,False,not_requested,not_requested,0.0,
REF000005490,BKG000006036,PAY000006036,False,not_requested,not_requested,0.0,
REF000005491,BKG000006037,PAY000006037,False,not_requested,not_requested,0.0,
REF000005492,BKG000006038,PAY000006038,False,not_requested,not_requested,0.0,
REF000005493,BKG000006039,PAY000006039,False,not_requested,not_requested,0.0,
REF000005494,BKG000006040,PAY000006040,False,not_requested,not_requested,0.0,
REF000005495,BKG000006041,PAY000006041,False,not_requested,not_requested,0.0,
REF000005496,BKG000006043,PAY000006043,False,not_requested,not_requested,0.0,
REF000005497,BKG000006044,PAY000006044,False,not_requested,not_requested,0.0,
REF000005498,BKG000006046,PAY000006046,False,not_requested,not_requested,0.0,
REF000005499,BKG000006047,PAY000006047,False,not_requested,not_requested,0.0,
REF000005500,BKG000006048,PAY000006048,False,not_requested,not_requested,0.0,
REF000005501,BKG000006049,PAY000006049,False,not_requested,not_requested,0.0,
REF000005502,BKG000006050,PAY000006050,False,not_requested,not_requested,0.0,
REF000005503,BKG000006051,PAY000006051,False,not_requested,not_requested,0.0,
REF000005504,BKG000006052,PAY000006052,False,not_requested,not_requested,0.0,
REF000005505,BKG000006053,PAY000006053,False,not_requested,not_requested,0.0,
REF000005506,BKG000006054,PAY000006054,False,not_requested,not_requested,0.0,
REF000005507,BKG000006055,PAY000006055,True,approved,payment_dispute,293.34,2014-11-18 15:56:36
REF000005508,BKG000006056,PAY000006056,False,not_requested,not_requested,0.0,
REF000005509,BKG000006057,PAY000006057,False,not_requested,not_requested,0.0,
REF000005510,BKG000006058,PAY000006058,False,not_requested,not_requested,0.0,
REF000005511,BKG000006059,PAY000006059,False,not_requested,not_requested,0.0,
REF000005512,BKG000006060,PAY000006060,False,not_requested,not_requested,0.0,
REF000005513,BKG000006061,PAY000006061,False,not_requested,not_requested,0.0,
REF000005514,BKG000006062,PAY000006062,False,not_requested,not_requested,0.0,
REF000005515,BKG000006063,PAY000006063,True,approved,duplicate_booking,179.19,2013-03-08 12:08:21
REF000005516,BKG000006064,PAY000006064,False,not_requested,not_requested,0.0,
REF000005517,BKG000006065,PAY000006065,False,not_requested,not_requested,0.0,
REF000005518,BKG000006066,PAY000006066,False,not_requested,not_requested,0.0,
REF000005519,BKG000006067,PAY000006067,False,not_requested,not_requested,0.0,
REF000005520,BKG000006068,PAY000006068,False,not_requested,not_requested,0.0,
REF000005521,BKG000006069,PAY000006069,False,not_requested,not_requested,0.0,
REF000005522,BKG000006070,PAY000006070,False,not_requested,not_requested,0.0,
REF000005523,BKG000006071,PAY000006071,False,not_requested,not_requested,0.0,
REF000005524,BKG000006072,PAY000006072,False,not_requested,not_requested,0.0,
REF000005525,BKG000006073,PAY000006073,False,not_requested,not_requested,0.0,
REF000005526,BKG000006074,PAY000006074,False,not_requested,not_requested,0.0,
REF000005527,BKG000006075,PAY000006075,False,not_requested,not_requested,0.0,
REF000005528,BKG000006076,PAY000006076,False,not_requested,not_requested,0.0,
REF000005529,BKG000006077,PAY000006077,False,not_requested,not_requested,0.0,
REF000005530,BKG000006078,PAY000006078,False,not_requested,not_requested,0.0,
REF000005531,BKG000006079,PAY000006079,False,not_requested,not_requested,0.0,
REF000005532,BKG000006080,PAY000006080,False,not_requested,not_requested,0.0,
REF000005533,BKG000006081,PAY000006081,False,not_requested,not_requested,0.0,
REF000005534,BKG000006082,PAY000006082,False,not_requested,not_requested,0.0,
REF000005535,BKG000006083,PAY000006083,False,not_requested,not_requested,0.0,
REF000005536,BKG000006084,PAY000006084,False,not_requested,not_requested,0.0,
REF000005537,BKG000006085,PAY000006085,False,not_requested,not_requested,0.0,
REF000005538,BKG000006086,PAY000006086,False,not_requested,not_requested,0.0,
REF000005539,BKG000006087,PAY000006087,True,approved,payment_dispute,233.34,2014-04-19 18:40:24
REF000005540,BKG000006088,PAY000006088,False,not_requested,not_requested,0.0,
REF000005541,BKG000006089,PAY000006089,False,not_requested,not_requested,0.0,
REF000005542,BKG000006090,PAY000006090,False,not_requested,not_requested,0.0,
REF000005543,BKG000006091,PAY000006091,False,not_requested,not_requested,0.0,
REF000005544,BKG000006092,PAY000006092,False,not_requested,not_requested,0.0,
REF000005545,BKG000006093,PAY000006093,False,not_requested,not_requested,0.0,
REF000005546,BKG000006094,PAY000006094,False,not_requested,not_requested,0.0,
REF000005547,BKG000006095,PAY000006095,False,not_requested,not_requested,0.0,
REF000005548,BKG000006096,PAY000006096,False,not_requested,not_requested,0.0,
REF000005549,BKG000006097,PAY000006097,False,not_requested,not_requested,0.0,
REF000005550,BKG000006098,PAY000006098,False,not_requested,not_requested,0.0,
REF000005551,BKG000006099,PAY000006099,False,not_requested,not_requested,0.0,
REF000005552,BKG000006100,PAY000006100,False,not_requested,not_requested,0.0,
REF000005553,BKG000006101,PAY000006101,False,not_requested,not_requested,0.0,
REF000005554,BKG000006102,PAY000006102,False,not_requested,not_requested,0.0,
REF000005555,BKG000006103,PAY000006103,False,not_requested,not_requested,0.0,
REF000005556,BKG000006104,PAY000006104,False,not_requested,not_requested,0.0,
REF000005557,BKG000006105,PAY000006105,False,not_requested,not_requested,0.0,
REF000005558,BKG000006106,PAY000006106,False,not_requested,not_requested,0.0,
REF000005559,BKG000006107,PAY000006107,False,not_requested,not_requested,0.0,
REF000005560,BKG000006108,PAY000006108,False,not_requested,not_requested,0.0,
REF000005561,BKG000006109,PAY000006109,False,not_requested,not_requested,0.0,
REF000005562,BKG000006110,PAY000006110,False,not_requested,not_requested,0.0,
REF000005563,BKG000006111,PAY000006111,False,not_requested,not_requested,0.0,
REF000005564,BKG000006112,PAY000006112,False,not_requested,not_requested,0.0,
REF000005565,BKG000006113,PAY000006113,False,not_requested,not_requested,0.0,
REF000005566,BKG000006114,PAY000006114,False,not_requested,not_requested,0.0,
REF000005567,BKG000006115,PAY000006115,False,not_requested,not_requested,0.0,
REF000005568,BKG000006117,PAY000006117,False,not_requested,not_requested,0.0,
REF000005569,BKG000006118,PAY000006118,False,not_requested,not_requested,0.0,
REF000005570,BKG000006119,PAY000006119,True,approved,customer_cancelled,161.66,2013-02-10 09:54:43
REF000005571,BKG000006120,PAY000006120,False,not_requested,not_requested,0.0,
REF000005572,BKG000006121,PAY000006121,False,not_requested,not_requested,0.0,
REF000005573,BKG000006122,PAY000006122,False,not_requested,not_requested,0.0,
REF000005574,BKG000006123,PAY000006123,False,not_requested,not_requested,0.0,
REF000005575,BKG000006125,PAY000006125,False,not_requested,not_requested,0.0,
REF000005576,BKG000006126,PAY000006126,False,not_requested,not_requested,0.0,
REF000005577,BKG000006127,PAY000006127,False,not_requested,not_requested,0.0,
REF000005578,BKG000006128,PAY000006128,False,not_requested,not_requested,0.0,
REF000005579,BKG000006129,PAY000006129,False,not_requested,not_requested,0.0,
REF000005580,BKG000006130,PAY000006130,False,not_requested,not_requested,0.0,
REF000005581,BKG000006131,PAY000006131,False,not_requested,not_requested,0.0,
REF000005582,BKG000006132,PAY000006132,False,not_requested,not_requested,0.0,
REF000005583,BKG000006133,PAY000006133,False,not_requested,not_requested,0.0,
REF000005584,BKG000006134,PAY000006134,False,not_requested,not_requested,0.0,
REF000005585,BKG000006135,PAY000006135,False,not_requested,not_requested,0.0,
REF000005586,BKG000006136,PAY000006136,False,not_requested,not_requested,0.0,
REF000005587,BKG000006137,PAY000006137,False,not_requested,not_requested,0.0,
REF000005588,BKG000006138,PAY000006138,False,not_requested,not_requested,0.0,
REF000005589,BKG000006139,PAY000006139,False,not_requested,not_requested,0.0,
REF000005590,BKG000006140,PAY000006140,False,not_requested,not_requested,0.0,
REF000005591,BKG000006141,PAY000006141,False,not_requested,not_requested,0.0,
REF000005592,BKG000006142,PAY000006142,False,not_requested,not_requested,0.0,
REF000005593,BKG000006143,PAY000006143,False,not_requested,not_requested,0.0,
REF000005594,BKG000006145,PAY000006145,False,not_requested,not_requested,0.0,
REF000005595,BKG000006146,PAY000006146,False,not_requested,not_requested,0.0,
REF000005596,BKG000006147,PAY000006147,False,not_requested,not_requested,0.0,
REF000005597,BKG000006148,PAY000006148,False,not_requested,not_requested,0.0,
REF000005598,BKG000006149,PAY000006149,False,not_requested,not_requested,0.0,
REF000005599,BKG000006150,PAY000006150,False,not_requested,not_requested,0.0,
REF000005600,BKG000006152,PAY000006152,False,not_requested,not_requested,0.0,
REF000005601,BKG000006153,PAY000006153,True,rejected,customer_cancelled,0.0,2013-08-23 13:02:42
REF000005602,BKG000006154,PAY000006154,False,not_requested,not_requested,0.0,
REF000005603,BKG000006155,PAY000006155,False,not_requested,not_requested,0.0,
REF000005604,BKG000006156,PAY000006156,False,not_requested,not_requested,0.0,
REF000005605,BKG000006157,PAY000006157,False,not_requested,not_requested,0.0,
REF000005606,BKG000006158,PAY000006158,False,not_requested,not_requested,0.0,
REF000005607,BKG000006160,PAY000006160,False,not_requested,not_requested,0.0,
REF000005608,BKG000006161,PAY000006161,False,not_requested,not_requested,0.0,
REF000005609,BKG000006162,PAY000006162,False,not_requested,not_requested,0.0,
REF000005610,BKG000006163,PAY000006163,False,not_requested,not_requested,0.0,
REF000005611,BKG000006164,PAY000006164,False,not_requested,not_requested,0.0,
REF000005612,BKG000006165,PAY000006165,False,not_requested,not_requested,0.0,
REF000005613,BKG000006166,PAY000006166,False,not_requested,not_requested,0.0,
REF000005614,BKG000006167,PAY000006167,False,not_requested,not_requested,0.0,
REF000005615,BKG000006171,PAY000006171,False,not_requested,not_requested,0.0,
REF000005616,BKG000006172,PAY000006172,False,not_requested,not_requested,0.0,
REF000005617,BKG000006174,PAY000006174,False,not_requested,not_requested,0.0,
REF000005618,BKG000006175,PAY000006175,False,not_requested,not_requested,0.0,
REF000005619,BKG000006176,PAY000006176,False,not_requested,not_requested,0.0,
REF000005620,BKG000006177,PAY000006177,True,approved,customer_cancelled,134.59,2014-10-22 20:43:33
REF000005621,BKG000006179,PAY000006179,False,not_requested,not_requested,0.0,
REF000005622,BKG000006180,PAY000006180,False,not_requested,not_requested,0.0,
REF000005623,BKG000006181,PAY000006181,False,not_requested,not_requested,0.0,
REF000005624,BKG000006182,PAY000006182,False,not_requested,not_requested,0.0,
REF000005625,BKG000006183,PAY000006183,False,not_requested,not_requested,0.0,
REF000005626,BKG000006184,PAY000006184,False,not_requested,not_requested,0.0,
REF000005627,BKG000006185,PAY000006185,False,not_requested,not_requested,0.0,
REF000005628,BKG000006186,PAY000006186,True,approved,ticketing_failure,563.84,2014-06-16 17:14:05
REF000005629,BKG000006187,PAY000006187,False,not_requested,not_requested,0.0,
REF000005630,BKG000006188,PAY000006188,False,not_requested,not_requested,0.0,
REF000005631,BKG000006189,PAY000006189,False,not_requested,not_requested,0.0,
REF000005632,BKG000006190,PAY000006190,False,not_requested,not_requested,0.0,
REF000005633,BKG000006192,PAY000006192,False,not_requested,not_requested,0.0,
REF000005634,BKG000006194,PAY000006194,False,not_requested,not_requested,0.0,
REF000005635,BKG000006195,PAY000006195,False,not_requested,not_requested,0.0,
REF000005636,BKG000006196,PAY000006196,True,approved,payment_dispute,86.12,2014-06-04 00:15:05
REF000005637,BKG000006197,PAY000006197,False,not_requested,not_requested,0.0,
REF000005638,BKG000006198,PAY000006198,False,not_requested,not_requested,0.0,
REF000005639,BKG000006199,PAY000006199,False,not_requested,not_requested,0.0,
REF000005640,BKG000006200,PAY000006200,False,not_requested,not_requested,0.0,
REF000005641,BKG000006201,PAY000006201,False,not_requested,not_requested,0.0,
REF000005642,BKG000006202,PAY000006202,False,not_requested,not_requested,0.0,
REF000005643,BKG000006203,PAY000006203,False,not_requested,not_requested,0.0,
REF000005644,BKG000006204,PAY000006204,False,not_requested,not_requested,0.0,
REF000005645,BKG000006205,PAY000006205,True,approved,payment_dispute,276.51,2013-09-18 19:30:07
REF000005646,BKG000006206,PAY000006206,False,not_requested,not_requested,0.0,
REF000005647,BKG000006207,PAY000006207,True,pending,customer_cancelled,390.44,2014-07-22 09:49:06
REF000005648,BKG000006208,PAY000006208,False,not_requested,not_requested,0.0,
REF000005649,BKG000006209,PAY000006209,False,not_requested,not_requested,0.0,
REF000005650,BKG000006210,PAY000006210,False,not_requested,not_requested,0.0,
REF000005651,BKG000006211,PAY000006211,False,not_requested,not_requested,0.0,
REF000005652,BKG000006212,PAY000006212,False,not_requested,not_requested,0.0,
REF000005653,BKG000006213,PAY000006213,False,not_requested,not_requested,0.0,
REF000005654,BKG000006214,PAY000006214,False,not_requested,not_requested,0.0,
REF000005655,BKG000006215,PAY000006215,False,not_requested,not_requested,0.0,
REF000005656,BKG000006217,PAY000006217,False,not_requested,not_requested,0.0,
REF000005657,BKG000006218,PAY000006218,False,not_requested,not_requested,0.0,
REF000005658,BKG000006219,PAY000006219,False,not_requested,not_requested,0.0,
REF000005659,BKG000006220,PAY000006220,False,not_requested,not_requested,0.0,
REF000005660,BKG000006221,PAY000006221,False,not_requested,not_requested,0.0,
REF000005661,BKG000006222,PAY000006222,False,not_requested,not_requested,0.0,
REF000005662,BKG000006223,PAY000006223,False,not_requested,not_requested,0.0,
REF000005663,BKG000006224,PAY000006224,False,not_requested,not_requested,0.0,
REF000005664,BKG000006225,PAY000006225,False,not_requested,not_requested,0.0,
REF000005665,BKG000006226,PAY000006226,True,approved,customer_cancelled,399.19,2013-02-26 13:30:04
REF000005666,BKG000006227,PAY000006227,False,not_requested,not_requested,0.0,
REF000005667,BKG000006228,PAY000006228,False,not_requested,not_requested,0.0,
REF000005668,BKG000006229,PAY000006229,False,not_requested,not_requested,0.0,
REF000005669,BKG000006230,PAY000006230,False,not_requested,not_requested,0.0,
REF000005670,BKG000006231,PAY000006231,False,not_requested,not_requested,0.0,
REF000005671,BKG000006232,PAY000006232,False,not_requested,not_requested,0.0,
REF000005672,BKG000006233,PAY000006233,False,not_requested,not_requested,0.0,
REF000005673,BKG000006234,PAY000006234,False,not_requested,not_requested,0.0,
REF000005674,BKG000006235,PAY000006235,False,not_requested,not_requested,0.0,
REF000005675,BKG000006236,PAY000006236,False,not_requested,not_requested,0.0,
REF000005676,BKG000006238,PAY000006238,False,not_requested,not_requested,0.0,
REF000005677,BKG000006239,PAY000006239,True,approved,customer_cancelled,70.0,2014-04-01 02:13:23
REF000005678,BKG000006240,PAY000006240,False,not_requested,not_requested,0.0,
REF000005679,BKG000006241,PAY000006241,False,not_requested,not_requested,0.0,
REF000005680,BKG000006242,PAY000006242,False,not_requested,not_requested,0.0,
REF000005681,BKG000006243,PAY000006243,False,not_requested,not_requested,0.0,
REF000005682,BKG000006245,PAY000006245,False,not_requested,not_requested,0.0,
REF000005683,BKG000006246,PAY000006246,False,not_requested,not_requested,0.0,
REF000005684,BKG000006247,PAY000006247,False,not_requested,not_requested,0.0,
REF000005685,BKG000006248,PAY000006248,False,not_requested,not_requested,0.0,
REF000005686,BKG000006249,PAY000006249,False,not_requested,not_requested,0.0,
REF000005687,BKG000006250,PAY000006250,True,pending,ticketing_failure,400.75,2013-10-16 21:13:42
REF000005688,BKG000006251,PAY000006251,False,not_requested,not_requested,0.0,
REF000005689,BKG000006252,PAY000006252,False,not_requested,not_requested,0.0,
REF000005690,BKG000006253,PAY000006253,False,not_requested,not_requested,0.0,
REF000005691,BKG000006254,PAY000006254,False,not_requested,not_requested,0.0,
REF000005692,BKG000006255,PAY000006255,False,not_requested,not_requested,0.0,
REF000005693,BKG000006256,PAY000006256,False,not_requested,not_requested,0.0,
REF000005694,BKG000006257,PAY000006257,False,not_requested,not_requested,0.0,
REF000005695,BKG000006258,PAY000006258,False,not_requested,not_requested,0.0,
REF000005696,BKG000006259,PAY000006259,False,not_requested,not_requested,0.0,
REF000005697,BKG000006260,PAY000006260,False,not_requested,not_requested,0.0,
REF000005698,BKG000006263,PAY000006263,True,approved,ticketing_failure,338.37,2014-12-12 06:36:25
REF000005699,BKG000006264,PAY000006264,False,not_requested,not_requested,0.0,
REF000005700,BKG000006265,PAY000006265,False,not_requested,not_requested,0.0,
REF000005701,BKG000006266,PAY000006266,False,not_requested,not_requested,0.0,
REF000005702,BKG000006267,PAY000006267,False,not_requested,not_requested,0.0,
REF000005703,BKG000006268,PAY000006268,False,not_requested,not_requested,0.0,
REF000005704,BKG000006269,PAY000006269,False,not_requested,not_requested,0.0,
REF000005705,BKG000006270,PAY000006270,False,not_requested,not_requested,0.0,
REF000005706,BKG000006271,PAY000006271,False,not_requested,not_requested,0.0,
REF000005707,BKG000006272,PAY000006272,False,not_requested,not_requested,0.0,
REF000005708,BKG000006273,PAY000006273,False,not_requested,not_requested,0.0,
REF000005709,BKG000006275,PAY000006275,False,not_requested,not_requested,0.0,
REF000005710,BKG000006276,PAY000006276,False,not_requested,not_requested,0.0,
REF000005711,BKG000006278,PAY000006278,False,not_requested,not_requested,0.0,
REF000005712,BKG000006279,PAY000006279,False,not_requested,not_requested,0.0,
REF000005713,BKG000006280,PAY000006280,False,not_requested,not_requested,0.0,
REF000005714,BKG000006281,PAY000006281,False,not_requested,not_requested,0.0,
REF000005715,BKG000006282,PAY000006282,False,not_requested,not_requested,0.0,
REF000005716,BKG000006283,PAY000006283,False,not_requested,not_requested,0.0,
REF000005717,BKG000006284,PAY000006284,True,approved,customer_cancelled,539.27,2014-11-29 10:43:22
REF000005718,BKG000006285,PAY000006285,False,not_requested,not_requested,0.0,
REF000005719,BKG000006286,PAY000006286,True,pending,duplicate_booking,225.2,2015-01-11 13:51:11
REF000005720,BKG000006287,PAY000006287,False,not_requested,not_requested,0.0,
REF000005721,BKG000006288,PAY000006288,False,not_requested,not_requested,0.0,
REF000005722,BKG000006289,PAY000006289,False,not_requested,not_requested,0.0,
REF000005723,BKG000006290,PAY000006290,True,pending,duplicate_booking,233.35,2014-05-05 18:24:51
REF000005724,BKG000006291,PAY000006291,False,not_requested,not_requested,0.0,
REF000005725,BKG000006292,PAY000006292,False,not_requested,not_requested,0.0,
REF000005726,BKG000006293,PAY000006293,False,not_requested,not_requested,0.0,
REF000005727,BKG000006294,PAY000006294,False,not_requested,not_requested,0.0,
REF000005728,BKG000006295,PAY000006295,False,not_requested,not_requested,0.0,
REF000005729,BKG000006296,PAY000006296,False,not_requested,not_requested,0.0,
REF000005730,BKG000006297,PAY000006297,False,not_requested,not_requested,0.0,
REF000005731,BKG000006298,PAY000006298,False,not_requested,not_requested,0.0,
REF000005732,BKG000006299,PAY000006299,False,not_requested,not_requested,0.0,
REF000005733,BKG000006301,PAY000006301,False,not_requested,not_requested,0.0,
REF000005734,BKG000006302,PAY000006302,False,not_requested,not_requested,0.0,
REF000005735,BKG000006303,PAY000006303,False,not_requested,not_requested,0.0,
REF000005736,BKG000006304,PAY000006304,False,not_requested,not_requested,0.0,
REF000005737,BKG000006305,PAY000006305,False,not_requested,not_requested,0.0,
REF000005738,BKG000006306,PAY000006306,False,not_requested,not_requested,0.0,
REF000005739,BKG000006307,PAY000006307,False,not_requested,not_requested,0.0,
REF000005740,BKG000006308,PAY000006308,False,not_requested,not_requested,0.0,
REF000005741,BKG000006309,PAY000006309,False,not_requested,not_requested,0.0,
REF000005742,BKG000006310,PAY000006310,False,not_requested,not_requested,0.0,
REF000005743,BKG000006311,PAY000006311,False,not_requested,not_requested,0.0,
REF000005744,BKG000006312,PAY000006312,False,not_requested,not_requested,0.0,
REF000005745,BKG000006313,PAY000006313,False,not_requested,not_requested,0.0,
REF000005746,BKG000006314,PAY000006314,False,not_requested,not_requested,0.0,
REF000005747,BKG000006315,PAY000006315,False,not_requested,not_requested,0.0,
REF000005748,BKG000006316,PAY000006316,False,not_requested,not_requested,0.0,
REF000005749,BKG000006317,PAY000006317,False,not_requested,not_requested,0.0,
REF000005750,BKG000006318,PAY000006318,False,not_requested,not_requested,0.0,
REF000005751,BKG000006319,PAY000006319,False,not_requested,not_requested,0.0,
REF000005752,BKG000006320,PAY000006320,False,not_requested,not_requested,0.0,
REF000005753,BKG000006321,PAY000006321,False,not_requested,not_requested,0.0,
REF000005754,BKG000006322,PAY000006322,False,not_requested,not_requested,0.0,
REF000005755,BKG000006323,PAY000006323,False,not_requested,not_requested,0.0,
REF000005756,BKG000006324,PAY000006324,True,approved,payment_dispute,170.37,2014-10-12 14:46:11
REF000005757,BKG000006325,PAY000006325,False,not_requested,not_requested,0.0,
REF000005758,BKG000006326,PAY000006326,False,not_requested,not_requested,0.0,
REF000005759,BKG000006328,PAY000006328,False,not_requested,not_requested,0.0,
REF000005760,BKG000006329,PAY000006329,False,not_requested,not_requested,0.0,
REF000005761,BKG000006330,PAY000006330,False,not_requested,not_requested,0.0,
REF000005762,BKG000006331,PAY000006331,False,not_requested,not_requested,0.0,
REF000005763,BKG000006332,PAY000006332,False,not_requested,not_requested,0.0,
REF000005764,BKG000006334,PAY000006334,False,not_requested,not_requested,0.0,
REF000005765,BKG000006335,PAY000006335,False,not_requested,not_requested,0.0,
REF000005766,BKG000006337,PAY000006337,False,not_requested,not_requested,0.0,
REF000005767,BKG000006338,PAY000006338,False,not_requested,not_requested,0.0,
REF000005768,BKG000006339,PAY000006339,False,not_requested,not_requested,0.0,
REF000005769,BKG000006340,PAY000006340,False,not_requested,not_requested,0.0,
REF000005770,BKG000006341,PAY000006341,False,not_requested,not_requested,0.0,
REF000005771,BKG000006342,PAY000006342,False,not_requested,not_requested,0.0,
REF000005772,BKG000006343,PAY000006343,False,not_requested,not_requested,0.0,
REF000005773,BKG000006344,PAY000006344,False,not_requested,not_requested,0.0,
REF000005774,BKG000006345,PAY000006345,False,not_requested,not_requested,0.0,
REF000005775,BKG000006346,PAY000006346,False,not_requested,not_requested,0.0,
REF000005776,BKG000006347,PAY000006347,False,not_requested,not_requested,0.0,
REF000005777,BKG000006348,PAY000006348,False,not_requested,not_requested,0.0,
REF000005778,BKG000006349,PAY000006349,False,not_requested,not_requested,0.0,
REF000005779,BKG000006350,PAY000006350,False,not_requested,not_requested,0.0,
REF000005780,BKG000006351,PAY000006351,True,approved,airline_schedule_change,475.22,2014-03-11 19:55:31
REF000005781,BKG000006352,PAY000006352,False,not_requested,not_requested,0.0,
REF000005782,BKG000006353,PAY000006353,True,approved,airline_schedule_change,697.36,2013-10-11 10:23:15
REF000005783,BKG000006354,PAY000006354,False,not_requested,not_requested,0.0,
REF000005784,BKG000006356,PAY000006356,False,not_requested,not_requested,0.0,
REF000005785,BKG000006357,PAY000006357,True,pending,duplicate_booking,116.92,2015-01-23 15:09:26
REF000005786,BKG000006359,PAY000006359,False,not_requested,not_requested,0.0,
REF000005787,BKG000006360,PAY000006360,False,not_requested,not_requested,0.0,
REF000005788,BKG000006361,PAY000006361,False,not_requested,not_requested,0.0,
REF000005789,BKG000006362,PAY000006362,False,not_requested,not_requested,0.0,
REF000005790,BKG000006363,PAY000006363,False,not_requested,not_requested,0.0,
REF000005791,BKG000006364,PAY000006364,False,not_requested,not_requested,0.0,
REF000005792,BKG000006365,PAY000006365,False,not_requested,not_requested,0.0,
REF000005793,BKG000006366,PAY000006366,False,not_requested,not_requested,0.0,
REF000005794,BKG000006367,PAY000006367,False,not_requested,not_requested,0.0,
REF000005795,BKG000006368,PAY000006368,False,not_requested,not_requested,0.0,
REF000005796,BKG000006369,PAY000006369,False,not_requested,not_requested,0.0,
REF000005797,BKG000006370,PAY000006370,False,not_requested,not_requested,0.0,
REF000005798,BKG000006371,PAY000006371,False,not_requested,not_requested,0.0,
REF000005799,BKG000006372,PAY000006372,False,not_requested,not_requested,0.0,
REF000005800,BKG000006373,PAY000006373,False,not_requested,not_requested,0.0,
REF000005801,BKG000006375,PAY000006375,False,not_requested,not_requested,0.0,
REF000005802,BKG000006376,PAY000006376,False,not_requested,not_requested,0.0,
REF000005803,BKG000006377,PAY000006377,False,not_requested,not_requested,0.0,
REF000005804,BKG000006378,PAY000006378,False,not_requested,not_requested,0.0,
REF000005805,BKG000006380,PAY000006380,False,not_requested,not_requested,0.0,
REF000005806,BKG000006381,PAY000006381,True,pending,payment_dispute,57.23,2013-04-15 17:48:35
REF000005807,BKG000006382,PAY000006382,True,approved,airline_schedule_change,177.61,2013-02-23 17:40:35
REF000005808,BKG000006383,PAY000006383,False,not_requested,not_requested,0.0,
REF000005809,BKG000006384,PAY000006384,False,not_requested,not_requested,0.0,
REF000005810,BKG000006386,PAY000006386,True,approved,customer_cancelled,968.8,2014-06-29 00:04:51
REF000005811,BKG000006387,PAY000006387,False,not_requested,not_requested,0.0,
REF000005812,BKG000006388,PAY000006388,False,not_requested,not_requested,0.0,
REF000005813,BKG000006389,PAY000006389,False,not_requested,not_requested,0.0,
REF000005814,BKG000006390,PAY000006390,False,not_requested,not_requested,0.0,
REF000005815,BKG000006391,PAY000006391,False,not_requested,not_requested,0.0,
REF000005816,BKG000006392,PAY000006392,False,not_requested,not_requested,0.0,
REF000005817,BKG000006393,PAY000006393,False,not_requested,not_requested,0.0,
REF000005818,BKG000006394,PAY000006394,False,not_requested,not_requested,0.0,
REF000005819,BKG000006395,PAY000006395,False,not_requested,not_requested,0.0,
REF000005820,BKG000006396,PAY000006396,False,not_requested,not_requested,0.0,
REF000005821,BKG000006397,PAY000006397,False,not_requested,not_requested,0.0,
REF000005822,BKG000006398,PAY000006398,False,not_requested,not_requested,0.0,
REF000005823,BKG000006399,PAY000006399,False,not_requested,not_requested,0.0,
REF000005824,BKG000006400,PAY000006400,False,not_requested,not_requested,0.0,
REF000005825,BKG000006401,PAY000006401,False,not_requested,not_requested,0.0,
REF000005826,BKG000006402,PAY000006402,False,not_requested,not_requested,0.0,
REF000005827,BKG000006403,PAY000006403,False,not_requested,not_requested,0.0,
REF000005828,BKG000006404,PAY000006404,False,not_requested,not_requested,0.0,
REF000005829,BKG000006405,PAY000006405,False,not_requested,not_requested,0.0,
REF000005830,BKG000006407,PAY000006407,False,not_requested,not_requested,0.0,
REF000005831,BKG000006408,PAY000006408,False,not_requested,not_requested,0.0,
REF000005832,BKG000006409,PAY000006409,False,not_requested,not_requested,0.0,
REF000005833,BKG000006410,PAY000006410,False,not_requested,not_requested,0.0,
REF000005834,BKG000006411,PAY000006411,False,not_requested,not_requested,0.0,
REF000005835,BKG000006412,PAY000006412,False,not_requested,not_requested,0.0,
REF000005836,BKG000006413,PAY000006413,False,not_requested,not_requested,0.0,
REF000005837,BKG000006414,PAY000006414,False,not_requested,not_requested,0.0,
REF000005838,BKG000006415,PAY000006415,False,not_requested,not_requested,0.0,
REF000005839,BKG000006416,PAY000006416,False,not_requested,not_requested,0.0,
REF000005840,BKG000006417,PAY000006417,False,not_requested,not_requested,0.0,
REF000005841,BKG000006418,PAY000006418,True,approved,payment_dispute,676.97,2013-05-25 20:05:02
REF000005842,BKG000006420,PAY000006420,False,not_requested,not_requested,0.0,
REF000005843,BKG000006421,PAY000006421,False,not_requested,not_requested,0.0,
REF000005844,BKG000006422,PAY000006422,False,not_requested,not_requested,0.0,
REF000005845,BKG000006423,PAY000006423,False,not_requested,not_requested,0.0,
REF000005846,BKG000006424,PAY000006424,False,not_requested,not_requested,0.0,
REF000005847,BKG000006425,PAY000006425,False,not_requested,not_requested,0.0,
REF000005848,BKG000006426,PAY000006426,False,not_requested,not_requested,0.0,
REF000005849,BKG000006427,PAY000006427,False,not_requested,not_requested,0.0,
REF000005850,BKG000006428,PAY000006428,False,not_requested,not_requested,0.0,
REF000005851,BKG000006429,PAY000006429,False,not_requested,not_requested,0.0,
REF000005852,BKG000006430,PAY000006430,False,not_requested,not_requested,0.0,
REF000005853,BKG000006431,PAY000006431,False,not_requested,not_requested,0.0,
REF000005854,BKG000006432,PAY000006432,False,not_requested,not_requested,0.0,
REF000005855,BKG000006433,PAY000006433,False,not_requested,not_requested,0.0,
REF000005856,BKG000006434,PAY000006434,False,not_requested,not_requested,0.0,
REF000005857,BKG000006435,PAY000006435,True,rejected,airline_schedule_change,0.0,2014-01-11 12:29:01
REF000005858,BKG000006436,PAY000006436,False,not_requested,not_requested,0.0,
REF000005859,BKG000006437,PAY000006437,False,not_requested,not_requested,0.0,
REF000005860,BKG000006438,PAY000006438,False,not_requested,not_requested,0.0,
REF000005861,BKG000006439,PAY000006439,False,not_requested,not_requested,0.0,
REF000005862,BKG000006440,PAY000006440,False,not_requested,not_requested,0.0,
REF000005863,BKG000006441,PAY000006441,False,not_requested,not_requested,0.0,
REF000005864,BKG000006442,PAY000006442,False,not_requested,not_requested,0.0,
REF000005865,BKG000006443,PAY000006443,False,not_requested,not_requested,0.0,
REF000005866,BKG000006444,PAY000006444,False,not_requested,not_requested,0.0,
REF000005867,BKG000006445,PAY000006445,False,not_requested,not_requested,0.0,
REF000005868,BKG000006446,PAY000006446,False,not_requested,not_requested,0.0,
REF000005869,BKG000006447,PAY000006447,False,not_requested,not_requested,0.0,
REF000005870,BKG000006448,PAY000006448,False,not_requested,not_requested,0.0,
REF000005871,BKG000006449,PAY000006449,False,not_requested,not_requested,0.0,
REF000005872,BKG000006450,PAY000006450,False,not_requested,not_requested,0.0,
REF000005873,BKG000006451,PAY000006451,False,not_requested,not_requested,0.0,
REF000005874,BKG000006452,PAY000006452,False,not_requested,not_requested,0.0,
REF000005875,BKG000006454,PAY000006454,False,not_requested,not_requested,0.0,
REF000005876,BKG000006455,PAY000006455,False,not_requested,not_requested,0.0,
REF000005877,BKG000006456,PAY000006456,False,not_requested,not_requested,0.0,
REF000005878,BKG000006457,PAY000006457,False,not_requested,not_requested,0.0,
REF000005879,BKG000006458,PAY000006458,False,not_requested,not_requested,0.0,
REF000005880,BKG000006459,PAY000006459,False,not_requested,not_requested,0.0,
REF000005881,BKG000006460,PAY000006460,False,not_requested,not_requested,0.0,
REF000005882,BKG000006461,PAY000006461,False,not_requested,not_requested,0.0,
REF000005883,BKG000006462,PAY000006462,False,not_requested,not_requested,0.0,
REF000005884,BKG000006463,PAY000006463,False,not_requested,not_requested,0.0,
REF000005885,BKG000006464,PAY000006464,False,not_requested,not_requested,0.0,
REF000005886,BKG000006465,PAY000006465,False,not_requested,not_requested,0.0,
REF000005887,BKG000006466,PAY000006466,False,not_requested,not_requested,0.0,
REF000005888,BKG000006467,PAY000006467,False,not_requested,not_requested,0.0,
REF000005889,BKG000006468,PAY000006468,False,not_requested,not_requested,0.0,
REF000005890,BKG000006470,PAY000006470,False,not_requested,not_requested,0.0,
REF000005891,BKG000006471,PAY000006471,False,not_requested,not_requested,0.0,
REF000005892,BKG000006472,PAY000006472,False,not_requested,not_requested,0.0,
REF000005893,BKG000006473,PAY000006473,False,not_requested,not_requested,0.0,
REF000005894,BKG000006474,PAY000006474,False,not_requested,not_requested,0.0,
REF000005895,BKG000006475,PAY000006475,False,not_requested,not_requested,0.0,
REF000005896,BKG000006476,PAY000006476,False,not_requested,not_requested,0.0,
REF000005897,BKG000006478,PAY000006478,False,not_requested,not_requested,0.0,
REF000005898,BKG000006479,PAY000006479,False,not_requested,not_requested,0.0,
REF000005899,BKG000006480,PAY000006480,False,not_requested,not_requested,0.0,
REF000005900,BKG000006481,PAY000006481,True,pending,customer_cancelled,158.54,2014-09-20 04:41:54
REF000005901,BKG000006482,PAY000006482,False,not_requested,not_requested,0.0,
REF000005902,BKG000006483,PAY000006483,False,not_requested,not_requested,0.0,
REF000005903,BKG000006484,PAY000006484,False,not_requested,not_requested,0.0,
REF000005904,BKG000006485,PAY000006485,False,not_requested,not_requested,0.0,
REF000005905,BKG000006486,PAY000006486,False,not_requested,not_requested,0.0,
REF000005906,BKG000006487,PAY000006487,False,not_requested,not_requested,0.0,
REF000005907,BKG000006488,PAY000006488,False,not_requested,not_requested,0.0,
REF000005908,BKG000006489,PAY000006489,False,not_requested,not_requested,0.0,
REF000005909,BKG000006490,PAY000006490,True,rejected,ticketing_failure,0.0,2014-12-05 22:07:36
REF000005910,BKG000006491,PAY000006491,False,not_requested,not_requested,0.0,
REF000005911,BKG000006492,PAY000006492,False,not_requested,not_requested,0.0,
REF000005912,BKG000006493,PAY000006493,False,not_requested,not_requested,0.0,
REF000005913,BKG000006494,PAY000006494,False,not_requested,not_requested,0.0,
REF000005914,BKG000006495,PAY000006495,False,not_requested,not_requested,0.0,
REF000005915,BKG000006496,PAY000006496,False,not_requested,not_requested,0.0,
REF000005916,BKG000006497,PAY000006497,True,rejected,duplicate_booking,0.0,2013-11-16 14:47:43
REF000005917,BKG000006498,PAY000006498,False,not_requested,not_requested,0.0,
REF000005918,BKG000006500,PAY000006500,False,not_requested,not_requested,0.0,
REF000005919,BKG000006501,PAY000006501,False,not_requested,not_requested,0.0,
REF000005920,BKG000006502,PAY000006502,False,not_requested,not_requested,0.0,
REF000005921,BKG000006503,PAY000006503,False,not_requested,not_requested,0.0,
REF000005922,BKG000006504,PAY000006504,False,not_requested,not_requested,0.0,
REF000005923,BKG000006506,PAY000006506,False,not_requested,not_requested,0.0,
REF000005924,BKG000006507,PAY000006507,False,not_requested,not_requested,0.0,
REF000005925,BKG000006508,PAY000006508,False,not_requested,not_requested,0.0,
REF000005926,BKG000006509,PAY000006509,False,not_requested,not_requested,0.0,
REF000005927,BKG000006510,PAY000006510,False,not_requested,not_requested,0.0,
REF000005928,BKG000006511,PAY000006511,False,not_requested,not_requested,0.0,
REF000005929,BKG000006512,PAY000006512,False,not_requested,not_requested,0.0,
REF000005930,BKG000006513,PAY000006513,False,not_requested,not_requested,0.0,
REF000005931,BKG000006514,PAY000006514,False,not_requested,not_requested,0.0,
REF000005932,BKG000006515,PAY000006515,False,not_requested,not_requested,0.0,
REF000005933,BKG000006516,PAY000006516,False,not_requested,not_requested,0.0,
REF000005934,BKG000006517,PAY000006517,False,not_requested,not_requested,0.0,
REF000005935,BKG000006519,PAY000006519,False,not_requested,not_requested,0.0,
REF000005936,BKG000006520,PAY000006520,False,not_requested,not_requested,0.0,
REF000005937,BKG000006521,PAY000006521,True,approved,ticketing_failure,189.19,2013-10-07 11:27:08
REF000005938,BKG000006522,PAY000006522,False,not_requested,not_requested,0.0,
REF000005939,BKG000006523,PAY000006523,False,not_requested,not_requested,0.0,
REF000005940,BKG000006524,PAY000006524,True,approved,airline_schedule_change,40.83,2013-05-25 13:21:49
REF000005941,BKG000006525,PAY000006525,True,approved,payment_dispute,178.4,2014-10-29 11:49:56
REF000005942,BKG000006526,PAY000006526,False,not_requested,not_requested,0.0,
REF000005943,BKG000006527,PAY000006527,False,not_requested,not_requested,0.0,
REF000005944,BKG000006528,PAY000006528,False,not_requested,not_requested,0.0,
REF000005945,BKG000006529,PAY000006529,False,not_requested,not_requested,0.0,
REF000005946,BKG000006531,PAY000006531,False,not_requested,not_requested,0.0,
REF000005947,BKG000006532,PAY000006532,False,not_requested,not_requested,0.0,
REF000005948,BKG000006533,PAY000006533,False,not_requested,not_requested,0.0,
REF000005949,BKG000006535,PAY000006535,False,not_requested,not_requested,0.0,
REF000005950,BKG000006536,PAY000006536,False,not_requested,not_requested,0.0,
REF000005951,BKG000006537,PAY000006537,False,not_requested,not_requested,0.0,
REF000005952,BKG000006538,PAY000006538,False,not_requested,not_requested,0.0,
REF000005953,BKG000006539,PAY000006539,False,not_requested,not_requested,0.0,
REF000005954,BKG000006540,PAY000006540,False,not_requested,not_requested,0.0,
REF000005955,BKG000006542,PAY000006542,False,not_requested,not_requested,0.0,
REF000005956,BKG000006543,PAY000006543,False,not_requested,not_requested,0.0,
REF000005957,BKG000006544,PAY000006544,True,pending,ticketing_failure,367.68,2014-11-20 17:40:10
REF000005958,BKG000006545,PAY000006545,False,not_requested,not_requested,0.0,
REF000005959,BKG000006546,PAY000006546,False,not_requested,not_requested,0.0,
REF000005960,BKG000006547,PAY000006547,False,not_requested,not_requested,0.0,
REF000005961,BKG000006548,PAY000006548,False,not_requested,not_requested,0.0,
REF000005962,BKG000006549,PAY000006549,False,not_requested,not_requested,0.0,
REF000005963,BKG000006550,PAY000006550,False,not_requested,not_requested,0.0,
REF000005964,BKG000006551,PAY000006551,False,not_requested,not_requested,0.0,
REF000005965,BKG000006552,PAY000006552,False,not_requested,not_requested,0.0,
REF000005966,BKG000006553,PAY000006553,True,pending,customer_cancelled,247.7,2013-07-23 17:41:38
REF000005967,BKG000006554,PAY000006554,False,not_requested,not_requested,0.0,
REF000005968,BKG000006555,PAY000006555,False,not_requested,not_requested,0.0,
REF000005969,BKG000006556,PAY000006556,False,not_requested,not_requested,0.0,
REF000005970,BKG000006557,PAY000006557,False,not_requested,not_requested,0.0,
REF000005971,BKG000006558,PAY000006558,False,not_requested,not_requested,0.0,
REF000005972,BKG000006560,PAY000006560,True,approved,duplicate_booking,159.17,2014-09-29 15:59:06
REF000005973,BKG000006561,PAY000006561,False,not_requested,not_requested,0.0,
REF000005974,BKG000006562,PAY000006562,False,not_requested,not_requested,0.0,
REF000005975,BKG000006563,PAY000006563,False,not_requested,not_requested,0.0,
REF000005976,BKG000006564,PAY000006564,True,approved,ticketing_failure,1032.2,2014-07-06 15:58:25
REF000005977,BKG000006565,PAY000006565,False,not_requested,not_requested,0.0,
REF000005978,BKG000006566,PAY000006566,False,not_requested,not_requested,0.0,
REF000005979,BKG000006567,PAY000006567,False,not_requested,not_requested,0.0,
REF000005980,BKG000006568,PAY000006568,False,not_requested,not_requested,0.0,
REF000005981,BKG000006569,PAY000006569,False,not_requested,not_requested,0.0,
REF000005982,BKG000006570,PAY000006570,False,not_requested,not_requested,0.0,
REF000005983,BKG000006572,PAY000006572,False,not_requested,not_requested,0.0,
REF000005984,BKG000006573,PAY000006573,False,not_requested,not_requested,0.0,
REF000005985,BKG000006574,PAY000006574,False,not_requested,not_requested,0.0,
REF000005986,BKG000006575,PAY000006575,False,not_requested,not_requested,0.0,
REF000005987,BKG000006576,PAY000006576,True,approved,customer_cancelled,297.58,2014-04-02 21:30:15
REF000005988,BKG000006577,PAY000006577,False,not_requested,not_requested,0.0,
REF000005989,BKG000006578,PAY000006578,False,not_requested,not_requested,0.0,
REF000005990,BKG000006580,PAY000006580,False,not_requested,not_requested,0.0,
REF000005991,BKG000006581,PAY000006581,False,not_requested,not_requested,0.0,
REF000005992,BKG000006582,PAY000006582,False,not_requested,not_requested,0.0,
REF000005993,BKG000006584,PAY000006584,True,approved,airline_schedule_change,338.51,2014-02-21 16:45:27
REF000005994,BKG000006585,PAY000006585,True,rejected,customer_cancelled,0.0,2014-06-25 20:08:31
REF000005995,BKG000006586,PAY000006586,True,approved,duplicate_booking,182.23,2014-08-11 07:29:53
REF000005996,BKG000006587,PAY000006587,False,not_requested,not_requested,0.0,
REF000005997,BKG000006588,PAY000006588,False,not_requested,not_requested,0.0,
REF000005998,BKG000006589,PAY000006589,False,not_requested,not_requested,0.0,
REF000005999,BKG000006590,PAY000006590,False,not_requested,not_requested,0.0,
REF000006000,BKG000006591,PAY000006591,False,not_requested,not_requested,0.0,
REF000006001,BKG000006592,PAY000006592,False,not_requested,not_requested,0.0,
REF000006002,BKG000006593,PAY000006593,False,not_requested,not_requested,0.0,
REF000006003,BKG000006594,PAY000006594,False,not_requested,not_requested,0.0,
REF000006004,BKG000006595,PAY000006595,False,not_requested,not_requested,0.0,
REF000006005,BKG000006596,PAY000006596,False,not_requested,not_requested,0.0,
REF000006006,BKG000006597,PAY000006597,False,not_requested,not_requested,0.0,
REF000006007,BKG000006599,PAY000006599,False,not_requested,not_requested,0.0,
REF000006008,BKG000006600,PAY000006600,False,not_requested,not_requested,0.0,
REF000006009,BKG000006601,PAY000006601,False,not_requested,not_requested,0.0,
REF000006010,BKG000006602,PAY000006602,False,not_requested,not_requested,0.0,
REF000006011,BKG000006603,PAY000006603,False,not_requested,not_requested,0.0,
REF000006012,BKG000006604,PAY000006604,False,not_requested,not_requested,0.0,
REF000006013,BKG000006605,PAY000006605,True,approved,customer_cancelled,983.96,2014-10-08 14:48:58
REF000006014,BKG000006606,PAY000006606,False,not_requested,not_requested,0.0,
REF000006015,BKG000006608,PAY000006608,False,not_requested,not_requested,0.0,
REF000006016,BKG000006609,PAY000006609,False,not_requested,not_requested,0.0,
REF000006017,BKG000006610,PAY000006610,False,not_requested,not_requested,0.0,
REF000006018,BKG000006611,PAY000006611,True,rejected,customer_cancelled,0.0,2014-10-11 03:22:47
REF000006019,BKG000006612,PAY000006612,False,not_requested,not_requested,0.0,
REF000006020,BKG000006613,PAY000006613,False,not_requested,not_requested,0.0,
REF000006021,BKG000006614,PAY000006614,False,not_requested,not_requested,0.0,
REF000006022,BKG000006615,PAY000006615,False,not_requested,not_requested,0.0,
REF000006023,BKG000006616,PAY000006616,False,not_requested,not_requested,0.0,
REF000006024,BKG000006617,PAY000006617,True,pending,customer_cancelled,157.93,2013-08-26 03:05:39
REF000006025,BKG000006618,PAY000006618,True,approved,airline_schedule_change,349.54,2014-08-20 00:03:45
REF000006026,BKG000006619,PAY000006619,False,not_requested,not_requested,0.0,
REF000006027,BKG000006620,PAY000006620,False,not_requested,not_requested,0.0,
REF000006028,BKG000006621,PAY000006621,True,approved,ticketing_failure,226.09,2013-03-10 12:33:30
REF000006029,BKG000006622,PAY000006622,False,not_requested,not_requested,0.0,
REF000006030,BKG000006623,PAY000006623,True,approved,ticketing_failure,73.17,2014-08-26 17:41:43
REF000006031,BKG000006624,PAY000006624,False,not_requested,not_requested,0.0,
REF000006032,BKG000006626,PAY000006626,False,not_requested,not_requested,0.0,
REF000006033,BKG000006628,PAY000006628,False,not_requested,not_requested,0.0,
REF000006034,BKG000006629,PAY000006629,False,not_requested,not_requested,0.0,
REF000006035,BKG000006630,PAY000006630,True,approved,customer_cancelled,2606.99,2014-10-29 14:11:54
REF000006036,BKG000006631,PAY000006631,False,not_requested,not_requested,0.0,
REF000006037,BKG000006632,PAY000006632,False,not_requested,not_requested,0.0,
REF000006038,BKG000006633,PAY000006633,False,not_requested,not_requested,0.0,
REF000006039,BKG000006634,PAY000006634,False,not_requested,not_requested,0.0,
REF000006040,BKG000006635,PAY000006635,False,not_requested,not_requested,0.0,
REF000006041,BKG000006636,PAY000006636,False,not_requested,not_requested,0.0,
REF000006042,BKG000006637,PAY000006637,False,not_requested,not_requested,0.0,
REF000006043,BKG000006639,PAY000006639,False,not_requested,not_requested,0.0,
REF000006044,BKG000006640,PAY000006640,False,not_requested,not_requested,0.0,
REF000006045,BKG000006641,PAY000006641,False,not_requested,not_requested,0.0,
REF000006046,BKG000006642,PAY000006642,False,not_requested,not_requested,0.0,
REF000006047,BKG000006643,PAY000006643,False,not_requested,not_requested,0.0,
REF000006048,BKG000006644,PAY000006644,False,not_requested,not_requested,0.0,
REF000006049,BKG000006645,PAY000006645,False,not_requested,not_requested,0.0,
REF000006050,BKG000006647,PAY000006647,False,not_requested,not_requested,0.0,
REF000006051,BKG000006648,PAY000006648,False,not_requested,not_requested,0.0,
REF000006052,BKG000006650,PAY000006650,False,not_requested,not_requested,0.0,
REF000006053,BKG000006651,PAY000006651,False,not_requested,not_requested,0.0,
REF000006054,BKG000006652,PAY000006652,False,not_requested,not_requested,0.0,
REF000006055,BKG000006653,PAY000006653,False,not_requested,not_requested,0.0,
REF000006056,BKG000006654,PAY000006654,True,pending,ticketing_failure,202.5,2013-06-06 12:35:08
REF000006057,BKG000006655,PAY000006655,True,pending,payment_dispute,87.66,2014-02-11 10:47:30
REF000006058,BKG000006656,PAY000006656,False,not_requested,not_requested,0.0,
REF000006059,BKG000006657,PAY000006657,True,pending,ticketing_failure,112.98,2014-08-23 03:17:37
REF000006060,BKG000006658,PAY000006658,False,not_requested,not_requested,0.0,
REF000006061,BKG000006659,PAY000006659,False,not_requested,not_requested,0.0,
REF000006062,BKG000006660,PAY000006660,False,not_requested,not_requested,0.0,
REF000006063,BKG000006661,PAY000006661,False,not_requested,not_requested,0.0,
REF000006064,BKG000006662,PAY000006662,False,not_requested,not_requested,0.0,
REF000006065,BKG000006663,PAY000006663,False,not_requested,not_requested,0.0,
REF000006066,BKG000006664,PAY000006664,False,not_requested,not_requested,0.0,
REF000006067,BKG000006665,PAY000006665,False,not_requested,not_requested,0.0,
REF000006068,BKG000006666,PAY000006666,False,not_requested,not_requested,0.0,
REF000006069,BKG000006667,PAY000006667,False,not_requested,not_requested,0.0,
REF000006070,BKG000006668,PAY000006668,False,not_requested,not_requested,0.0,
REF000006071,BKG000006669,PAY000006669,False,not_requested,not_requested,0.0,
REF000006072,BKG000006670,PAY000006670,False,not_requested,not_requested,0.0,
REF000006073,BKG000006671,PAY000006671,False,not_requested,not_requested,0.0,
REF000006074,BKG000006672,PAY000006672,True,approved,payment_dispute,385.45,2014-08-10 14:25:04
REF000006075,BKG000006673,PAY000006673,False,not_requested,not_requested,0.0,
REF000006076,BKG000006674,PAY000006674,False,not_requested,not_requested,0.0,
REF000006077,BKG000006675,PAY000006675,False,not_requested,not_requested,0.0,
REF000006078,BKG000006676,PAY000006676,False,not_requested,not_requested,0.0,
REF000006079,BKG000006677,PAY000006677,False,not_requested,not_requested,0.0,
REF000006080,BKG000006678,PAY000006678,False,not_requested,not_requested,0.0,
REF000006081,BKG000006679,PAY000006679,False,not_requested,not_requested,0.0,
REF000006082,BKG000006680,PAY000006680,False,not_requested,not_requested,0.0,
REF000006083,BKG000006681,PAY000006681,False,not_requested,not_requested,0.0,
REF000006084,BKG000006682,PAY000006682,False,not_requested,not_requested,0.0,
REF000006085,BKG000006683,PAY000006683,True,pending,duplicate_booking,1257.37,2014-03-17 06:09:44
REF000006086,BKG000006684,PAY000006684,False,not_requested,not_requested,0.0,
REF000006087,BKG000006685,PAY000006685,False,not_requested,not_requested,0.0,
REF000006088,BKG000006686,PAY000006686,False,not_requested,not_requested,0.0,
REF000006089,BKG000006687,PAY000006687,False,not_requested,not_requested,0.0,
REF000006090,BKG000006688,PAY000006688,False,not_requested,not_requested,0.0,
REF000006091,BKG000006689,PAY000006689,False,not_requested,not_requested,0.0,
REF000006092,BKG000006690,PAY000006690,False,not_requested,not_requested,0.0,
REF000006093,BKG000006691,PAY000006691,False,not_requested,not_requested,0.0,
REF000006094,BKG000006692,PAY000006692,False,not_requested,not_requested,0.0,
REF000006095,BKG000006693,PAY000006693,False,not_requested,not_requested,0.0,
REF000006096,BKG000006694,PAY000006694,False,not_requested,not_requested,0.0,
REF000006097,BKG000006695,PAY000006695,False,not_requested,not_requested,0.0,
REF000006098,BKG000006696,PAY000006696,False,not_requested,not_requested,0.0,
REF000006099,BKG000006697,PAY000006697,False,not_requested,not_requested,0.0,
REF000006100,BKG000006698,PAY000006698,False,not_requested,not_requested,0.0,
REF000006101,BKG000006699,PAY000006699,False,not_requested,not_requested,0.0,
REF000006102,BKG000006700,PAY000006700,True,approved,customer_cancelled,224.29,2014-08-07 21:05:20
REF000006103,BKG000006701,PAY000006701,False,not_requested,not_requested,0.0,
REF000006104,BKG000006702,PAY000006702,False,not_requested,not_requested,0.0,
REF000006105,BKG000006703,PAY000006703,False,not_requested,not_requested,0.0,
REF000006106,BKG000006704,PAY000006704,False,not_requested,not_requested,0.0,
REF000006107,BKG000006705,PAY000006705,False,not_requested,not_requested,0.0,
REF000006108,BKG000006706,PAY000006706,False,not_requested,not_requested,0.0,
REF000006109,BKG000006707,PAY000006707,True,approved,customer_cancelled,255.38,2014-06-24 03:17:38
REF000006110,BKG000006708,PAY000006708,True,rejected,duplicate_booking,0.0,2013-06-12 09:53:05
REF000006111,BKG000006709,PAY000006709,False,not_requested,not_requested,0.0,
REF000006112,BKG000006710,PAY000006710,False,not_requested,not_requested,0.0,
REF000006113,BKG000006711,PAY000006711,False,not_requested,not_requested,0.0,
REF000006114,BKG000006712,PAY000006712,False,not_requested,not_requested,0.0,
REF000006115,BKG000006713,PAY000006713,False,not_requested,not_requested,0.0,
REF000006116,BKG000006714,PAY000006714,False,not_requested,not_requested,0.0,
REF000006117,BKG000006715,PAY000006715,False,not_requested,not_requested,0.0,
REF000006118,BKG000006716,PAY000006716,False,not_requested,not_requested,0.0,
REF000006119,BKG000006717,PAY000006717,False,not_requested,not_requested,0.0,
REF000006120,BKG000006718,PAY000006718,False,not_requested,not_requested,0.0,
REF000006121,BKG000006719,PAY000006719,False,not_requested,not_requested,0.0,
REF000006122,BKG000006720,PAY000006720,False,not_requested,not_requested,0.0,
REF000006123,BKG000006721,PAY000006721,False,not_requested,not_requested,0.0,
REF000006124,BKG000006724,PAY000006724,False,not_requested,not_requested,0.0,
REF000006125,BKG000006725,PAY000006725,False,not_requested,not_requested,0.0,
REF000006126,BKG000006727,PAY000006727,False,not_requested,not_requested,0.0,
REF000006127,BKG000006729,PAY000006729,False,not_requested,not_requested,0.0,
REF000006128,BKG000006730,PAY000006730,False,not_requested,not_requested,0.0,
REF000006129,BKG000006731,PAY000006731,False,not_requested,not_requested,0.0,
REF000006130,BKG000006732,PAY000006732,False,not_requested,not_requested,0.0,
REF000006131,BKG000006733,PAY000006733,False,not_requested,not_requested,0.0,
REF000006132,BKG000006734,PAY000006734,False,not_requested,not_requested,0.0,
REF000006133,BKG000006735,PAY000006735,False,not_requested,not_requested,0.0,
REF000006134,BKG000006737,PAY000006737,True,approved,ticketing_failure,282.44,2014-12-26 18:47:06
REF000006135,BKG000006738,PAY000006738,False,not_requested,not_requested,0.0,
REF000006136,BKG000006739,PAY000006739,False,not_requested,not_requested,0.0,
REF000006137,BKG000006740,PAY000006740,False,not_requested,not_requested,0.0,
REF000006138,BKG000006741,PAY000006741,False,not_requested,not_requested,0.0,
REF000006139,BKG000006742,PAY000006742,True,approved,customer_cancelled,657.18,2013-11-01 18:02:59
REF000006140,BKG000006743,PAY000006743,False,not_requested,not_requested,0.0,
REF000006141,BKG000006744,PAY000006744,False,not_requested,not_requested,0.0,
REF000006142,BKG000006745,PAY000006745,False,not_requested,not_requested,0.0,
REF000006143,BKG000006746,PAY000006746,False,not_requested,not_requested,0.0,
REF000006144,BKG000006747,PAY000006747,False,not_requested,not_requested,0.0,
REF000006145,BKG000006748,PAY000006748,False,not_requested,not_requested,0.0,
REF000006146,BKG000006749,PAY000006749,False,not_requested,not_requested,0.0,
REF000006147,BKG000006750,PAY000006750,False,not_requested,not_requested,0.0,
REF000006148,BKG000006751,PAY000006751,False,not_requested,not_requested,0.0,
REF000006149,BKG000006752,PAY000006752,False,not_requested,not_requested,0.0,
REF000006150,BKG000006753,PAY000006753,False,not_requested,not_requested,0.0,
REF000006151,BKG000006754,PAY000006754,False,not_requested,not_requested,0.0,
REF000006152,BKG000006755,PAY000006755,False,not_requested,not_requested,0.0,
REF000006153,BKG000006756,PAY000006756,False,not_requested,not_requested,0.0,
REF000006154,BKG000006757,PAY000006757,False,not_requested,not_requested,0.0,
REF000006155,BKG000006758,PAY000006758,False,not_requested,not_requested,0.0,
REF000006156,BKG000006759,PAY000006759,False,not_requested,not_requested,0.0,
REF000006157,BKG000006760,PAY000006760,False,not_requested,not_requested,0.0,
REF000006158,BKG000006762,PAY000006762,False,not_requested,not_requested,0.0,
REF000006159,BKG000006763,PAY000006763,False,not_requested,not_requested,0.0,
REF000006160,BKG000006764,PAY000006764,False,not_requested,not_requested,0.0,
REF000006161,BKG000006765,PAY000006765,False,not_requested,not_requested,0.0,
REF000006162,BKG000006766,PAY000006766,False,not_requested,not_requested,0.0,
REF000006163,BKG000006767,PAY000006767,False,not_requested,not_requested,0.0,
REF000006164,BKG000006768,PAY000006768,False,not_requested,not_requested,0.0,
REF000006165,BKG000006769,PAY000006769,False,not_requested,not_requested,0.0,
REF000006166,BKG000006770,PAY000006770,False,not_requested,not_requested,0.0,
REF000006167,BKG000006771,PAY000006771,False,not_requested,not_requested,0.0,
REF000006168,BKG000006772,PAY000006772,False,not_requested,not_requested,0.0,
REF000006169,BKG000006773,PAY000006773,False,not_requested,not_requested,0.0,
REF000006170,BKG000006774,PAY000006774,False,not_requested,not_requested,0.0,
REF000006171,BKG000006775,PAY000006775,False,not_requested,not_requested,0.0,
REF000006172,BKG000006777,PAY000006777,False,not_requested,not_requested,0.0,
REF000006173,BKG000006778,PAY000006778,False,not_requested,not_requested,0.0,
REF000006174,BKG000006779,PAY000006779,False,not_requested,not_requested,0.0,
REF000006175,BKG000006781,PAY000006781,False,not_requested,not_requested,0.0,
REF000006176,BKG000006782,PAY000006782,False,not_requested,not_requested,0.0,
REF000006177,BKG000006783,PAY000006783,False,not_requested,not_requested,0.0,
REF000006178,BKG000006784,PAY000006784,False,not_requested,not_requested,0.0,
REF000006179,BKG000006785,PAY000006785,False,not_requested,not_requested,0.0,
REF000006180,BKG000006786,PAY000006786,False,not_requested,not_requested,0.0,
REF000006181,BKG000006787,PAY000006787,False,not_requested,not_requested,0.0,
REF000006182,BKG000006788,PAY000006788,False,not_requested,not_requested,0.0,
REF000006183,BKG000006789,PAY000006789,False,not_requested,not_requested,0.0,
REF000006184,BKG000006790,PAY000006790,False,not_requested,not_requested,0.0,
REF000006185,BKG000006791,PAY000006791,False,not_requested,not_requested,0.0,
REF000006186,BKG000006792,PAY000006792,False,not_requested,not_requested,0.0,
REF000006187,BKG000006793,PAY000006793,False,not_requested,not_requested,0.0,
REF000006188,BKG000006794,PAY000006794,True,approved,ticketing_failure,189.48,2014-09-12 10:57:21
REF000006189,BKG000006795,PAY000006795,False,not_requested,not_requested,0.0,
REF000006190,BKG000006796,PAY000006796,False,not_requested,not_requested,0.0,
REF000006191,BKG000006797,PAY000006797,False,not_requested,not_requested,0.0,
REF000006192,BKG000006798,PAY000006798,False,not_requested,not_requested,0.0,
REF000006193,BKG000006800,PAY000006800,False,not_requested,not_requested,0.0,
REF000006194,BKG000006801,PAY000006801,False,not_requested,not_requested,0.0,
REF000006195,BKG000006802,PAY000006802,False,not_requested,not_requested,0.0,
REF000006196,BKG000006804,PAY000006804,False,not_requested,not_requested,0.0,
REF000006197,BKG000006805,PAY000006805,False,not_requested,not_requested,0.0,
REF000006198,BKG000006806,PAY000006806,False,not_requested,not_requested,0.0,
REF000006199,BKG000006807,PAY000006807,False,not_requested,not_requested,0.0,
REF000006200,BKG000006809,PAY000006809,False,not_requested,not_requested,0.0,
REF000006201,BKG000006811,PAY000006811,False,not_requested,not_requested,0.0,
REF000006202,BKG000006813,PAY000006813,False,not_requested,not_requested,0.0,
REF000006203,BKG000006814,PAY000006814,False,not_requested,not_requested,0.0,
REF000006204,BKG000006815,PAY000006815,False,not_requested,not_requested,0.0,
REF000006205,BKG000006816,PAY000006816,False,not_requested,not_requested,0.0,
REF000006206,BKG000006818,PAY000006818,False,not_requested,not_requested,0.0,
REF000006207,BKG000006819,PAY000006819,False,not_requested,not_requested,0.0,
REF000006208,BKG000006820,PAY000006820,False,not_requested,not_requested,0.0,
REF000006209,BKG000006821,PAY000006821,False,not_requested,not_requested,0.0,
REF000006210,BKG000006822,PAY000006822,False,not_requested,not_requested,0.0,
REF000006211,BKG000006823,PAY000006823,False,not_requested,not_requested,0.0,
REF000006212,BKG000006824,PAY000006824,False,not_requested,not_requested,0.0,
REF000006213,BKG000006825,PAY000006825,False,not_requested,not_requested,0.0,
REF000006214,BKG000006826,PAY000006826,False,not_requested,not_requested,0.0,
REF000006215,BKG000006827,PAY000006827,False,not_requested,not_requested,0.0,
REF000006216,BKG000006828,PAY000006828,False,not_requested,not_requested,0.0,
REF000006217,BKG000006829,PAY000006829,False,not_requested,not_requested,0.0,
REF000006218,BKG000006830,PAY000006830,False,not_requested,not_requested,0.0,
REF000006219,BKG000006831,PAY000006831,False,not_requested,not_requested,0.0,
REF000006220,BKG000006832,PAY000006832,False,not_requested,not_requested,0.0,
REF000006221,BKG000006834,PAY000006834,False,not_requested,not_requested,0.0,
REF000006222,BKG000006835,PAY000006835,False,not_requested,not_requested,0.0,
REF000006223,BKG000006836,PAY000006836,False,not_requested,not_requested,0.0,
REF000006224,BKG000006837,PAY000006837,False,not_requested,not_requested,0.0,
REF000006225,BKG000006838,PAY000006838,False,not_requested,not_requested,0.0,
REF000006226,BKG000006840,PAY000006840,False,not_requested,not_requested,0.0,
REF000006227,BKG000006841,PAY000006841,False,not_requested,not_requested,0.0,
REF000006228,BKG000006842,PAY000006842,False,not_requested,not_requested,0.0,
REF000006229,BKG000006843,PAY000006843,False,not_requested,not_requested,0.0,
REF000006230,BKG000006844,PAY000006844,False,not_requested,not_requested,0.0,
REF000006231,BKG000006845,PAY000006845,False,not_requested,not_requested,0.0,
REF000006232,BKG000006846,PAY000006846,False,not_requested,not_requested,0.0,
REF000006233,BKG000006847,PAY000006847,False,not_requested,not_requested,0.0,
REF000006234,BKG000006848,PAY000006848,False,not_requested,not_requested,0.0,
REF000006235,BKG000006849,PAY000006849,False,not_requested,not_requested,0.0,
REF000006236,BKG000006851,PAY000006851,False,not_requested,not_requested,0.0,
REF000006237,BKG000006852,PAY000006852,False,not_requested,not_requested,0.0,
REF000006238,BKG000006853,PAY000006853,False,not_requested,not_requested,0.0,
REF000006239,BKG000006854,PAY000006854,False,not_requested,not_requested,0.0,
REF000006240,BKG000006855,PAY000006855,False,not_requested,not_requested,0.0,
REF000006241,BKG000006856,PAY000006856,False,not_requested,not_requested,0.0,
REF000006242,BKG000006857,PAY000006857,False,not_requested,not_requested,0.0,
REF000006243,BKG000006858,PAY000006858,False,not_requested,not_requested,0.0,
REF000006244,BKG000006860,PAY000006860,False,not_requested,not_requested,0.0,
REF000006245,BKG000006861,PAY000006861,False,not_requested,not_requested,0.0,
REF000006246,BKG000006862,PAY000006862,False,not_requested,not_requested,0.0,
REF000006247,BKG000006863,PAY000006863,True,approved,customer_cancelled,463.82,2013-04-13 21:49:59
REF000006248,BKG000006864,PAY000006864,False,not_requested,not_requested,0.0,
REF000006249,BKG000006865,PAY000006865,False,not_requested,not_requested,0.0,
REF000006250,BKG000006866,PAY000006866,False,not_requested,not_requested,0.0,
REF000006251,BKG000006867,PAY000006867,False,not_requested,not_requested,0.0,
REF000006252,BKG000006868,PAY000006868,False,not_requested,not_requested,0.0,
REF000006253,BKG000006869,PAY000006869,False,not_requested,not_requested,0.0,
REF000006254,BKG000006870,PAY000006870,False,not_requested,not_requested,0.0,
REF000006255,BKG000006871,PAY000006871,False,not_requested,not_requested,0.0,
REF000006256,BKG000006872,PAY000006872,False,not_requested,not_requested,0.0,
REF000006257,BKG000006874,PAY000006874,False,not_requested,not_requested,0.0,
REF000006258,BKG000006877,PAY000006877,False,not_requested,not_requested,0.0,
REF000006259,BKG000006878,PAY000006878,False,not_requested,not_requested,0.0,
REF000006260,BKG000006879,PAY000006879,False,not_requested,not_requested,0.0,
REF000006261,BKG000006880,PAY000006880,True,pending,ticketing_failure,305.23,2014-12-26 15:33:11
REF000006262,BKG000006881,PAY000006881,False,not_requested,not_requested,0.0,
REF000006263,BKG000006882,PAY000006882,False,not_requested,not_requested,0.0,
REF000006264,BKG000006884,PAY000006884,False,not_requested,not_requested,0.0,
REF000006265,BKG000006885,PAY000006885,False,not_requested,not_requested,0.0,
REF000006266,BKG000006886,PAY000006886,False,not_requested,not_requested,0.0,
REF000006267,BKG000006887,PAY000006887,True,approved,customer_cancelled,264.18,2013-05-12 19:07:02
REF000006268,BKG000006888,PAY000006888,True,approved,airline_schedule_change,686.25,2013-11-19 11:43:11
REF000006269,BKG000006889,PAY000006889,False,not_requested,not_requested,0.0,
REF000006270,BKG000006890,PAY000006890,False,not_requested,not_requested,0.0,
REF000006271,BKG000006891,PAY000006891,False,not_requested,not_requested,0.0,
REF000006272,BKG000006892,PAY000006892,False,not_requested,not_requested,0.0,
REF000006273,BKG000006893,PAY000006893,False,not_requested,not_requested,0.0,
REF000006274,BKG000006894,PAY000006894,False,not_requested,not_requested,0.0,
REF000006275,BKG000006895,PAY000006895,False,not_requested,not_requested,0.0,
REF000006276,BKG000006896,PAY000006896,False,not_requested,not_requested,0.0,
REF000006277,BKG000006897,PAY000006897,False,not_requested,not_requested,0.0,
REF000006278,BKG000006898,PAY000006898,False,not_requested,not_requested,0.0,
REF000006279,BKG000006899,PAY000006899,False,not_requested,not_requested,0.0,
REF000006280,BKG000006900,PAY000006900,False,not_requested,not_requested,0.0,
REF000006281,BKG000006901,PAY000006901,False,not_requested,not_requested,0.0,
REF000006282,BKG000006902,PAY000006902,False,not_requested,not_requested,0.0,
REF000006283,BKG000006903,PAY000006903,False,not_requested,not_requested,0.0,
REF000006284,BKG000006904,PAY000006904,False,not_requested,not_requested,0.0,
REF000006285,BKG000006905,PAY000006905,False,not_requested,not_requested,0.0,
REF000006286,BKG000006906,PAY000006906,False,not_requested,not_requested,0.0,
REF000006287,BKG000006907,PAY000006907,False,not_requested,not_requested,0.0,
REF000006288,BKG000006908,PAY000006908,False,not_requested,not_requested,0.0,
REF000006289,BKG000006909,PAY000006909,False,not_requested,not_requested,0.0,
REF000006290,BKG000006910,PAY000006910,False,not_requested,not_requested,0.0,
REF000006291,BKG000006911,PAY000006911,False,not_requested,not_requested,0.0,
REF000006292,BKG000006912,PAY000006912,False,not_requested,not_requested,0.0,
REF000006293,BKG000006913,PAY000006913,False,not_requested,not_requested,0.0,
REF000006294,BKG000006915,PAY000006915,False,not_requested,not_requested,0.0,
REF000006295,BKG000006916,PAY000006916,False,not_requested,not_requested,0.0,
REF000006296,BKG000006918,PAY000006918,False,not_requested,not_requested,0.0,
REF000006297,BKG000006919,PAY000006919,False,not_requested,not_requested,0.0,
REF000006298,BKG000006920,PAY000006920,False,not_requested,not_requested,0.0,
REF000006299,BKG000006921,PAY000006921,False,not_requested,not_requested,0.0,
REF000006300,BKG000006922,PAY000006922,False,not_requested,not_requested,0.0,
REF000006301,BKG000006923,PAY000006923,False,not_requested,not_requested,0.0,
REF000006302,BKG000006924,PAY000006924,False,not_requested,not_requested,0.0,
REF000006303,BKG000006925,PAY000006925,False,not_requested,not_requested,0.0,
REF000006304,BKG000006926,PAY000006926,False,not_requested,not_requested,0.0,
REF000006305,BKG000006927,PAY000006927,False,not_requested,not_requested,0.0,
REF000006306,BKG000006928,PAY000006928,False,not_requested,not_requested,0.0,
REF000006307,BKG000006929,PAY000006929,False,not_requested,not_requested,0.0,
REF000006308,BKG000006930,PAY000006930,False,not_requested,not_requested,0.0,
REF000006309,BKG000006931,PAY000006931,False,not_requested,not_requested,0.0,
REF000006310,BKG000006932,PAY000006932,False,not_requested,not_requested,0.0,
REF000006311,BKG000006933,PAY000006933,False,not_requested,not_requested,0.0,
REF000006312,BKG000006934,PAY000006934,False,not_requested,not_requested,0.0,
REF000006313,BKG000006935,PAY000006935,False,not_requested,not_requested,0.0,
REF000006314,BKG000006936,PAY000006936,False,not_requested,not_requested,0.0,
REF000006315,BKG000006937,PAY000006937,False,not_requested,not_requested,0.0,
REF000006316,BKG000006938,PAY000006938,False,not_requested,not_requested,0.0,
REF000006317,BKG000006939,PAY000006939,False,not_requested,not_requested,0.0,
REF000006318,BKG000006940,PAY000006940,False,not_requested,not_requested,0.0,
REF000006319,BKG000006941,PAY000006941,False,not_requested,not_requested,0.0,
REF000006320,BKG000006942,PAY000006942,False,not_requested,not_requested,0.0,
REF000006321,BKG000006943,PAY000006943,False,not_requested,not_requested,0.0,
REF000006322,BKG000006944,PAY000006944,False,not_requested,not_requested,0.0,
REF000006323,BKG000006945,PAY000006945,False,not_requested,not_requested,0.0,
REF000006324,BKG000006947,PAY000006947,False,not_requested,not_requested,0.0,
REF000006325,BKG000006948,PAY000006948,False,not_requested,not_requested,0.0,
REF000006326,BKG000006949,PAY000006949,False,not_requested,not_requested,0.0,
REF000006327,BKG000006950,PAY000006950,False,not_requested,not_requested,0.0,
REF000006328,BKG000006951,PAY000006951,False,not_requested,not_requested,0.0,
REF000006329,BKG000006952,PAY000006952,False,not_requested,not_requested,0.0,
REF000006330,BKG000006953,PAY000006953,False,not_requested,not_requested,0.0,
REF000006331,BKG000006954,PAY000006954,False,not_requested,not_requested,0.0,
REF000006332,BKG000006955,PAY000006955,False,not_requested,not_requested,0.0,
REF000006333,BKG000006956,PAY000006956,True,approved,customer_cancelled,438.58,2013-04-26 23:12:21
REF000006334,BKG000006957,PAY000006957,False,not_requested,not_requested,0.0,
REF000006335,BKG000006958,PAY000006958,False,not_requested,not_requested,0.0,
REF000006336,BKG000006959,PAY000006959,False,not_requested,not_requested,0.0,
REF000006337,BKG000006960,PAY000006960,False,not_requested,not_requested,0.0,
REF000006338,BKG000006961,PAY000006961,False,not_requested,not_requested,0.0,
REF000006339,BKG000006962,PAY000006962,False,not_requested,not_requested,0.0,
REF000006340,BKG000006963,PAY000006963,False,not_requested,not_requested,0.0,
REF000006341,BKG000006964,PAY000006964,False,not_requested,not_requested,0.0,
REF000006342,BKG000006965,PAY000006965,False,not_requested,not_requested,0.0,
REF000006343,BKG000006967,PAY000006967,False,not_requested,not_requested,0.0,
REF000006344,BKG000006969,PAY000006969,False,not_requested,not_requested,0.0,
REF000006345,BKG000006970,PAY000006970,True,rejected,customer_cancelled,0.0,2013-03-15 14:00:56
REF000006346,BKG000006971,PAY000006971,False,not_requested,not_requested,0.0,
REF000006347,BKG000006972,PAY000006972,False,not_requested,not_requested,0.0,
REF000006348,BKG000006973,PAY000006973,False,not_requested,not_requested,0.0,
REF000006349,BKG000006974,PAY000006974,False,not_requested,not_requested,0.0,
REF000006350,BKG000006976,PAY000006976,False,not_requested,not_requested,0.0,
REF000006351,BKG000006977,PAY000006977,False,not_requested,not_requested,0.0,
REF000006352,BKG000006978,PAY000006978,False,not_requested,not_requested,0.0,
REF000006353,BKG000006979,PAY000006979,False,not_requested,not_requested,0.0,
REF000006354,BKG000006980,PAY000006980,False,not_requested,not_requested,0.0,
REF000006355,BKG000006981,PAY000006981,False,not_requested,not_requested,0.0,
REF000006356,BKG000006982,PAY000006982,False,not_requested,not_requested,0.0,
REF000006357,BKG000006983,PAY000006983,False,not_requested,not_requested,0.0,
REF000006358,BKG000006984,PAY000006984,False,not_requested,not_requested,0.0,
REF000006359,BKG000006986,PAY000006986,False,not_requested,not_requested,0.0,
REF000006360,BKG000006987,PAY000006987,True,approved,duplicate_booking,221.49,2015-01-26 10:43:13
REF000006361,BKG000006988,PAY000006988,True,rejected,airline_schedule_change,0.0,2014-12-04 13:24:29
REF000006362,BKG000006989,PAY000006989,False,not_requested,not_requested,0.0,
REF000006363,BKG000006990,PAY000006990,False,not_requested,not_requested,0.0,
REF000006364,BKG000006991,PAY000006991,False,not_requested,not_requested,0.0,
REF000006365,BKG000006992,PAY000006992,False,not_requested,not_requested,0.0,
REF000006366,BKG000006993,PAY000006993,False,not_requested,not_requested,0.0,
REF000006367,BKG000006994,PAY000006994,False,not_requested,not_requested,0.0,
REF000006368,BKG000006995,PAY000006995,False,not_requested,not_requested,0.0,
REF000006369,BKG000006996,PAY000006996,False,not_requested,not_requested,0.0,
REF000006370,BKG000006998,PAY000006998,False,not_requested,not_requested,0.0,
REF000006371,BKG000006999,PAY000006999,False,not_requested,not_requested,0.0,
REF000006372,BKG000007000,PAY000007000,False,not_requested,not_requested,0.0,
REF000006373,BKG000007001,PAY000007001,False,not_requested,not_requested,0.0,
REF000006374,BKG000007004,PAY000007004,False,not_requested,not_requested,0.0,
REF000006375,BKG000007005,PAY000007005,False,not_requested,not_requested,0.0,
REF000006376,BKG000007007,PAY000007007,True,approved,customer_cancelled,181.98,2013-12-07 16:56:18
REF000006377,BKG000007008,PAY000007008,True,approved,ticketing_failure,200.95,2014-05-08 13:25:11
REF000006378,BKG000007009,PAY000007009,False,not_requested,not_requested,0.0,
REF000006379,BKG000007010,PAY000007010,False,not_requested,not_requested,0.0,
REF000006380,BKG000007011,PAY000007011,True,approved,payment_dispute,201.8,2013-05-12 12:07:37
REF000006381,BKG000007012,PAY000007012,False,not_requested,not_requested,0.0,
REF000006382,BKG000007013,PAY000007013,False,not_requested,not_requested,0.0,
REF000006383,BKG000007014,PAY000007014,False,not_requested,not_requested,0.0,
REF000006384,BKG000007015,PAY000007015,False,not_requested,not_requested,0.0,
REF000006385,BKG000007016,PAY000007016,False,not_requested,not_requested,0.0,
REF000006386,BKG000007017,PAY000007017,True,approved,customer_cancelled,201.44,2013-11-03 16:46:44
REF000006387,BKG000007018,PAY000007018,True,approved,payment_dispute,823.83,2014-10-28 07:05:15
REF000006388,BKG000007019,PAY000007019,False,not_requested,not_requested,0.0,
REF000006389,BKG000007020,PAY000007020,False,not_requested,not_requested,0.0,
REF000006390,BKG000007021,PAY000007021,False,not_requested,not_requested,0.0,
REF000006391,BKG000007022,PAY000007022,False,not_requested,not_requested,0.0,
REF000006392,BKG000007023,PAY000007023,False,not_requested,not_requested,0.0,
REF000006393,BKG000007024,PAY000007024,False,not_requested,not_requested,0.0,
REF000006394,BKG000007026,PAY000007026,False,not_requested,not_requested,0.0,
REF000006395,BKG000007027,PAY000007027,False,not_requested,not_requested,0.0,
REF000006396,BKG000007028,PAY000007028,False,not_requested,not_requested,0.0,
REF000006397,BKG000007029,PAY000007029,False,not_requested,not_requested,0.0,
REF000006398,BKG000007030,PAY000007030,False,not_requested,not_requested,0.0,
REF000006399,BKG000007031,PAY000007031,False,not_requested,not_requested,0.0,
REF000006400,BKG000007032,PAY000007032,False,not_requested,not_requested,0.0,
REF000006401,BKG000007033,PAY000007033,False,not_requested,not_requested,0.0,
REF000006402,BKG000007034,PAY000007034,False,not_requested,not_requested,0.0,
REF000006403,BKG000007035,PAY000007035,False,not_requested,not_requested,0.0,
REF000006404,BKG000007036,PAY000007036,False,not_requested,not_requested,0.0,
REF000006405,BKG000007037,PAY000007037,False,not_requested,not_requested,0.0,
REF000006406,BKG000007038,PAY000007038,False,not_requested,not_requested,0.0,
REF000006407,BKG000007039,PAY000007039,False,not_requested,not_requested,0.0,
REF000006408,BKG000007040,PAY000007040,False,not_requested,not_requested,0.0,
REF000006409,BKG000007041,PAY000007041,False,not_requested,not_requested,0.0,
REF000006410,BKG000007043,PAY000007043,False,not_requested,not_requested,0.0,
REF000006411,BKG000007044,PAY000007044,False,not_requested,not_requested,0.0,
REF000006412,BKG000007045,PAY000007045,False,not_requested,not_requested,0.0,
REF000006413,BKG000007046,PAY000007046,False,not_requested,not_requested,0.0,
REF000006414,BKG000007047,PAY000007047,False,not_requested,not_requested,0.0,
REF000006415,BKG000007048,PAY000007048,False,not_requested,not_requested,0.0,
REF000006416,BKG000007049,PAY000007049,False,not_requested,not_requested,0.0,
REF000006417,BKG000007050,PAY000007050,False,not_requested,not_requested,0.0,
REF000006418,BKG000007051,PAY000007051,False,not_requested,not_requested,0.0,
REF000006419,BKG000007053,PAY000007053,False,not_requested,not_requested,0.0,
REF000006420,BKG000007054,PAY000007054,False,not_requested,not_requested,0.0,
REF000006421,BKG000007055,PAY000007055,False,not_requested,not_requested,0.0,
REF000006422,BKG000007056,PAY000007056,False,not_requested,not_requested,0.0,
REF000006423,BKG000007057,PAY000007057,False,not_requested,not_requested,0.0,
REF000006424,BKG000007058,PAY000007058,False,not_requested,not_requested,0.0,
REF000006425,BKG000007059,PAY000007059,False,not_requested,not_requested,0.0,
REF000006426,BKG000007061,PAY000007061,False,not_requested,not_requested,0.0,
REF000006427,BKG000007062,PAY000007062,False,not_requested,not_requested,0.0,
REF000006428,BKG000007063,PAY000007063,False,not_requested,not_requested,0.0,
REF000006429,BKG000007064,PAY000007064,False,not_requested,not_requested,0.0,
REF000006430,BKG000007065,PAY000007065,False,not_requested,not_requested,0.0,
REF000006431,BKG000007066,PAY000007066,False,not_requested,not_requested,0.0,
REF000006432,BKG000007068,PAY000007068,False,not_requested,not_requested,0.0,
REF000006433,BKG000007069,PAY000007069,False,not_requested,not_requested,0.0,
REF000006434,BKG000007070,PAY000007070,False,not_requested,not_requested,0.0,
REF000006435,BKG000007071,PAY000007071,False,not_requested,not_requested,0.0,
REF000006436,BKG000007072,PAY000007072,False,not_requested,not_requested,0.0,
REF000006437,BKG000007074,PAY000007074,False,not_requested,not_requested,0.0,
REF000006438,BKG000007075,PAY000007075,False,not_requested,not_requested,0.0,
REF000006439,BKG000007076,PAY000007076,False,not_requested,not_requested,0.0,
REF000006440,BKG000007077,PAY000007077,False,not_requested,not_requested,0.0,
REF000006441,BKG000007078,PAY000007078,False,not_requested,not_requested,0.0,
REF000006442,BKG000007079,PAY000007079,False,not_requested,not_requested,0.0,
REF000006443,BKG000007080,PAY000007080,False,not_requested,not_requested,0.0,
REF000006444,BKG000007081,PAY000007081,False,not_requested,not_requested,0.0,
REF000006445,BKG000007082,PAY000007082,False,not_requested,not_requested,0.0,
REF000006446,BKG000007083,PAY000007083,False,not_requested,not_requested,0.0,
REF000006447,BKG000007084,PAY000007084,False,not_requested,not_requested,0.0,
REF000006448,BKG000007085,PAY000007085,False,not_requested,not_requested,0.0,
REF000006449,BKG000007087,PAY000007087,False,not_requested,not_requested,0.0,
REF000006450,BKG000007088,PAY000007088,False,not_requested,not_requested,0.0,
REF000006451,BKG000007089,PAY000007089,False,not_requested,not_requested,0.0,
REF000006452,BKG000007090,PAY000007090,False,not_requested,not_requested,0.0,
REF000006453,BKG000007091,PAY000007091,False,not_requested,not_requested,0.0,
REF000006454,BKG000007092,PAY000007092,False,not_requested,not_requested,0.0,
REF000006455,BKG000007093,PAY000007093,False,not_requested,not_requested,0.0,
REF000006456,BKG000007094,PAY000007094,False,not_requested,not_requested,0.0,
REF000006457,BKG000007095,PAY000007095,False,not_requested,not_requested,0.0,
REF000006458,BKG000007096,PAY000007096,False,not_requested,not_requested,0.0,
REF000006459,BKG000007097,PAY000007097,False,not_requested,not_requested,0.0,
REF000006460,BKG000007098,PAY000007098,False,not_requested,not_requested,0.0,
REF000006461,BKG000007099,PAY000007099,False,not_requested,not_requested,0.0,
REF000006462,BKG000007100,PAY000007100,False,not_requested,not_requested,0.0,
REF000006463,BKG000007101,PAY000007101,False,not_requested,not_requested,0.0,
REF000006464,BKG000007102,PAY000007102,False,not_requested,not_requested,0.0,
REF000006465,BKG000007103,PAY000007103,False,not_requested,not_requested,0.0,
REF000006466,BKG000007105,PAY000007105,False,not_requested,not_requested,0.0,
REF000006467,BKG000007106,PAY000007106,False,not_requested,not_requested,0.0,
REF000006468,BKG000007107,PAY000007107,False,not_requested,not_requested,0.0,
REF000006469,BKG000007108,PAY000007108,False,not_requested,not_requested,0.0,
REF000006470,BKG000007109,PAY000007109,False,not_requested,not_requested,0.0,
REF000006471,BKG000007110,PAY000007110,False,not_requested,not_requested,0.0,
REF000006472,BKG000007111,PAY000007111,False,not_requested,not_requested,0.0,
REF000006473,BKG000007112,PAY000007112,False,not_requested,not_requested,0.0,
REF000006474,BKG000007113,PAY000007113,False,not_requested,not_requested,0.0,
REF000006475,BKG000007114,PAY000007114,False,not_requested,not_requested,0.0,
REF000006476,BKG000007115,PAY000007115,False,not_requested,not_requested,0.0,
REF000006477,BKG000007116,PAY000007116,False,not_requested,not_requested,0.0,
REF000006478,BKG000007117,PAY000007117,False,not_requested,not_requested,0.0,
REF000006479,BKG000007118,PAY000007118,False,not_requested,not_requested,0.0,
REF000006480,BKG000007119,PAY000007119,False,not_requested,not_requested,0.0,
REF000006481,BKG000007120,PAY000007120,False,not_requested,not_requested,0.0,
REF000006482,BKG000007121,PAY000007121,False,not_requested,not_requested,0.0,
REF000006483,BKG000007122,PAY000007122,False,not_requested,not_requested,0.0,
REF000006484,BKG000007123,PAY000007123,False,not_requested,not_requested,0.0,
REF000006485,BKG000007124,PAY000007124,False,not_requested,not_requested,0.0,
REF000006486,BKG000007125,PAY000007125,False,not_requested,not_requested,0.0,
REF000006487,BKG000007126,PAY000007126,False,not_requested,not_requested,0.0,
REF000006488,BKG000007127,PAY000007127,False,not_requested,not_requested,0.0,
REF000006489,BKG000007128,PAY000007128,False,not_requested,not_requested,0.0,
REF000006490,BKG000007129,PAY000007129,False,not_requested,not_requested,0.0,
REF000006491,BKG000007130,PAY000007130,False,not_requested,not_requested,0.0,
REF000006492,BKG000007132,PAY000007132,False,not_requested,not_requested,0.0,
REF000006493,BKG000007133,PAY000007133,False,not_requested,not_requested,0.0,
REF000006494,BKG000007134,PAY000007134,True,approved,airline_schedule_change,538.34,2014-12-26 10:43:39
REF000006495,BKG000007135,PAY000007135,False,not_requested,not_requested,0.0,
REF000006496,BKG000007136,PAY000007136,False,not_requested,not_requested,0.0,
REF000006497,BKG000007137,PAY000007137,False,not_requested,not_requested,0.0,
REF000006498,BKG000007138,PAY000007138,False,not_requested,not_requested,0.0,
REF000006499,BKG000007139,PAY000007139,False,not_requested,not_requested,0.0,
REF000006500,BKG000007140,PAY000007140,False,not_requested,not_requested,0.0,
REF000006501,BKG000007141,PAY000007141,False,not_requested,not_requested,0.0,
REF000006502,BKG000007142,PAY000007142,False,not_requested,not_requested,0.0,
REF000006503,BKG000007143,PAY000007143,False,not_requested,not_requested,0.0,
REF000006504,BKG000007144,PAY000007144,False,not_requested,not_requested,0.0,
REF000006505,BKG000007145,PAY000007145,False,not_requested,not_requested,0.0,
REF000006506,BKG000007146,PAY000007146,False,not_requested,not_requested,0.0,
REF000006507,BKG000007147,PAY000007147,False,not_requested,not_requested,0.0,
REF000006508,BKG000007148,PAY000007148,False,not_requested,not_requested,0.0,
REF000006509,BKG000007149,PAY000007149,False,not_requested,not_requested,0.0,
REF000006510,BKG000007150,PAY000007150,False,not_requested,not_requested,0.0,
REF000006511,BKG000007151,PAY000007151,False,not_requested,not_requested,0.0,
REF000006512,BKG000007152,PAY000007152,False,not_requested,not_requested,0.0,
REF000006513,BKG000007153,PAY000007153,False,not_requested,not_requested,0.0,
REF000006514,BKG000007155,PAY000007155,False,not_requested,not_requested,0.0,
REF000006515,BKG000007156,PAY000007156,False,not_requested,not_requested,0.0,
REF000006516,BKG000007157,PAY000007157,False,not_requested,not_requested,0.0,
REF000006517,BKG000007158,PAY000007158,False,not_requested,not_requested,0.0,
REF000006518,BKG000007159,PAY000007159,False,not_requested,not_requested,0.0,
REF000006519,BKG000007160,PAY000007160,False,not_requested,not_requested,0.0,
REF000006520,BKG000007162,PAY000007162,False,not_requested,not_requested,0.0,
REF000006521,BKG000007163,PAY000007163,False,not_requested,not_requested,0.0,
REF000006522,BKG000007164,PAY000007164,False,not_requested,not_requested,0.0,
REF000006523,BKG000007165,PAY000007165,False,not_requested,not_requested,0.0,
REF000006524,BKG000007166,PAY000007166,False,not_requested,not_requested,0.0,
REF000006525,BKG000007167,PAY000007167,False,not_requested,not_requested,0.0,
REF000006526,BKG000007168,PAY000007168,False,not_requested,not_requested,0.0,
REF000006527,BKG000007169,PAY000007169,False,not_requested,not_requested,0.0,
REF000006528,BKG000007170,PAY000007170,False,not_requested,not_requested,0.0,
REF000006529,BKG000007171,PAY000007171,False,not_requested,not_requested,0.0,
REF000006530,BKG000007172,PAY000007172,False,not_requested,not_requested,0.0,
REF000006531,BKG000007173,PAY000007173,False,not_requested,not_requested,0.0,
REF000006532,BKG000007174,PAY000007174,False,not_requested,not_requested,0.0,
REF000006533,BKG000007175,PAY000007175,False,not_requested,not_requested,0.0,
REF000006534,BKG000007176,PAY000007176,False,not_requested,not_requested,0.0,
REF000006535,BKG000007177,PAY000007177,True,approved,duplicate_booking,1099.45,2013-05-01 09:22:45
REF000006536,BKG000007178,PAY000007178,False,not_requested,not_requested,0.0,
REF000006537,BKG000007179,PAY000007179,False,not_requested,not_requested,0.0,
REF000006538,BKG000007180,PAY000007180,False,not_requested,not_requested,0.0,
REF000006539,BKG000007181,PAY000007181,False,not_requested,not_requested,0.0,
REF000006540,BKG000007182,PAY000007182,False,not_requested,not_requested,0.0,
REF000006541,BKG000007183,PAY000007183,False,not_requested,not_requested,0.0,
REF000006542,BKG000007185,PAY000007185,False,not_requested,not_requested,0.0,
REF000006543,BKG000007186,PAY000007186,True,rejected,airline_schedule_change,0.0,2013-10-27 21:07:36
REF000006544,BKG000007187,PAY000007187,False,not_requested,not_requested,0.0,
REF000006545,BKG000007188,PAY000007188,False,not_requested,not_requested,0.0,
REF000006546,BKG000007189,PAY000007189,False,not_requested,not_requested,0.0,
REF000006547,BKG000007190,PAY000007190,False,not_requested,not_requested,0.0,
REF000006548,BKG000007191,PAY000007191,False,not_requested,not_requested,0.0,
REF000006549,BKG000007192,PAY000007192,False,not_requested,not_requested,0.0,
REF000006550,BKG000007193,PAY000007193,False,not_requested,not_requested,0.0,
REF000006551,BKG000007194,PAY000007194,False,not_requested,not_requested,0.0,
REF000006552,BKG000007195,PAY000007195,False,not_requested,not_requested,0.0,
REF000006553,BKG000007196,PAY000007196,False,not_requested,not_requested,0.0,
REF000006554,BKG000007197,PAY000007197,False,not_requested,not_requested,0.0,
REF000006555,BKG000007198,PAY000007198,True,approved,customer_cancelled,602.99,2014-01-05 23:01:47
REF000006556,BKG000007199,PAY000007199,False,not_requested,not_requested,0.0,
REF000006557,BKG000007200,PAY000007200,False,not_requested,not_requested,0.0,
REF000006558,BKG000007201,PAY000007201,False,not_requested,not_requested,0.0,
REF000006559,BKG000007202,PAY000007202,False,not_requested,not_requested,0.0,
REF000006560,BKG000007203,PAY000007203,False,not_requested,not_requested,0.0,
REF000006561,BKG000007204,PAY000007204,False,not_requested,not_requested,0.0,
REF000006562,BKG000007205,PAY000007205,True,approved,airline_schedule_change,204.52,2014-12-04 23:58:44
REF000006563,BKG000007206,PAY000007206,False,not_requested,not_requested,0.0,
REF000006564,BKG000007207,PAY000007207,False,not_requested,not_requested,0.0,
REF000006565,BKG000007208,PAY000007208,False,not_requested,not_requested,0.0,
REF000006566,BKG000007209,PAY000007209,False,not_requested,not_requested,0.0,
REF000006567,BKG000007210,PAY000007210,False,not_requested,not_requested,0.0,
REF000006568,BKG000007211,PAY000007211,False,not_requested,not_requested,0.0,
REF000006569,BKG000007212,PAY000007212,False,not_requested,not_requested,0.0,
REF000006570,BKG000007213,PAY000007213,False,not_requested,not_requested,0.0,
REF000006571,BKG000007214,PAY000007214,False,not_requested,not_requested,0.0,
REF000006572,BKG000007215,PAY000007215,False,not_requested,not_requested,0.0,
REF000006573,BKG000007216,PAY000007216,False,not_requested,not_requested,0.0,
REF000006574,BKG000007217,PAY000007217,False,not_requested,not_requested,0.0,
REF000006575,BKG000007218,PAY000007218,False,not_requested,not_requested,0.0,
REF000006576,BKG000007219,PAY000007219,False,not_requested,not_requested,0.0,
REF000006577,BKG000007220,PAY000007220,False,not_requested,not_requested,0.0,
REF000006578,BKG000007221,PAY000007221,False,not_requested,not_requested,0.0,
REF000006579,BKG000007223,PAY000007223,False,not_requested,not_requested,0.0,
REF000006580,BKG000007224,PAY000007224,False,not_requested,not_requested,0.0,
REF000006581,BKG000007225,PAY000007225,False,not_requested,not_requested,0.0,
REF000006582,BKG000007226,PAY000007226,False,not_requested,not_requested,0.0,
REF000006583,BKG000007227,PAY000007227,True,approved,duplicate_booking,413.37,2014-04-23 08:59:35
REF000006584,BKG000007228,PAY000007228,False,not_requested,not_requested,0.0,
REF000006585,BKG000007229,PAY000007229,False,not_requested,not_requested,0.0,
REF000006586,BKG000007231,PAY000007231,False,not_requested,not_requested,0.0,
REF000006587,BKG000007232,PAY000007232,False,not_requested,not_requested,0.0,
REF000006588,BKG000007233,PAY000007233,False,not_requested,not_requested,0.0,
REF000006589,BKG000007234,PAY000007234,False,not_requested,not_requested,0.0,
REF000006590,BKG000007235,PAY000007235,False,not_requested,not_requested,0.0,
REF000006591,BKG000007236,PAY000007236,False,not_requested,not_requested,0.0,
REF000006592,BKG000007237,PAY000007237,True,rejected,customer_cancelled,0.0,2013-06-16 16:01:56
REF000006593,BKG000007238,PAY000007238,False,not_requested,not_requested,0.0,
REF000006594,BKG000007239,PAY000007239,False,not_requested,not_requested,0.0,
REF000006595,BKG000007240,PAY000007240,False,not_requested,not_requested,0.0,
REF000006596,BKG000007241,PAY000007241,False,not_requested,not_requested,0.0,
REF000006597,BKG000007242,PAY000007242,False,not_requested,not_requested,0.0,
REF000006598,BKG000007243,PAY000007243,False,not_requested,not_requested,0.0,
REF000006599,BKG000007244,PAY000007244,False,not_requested,not_requested,0.0,
REF000006600,BKG000007245,PAY000007245,False,not_requested,not_requested,0.0,
REF000006601,BKG000007246,PAY000007246,False,not_requested,not_requested,0.0,
REF000006602,BKG000007247,PAY000007247,False,not_requested,not_requested,0.0,
REF000006603,BKG000007248,PAY000007248,False,not_requested,not_requested,0.0,
REF000006604,BKG000007249,PAY000007249,False,not_requested,not_requested,0.0,
REF000006605,BKG000007250,PAY000007250,False,not_requested,not_requested,0.0,
REF000006606,BKG000007253,PAY000007253,False,not_requested,not_requested,0.0,
REF000006607,BKG000007254,PAY000007254,False,not_requested,not_requested,0.0,
REF000006608,BKG000007255,PAY000007255,False,not_requested,not_requested,0.0,
REF000006609,BKG000007257,PAY000007257,False,not_requested,not_requested,0.0,
REF000006610,BKG000007258,PAY000007258,False,not_requested,not_requested,0.0,
REF000006611,BKG000007260,PAY000007260,False,not_requested,not_requested,0.0,
REF000006612,BKG000007261,PAY000007261,False,not_requested,not_requested,0.0,
REF000006613,BKG000007262,PAY000007262,False,not_requested,not_requested,0.0,
REF000006614,BKG000007263,PAY000007263,False,not_requested,not_requested,0.0,
REF000006615,BKG000007265,PAY000007265,False,not_requested,not_requested,0.0,
REF000006616,BKG000007266,PAY000007266,False,not_requested,not_requested,0.0,
REF000006617,BKG000007267,PAY000007267,False,not_requested,not_requested,0.0,
REF000006618,BKG000007268,PAY000007268,False,not_requested,not_requested,0.0,
REF000006619,BKG000007269,PAY000007269,False,not_requested,not_requested,0.0,
REF000006620,BKG000007270,PAY000007270,False,not_requested,not_requested,0.0,
REF000006621,BKG000007272,PAY000007272,False,not_requested,not_requested,0.0,
REF000006622,BKG000007273,PAY000007273,False,not_requested,not_requested,0.0,
REF000006623,BKG000007274,PAY000007274,False,not_requested,not_requested,0.0,
REF000006624,BKG000007275,PAY000007275,False,not_requested,not_requested,0.0,
REF000006625,BKG000007276,PAY000007276,False,not_requested,not_requested,0.0,
REF000006626,BKG000007277,PAY000007277,False,not_requested,not_requested,0.0,
REF000006627,BKG000007278,PAY000007278,False,not_requested,not_requested,0.0,
REF000006628,BKG000007279,PAY000007279,False,not_requested,not_requested,0.0,
REF000006629,BKG000007281,PAY000007281,False,not_requested,not_requested,0.0,
REF000006630,BKG000007282,PAY000007282,False,not_requested,not_requested,0.0,
REF000006631,BKG000007283,PAY000007283,False,not_requested,not_requested,0.0,
REF000006632,BKG000007284,PAY000007284,False,not_requested,not_requested,0.0,
REF000006633,BKG000007285,PAY000007285,False,not_requested,not_requested,0.0,
REF000006634,BKG000007286,PAY000007286,False,not_requested,not_requested,0.0,
REF000006635,BKG000007288,PAY000007288,False,not_requested,not_requested,0.0,
REF000006636,BKG000007289,PAY000007289,False,not_requested,not_requested,0.0,
REF000006637,BKG000007290,PAY000007290,False,not_requested,not_requested,0.0,
REF000006638,BKG000007291,PAY000007291,False,not_requested,not_requested,0.0,
REF000006639,BKG000007292,PAY000007292,True,pending,duplicate_booking,1250.01,2014-07-08 18:30:58
REF000006640,BKG000007293,PAY000007293,False,not_requested,not_requested,0.0,
REF000006641,BKG000007294,PAY000007294,False,not_requested,not_requested,0.0,
REF000006642,BKG000007295,PAY000007295,False,not_requested,not_requested,0.0,
REF000006643,BKG000007296,PAY000007296,False,not_requested,not_requested,0.0,
REF000006644,BKG000007297,PAY000007297,False,not_requested,not_requested,0.0,
REF000006645,BKG000007298,PAY000007298,False,not_requested,not_requested,0.0,
REF000006646,BKG000007299,PAY000007299,False,not_requested,not_requested,0.0,
REF000006647,BKG000007300,PAY000007300,False,not_requested,not_requested,0.0,
REF000006648,BKG000007301,PAY000007301,False,not_requested,not_requested,0.0,
REF000006649,BKG000007302,PAY000007302,False,not_requested,not_requested,0.0,
REF000006650,BKG000007303,PAY000007303,False,not_requested,not_requested,0.0,
REF000006651,BKG000007304,PAY000007304,False,not_requested,not_requested,0.0,
REF000006652,BKG000007305,PAY000007305,False,not_requested,not_requested,0.0,
REF000006653,BKG000007306,PAY000007306,False,not_requested,not_requested,0.0,
REF000006654,BKG000007307,PAY000007307,False,not_requested,not_requested,0.0,
REF000006655,BKG000007308,PAY000007308,False,not_requested,not_requested,0.0,
REF000006656,BKG000007309,PAY000007309,False,not_requested,not_requested,0.0,
REF000006657,BKG000007310,PAY000007310,False,not_requested,not_requested,0.0,
REF000006658,BKG000007311,PAY000007311,False,not_requested,not_requested,0.0,
REF000006659,BKG000007312,PAY000007312,False,not_requested,not_requested,0.0,
REF000006660,BKG000007313,PAY000007313,False,not_requested,not_requested,0.0,
REF000006661,BKG000007314,PAY000007314,False,not_requested,not_requested,0.0,
REF000006662,BKG000007315,PAY000007315,False,not_requested,not_requested,0.0,
REF000006663,BKG000007316,PAY000007316,False,not_requested,not_requested,0.0,
REF000006664,BKG000007317,PAY000007317,False,not_requested,not_requested,0.0,
REF000006665,BKG000007318,PAY000007318,False,not_requested,not_requested,0.0,
REF000006666,BKG000007319,PAY000007319,False,not_requested,not_requested,0.0,
REF000006667,BKG000007320,PAY000007320,False,not_requested,not_requested,0.0,
REF000006668,BKG000007321,PAY000007321,False,not_requested,not_requested,0.0,
REF000006669,BKG000007322,PAY000007322,False,not_requested,not_requested,0.0,
REF000006670,BKG000007323,PAY000007323,False,not_requested,not_requested,0.0,
REF000006671,BKG000007324,PAY000007324,False,not_requested,not_requested,0.0,
REF000006672,BKG000007325,PAY000007325,False,not_requested,not_requested,0.0,
REF000006673,BKG000007326,PAY000007326,False,not_requested,not_requested,0.0,
REF000006674,BKG000007327,PAY000007327,False,not_requested,not_requested,0.0,
REF000006675,BKG000007328,PAY000007328,False,not_requested,not_requested,0.0,
REF000006676,BKG000007329,PAY000007329,False,not_requested,not_requested,0.0,
REF000006677,BKG000007330,PAY000007330,False,not_requested,not_requested,0.0,
REF000006678,BKG000007331,PAY000007331,False,not_requested,not_requested,0.0,
REF000006679,BKG000007332,PAY000007332,False,not_requested,not_requested,0.0,
REF000006680,BKG000007333,PAY000007333,False,not_requested,not_requested,0.0,
REF000006681,BKG000007334,PAY000007334,False,not_requested,not_requested,0.0,
REF000006682,BKG000007335,PAY000007335,True,approved,ticketing_failure,151.58,2013-08-29 15:07:09
REF000006683,BKG000007336,PAY000007336,False,not_requested,not_requested,0.0,
REF000006684,BKG000007337,PAY000007337,False,not_requested,not_requested,0.0,
REF000006685,BKG000007338,PAY000007338,False,not_requested,not_requested,0.0,
REF000006686,BKG000007339,PAY000007339,False,not_requested,not_requested,0.0,
REF000006687,BKG000007340,PAY000007340,False,not_requested,not_requested,0.0,
REF000006688,BKG000007341,PAY000007341,False,not_requested,not_requested,0.0,
REF000006689,BKG000007342,PAY000007342,False,not_requested,not_requested,0.0,
REF000006690,BKG000007343,PAY000007343,False,not_requested,not_requested,0.0,
REF000006691,BKG000007344,PAY000007344,False,not_requested,not_requested,0.0,
REF000006692,BKG000007345,PAY000007345,False,not_requested,not_requested,0.0,
REF000006693,BKG000007346,PAY000007346,False,not_requested,not_requested,0.0,
REF000006694,BKG000007348,PAY000007348,False,not_requested,not_requested,0.0,
REF000006695,BKG000007349,PAY000007349,False,not_requested,not_requested,0.0,
REF000006696,BKG000007350,PAY000007350,False,not_requested,not_requested,0.0,
REF000006697,BKG000007352,PAY000007352,False,not_requested,not_requested,0.0,
REF000006698,BKG000007353,PAY000007353,False,not_requested,not_requested,0.0,
REF000006699,BKG000007354,PAY000007354,False,not_requested,not_requested,0.0,
REF000006700,BKG000007355,PAY000007355,False,not_requested,not_requested,0.0,
REF000006701,BKG000007356,PAY000007356,False,not_requested,not_requested,0.0,
REF000006702,BKG000007357,PAY000007357,False,not_requested,not_requested,0.0,
REF000006703,BKG000007358,PAY000007358,False,not_requested,not_requested,0.0,
REF000006704,BKG000007359,PAY000007359,False,not_requested,not_requested,0.0,
REF000006705,BKG000007360,PAY000007360,False,not_requested,not_requested,0.0,
REF000006706,BKG000007361,PAY000007361,False,not_requested,not_requested,0.0,
REF000006707,BKG000007362,PAY000007362,False,not_requested,not_requested,0.0,
REF000006708,BKG000007363,PAY000007363,False,not_requested,not_requested,0.0,
REF000006709,BKG000007364,PAY000007364,False,not_requested,not_requested,0.0,
REF000006710,BKG000007365,PAY000007365,False,not_requested,not_requested,0.0,
REF000006711,BKG000007366,PAY000007366,False,not_requested,not_requested,0.0,
REF000006712,BKG000007367,PAY000007367,False,not_requested,not_requested,0.0,
REF000006713,BKG000007368,PAY000007368,False,not_requested,not_requested,0.0,
REF000006714,BKG000007369,PAY000007369,False,not_requested,not_requested,0.0,
REF000006715,BKG000007370,PAY000007370,False,not_requested,not_requested,0.0,
REF000006716,BKG000007371,PAY000007371,False,not_requested,not_requested,0.0,
REF000006717,BKG000007372,PAY000007372,False,not_requested,not_requested,0.0,
REF000006718,BKG000007373,PAY000007373,False,not_requested,not_requested,0.0,
REF000006719,BKG000007374,PAY000007374,False,not_requested,not_requested,0.0,
REF000006720,BKG000007376,PAY000007376,False,not_requested,not_requested,0.0,
REF000006721,BKG000007377,PAY000007377,False,not_requested,not_requested,0.0,
REF000006722,BKG000007378,PAY000007378,False,not_requested,not_requested,0.0,
REF000006723,BKG000007379,PAY000007379,False,not_requested,not_requested,0.0,
REF000006724,BKG000007380,PAY000007380,False,not_requested,not_requested,0.0,
REF000006725,BKG000007381,PAY000007381,False,not_requested,not_requested,0.0,
REF000006726,BKG000007382,PAY000007382,False,not_requested,not_requested,0.0,
REF000006727,BKG000007383,PAY000007383,False,not_requested,not_requested,0.0,
REF000006728,BKG000007385,PAY000007385,False,not_requested,not_requested,0.0,
REF000006729,BKG000007386,PAY000007386,False,not_requested,not_requested,0.0,
REF000006730,BKG000007387,PAY000007387,False,not_requested,not_requested,0.0,
REF000006731,BKG000007390,PAY000007390,False,not_requested,not_requested,0.0,
REF000006732,BKG000007391,PAY000007391,False,not_requested,not_requested,0.0,
REF000006733,BKG000007392,PAY000007392,False,not_requested,not_requested,0.0,
REF000006734,BKG000007393,PAY000007393,False,not_requested,not_requested,0.0,
REF000006735,BKG000007394,PAY000007394,False,not_requested,not_requested,0.0,
REF000006736,BKG000007395,PAY000007395,False,not_requested,not_requested,0.0,
REF000006737,BKG000007396,PAY000007396,False,not_requested,not_requested,0.0,
REF000006738,BKG000007397,PAY000007397,False,not_requested,not_requested,0.0,
REF000006739,BKG000007398,PAY000007398,False,not_requested,not_requested,0.0,
REF000006740,BKG000007399,PAY000007399,False,not_requested,not_requested,0.0,
REF000006741,BKG000007400,PAY000007400,False,not_requested,not_requested,0.0,
REF000006742,BKG000007401,PAY000007401,False,not_requested,not_requested,0.0,
REF000006743,BKG000007402,PAY000007402,False,not_requested,not_requested,0.0,
REF000006744,BKG000007403,PAY000007403,False,not_requested,not_requested,0.0,
REF000006745,BKG000007404,PAY000007404,False,not_requested,not_requested,0.0,
REF000006746,BKG000007405,PAY000007405,False,not_requested,not_requested,0.0,
REF000006747,BKG000007406,PAY000007406,False,not_requested,not_requested,0.0,
REF000006748,BKG000007407,PAY000007407,False,not_requested,not_requested,0.0,
REF000006749,BKG000007408,PAY000007408,False,not_requested,not_requested,0.0,
REF000006750,BKG000007409,PAY000007409,False,not_requested,not_requested,0.0,
REF000006751,BKG000007410,PAY000007410,False,not_requested,not_requested,0.0,
REF000006752,BKG000007411,PAY000007411,False,not_requested,not_requested,0.0,
REF000006753,BKG000007412,PAY000007412,True,approved,payment_dispute,432.92,2014-09-11 11:16:53
REF000006754,BKG000007413,PAY000007413,False,not_requested,not_requested,0.0,
REF000006755,BKG000007415,PAY000007415,False,not_requested,not_requested,0.0,
REF000006756,BKG000007416,PAY000007416,False,not_requested,not_requested,0.0,
REF000006757,BKG000007417,PAY000007417,False,not_requested,not_requested,0.0,
REF000006758,BKG000007418,PAY000007418,False,not_requested,not_requested,0.0,
REF000006759,BKG000007419,PAY000007419,False,not_requested,not_requested,0.0,
REF000006760,BKG000007420,PAY000007420,False,not_requested,not_requested,0.0,
REF000006761,BKG000007421,PAY000007421,False,not_requested,not_requested,0.0,
REF000006762,BKG000007422,PAY000007422,False,not_requested,not_requested,0.0,
REF000006763,BKG000007423,PAY000007423,False,not_requested,not_requested,0.0,
REF000006764,BKG000007424,PAY000007424,False,not_requested,not_requested,0.0,
REF000006765,BKG000007425,PAY000007425,True,approved,customer_cancelled,270.16,2014-07-16 14:29:22
REF000006766,BKG000007426,PAY000007426,False,not_requested,not_requested,0.0,
REF000006767,BKG000007427,PAY000007427,False,not_requested,not_requested,0.0,
REF000006768,BKG000007428,PAY000007428,True,approved,duplicate_booking,387.75,2014-08-24 04:36:13
REF000006769,BKG000007430,PAY000007430,False,not_requested,not_requested,0.0,
REF000006770,BKG000007431,PAY000007431,False,not_requested,not_requested,0.0,
REF000006771,BKG000007432,PAY000007432,False,not_requested,not_requested,0.0,
REF000006772,BKG000007434,PAY000007434,False,not_requested,not_requested,0.0,
REF000006773,BKG000007436,PAY000007436,False,not_requested,not_requested,0.0,
REF000006774,BKG000007437,PAY000007437,False,not_requested,not_requested,0.0,
REF000006775,BKG000007438,PAY000007438,False,not_requested,not_requested,0.0,
REF000006776,BKG000007439,PAY000007439,False,not_requested,not_requested,0.0,
REF000006777,BKG000007441,PAY000007441,False,not_requested,not_requested,0.0,
REF000006778,BKG000007442,PAY000007442,False,not_requested,not_requested,0.0,
REF000006779,BKG000007443,PAY000007443,False,not_requested,not_requested,0.0,
REF000006780,BKG000007444,PAY000007444,False,not_requested,not_requested,0.0,
REF000006781,BKG000007445,PAY000007445,True,rejected,customer_cancelled,0.0,2014-10-18 04:46:44
REF000006782,BKG000007446,PAY000007446,False,not_requested,not_requested,0.0,
REF000006783,BKG000007448,PAY000007448,False,not_requested,not_requested,0.0,
REF000006784,BKG000007449,PAY000007449,False,not_requested,not_requested,0.0,
REF000006785,BKG000007450,PAY000007450,False,not_requested,not_requested,0.0,
REF000006786,BKG000007451,PAY000007451,False,not_requested,not_requested,0.0,
REF000006787,BKG000007452,PAY000007452,False,not_requested,not_requested,0.0,
REF000006788,BKG000007453,PAY000007453,False,not_requested,not_requested,0.0,
REF000006789,BKG000007454,PAY000007454,False,not_requested,not_requested,0.0,
REF000006790,BKG000007455,PAY000007455,False,not_requested,not_requested,0.0,
REF000006791,BKG000007459,PAY000007459,False,not_requested,not_requested,0.0,
REF000006792,BKG000007461,PAY000007461,False,not_requested,not_requested,0.0,
REF000006793,BKG000007462,PAY000007462,False,not_requested,not_requested,0.0,
REF000006794,BKG000007463,PAY000007463,True,approved,duplicate_booking,117.27,2014-05-01 18:34:55
REF000006795,BKG000007464,PAY000007464,False,not_requested,not_requested,0.0,
REF000006796,BKG000007465,PAY000007465,False,not_requested,not_requested,0.0,
REF000006797,BKG000007466,PAY000007466,False,not_requested,not_requested,0.0,
REF000006798,BKG000007467,PAY000007467,True,approved,airline_schedule_change,232.0,2014-07-22 04:25:43
REF000006799,BKG000007468,PAY000007468,False,not_requested,not_requested,0.0,
REF000006800,BKG000007469,PAY000007469,False,not_requested,not_requested,0.0,
REF000006801,BKG000007470,PAY000007470,False,not_requested,not_requested,0.0,
REF000006802,BKG000007471,PAY000007471,False,not_requested,not_requested,0.0,
REF000006803,BKG000007473,PAY000007473,False,not_requested,not_requested,0.0,
REF000006804,BKG000007474,PAY000007474,False,not_requested,not_requested,0.0,
REF000006805,BKG000007475,PAY000007475,False,not_requested,not_requested,0.0,
REF000006806,BKG000007476,PAY000007476,False,not_requested,not_requested,0.0,
REF000006807,BKG000007477,PAY000007477,False,not_requested,not_requested,0.0,
REF000006808,BKG000007478,PAY000007478,True,pending,ticketing_failure,109.39,2014-12-23 23:12:42
REF000006809,BKG000007479,PAY000007479,False,not_requested,not_requested,0.0,
REF000006810,BKG000007480,PAY000007480,False,not_requested,not_requested,0.0,
REF000006811,BKG000007481,PAY000007481,False,not_requested,not_requested,0.0,
REF000006812,BKG000007482,PAY000007482,False,not_requested,not_requested,0.0,
REF000006813,BKG000007483,PAY000007483,False,not_requested,not_requested,0.0,
REF000006814,BKG000007484,PAY000007484,False,not_requested,not_requested,0.0,
REF000006815,BKG000007485,PAY000007485,False,not_requested,not_requested,0.0,
REF000006816,BKG000007486,PAY000007486,False,not_requested,not_requested,0.0,
REF000006817,BKG000007487,PAY000007487,False,not_requested,not_requested,0.0,
REF000006818,BKG000007488,PAY000007488,False,not_requested,not_requested,0.0,
REF000006819,BKG000007489,PAY000007489,False,not_requested,not_requested,0.0,
REF000006820,BKG000007490,PAY000007490,False,not_requested,not_requested,0.0,
REF000006821,BKG000007491,PAY000007491,False,not_requested,not_requested,0.0,
REF000006822,BKG000007492,PAY000007492,False,not_requested,not_requested,0.0,
REF000006823,BKG000007493,PAY000007493,False,not_requested,not_requested,0.0,
REF000006824,BKG000007494,PAY000007494,False,not_requested,not_requested,0.0,
REF000006825,BKG000007495,PAY000007495,False,not_requested,not_requested,0.0,
REF000006826,BKG000007496,PAY000007496,False,not_requested,not_requested,0.0,
REF000006827,BKG000007498,PAY000007498,False,not_requested,not_requested,0.0,
REF000006828,BKG000007499,PAY000007499,False,not_requested,not_requested,0.0,
REF000006829,BKG000007500,PAY000007500,False,not_requested,not_requested,0.0,
REF000006830,BKG000007501,PAY000007501,False,not_requested,not_requested,0.0,
REF000006831,BKG000007502,PAY000007502,False,not_requested,not_requested,0.0,
REF000006832,BKG000007504,PAY000007504,False,not_requested,not_requested,0.0,
REF000006833,BKG000007505,PAY000007505,False,not_requested,not_requested,0.0,
REF000006834,BKG000007506,PAY000007506,False,not_requested,not_requested,0.0,
REF000006835,BKG000007507,PAY000007507,False,not_requested,not_requested,0.0,
REF000006836,BKG000007508,PAY000007508,False,not_requested,not_requested,0.0,
REF000006837,BKG000007509,PAY000007509,False,not_requested,not_requested,0.0,
REF000006838,BKG000007510,PAY000007510,False,not_requested,not_requested,0.0,
REF000006839,BKG000007511,PAY000007511,False,not_requested,not_requested,0.0,
REF000006840,BKG000007512,PAY000007512,False,not_requested,not_requested,0.0,
REF000006841,BKG000007513,PAY000007513,False,not_requested,not_requested,0.0,
REF000006842,BKG000007516,PAY000007516,False,not_requested,not_requested,0.0,
REF000006843,BKG000007518,PAY000007518,False,not_requested,not_requested,0.0,
REF000006844,BKG000007519,PAY000007519,False,not_requested,not_requested,0.0,
REF000006845,BKG000007520,PAY000007520,False,not_requested,not_requested,0.0,
REF000006846,BKG000007522,PAY000007522,False,not_requested,not_requested,0.0,
REF000006847,BKG000007523,PAY000007523,False,not_requested,not_requested,0.0,
REF000006848,BKG000007524,PAY000007524,False,not_requested,not_requested,0.0,
REF000006849,BKG000007525,PAY000007525,False,not_requested,not_requested,0.0,
REF000006850,BKG000007526,PAY000007526,False,not_requested,not_requested,0.0,
REF000006851,BKG000007528,PAY000007528,False,not_requested,not_requested,0.0,
REF000006852,BKG000007529,PAY000007529,False,not_requested,not_requested,0.0,
REF000006853,BKG000007530,PAY000007530,False,not_requested,not_requested,0.0,
REF000006854,BKG000007531,PAY000007531,False,not_requested,not_requested,0.0,
REF000006855,BKG000007532,PAY000007532,False,not_requested,not_requested,0.0,
REF000006856,BKG000007533,PAY000007533,False,not_requested,not_requested,0.0,
REF000006857,BKG000007534,PAY000007534,False,not_requested,not_requested,0.0,
REF000006858,BKG000007535,PAY000007535,False,not_requested,not_requested,0.0,
REF000006859,BKG000007536,PAY000007536,False,not_requested,not_requested,0.0,
REF000006860,BKG000007538,PAY000007538,False,not_requested,not_requested,0.0,
REF000006861,BKG000007539,PAY000007539,False,not_requested,not_requested,0.0,
REF000006862,BKG000007540,PAY000007540,False,not_requested,not_requested,0.0,
REF000006863,BKG000007541,PAY000007541,False,not_requested,not_requested,0.0,
REF000006864,BKG000007543,PAY000007543,False,not_requested,not_requested,0.0,
REF000006865,BKG000007544,PAY000007544,False,not_requested,not_requested,0.0,
REF000006866,BKG000007545,PAY000007545,True,approved,airline_schedule_change,1231.08,2014-01-06 08:31:40
REF000006867,BKG000007546,PAY000007546,False,not_requested,not_requested,0.0,
REF000006868,BKG000007547,PAY000007547,False,not_requested,not_requested,0.0,
REF000006869,BKG000007548,PAY000007548,False,not_requested,not_requested,0.0,
REF000006870,BKG000007549,PAY000007549,False,not_requested,not_requested,0.0,
REF000006871,BKG000007550,PAY000007550,False,not_requested,not_requested,0.0,
REF000006872,BKG000007551,PAY000007551,False,not_requested,not_requested,0.0,
REF000006873,BKG000007552,PAY000007552,False,not_requested,not_requested,0.0,
REF000006874,BKG000007553,PAY000007553,False,not_requested,not_requested,0.0,
REF000006875,BKG000007554,PAY000007554,False,not_requested,not_requested,0.0,
REF000006876,BKG000007555,PAY000007555,False,not_requested,not_requested,0.0,
REF000006877,BKG000007556,PAY000007556,False,not_requested,not_requested,0.0,
REF000006878,BKG000007557,PAY000007557,False,not_requested,not_requested,0.0,
REF000006879,BKG000007558,PAY000007558,False,not_requested,not_requested,0.0,
REF000006880,BKG000007559,PAY000007559,False,not_requested,not_requested,0.0,
REF000006881,BKG000007560,PAY000007560,False,not_requested,not_requested,0.0,
REF000006882,BKG000007561,PAY000007561,False,not_requested,not_requested,0.0,
REF000006883,BKG000007562,PAY000007562,False,not_requested,not_requested,0.0,
REF000006884,BKG000007563,PAY000007563,False,not_requested,not_requested,0.0,
REF000006885,BKG000007564,PAY000007564,False,not_requested,not_requested,0.0,
REF000006886,BKG000007565,PAY000007565,False,not_requested,not_requested,0.0,
REF000006887,BKG000007566,PAY000007566,False,not_requested,not_requested,0.0,
REF000006888,BKG000007567,PAY000007567,False,not_requested,not_requested,0.0,
REF000006889,BKG000007568,PAY000007568,False,not_requested,not_requested,0.0,
REF000006890,BKG000007570,PAY000007570,False,not_requested,not_requested,0.0,
REF000006891,BKG000007571,PAY000007571,False,not_requested,not_requested,0.0,
REF000006892,BKG000007572,PAY000007572,False,not_requested,not_requested,0.0,
REF000006893,BKG000007573,PAY000007573,False,not_requested,not_requested,0.0,
REF000006894,BKG000007575,PAY000007575,False,not_requested,not_requested,0.0,
REF000006895,BKG000007576,PAY000007576,False,not_requested,not_requested,0.0,
REF000006896,BKG000007577,PAY000007577,False,not_requested,not_requested,0.0,
REF000006897,BKG000007579,PAY000007579,False,not_requested,not_requested,0.0,
REF000006898,BKG000007580,PAY000007580,False,not_requested,not_requested,0.0,
REF000006899,BKG000007581,PAY000007581,False,not_requested,not_requested,0.0,
REF000006900,BKG000007582,PAY000007582,False,not_requested,not_requested,0.0,
REF000006901,BKG000007583,PAY000007583,False,not_requested,not_requested,0.0,
REF000006902,BKG000007584,PAY000007584,False,not_requested,not_requested,0.0,
REF000006903,BKG000007585,PAY000007585,False,not_requested,not_requested,0.0,
REF000006904,BKG000007586,PAY000007586,False,not_requested,not_requested,0.0,
REF000006905,BKG000007587,PAY000007587,False,not_requested,not_requested,0.0,
REF000006906,BKG000007588,PAY000007588,False,not_requested,not_requested,0.0,
REF000006907,BKG000007589,PAY000007589,False,not_requested,not_requested,0.0,
REF000006908,BKG000007590,PAY000007590,False,not_requested,not_requested,0.0,
REF000006909,BKG000007591,PAY000007591,False,not_requested,not_requested,0.0,
REF000006910,BKG000007592,PAY000007592,False,not_requested,not_requested,0.0,
REF000006911,BKG000007593,PAY000007593,False,not_requested,not_requested,0.0,
REF000006912,BKG000007594,PAY000007594,True,approved,airline_schedule_change,379.46,2014-08-19 21:35:41
REF000006913,BKG000007595,PAY000007595,False,not_requested,not_requested,0.0,
REF000006914,BKG000007596,PAY000007596,False,not_requested,not_requested,0.0,
REF000006915,BKG000007597,PAY000007597,False,not_requested,not_requested,0.0,
REF000006916,BKG000007598,PAY000007598,False,not_requested,not_requested,0.0,
REF000006917,BKG000007600,PAY000007600,False,not_requested,not_requested,0.0,
REF000006918,BKG000007601,PAY000007601,False,not_requested,not_requested,0.0,
REF000006919,BKG000007602,PAY000007602,False,not_requested,not_requested,0.0,
REF000006920,BKG000007603,PAY000007603,False,not_requested,not_requested,0.0,
REF000006921,BKG000007604,PAY000007604,False,not_requested,not_requested,0.0,
REF000006922,BKG000007605,PAY000007605,False,not_requested,not_requested,0.0,
REF000006923,BKG000007606,PAY000007606,False,not_requested,not_requested,0.0,
REF000006924,BKG000007607,PAY000007607,False,not_requested,not_requested,0.0,
REF000006925,BKG000007608,PAY000007608,False,not_requested,not_requested,0.0,
REF000006926,BKG000007609,PAY000007609,False,not_requested,not_requested,0.0,
REF000006927,BKG000007610,PAY000007610,False,not_requested,not_requested,0.0,
REF000006928,BKG000007611,PAY000007611,False,not_requested,not_requested,0.0,
REF000006929,BKG000007612,PAY000007612,False,not_requested,not_requested,0.0,
REF000006930,BKG000007613,PAY000007613,True,approved,duplicate_booking,50.63,2014-11-13 13:14:34
REF000006931,BKG000007614,PAY000007614,False,not_requested,not_requested,0.0,
REF000006932,BKG000007617,PAY000007617,False,not_requested,not_requested,0.0,
REF000006933,BKG000007618,PAY000007618,False,not_requested,not_requested,0.0,
REF000006934,BKG000007619,PAY000007619,False,not_requested,not_requested,0.0,
REF000006935,BKG000007620,PAY000007620,False,not_requested,not_requested,0.0,
REF000006936,BKG000007621,PAY000007621,False,not_requested,not_requested,0.0,
REF000006937,BKG000007622,PAY000007622,False,not_requested,not_requested,0.0,
REF000006938,BKG000007623,PAY000007623,False,not_requested,not_requested,0.0,
REF000006939,BKG000007624,PAY000007624,False,not_requested,not_requested,0.0,
REF000006940,BKG000007625,PAY000007625,False,not_requested,not_requested,0.0,
REF000006941,BKG000007626,PAY000007626,False,not_requested,not_requested,0.0,
REF000006942,BKG000007627,PAY000007627,False,not_requested,not_requested,0.0,
REF000006943,BKG000007628,PAY000007628,False,not_requested,not_requested,0.0,
REF000006944,BKG000007629,PAY000007629,False,not_requested,not_requested,0.0,
REF000006945,BKG000007630,PAY000007630,False,not_requested,not_requested,0.0,
REF000006946,BKG000007631,PAY000007631,False,not_requested,not_requested,0.0,
REF000006947,BKG000007632,PAY000007632,False,not_requested,not_requested,0.0,
REF000006948,BKG000007633,PAY000007633,False,not_requested,not_requested,0.0,
REF000006949,BKG000007634,PAY000007634,False,not_requested,not_requested,0.0,
REF000006950,BKG000007635,PAY000007635,False,not_requested,not_requested,0.0,
REF000006951,BKG000007636,PAY000007636,False,not_requested,not_requested,0.0,
REF000006952,BKG000007637,PAY000007637,False,not_requested,not_requested,0.0,
REF000006953,BKG000007638,PAY000007638,False,not_requested,not_requested,0.0,
REF000006954,BKG000007639,PAY000007639,False,not_requested,not_requested,0.0,
REF000006955,BKG000007640,PAY000007640,False,not_requested,not_requested,0.0,
REF000006956,BKG000007641,PAY000007641,False,not_requested,not_requested,0.0,
REF000006957,BKG000007643,PAY000007643,False,not_requested,not_requested,0.0,
REF000006958,BKG000007644,PAY000007644,False,not_requested,not_requested,0.0,
REF000006959,BKG000007645,PAY000007645,True,rejected,customer_cancelled,0.0,2014-03-07 11:07:02
REF000006960,BKG000007646,PAY000007646,False,not_requested,not_requested,0.0,
REF000006961,BKG000007647,PAY000007647,False,not_requested,not_requested,0.0,
REF000006962,BKG000007648,PAY000007648,False,not_requested,not_requested,0.0,
REF000006963,BKG000007649,PAY000007649,True,approved,airline_schedule_change,136.6,2013-02-13 20:39:54
REF000006964,BKG000007650,PAY000007650,False,not_requested,not_requested,0.0,
REF000006965,BKG000007651,PAY000007651,False,not_requested,not_requested,0.0,
REF000006966,BKG000007652,PAY000007652,False,not_requested,not_requested,0.0,
REF000006967,BKG000007653,PAY000007653,False,not_requested,not_requested,0.0,
REF000006968,BKG000007654,PAY000007654,True,approved,customer_cancelled,478.75,2014-08-07 09:19:31
REF000006969,BKG000007655,PAY000007655,False,not_requested,not_requested,0.0,
REF000006970,BKG000007656,PAY000007656,False,not_requested,not_requested,0.0,
REF000006971,BKG000007657,PAY000007657,False,not_requested,not_requested,0.0,
REF000006972,BKG000007658,PAY000007658,False,not_requested,not_requested,0.0,
REF000006973,BKG000007659,PAY000007659,False,not_requested,not_requested,0.0,
REF000006974,BKG000007660,PAY000007660,False,not_requested,not_requested,0.0,
REF000006975,BKG000007661,PAY000007661,False,not_requested,not_requested,0.0,
REF000006976,BKG000007662,PAY000007662,False,not_requested,not_requested,0.0,
REF000006977,BKG000007663,PAY000007663,False,not_requested,not_requested,0.0,
REF000006978,BKG000007664,PAY000007664,False,not_requested,not_requested,0.0,
REF000006979,BKG000007665,PAY000007665,False,not_requested,not_requested,0.0,
REF000006980,BKG000007666,PAY000007666,False,not_requested,not_requested,0.0,
REF000006981,BKG000007667,PAY000007667,False,not_requested,not_requested,0.0,
REF000006982,BKG000007668,PAY000007668,False,not_requested,not_requested,0.0,
REF000006983,BKG000007669,PAY000007669,False,not_requested,not_requested,0.0,
REF000006984,BKG000007670,PAY000007670,False,not_requested,not_requested,0.0,
REF000006985,BKG000007671,PAY000007671,False,not_requested,not_requested,0.0,
REF000006986,BKG000007672,PAY000007672,False,not_requested,not_requested,0.0,
REF000006987,BKG000007673,PAY000007673,False,not_requested,not_requested,0.0,
REF000006988,BKG000007674,PAY000007674,False,not_requested,not_requested,0.0,
REF000006989,BKG000007675,PAY000007675,False,not_requested,not_requested,0.0,
REF000006990,BKG000007676,PAY000007676,False,not_requested,not_requested,0.0,
REF000006991,BKG000007677,PAY000007677,False,not_requested,not_requested,0.0,
REF000006992,BKG000007679,PAY000007679,False,not_requested,not_requested,0.0,
REF000006993,BKG000007680,PAY000007680,False,not_requested,not_requested,0.0,
REF000006994,BKG000007681,PAY000007681,False,not_requested,not_requested,0.0,
REF000006995,BKG000007682,PAY000007682,False,not_requested,not_requested,0.0,
REF000006996,BKG000007683,PAY000007683,False,not_requested,not_requested,0.0,
REF000006997,BKG000007684,PAY000007684,False,not_requested,not_requested,0.0,
REF000006998,BKG000007685,PAY000007685,False,not_requested,not_requested,0.0,
REF000006999,BKG000007686,PAY000007686,False,not_requested,not_requested,0.0,
REF000007000,BKG000007687,PAY000007687,False,not_requested,not_requested,0.0,
REF000007001,BKG000007688,PAY000007688,False,not_requested,not_requested,0.0,
REF000007002,BKG000007689,PAY000007689,False,not_requested,not_requested,0.0,
REF000007003,BKG000007690,PAY000007690,True,approved,airline_schedule_change,216.35,2014-02-11 19:53:04
REF000007004,BKG000007692,PAY000007692,False,not_requested,not_requested,0.0,
REF000007005,BKG000007693,PAY000007693,False,not_requested,not_requested,0.0,
REF000007006,BKG000007694,PAY000007694,False,not_requested,not_requested,0.0,
REF000007007,BKG000007696,PAY000007696,False,not_requested,not_requested,0.0,
REF000007008,BKG000007697,PAY000007697,False,not_requested,not_requested,0.0,
REF000007009,BKG000007698,PAY000007698,False,not_requested,not_requested,0.0,
REF000007010,BKG000007699,PAY000007699,False,not_requested,not_requested,0.0,
REF000007011,BKG000007700,PAY000007700,False,not_requested,not_requested,0.0,
REF000007012,BKG000007701,PAY000007701,False,not_requested,not_requested,0.0,
REF000007013,BKG000007702,PAY000007702,False,not_requested,not_requested,0.0,
REF000007014,BKG000007703,PAY000007703,False,not_requested,not_requested,0.0,
REF000007015,BKG000007704,PAY000007704,False,not_requested,not_requested,0.0,
REF000007016,BKG000007705,PAY000007705,False,not_requested,not_requested,0.0,
REF000007017,BKG000007706,PAY000007706,False,not_requested,not_requested,0.0,
REF000007018,BKG000007707,PAY000007707,False,not_requested,not_requested,0.0,
REF000007019,BKG000007708,PAY000007708,False,not_requested,not_requested,0.0,
REF000007020,BKG000007709,PAY000007709,False,not_requested,not_requested,0.0,
REF000007021,BKG000007710,PAY000007710,False,not_requested,not_requested,0.0,
REF000007022,BKG000007711,PAY000007711,False,not_requested,not_requested,0.0,
REF000007023,BKG000007712,PAY000007712,False,not_requested,not_requested,0.0,
REF000007024,BKG000007713,PAY000007713,False,not_requested,not_requested,0.0,
REF000007025,BKG000007715,PAY000007715,False,not_requested,not_requested,0.0,
REF000007026,BKG000007716,PAY000007716,False,not_requested,not_requested,0.0,
REF000007027,BKG000007717,PAY000007717,False,not_requested,not_requested,0.0,
REF000007028,BKG000007718,PAY000007718,False,not_requested,not_requested,0.0,
REF000007029,BKG000007719,PAY000007719,False,not_requested,not_requested,0.0,
REF000007030,BKG000007720,PAY000007720,False,not_requested,not_requested,0.0,
REF000007031,BKG000007721,PAY000007721,False,not_requested,not_requested,0.0,
REF000007032,BKG000007722,PAY000007722,False,not_requested,not_requested,0.0,
REF000007033,BKG000007724,PAY000007724,False,not_requested,not_requested,0.0,
REF000007034,BKG000007725,PAY000007725,False,not_requested,not_requested,0.0,
REF000007035,BKG000007726,PAY000007726,False,not_requested,not_requested,0.0,
REF000007036,BKG000007727,PAY000007727,False,not_requested,not_requested,0.0,
REF000007037,BKG000007728,PAY000007728,False,not_requested,not_requested,0.0,
REF000007038,BKG000007729,PAY000007729,False,not_requested,not_requested,0.0,
REF000007039,BKG000007730,PAY000007730,False,not_requested,not_requested,0.0,
REF000007040,BKG000007731,PAY000007731,False,not_requested,not_requested,0.0,
REF000007041,BKG000007732,PAY000007732,False,not_requested,not_requested,0.0,
REF000007042,BKG000007733,PAY000007733,False,not_requested,not_requested,0.0,
REF000007043,BKG000007734,PAY000007734,False,not_requested,not_requested,0.0,
REF000007044,BKG000007736,PAY000007736,False,not_requested,not_requested,0.0,
REF000007045,BKG000007737,PAY000007737,False,not_requested,not_requested,0.0,
REF000007046,BKG000007738,PAY000007738,False,not_requested,not_requested,0.0,
REF000007047,BKG000007739,PAY000007739,False,not_requested,not_requested,0.0,
REF000007048,BKG000007740,PAY000007740,False,not_requested,not_requested,0.0,
REF000007049,BKG000007741,PAY000007741,False,not_requested,not_requested,0.0,
REF000007050,BKG000007742,PAY000007742,False,not_requested,not_requested,0.0,
REF000007051,BKG000007743,PAY000007743,False,not_requested,not_requested,0.0,
REF000007052,BKG000007744,PAY000007744,False,not_requested,not_requested,0.0,
REF000007053,BKG000007745,PAY000007745,True,approved,ticketing_failure,448.09,2013-03-22 15:42:31
REF000007054,BKG000007746,PAY000007746,False,not_requested,not_requested,0.0,
REF000007055,BKG000007747,PAY000007747,False,not_requested,not_requested,0.0,
REF000007056,BKG000007748,PAY000007748,False,not_requested,not_requested,0.0,
REF000007057,BKG000007749,PAY000007749,False,not_requested,not_requested,0.0,
REF000007058,BKG000007750,PAY000007750,False,not_requested,not_requested,0.0,
REF000007059,BKG000007751,PAY000007751,False,not_requested,not_requested,0.0,
REF000007060,BKG000007752,PAY000007752,False,not_requested,not_requested,0.0,
REF000007061,BKG000007753,PAY000007753,False,not_requested,not_requested,0.0,
REF000007062,BKG000007754,PAY000007754,False,not_requested,not_requested,0.0,
REF000007063,BKG000007755,PAY000007755,False,not_requested,not_requested,0.0,
REF000007064,BKG000007756,PAY000007756,False,not_requested,not_requested,0.0,
REF000007065,BKG000007757,PAY000007757,False,not_requested,not_requested,0.0,
REF000007066,BKG000007758,PAY000007758,False,not_requested,not_requested,0.0,
REF000007067,BKG000007759,PAY000007759,False,not_requested,not_requested,0.0,
REF000007068,BKG000007760,PAY000007760,False,not_requested,not_requested,0.0,
REF000007069,BKG000007761,PAY000007761,False,not_requested,not_requested,0.0,
REF000007070,BKG000007762,PAY000007762,False,not_requested,not_requested,0.0,
REF000007071,BKG000007763,PAY000007763,False,not_requested,not_requested,0.0,
REF000007072,BKG000007764,PAY000007764,False,not_requested,not_requested,0.0,
REF000007073,BKG000007765,PAY000007765,False,not_requested,not_requested,0.0,
REF000007074,BKG000007766,PAY000007766,False,not_requested,not_requested,0.0,
REF000007075,BKG000007767,PAY000007767,False,not_requested,not_requested,0.0,
REF000007076,BKG000007768,PAY000007768,False,not_requested,not_requested,0.0,
REF000007077,BKG000007769,PAY000007769,False,not_requested,not_requested,0.0,
REF000007078,BKG000007770,PAY000007770,False,not_requested,not_requested,0.0,
REF000007079,BKG000007771,PAY000007771,False,not_requested,not_requested,0.0,
REF000007080,BKG000007772,PAY000007772,False,not_requested,not_requested,0.0,
REF000007081,BKG000007773,PAY000007773,False,not_requested,not_requested,0.0,
REF000007082,BKG000007774,PAY000007774,False,not_requested,not_requested,0.0,
REF000007083,BKG000007775,PAY000007775,False,not_requested,not_requested,0.0,
REF000007084,BKG000007776,PAY000007776,False,not_requested,not_requested,0.0,
REF000007085,BKG000007777,PAY000007777,True,approved,payment_dispute,727.48,2015-01-16 20:37:46
REF000007086,BKG000007778,PAY000007778,False,not_requested,not_requested,0.0,
REF000007087,BKG000007779,PAY000007779,True,approved,customer_cancelled,246.34,2014-06-26 12:48:36
REF000007088,BKG000007780,PAY000007780,False,not_requested,not_requested,0.0,
REF000007089,BKG000007781,PAY000007781,False,not_requested,not_requested,0.0,
REF000007090,BKG000007782,PAY000007782,False,not_requested,not_requested,0.0,
REF000007091,BKG000007783,PAY000007783,False,not_requested,not_requested,0.0,
REF000007092,BKG000007784,PAY000007784,False,not_requested,not_requested,0.0,
REF000007093,BKG000007785,PAY000007785,False,not_requested,not_requested,0.0,
REF000007094,BKG000007786,PAY000007786,False,not_requested,not_requested,0.0,
REF000007095,BKG000007787,PAY000007787,False,not_requested,not_requested,0.0,
REF000007096,BKG000007788,PAY000007788,False,not_requested,not_requested,0.0,
REF000007097,BKG000007789,PAY000007789,True,pending,customer_cancelled,579.93,2014-02-23 20:22:51
REF000007098,BKG000007790,PAY000007790,False,not_requested,not_requested,0.0,
REF000007099,BKG000007791,PAY000007791,False,not_requested,not_requested,0.0,
REF000007100,BKG000007792,PAY000007792,False,not_requested,not_requested,0.0,
REF000007101,BKG000007793,PAY000007793,False,not_requested,not_requested,0.0,
REF000007102,BKG000007794,PAY000007794,False,not_requested,not_requested,0.0,
REF000007103,BKG000007795,PAY000007795,False,not_requested,not_requested,0.0,
REF000007104,BKG000007796,PAY000007796,False,not_requested,not_requested,0.0,
REF000007105,BKG000007797,PAY000007797,False,not_requested,not_requested,0.0,
REF000007106,BKG000007798,PAY000007798,False,not_requested,not_requested,0.0,
REF000007107,BKG000007799,PAY000007799,False,not_requested,not_requested,0.0,
REF000007108,BKG000007800,PAY000007800,False,not_requested,not_requested,0.0,
REF000007109,BKG000007801,PAY000007801,False,not_requested,not_requested,0.0,
REF000007110,BKG000007802,PAY000007802,False,not_requested,not_requested,0.0,
REF000007111,BKG000007803,PAY000007803,False,not_requested,not_requested,0.0,
REF000007112,BKG000007804,PAY000007804,False,not_requested,not_requested,0.0,
REF000007113,BKG000007805,PAY000007805,False,not_requested,not_requested,0.0,
REF000007114,BKG000007806,PAY000007806,False,not_requested,not_requested,0.0,
REF000007115,BKG000007807,PAY000007807,False,not_requested,not_requested,0.0,
REF000007116,BKG000007808,PAY000007808,False,not_requested,not_requested,0.0,
REF000007117,BKG000007810,PAY000007810,False,not_requested,not_requested,0.0,
REF000007118,BKG000007811,PAY000007811,False,not_requested,not_requested,0.0,
REF000007119,BKG000007812,PAY000007812,False,not_requested,not_requested,0.0,
REF000007120,BKG000007813,PAY000007813,False,not_requested,not_requested,0.0,
REF000007121,BKG000007814,PAY000007814,False,not_requested,not_requested,0.0,
REF000007122,BKG000007815,PAY000007815,False,not_requested,not_requested,0.0,
REF000007123,BKG000007816,PAY000007816,False,not_requested,not_requested,0.0,
REF000007124,BKG000007817,PAY000007817,False,not_requested,not_requested,0.0,
REF000007125,BKG000007818,PAY000007818,False,not_requested,not_requested,0.0,
REF000007126,BKG000007819,PAY000007819,False,not_requested,not_requested,0.0,
REF000007127,BKG000007820,PAY000007820,False,not_requested,not_requested,0.0,
REF000007128,BKG000007821,PAY000007821,False,not_requested,not_requested,0.0,
REF000007129,BKG000007822,PAY000007822,False,not_requested,not_requested,0.0,
REF000007130,BKG000007823,PAY000007823,False,not_requested,not_requested,0.0,
REF000007131,BKG000007824,PAY000007824,False,not_requested,not_requested,0.0,
REF000007132,BKG000007826,PAY000007826,False,not_requested,not_requested,0.0,
REF000007133,BKG000007827,PAY000007827,True,approved,customer_cancelled,232.06,2014-11-02 13:03:22
REF000007134,BKG000007828,PAY000007828,False,not_requested,not_requested,0.0,
REF000007135,BKG000007829,PAY000007829,False,not_requested,not_requested,0.0,
REF000007136,BKG000007830,PAY000007830,False,not_requested,not_requested,0.0,
REF000007137,BKG000007831,PAY000007831,False,not_requested,not_requested,0.0,
REF000007138,BKG000007832,PAY000007832,False,not_requested,not_requested,0.0,
REF000007139,BKG000007833,PAY000007833,False,not_requested,not_requested,0.0,
REF000007140,BKG000007834,PAY000007834,False,not_requested,not_requested,0.0,
REF000007141,BKG000007835,PAY000007835,False,not_requested,not_requested,0.0,
REF000007142,BKG000007836,PAY000007836,False,not_requested,not_requested,0.0,
REF000007143,BKG000007838,PAY000007838,False,not_requested,not_requested,0.0,
REF000007144,BKG000007840,PAY000007840,False,not_requested,not_requested,0.0,
REF000007145,BKG000007841,PAY000007841,False,not_requested,not_requested,0.0,
REF000007146,BKG000007842,PAY000007842,False,not_requested,not_requested,0.0,
REF000007147,BKG000007843,PAY000007843,False,not_requested,not_requested,0.0,
REF000007148,BKG000007844,PAY000007844,False,not_requested,not_requested,0.0,
REF000007149,BKG000007845,PAY000007845,False,not_requested,not_requested,0.0,
REF000007150,BKG000007846,PAY000007846,False,not_requested,not_requested,0.0,
REF000007151,BKG000007847,PAY000007847,False,not_requested,not_requested,0.0,
REF000007152,BKG000007848,PAY000007848,False,not_requested,not_requested,0.0,
REF000007153,BKG000007849,PAY000007849,False,not_requested,not_requested,0.0,
REF000007154,BKG000007850,PAY000007850,False,not_requested,not_requested,0.0,
REF000007155,BKG000007851,PAY000007851,False,not_requested,not_requested,0.0,
REF000007156,BKG000007852,PAY000007852,False,not_requested,not_requested,0.0,
REF000007157,BKG000007853,PAY000007853,False,not_requested,not_requested,0.0,
REF000007158,BKG000007854,PAY000007854,False,not_requested,not_requested,0.0,
REF000007159,BKG000007855,PAY000007855,False,not_requested,not_requested,0.0,
REF000007160,BKG000007856,PAY000007856,False,not_requested,not_requested,0.0,
REF000007161,BKG000007857,PAY000007857,False,not_requested,not_requested,0.0,
REF000007162,BKG000007858,PAY000007858,False,not_requested,not_requested,0.0,
REF000007163,BKG000007859,PAY000007859,False,not_requested,not_requested,0.0,
REF000007164,BKG000007860,PAY000007860,False,not_requested,not_requested,0.0,
REF000007165,BKG000007861,PAY000007861,False,not_requested,not_requested,0.0,
REF000007166,BKG000007863,PAY000007863,False,not_requested,not_requested,0.0,
REF000007167,BKG000007864,PAY000007864,False,not_requested,not_requested,0.0,
REF000007168,BKG000007865,PAY000007865,True,rejected,duplicate_booking,0.0,2013-05-26 10:27:24
REF000007169,BKG000007866,PAY000007866,False,not_requested,not_requested,0.0,
REF000007170,BKG000007867,PAY000007867,False,not_requested,not_requested,0.0,
REF000007171,BKG000007868,PAY000007868,False,not_requested,not_requested,0.0,
REF000007172,BKG000007869,PAY000007869,False,not_requested,not_requested,0.0,
REF000007173,BKG000007870,PAY000007870,False,not_requested,not_requested,0.0,
REF000007174,BKG000007871,PAY000007871,False,not_requested,not_requested,0.0,
REF000007175,BKG000007872,PAY000007872,False,not_requested,not_requested,0.0,
REF000007176,BKG000007873,PAY000007873,False,not_requested,not_requested,0.0,
REF000007177,BKG000007874,PAY000007874,False,not_requested,not_requested,0.0,
REF000007178,BKG000007875,PAY000007875,False,not_requested,not_requested,0.0,
REF000007179,BKG000007876,PAY000007876,False,not_requested,not_requested,0.0,
REF000007180,BKG000007877,PAY000007877,False,not_requested,not_requested,0.0,
REF000007181,BKG000007878,PAY000007878,False,not_requested,not_requested,0.0,
REF000007182,BKG000007879,PAY000007879,False,not_requested,not_requested,0.0,
REF000007183,BKG000007880,PAY000007880,False,not_requested,not_requested,0.0,
REF000007184,BKG000007881,PAY000007881,False,not_requested,not_requested,0.0,
REF000007185,BKG000007883,PAY000007883,True,approved,payment_dispute,530.38,2014-01-03 07:56:59
REF000007186,BKG000007884,PAY000007884,False,not_requested,not_requested,0.0,
REF000007187,BKG000007885,PAY000007885,False,not_requested,not_requested,0.0,
REF000007188,BKG000007886,PAY000007886,False,not_requested,not_requested,0.0,
REF000007189,BKG000007887,PAY000007887,False,not_requested,not_requested,0.0,
REF000007190,BKG000007888,PAY000007888,False,not_requested,not_requested,0.0,
REF000007191,BKG000007889,PAY000007889,False,not_requested,not_requested,0.0,
REF000007192,BKG000007890,PAY000007890,False,not_requested,not_requested,0.0,
REF000007193,BKG000007891,PAY000007891,False,not_requested,not_requested,0.0,
REF000007194,BKG000007892,PAY000007892,False,not_requested,not_requested,0.0,
REF000007195,BKG000007893,PAY000007893,False,not_requested,not_requested,0.0,
REF000007196,BKG000007895,PAY000007895,False,not_requested,not_requested,0.0,
REF000007197,BKG000007896,PAY000007896,True,approved,payment_dispute,457.91,2013-09-23 08:17:16
REF000007198,BKG000007897,PAY000007897,False,not_requested,not_requested,0.0,
REF000007199,BKG000007898,PAY000007898,False,not_requested,not_requested,0.0,
REF000007200,BKG000007899,PAY000007899,False,not_requested,not_requested,0.0,
REF000007201,BKG000007900,PAY000007900,False,not_requested,not_requested,0.0,
REF000007202,BKG000007901,PAY000007901,False,not_requested,not_requested,0.0,
REF000007203,BKG000007902,PAY000007902,False,not_requested,not_requested,0.0,
REF000007204,BKG000007903,PAY000007903,False,not_requested,not_requested,0.0,
REF000007205,BKG000007904,PAY000007904,False,not_requested,not_requested,0.0,
REF000007206,BKG000007905,PAY000007905,False,not_requested,not_requested,0.0,
REF000007207,BKG000007906,PAY000007906,False,not_requested,not_requested,0.0,
REF000007208,BKG000007907,PAY000007907,False,not_requested,not_requested,0.0,
REF000007209,BKG000007908,PAY000007908,False,not_requested,not_requested,0.0,
REF000007210,BKG000007910,PAY000007910,False,not_requested,not_requested,0.0,
REF000007211,BKG000007911,PAY000007911,False,not_requested,not_requested,0.0,
REF000007212,BKG000007912,PAY000007912,False,not_requested,not_requested,0.0,
REF000007213,BKG000007913,PAY000007913,False,not_requested,not_requested,0.0,
REF000007214,BKG000007914,PAY000007914,False,not_requested,not_requested,0.0,
REF000007215,BKG000007915,PAY000007915,False,not_requested,not_requested,0.0,
REF000007216,BKG000007916,PAY000007916,False,not_requested,not_requested,0.0,
REF000007217,BKG000007917,PAY000007917,False,not_requested,not_requested,0.0,
REF000007218,BKG000007918,PAY000007918,False,not_requested,not_requested,0.0,
REF000007219,BKG000007919,PAY000007919,False,not_requested,not_requested,0.0,
REF000007220,BKG000007920,PAY000007920,True,approved,customer_cancelled,624.45,2014-05-03 14:11:50
REF000007221,BKG000007921,PAY000007921,False,not_requested,not_requested,0.0,
REF000007222,BKG000007922,PAY000007922,False,not_requested,not_requested,0.0,
REF000007223,BKG000007923,PAY000007923,False,not_requested,not_requested,0.0,
REF000007224,BKG000007924,PAY000007924,False,not_requested,not_requested,0.0,
REF000007225,BKG000007925,PAY000007925,False,not_requested,not_requested,0.0,
REF000007226,BKG000007926,PAY000007926,False,not_requested,not_requested,0.0,
REF000007227,BKG000007927,PAY000007927,False,not_requested,not_requested,0.0,
REF000007228,BKG000007928,PAY000007928,False,not_requested,not_requested,0.0,
REF000007229,BKG000007929,PAY000007929,False,not_requested,not_requested,0.0,
REF000007230,BKG000007930,PAY000007930,False,not_requested,not_requested,0.0,
REF000007231,BKG000007931,PAY000007931,False,not_requested,not_requested,0.0,
REF000007232,BKG000007933,PAY000007933,True,approved,customer_cancelled,95.73,2014-01-26 20:10:40
REF000007233,BKG000007934,PAY000007934,False,not_requested,not_requested,0.0,
REF000007234,BKG000007935,PAY000007935,True,approved,customer_cancelled,858.56,2014-09-05 22:41:21
REF000007235,BKG000007936,PAY000007936,False,not_requested,not_requested,0.0,
REF000007236,BKG000007937,PAY000007937,False,not_requested,not_requested,0.0,
REF000007237,BKG000007938,PAY000007938,False,not_requested,not_requested,0.0,
REF000007238,BKG000007939,PAY000007939,False,not_requested,not_requested,0.0,
REF000007239,BKG000007940,PAY000007940,False,not_requested,not_requested,0.0,
REF000007240,BKG000007941,PAY000007941,False,not_requested,not_requested,0.0,
REF000007241,BKG000007942,PAY000007942,False,not_requested,not_requested,0.0,
REF000007242,BKG000007943,PAY000007943,False,not_requested,not_requested,0.0,
REF000007243,BKG000007944,PAY000007944,False,not_requested,not_requested,0.0,
REF000007244,BKG000007945,PAY000007945,False,not_requested,not_requested,0.0,
REF000007245,BKG000007947,PAY000007947,False,not_requested,not_requested,0.0,
REF000007246,BKG000007948,PAY000007948,False,not_requested,not_requested,0.0,
REF000007247,BKG000007949,PAY000007949,False,not_requested,not_requested,0.0,
REF000007248,BKG000007950,PAY000007950,False,not_requested,not_requested,0.0,
REF000007249,BKG000007951,PAY000007951,False,not_requested,not_requested,0.0,
REF000007250,BKG000007952,PAY000007952,False,not_requested,not_requested,0.0,
REF000007251,BKG000007953,PAY000007953,False,not_requested,not_requested,0.0,
REF000007252,BKG000007954,PAY000007954,False,not_requested,not_requested,0.0,
REF000007253,BKG000007955,PAY000007955,False,not_requested,not_requested,0.0,
REF000007254,BKG000007956,PAY000007956,False,not_requested,not_requested,0.0,
REF000007255,BKG000007957,PAY000007957,False,not_requested,not_requested,0.0,
REF000007256,BKG000007958,PAY000007958,False,not_requested,not_requested,0.0,
REF000007257,BKG000007959,PAY000007959,False,not_requested,not_requested,0.0,
REF000007258,BKG000007961,PAY000007961,False,not_requested,not_requested,0.0,
REF000007259,BKG000007962,PAY000007962,False,not_requested,not_requested,0.0,
REF000007260,BKG000007963,PAY000007963,False,not_requested,not_requested,0.0,
REF000007261,BKG000007964,PAY000007964,False,not_requested,not_requested,0.0,
REF000007262,BKG000007965,PAY000007965,False,not_requested,not_requested,0.0,
REF000007263,BKG000007966,PAY000007966,True,approved,customer_cancelled,460.54,2014-04-13 06:14:54
REF000007264,BKG000007968,PAY000007968,False,not_requested,not_requested,0.0,
REF000007265,BKG000007969,PAY000007969,False,not_requested,not_requested,0.0,
REF000007266,BKG000007970,PAY000007970,False,not_requested,not_requested,0.0,
REF000007267,BKG000007971,PAY000007971,False,not_requested,not_requested,0.0,
REF000007268,BKG000007972,PAY000007972,False,not_requested,not_requested,0.0,
REF000007269,BKG000007973,PAY000007973,False,not_requested,not_requested,0.0,
REF000007270,BKG000007975,PAY000007975,False,not_requested,not_requested,0.0,
REF000007271,BKG000007977,PAY000007977,False,not_requested,not_requested,0.0,
REF000007272,BKG000007978,PAY000007978,False,not_requested,not_requested,0.0,
REF000007273,BKG000007979,PAY000007979,False,not_requested,not_requested,0.0,
REF000007274,BKG000007980,PAY000007980,False,not_requested,not_requested,0.0,
REF000007275,BKG000007981,PAY000007981,False,not_requested,not_requested,0.0,
REF000007276,BKG000007982,PAY000007982,False,not_requested,not_requested,0.0,
REF000007277,BKG000007983,PAY000007983,False,not_requested,not_requested,0.0,
REF000007278,BKG000007984,PAY000007984,False,not_requested,not_requested,0.0,
REF000007279,BKG000007986,PAY000007986,False,not_requested,not_requested,0.0,
REF000007280,BKG000007988,PAY000007988,False,not_requested,not_requested,0.0,
REF000007281,BKG000007990,PAY000007990,True,approved,customer_cancelled,241.94,2014-10-12 14:42:36
REF000007282,BKG000007992,PAY000007992,False,not_requested,not_requested,0.0,
REF000007283,BKG000007993,PAY000007993,False,not_requested,not_requested,0.0,
REF000007284,BKG000007994,PAY000007994,False,not_requested,not_requested,0.0,
REF000007285,BKG000007995,PAY000007995,False,not_requested,not_requested,0.0,
REF000007286,BKG000007996,PAY000007996,False,not_requested,not_requested,0.0,
REF000007287,BKG000007997,PAY000007997,False,not_requested,not_requested,0.0,
REF000007288,BKG000007998,PAY000007998,False,not_requested,not_requested,0.0,
REF000007289,BKG000007999,PAY000007999,False,not_requested,not_requested,0.0,
REF000007290,BKG000008000,PAY000008000,False,not_requested,not_requested,0.0,
REF000007291,BKG000008001,PAY000008001,False,not_requested,not_requested,0.0,
REF000007292,BKG000008002,PAY000008002,False,not_requested,not_requested,0.0,
REF000007293,BKG000008003,PAY000008003,True,rejected,customer_cancelled,0.0,2014-09-14 18:10:44
REF000007294,BKG000008004,PAY000008004,False,not_requested,not_requested,0.0,
REF000007295,BKG000008005,PAY000008005,False,not_requested,not_requested,0.0,
REF000007296,BKG000008006,PAY000008006,False,not_requested,not_requested,0.0,
REF000007297,BKG000008007,PAY000008007,False,not_requested,not_requested,0.0,
REF000007298,BKG000008008,PAY000008008,False,not_requested,not_requested,0.0,
REF000007299,BKG000008009,PAY000008009,True,rejected,payment_dispute,0.0,2013-05-21 17:12:32
REF000007300,BKG000008010,PAY000008010,False,not_requested,not_requested,0.0,
REF000007301,BKG000008011,PAY000008011,False,not_requested,not_requested,0.0,
REF000007302,BKG000008013,PAY000008013,False,not_requested,not_requested,0.0,
REF000007303,BKG000008014,PAY000008014,False,not_requested,not_requested,0.0,
REF000007304,BKG000008015,PAY000008015,False,not_requested,not_requested,0.0,
REF000007305,BKG000008016,PAY000008016,False,not_requested,not_requested,0.0,
REF000007306,BKG000008018,PAY000008018,False,not_requested,not_requested,0.0,
REF000007307,BKG000008019,PAY000008019,False,not_requested,not_requested,0.0,
REF000007308,BKG000008021,PAY000008021,False,not_requested,not_requested,0.0,
REF000007309,BKG000008023,PAY000008023,False,not_requested,not_requested,0.0,
REF000007310,BKG000008024,PAY000008024,False,not_requested,not_requested,0.0,
REF000007311,BKG000008025,PAY000008025,False,not_requested,not_requested,0.0,
REF000007312,BKG000008026,PAY000008026,False,not_requested,not_requested,0.0,
REF000007313,BKG000008027,PAY000008027,False,not_requested,not_requested,0.0,
REF000007314,BKG000008028,PAY000008028,False,not_requested,not_requested,0.0,
REF000007315,BKG000008029,PAY000008029,False,not_requested,not_requested,0.0,
REF000007316,BKG000008030,PAY000008030,False,not_requested,not_requested,0.0,
REF000007317,BKG000008031,PAY000008031,False,not_requested,not_requested,0.0,
REF000007318,BKG000008032,PAY000008032,False,not_requested,not_requested,0.0,
REF000007319,BKG000008033,PAY000008033,False,not_requested,not_requested,0.0,
REF000007320,BKG000008035,PAY000008035,False,not_requested,not_requested,0.0,
REF000007321,BKG000008036,PAY000008036,False,not_requested,not_requested,0.0,
REF000007322,BKG000008037,PAY000008037,False,not_requested,not_requested,0.0,
REF000007323,BKG000008038,PAY000008038,False,not_requested,not_requested,0.0,
REF000007324,BKG000008039,PAY000008039,False,not_requested,not_requested,0.0,
REF000007325,BKG000008040,PAY000008040,False,not_requested,not_requested,0.0,
REF000007326,BKG000008041,PAY000008041,True,pending,customer_cancelled,1406.62,2013-08-16 23:13:26
REF000007327,BKG000008042,PAY000008042,True,approved,airline_schedule_change,405.17,2013-09-15 00:33:24
REF000007328,BKG000008043,PAY000008043,False,not_requested,not_requested,0.0,
REF000007329,BKG000008044,PAY000008044,False,not_requested,not_requested,0.0,
REF000007330,BKG000008045,PAY000008045,False,not_requested,not_requested,0.0,
REF000007331,BKG000008046,PAY000008046,False,not_requested,not_requested,0.0,
REF000007332,BKG000008047,PAY000008047,False,not_requested,not_requested,0.0,
REF000007333,BKG000008048,PAY000008048,False,not_requested,not_requested,0.0,
REF000007334,BKG000008049,PAY000008049,False,not_requested,not_requested,0.0,
REF000007335,BKG000008050,PAY000008050,False,not_requested,not_requested,0.0,
REF000007336,BKG000008051,PAY000008051,False,not_requested,not_requested,0.0,
REF000007337,BKG000008052,PAY000008052,False,not_requested,not_requested,0.0,
REF000007338,BKG000008053,PAY000008053,True,approved,duplicate_booking,150.24,2014-08-11 19:29:31
REF000007339,BKG000008054,PAY000008054,False,not_requested,not_requested,0.0,
REF000007340,BKG000008055,PAY000008055,False,not_requested,not_requested,0.0,
REF000007341,BKG000008056,PAY000008056,False,not_requested,not_requested,0.0,
REF000007342,BKG000008057,PAY000008057,False,not_requested,not_requested,0.0,
REF000007343,BKG000008058,PAY000008058,False,not_requested,not_requested,0.0,
REF000007344,BKG000008059,PAY000008059,False,not_requested,not_requested,0.0,
REF000007345,BKG000008060,PAY000008060,False,not_requested,not_requested,0.0,
REF000007346,BKG000008062,PAY000008062,False,not_requested,not_requested,0.0,
REF000007347,BKG000008063,PAY000008063,False,not_requested,not_requested,0.0,
REF000007348,BKG000008065,PAY000008065,False,not_requested,not_requested,0.0,
REF000007349,BKG000008066,PAY000008066,False,not_requested,not_requested,0.0,
REF000007350,BKG000008067,PAY000008067,False,not_requested,not_requested,0.0,
REF000007351,BKG000008068,PAY000008068,False,not_requested,not_requested,0.0,
REF000007352,BKG000008069,PAY000008069,False,not_requested,not_requested,0.0,
REF000007353,BKG000008070,PAY000008070,False,not_requested,not_requested,0.0,
REF000007354,BKG000008071,PAY000008071,False,not_requested,not_requested,0.0,
REF000007355,BKG000008072,PAY000008072,False,not_requested,not_requested,0.0,
REF000007356,BKG000008073,PAY000008073,False,not_requested,not_requested,0.0,
REF000007357,BKG000008076,PAY000008076,False,not_requested,not_requested,0.0,
REF000007358,BKG000008077,PAY000008077,False,not_requested,not_requested,0.0,
REF000007359,BKG000008078,PAY000008078,False,not_requested,not_requested,0.0,
REF000007360,BKG000008079,PAY000008079,False,not_requested,not_requested,0.0,
REF000007361,BKG000008080,PAY000008080,False,not_requested,not_requested,0.0,
REF000007362,BKG000008081,PAY000008081,False,not_requested,not_requested,0.0,
REF000007363,BKG000008082,PAY000008082,False,not_requested,not_requested,0.0,
REF000007364,BKG000008083,PAY000008083,False,not_requested,not_requested,0.0,
REF000007365,BKG000008084,PAY000008084,False,not_requested,not_requested,0.0,
REF000007366,BKG000008085,PAY000008085,False,not_requested,not_requested,0.0,
REF000007367,BKG000008086,PAY000008086,False,not_requested,not_requested,0.0,
REF000007368,BKG000008087,PAY000008087,False,not_requested,not_requested,0.0,
REF000007369,BKG000008088,PAY000008088,False,not_requested,not_requested,0.0,
REF000007370,BKG000008089,PAY000008089,False,not_requested,not_requested,0.0,
REF000007371,BKG000008090,PAY000008090,False,not_requested,not_requested,0.0,
REF000007372,BKG000008091,PAY000008091,False,not_requested,not_requested,0.0,
REF000007373,BKG000008092,PAY000008092,False,not_requested,not_requested,0.0,
REF000007374,BKG000008093,PAY000008093,False,not_requested,not_requested,0.0,
REF000007375,BKG000008095,PAY000008095,False,not_requested,not_requested,0.0,
REF000007376,BKG000008096,PAY000008096,False,not_requested,not_requested,0.0,
REF000007377,BKG000008097,PAY000008097,True,rejected,ticketing_failure,0.0,2013-08-23 21:41:18
REF000007378,BKG000008098,PAY000008098,False,not_requested,not_requested,0.0,
REF000007379,BKG000008099,PAY000008099,False,not_requested,not_requested,0.0,
REF000007380,BKG000008100,PAY000008100,False,not_requested,not_requested,0.0,
REF000007381,BKG000008101,PAY000008101,False,not_requested,not_requested,0.0,
REF000007382,BKG000008102,PAY000008102,False,not_requested,not_requested,0.0,
REF000007383,BKG000008103,PAY000008103,False,not_requested,not_requested,0.0,
REF000007384,BKG000008104,PAY000008104,False,not_requested,not_requested,0.0,
REF000007385,BKG000008105,PAY000008105,False,not_requested,not_requested,0.0,
REF000007386,BKG000008106,PAY000008106,True,approved,ticketing_failure,595.11,2014-11-07 15:24:12
REF000007387,BKG000008107,PAY000008107,False,not_requested,not_requested,0.0,
REF000007388,BKG000008108,PAY000008108,False,not_requested,not_requested,0.0,
REF000007389,BKG000008109,PAY000008109,False,not_requested,not_requested,0.0,
REF000007390,BKG000008110,PAY000008110,True,pending,airline_schedule_change,200.83,2015-02-07 21:26:31
REF000007391,BKG000008111,PAY000008111,False,not_requested,not_requested,0.0,
REF000007392,BKG000008112,PAY000008112,False,not_requested,not_requested,0.0,
REF000007393,BKG000008113,PAY000008113,False,not_requested,not_requested,0.0,
REF000007394,BKG000008114,PAY000008114,False,not_requested,not_requested,0.0,
REF000007395,BKG000008115,PAY000008115,False,not_requested,not_requested,0.0,
REF000007396,BKG000008116,PAY000008116,False,not_requested,not_requested,0.0,
REF000007397,BKG000008117,PAY000008117,False,not_requested,not_requested,0.0,
REF000007398,BKG000008118,PAY000008118,False,not_requested,not_requested,0.0,
REF000007399,BKG000008119,PAY000008119,False,not_requested,not_requested,0.0,
REF000007400,BKG000008120,PAY000008120,False,not_requested,not_requested,0.0,
REF000007401,BKG000008121,PAY000008121,False,not_requested,not_requested,0.0,
REF000007402,BKG000008122,PAY000008122,True,rejected,customer_cancelled,0.0,2015-01-21 17:07:25
