ticket_id,booking_id,payment_id,ticket_status,ticket_issued_time,ticketing_error_code,ticketing_delay_minutes
TKT000000001,BKG000000001,PAY000000001,issued,2013-11-05 14:36:34,NONE,44.0
TKT000000002,BKG000000002,PAY000000002,issued,2014-01-28 16:23:36,NONE,5.0
TKT000000003,BKG000000003,PAY000000003,issued,2013-02-21 19:29:44,NONE,14.0
TKT000000004,BKG000000004,PAY000000004,issued,2013-04-02 15:44:46,NONE,31.0
TKT000000005,BKG000000005,PAY000000005,issued,2014-09-15 13:43:05,NONE,14.0
TKT000000006,BKG000000006,PAY000000006,issued,2014-10-19 20:38:46,NONE,30.0
TKT000000007,BKG000000007,PAY000000007,issued,2014-08-15 23:00:00,NONE,44.0
TKT000000008,BKG000000008,PAY000000008,issued,2014-04-02 07:12:43,NONE,30.0
TKT000000009,BKG000000009,PAY000000009,issued,2014-08-29 00:42:47,NONE,32.0
TKT000000010,BKG000000010,PAY000000010,issued,2014-12-31 01:11:01,NONE,40.0
TKT000000011,BKG000000011,PAY000000011,not_issued_payment_failed,,NONE,
TKT000000012,BKG000000012,PAY000000012,issued,2014-10-24 00:52:01,NONE,10.0
TKT000000013,BKG000000013,PAY000000013,issued,2013-08-21 10:47:13,NONE,10.0
TKT000000014,BKG000000014,PAY000000014,issued,2014-11-17 19:45:04,NONE,10.0
TKT000000015,BKG000000015,PAY000000015,issued,2014-07-10 19:40:32,NONE,11.0
TKT000000016,BKG000000016,PAY000000016,issued,2014-08-25 15:59:49,NONE,36.0
TKT000000017,BKG000000017,PAY000000017,issued,2014-06-11 10:11:00,NONE,35.0
TKT000000018,BKG000000018,PAY000000018,issued,2013-11-27 11:37:13,NONE,14.0
TKT000000019,BKG000000019,PAY000000019,issued,2013-08-09 16:43:47,NONE,15.0
TKT000000020,BKG000000020,PAY000000020,issued,2013-04-02 00:51:01,NONE,20.0
TKT000000021,BKG000000021,PAY000000021,issued,2014-07-25 00:15:22,NONE,10.0
TKT000000022,BKG000000022,PAY000000022,issued,2014-04-20 05:59:43,NONE,629.0
TKT000000023,BKG000000023,PAY000000023,issued,2013-07-18 03:04:35,NONE,15.0
TKT000000024,BKG000000024,PAY000000024,issued,2014-12-25 22:43:41,NONE,45.0
TKT000000025,BKG000000025,PAY000000025,issued,2014-09-17 20:50:34,NONE,10.0
TKT000000026,BKG000000026,PAY000000026,not_issued_payment_failed,,NONE,
TKT000000027,BKG000000027,PAY000000027,issued,2013-03-08 15:39:47,NONE,42.0
TKT000000028,BKG000000028,PAY000000028,issued,2014-03-28 12:59:08,NONE,10.0
TKT000000029,BKG000000029,PAY000000029,issued,2013-10-29 21:52:09,NONE,15.0
TKT000000030,BKG000000030,PAY000000030,issued,2014-05-25 15:03:50,NONE,36.0
TKT000000031,BKG000000031,PAY000000031,issued,2014-09-21 15:04:58,NONE,16.0
TKT000000032,BKG000000032,PAY000000032,not_issued_payment_failed,,NONE,
TKT000000033,BKG000000033,PAY000000033,issued,2014-01-12 13:38:50,NONE,3.0
TKT000000034,BKG000000034,PAY000000034,issued,2014-07-29 16:07:56,NONE,12.0
TKT000000035,BKG000000035,PAY000000035,issued,2014-02-10 03:21:14,NONE,15.0
TKT000000036,BKG000000036,PAY000000036,issued,2014-07-25 00:46:22,NONE,45.0
TKT000000037,BKG000000037,PAY000000037,issued,2014-11-25 20:44:06,NONE,27.0
TKT000000038,BKG000000038,PAY000000038,issued,2014-09-19 10:43:08,NONE,31.0
TKT000000039,BKG000000039,PAY000000039,issued,2014-11-26 22:50:35,NONE,37.0
TKT000000040,BKG000000040,PAY000000040,issued,2014-08-07 20:15:58,NONE,27.0
TKT000000041,BKG000000041,PAY000000041,issued,2014-11-04 15:54:28,NONE,4.0
TKT000000042,BKG000000042,PAY000000042,not_issued_payment_failed,,NONE,
TKT000000043,BKG000000043,PAY000000043,issued,2014-08-09 02:35:51,NONE,665.0
TKT000000044,BKG000000044,PAY000000044,pending,2014-04-23 14:06:04,SUPPLIER_ERROR,33.0
TKT000000045,BKG000000045,PAY000000045,issued,2014-06-18 12:50:06,NONE,38.0
TKT000000046,BKG000000046,PAY000000046,issued,2013-07-11 17:49:50,NONE,15.0
TKT000000047,BKG000000047,PAY000000047,issued,2013-09-20 18:39:31,NONE,42.0
TKT000000048,BKG000000048,PAY000000048,issued,2014-04-13 21:01:52,NONE,43.0
TKT000000049,BKG000000049,PAY000000049,issued,2014-10-08 09:42:47,NONE,30.0
TKT000000050,BKG000000050,PAY000000050,issued,2013-09-25 15:15:25,NONE,30.0
TKT000000051,BKG000000051,PAY000000051,issued,2013-02-16 09:20:52,NONE,29.0
TKT000000052,BKG000000052,PAY000000052,not_issued_payment_failed,,NONE,
TKT000000053,BKG000000053,PAY000000053,issued,2014-12-16 18:13:57,NONE,12.0
TKT000000054,BKG000000054,PAY000000054,issued,2014-09-18 16:42:31,NONE,283.0
TKT000000055,BKG000000055,PAY000000055,issued,2014-12-11 07:44:41,NONE,5.0
TKT000000056,BKG000000056,PAY000000056,failed,2014-10-11 11:43:16,AIRLINE_CONFIRMATION_FAILED,18.0
TKT000000057,BKG000000057,PAY000000057,not_issued_payment_failed,,NONE,
TKT000000058,BKG000000058,PAY000000058,issued,2014-06-02 15:40:35,NONE,20.0
TKT000000059,BKG000000059,PAY000000059,issued,2014-06-02 16:14:35,NONE,155.0
TKT000000060,BKG000000060,PAY000000060,issued,2014-10-15 16:20:40,NONE,20.0
TKT000000061,BKG000000061,PAY000000061,issued,2013-07-29 22:44:09,NONE,13.0
TKT000000062,BKG000000062,PAY000000062,issued,2014-12-09 15:06:06,NONE,25.0
TKT000000063,BKG000000063,PAY000000063,issued,2014-12-01 07:00:17,NONE,4.0
TKT000000064,BKG000000064,PAY000000064,issued,2013-03-07 19:26:51,NONE,43.0
TKT000000065,BKG000000065,PAY000000065,not_issued_payment_failed,,NONE,
TKT000000066,BKG000000066,PAY000000066,issued,2013-06-11 18:58:46,NONE,32.0
TKT000000067,BKG000000067,PAY000000067,issued,2014-03-29 12:39:04,NONE,38.0
TKT000000068,BKG000000068,PAY000000068,issued,2014-07-29 22:22:14,NONE,10.0
TKT000000069,BKG000000069,PAY000000069,issued,2013-11-05 09:16:25,NONE,45.0
TKT000000070,BKG000000070,PAY000000070,issued,2013-11-28 18:55:08,NONE,7.0
TKT000000071,BKG000000071,PAY000000071,issued,2013-01-29 03:56:26,NONE,17.0
TKT000000072,BKG000000072,PAY000000072,not_issued_payment_failed,,NONE,
TKT000000073,BKG000000073,PAY000000073,issued,2014-03-01 23:48:07,NONE,4.0
TKT000000074,BKG000000074,PAY000000074,issued,2014-07-10 00:10:17,NONE,10.0
TKT000000075,BKG000000075,PAY000000075,issued,2013-12-12 13:30:13,NONE,11.0
TKT000000076,BKG000000076,PAY000000076,issued,2014-05-16 23:13:30,NONE,35.0
TKT000000077,BKG000000077,PAY000000077,issued,2013-05-14 21:28:34,NONE,11.0
TKT000000078,BKG000000078,PAY000000078,issued,2014-03-12 08:56:21,NONE,45.0
TKT000000079,BKG000000079,PAY000000079,issued,2013-05-15 15:23:20,NONE,8.0
TKT000000080,BKG000000080,PAY000000080,issued,2013-11-03 09:13:12,NONE,17.0
TKT000000081,BKG000000081,PAY000000081,issued,2014-01-27 20:46:15,NONE,22.0
TKT000000082,BKG000000082,PAY000000082,issued,2013-04-12 17:07:22,NONE,30.0
TKT000000083,BKG000000083,PAY000000083,issued,2014-07-12 03:25:41,NONE,44.0
TKT000000084,BKG000000084,PAY000000084,issued,2014-03-17 00:54:04,NONE,19.0
TKT000000085,BKG000000085,PAY000000085,issued,2014-06-13 19:04:21,NONE,29.0
TKT000000086,BKG000000086,PAY000000086,issued,2013-02-23 02:47:58,NONE,19.0
TKT000000087,BKG000000087,PAY000000087,issued,2014-08-12 18:22:32,NONE,24.0
TKT000000088,BKG000000088,PAY000000088,issued,2013-01-10 10:56:50,NONE,27.0
TKT000000089,BKG000000089,PAY000000089,issued,2014-11-13 11:09:05,NONE,37.0
TKT000000090,BKG000000090,PAY000000090,issued,2014-07-30 08:30:05,NONE,7.0
TKT000000091,BKG000000091,PAY000000091,issued,2013-03-12 15:15:39,NONE,19.0
TKT000000092,BKG000000092,PAY000000092,issued,2014-12-07 21:28:38,NONE,930.0
TKT000000093,BKG000000093,PAY000000093,issued,2014-02-05 21:38:10,NONE,3.0
TKT000000094,BKG000000094,PAY000000094,issued,2014-07-20 22:32:18,NONE,21.0
TKT000000095,BKG000000095,PAY000000095,issued,2014-04-10 14:00:59,NONE,16.0
TKT000000096,BKG000000096,PAY000000096,issued,2014-11-24 14:05:27,NONE,26.0
TKT000000097,BKG000000097,PAY000000097,issued,2014-07-08 22:10:20,NONE,23.0
TKT000000098,BKG000000098,PAY000000098,not_issued_payment_failed,,NONE,
TKT000000099,BKG000000099,PAY000000099,issued,2014-11-03 11:03:56,NONE,10.0
TKT000000100,BKG000000100,PAY000000100,issued,2013-09-18 21:08:05,NONE,20.0
TKT000000101,BKG000000101,PAY000000101,issued,2013-09-05 19:36:33,NONE,42.0
TKT000000102,BKG000000102,PAY000000102,issued,2014-10-29 19:37:24,NONE,16.0
TKT000000103,BKG000000103,PAY000000103,not_issued_payment_failed,,NONE,
TKT000000104,BKG000000104,PAY000000104,issued,2014-06-10 12:08:31,NONE,42.0
TKT000000105,BKG000000105,PAY000000105,issued,2014-12-29 08:00:38,NONE,27.0
TKT000000106,BKG000000106,PAY000000106,issued,2014-07-10 17:47:44,NONE,31.0
TKT000000107,BKG000000107,PAY000000107,issued,2013-03-12 06:04:29,NONE,319.0
TKT000000108,BKG000000108,PAY000000108,issued,2014-02-02 21:28:50,NONE,15.0
TKT000000109,BKG000000109,PAY000000109,issued,2014-04-22 20:58:16,NONE,23.0
TKT000000110,BKG000000110,PAY000000110,issued,2013-10-21 01:24:46,NONE,14.0
TKT000000111,BKG000000111,PAY000000111,pending,2014-10-08 11:52:17,TICKETING_TIMEOUT,41.0
TKT000000112,BKG000000112,PAY000000112,issued,2014-01-29 23:21:00,NONE,41.0
TKT000000113,BKG000000113,PAY000000113,not_issued_payment_failed,,NONE,
TKT000000114,BKG000000114,PAY000000114,issued,2013-11-15 15:40:51,NONE,1131.0
TKT000000115,BKG000000115,PAY000000115,issued,2014-12-31 20:07:27,NONE,11.0
TKT000000116,BKG000000116,PAY000000116,issued,2014-03-22 10:14:08,NONE,1110.0
TKT000000117,BKG000000117,PAY000000117,not_issued_payment_failed,,NONE,
TKT000000118,BKG000000118,PAY000000118,not_issued_payment_failed,,NONE,
TKT000000119,BKG000000119,PAY000000119,issued,2014-07-16 00:23:20,NONE,25.0
TKT000000120,BKG000000120,PAY000000120,issued,2014-09-12 21:48:17,NONE,33.0
TKT000000121,BKG000000121,PAY000000121,issued,2014-03-23 16:02:59,NONE,30.0
TKT000000122,BKG000000122,PAY000000122,issued,2014-12-30 17:51:36,NONE,28.0
TKT000000123,BKG000000123,PAY000000123,issued,2013-10-26 18:40:39,NONE,20.0
TKT000000124,BKG000000124,PAY000000124,issued,2014-09-21 16:08:27,NONE,23.0
TKT000000125,BKG000000125,PAY000000125,issued,2014-10-31 12:12:56,NONE,21.0
TKT000000126,BKG000000126,PAY000000126,issued,2014-08-21 01:02:40,NONE,29.0
TKT000000127,BKG000000127,PAY000000127,issued,2014-08-29 12:09:56,NONE,20.0
TKT000000128,BKG000000128,PAY000000128,issued,2014-08-25 15:09:19,NONE,1122.0
TKT000000129,BKG000000129,PAY000000129,issued,2014-06-02 10:26:26,NONE,4.0
TKT000000130,BKG000000130,PAY000000130,issued,2013-11-04 07:59:27,NONE,33.0
TKT000000131,BKG000000131,PAY000000131,issued,2014-07-26 09:32:36,NONE,4.0
TKT000000132,BKG000000132,PAY000000132,issued,2013-09-06 01:00:32,NONE,17.0
TKT000000133,BKG000000133,PAY000000133,issued,2013-05-30 17:47:58,NONE,21.0
TKT000000134,BKG000000134,PAY000000134,issued,2014-09-01 12:31:53,NONE,27.0
TKT000000135,BKG000000135,PAY000000135,issued,2014-04-15 10:17:41,NONE,35.0
TKT000000136,BKG000000136,PAY000000136,not_issued_payment_failed,,NONE,
TKT000000137,BKG000000137,PAY000000137,issued,2013-01-12 18:53:13,NONE,33.0
TKT000000138,BKG000000138,PAY000000138,issued,2014-11-27 00:21:49,NONE,41.0
TKT000000139,BKG000000139,PAY000000139,issued,2014-09-16 15:29:51,NONE,45.0
TKT000000140,BKG000000140,PAY000000140,issued,2014-08-03 21:31:41,NONE,25.0
TKT000000141,BKG000000141,PAY000000141,issued,2013-03-19 02:44:37,NONE,6.0
TKT000000142,BKG000000142,PAY000000142,issued,2014-11-05 18:35:02,NONE,12.0
TKT000000143,BKG000000143,PAY000000143,issued,2014-09-01 21:15:36,NONE,20.0
TKT000000144,BKG000000144,PAY000000144,issued,2014-08-25 13:33:07,NONE,28.0
TKT000000145,BKG000000145,PAY000000145,issued,2014-02-18 11:40:34,NONE,3.0
TKT000000146,BKG000000146,PAY000000146,issued,2014-10-22 15:38:27,NONE,42.0
TKT000000147,BKG000000147,PAY000000147,issued,2013-08-12 17:43:23,NONE,11.0
TKT000000148,BKG000000148,PAY000000148,issued,2014-09-05 02:05:35,NONE,21.0
TKT000000149,BKG000000149,PAY000000149,issued,2014-08-31 02:11:45,NONE,482.0
TKT000000150,BKG000000150,PAY000000150,pending,2013-06-25 17:39:24,INVENTORY_MISMATCH,40.0
TKT000000151,BKG000000151,PAY000000151,issued,2013-02-24 08:29:39,NONE,8.0
TKT000000152,BKG000000152,PAY000000152,issued,2014-11-18 17:48:24,NONE,4.0
TKT000000153,BKG000000153,PAY000000153,issued,2014-01-16 07:42:47,NONE,14.0
TKT000000154,BKG000000154,PAY000000154,issued,2014-10-06 10:21:45,NONE,1287.0
TKT000000155,BKG000000155,PAY000000155,issued,2014-11-26 16:13:12,NONE,6.0
TKT000000156,BKG000000156,PAY000000156,issued,2014-10-13 12:48:24,NONE,23.0
TKT000000157,BKG000000157,PAY000000157,issued,2014-09-13 03:44:25,NONE,15.0
TKT000000158,BKG000000158,PAY000000158,issued,2013-09-10 18:23:45,NONE,832.0
TKT000000159,BKG000000159,PAY000000159,issued,2014-04-07 01:59:14,NONE,6.0
TKT000000160,BKG000000160,PAY000000160,issued,2014-05-15 20:15:35,NONE,11.0
TKT000000161,BKG000000161,PAY000000161,issued,2014-12-16 18:56:51,NONE,17.0
TKT000000162,BKG000000162,PAY000000162,issued,2013-01-29 17:00:48,NONE,5.0
TKT000000163,BKG000000163,PAY000000163,issued,2013-02-01 11:42:20,NONE,4.0
TKT000000164,BKG000000164,PAY000000164,issued,2014-05-27 09:17:13,NONE,23.0
TKT000000165,BKG000000165,PAY000000165,issued,2013-06-29 13:30:45,NONE,30.0
TKT000000166,BKG000000166,PAY000000166,issued,2014-03-31 23:54:46,NONE,485.0
TKT000000167,BKG000000167,PAY000000167,issued,2014-06-21 19:54:18,NONE,27.0
TKT000000168,BKG000000168,PAY000000168,issued,2014-02-16 16:22:23,NONE,5.0
TKT000000169,BKG000000169,PAY000000169,issued,2014-06-27 14:46:15,NONE,975.0
TKT000000170,BKG000000170,PAY000000170,issued,2014-08-06 15:08:55,NONE,41.0
TKT000000171,BKG000000171,PAY000000171,issued,2013-09-30 10:02:39,NONE,27.0
TKT000000172,BKG000000172,PAY000000172,issued,2014-08-04 21:25:06,NONE,44.0
TKT000000173,BKG000000173,PAY000000173,issued,2014-01-16 17:59:01,NONE,21.0
TKT000000174,BKG000000174,PAY000000174,issued,2014-12-09 12:56:34,NONE,14.0
TKT000000175,BKG000000175,PAY000000175,issued,2013-10-10 13:26:27,NONE,34.0
TKT000000176,BKG000000176,PAY000000176,issued,2013-11-01 06:00:40,NONE,859.0
TKT000000177,BKG000000177,PAY000000177,issued,2014-03-13 21:48:25,NONE,33.0
TKT000000178,BKG000000178,PAY000000178,issued,2014-02-24 12:39:20,NONE,560.0
TKT000000179,BKG000000179,PAY000000179,issued,2014-09-18 10:13:10,NONE,11.0
TKT000000180,BKG000000180,PAY000000180,issued,2013-04-14 19:04:57,NONE,326.0
TKT000000181,BKG000000181,PAY000000181,issued,2014-08-30 01:02:55,NONE,12.0
TKT000000182,BKG000000182,PAY000000182,issued,2014-04-07 16:39:14,NONE,38.0
TKT000000183,BKG000000183,PAY000000183,issued,2014-10-17 14:26:37,NONE,42.0
TKT000000184,BKG000000184,PAY000000184,issued,2014-06-06 18:33:26,NONE,28.0
TKT000000185,BKG000000185,PAY000000185,issued,2013-11-02 10:34:48,NONE,24.0
TKT000000186,BKG000000186,PAY000000186,issued,2014-02-15 12:25:57,NONE,22.0
TKT000000187,BKG000000187,PAY000000187,issued,2013-01-15 01:53:34,NONE,10.0
TKT000000188,BKG000000188,PAY000000188,issued,2014-12-02 22:09:42,NONE,27.0
TKT000000189,BKG000000189,PAY000000189,issued,2014-11-10 17:43:17,NONE,8.0
TKT000000190,BKG000000190,PAY000000190,issued,2013-06-23 11:46:19,NONE,20.0
TKT000000191,BKG000000191,PAY000000191,issued,2014-09-09 11:13:16,NONE,45.0
TKT000000192,BKG000000192,PAY000000192,issued,2014-11-29 11:36:40,NONE,6.0
TKT000000193,BKG000000193,PAY000000193,issued,2013-08-21 22:37:12,NONE,24.0
TKT000000194,BKG000000194,PAY000000194,issued,2013-05-09 15:06:02,NONE,22.0
TKT000000195,BKG000000195,PAY000000195,issued,2014-10-13 14:43:53,NONE,9.0
TKT000000196,BKG000000196,PAY000000196,issued,2014-12-06 02:14:31,NONE,28.0
TKT000000197,BKG000000197,PAY000000197,issued,2013-06-05 16:55:32,NONE,35.0
TKT000000198,BKG000000198,PAY000000198,issued,2013-04-29 08:53:03,NONE,22.0
TKT000000199,BKG000000199,PAY000000199,issued,2013-06-11 15:57:02,NONE,17.0
TKT000000200,BKG000000200,PAY000000200,issued,2013-04-14 21:19:58,NONE,39.0
TKT000000201,BKG000000201,PAY000000201,issued,2014-12-30 14:11:10,NONE,25.0
TKT000000202,BKG000000202,PAY000000202,issued,2014-08-07 15:45:58,NONE,17.0
TKT000000203,BKG000000203,PAY000000203,issued,2013-08-02 15:38:25,NONE,21.0
TKT000000204,BKG000000204,PAY000000204,issued,2014-05-02 08:41:39,NONE,6.0
TKT000000205,BKG000000205,PAY000000205,issued,2013-07-29 11:29:38,NONE,13.0
TKT000000206,BKG000000206,PAY000000206,issued,2014-05-27 23:32:13,NONE,13.0
TKT000000207,BKG000000207,PAY000000207,issued,2014-07-22 16:03:04,NONE,4.0
TKT000000208,BKG000000208,PAY000000208,issued,2014-11-26 02:11:06,NONE,20.0
TKT000000209,BKG000000209,PAY000000209,issued,2014-10-05 13:07:16,NONE,18.0
TKT000000210,BKG000000210,PAY000000210,issued,2013-03-31 18:25:36,NONE,19.0
TKT000000211,BKG000000211,PAY000000211,issued,2014-07-29 19:00:49,NONE,30.0
TKT000000212,BKG000000212,PAY000000212,issued,2014-09-27 00:09:06,NONE,32.0
TKT000000213,BKG000000213,PAY000000213,issued,2013-11-10 13:49:40,NONE,28.0
TKT000000214,BKG000000214,PAY000000214,issued,2014-10-20 17:16:10,NONE,34.0
TKT000000215,BKG000000215,PAY000000215,issued,2014-05-17 00:15:41,NONE,13.0
TKT000000216,BKG000000216,PAY000000216,pending,2014-05-02 00:13:56,SUPPLIER_ERROR,29.0
TKT000000217,BKG000000217,PAY000000217,issued,2013-06-25 07:09:39,NONE,15.0
TKT000000218,BKG000000218,PAY000000218,issued,2013-11-21 18:22:36,NONE,43.0
TKT000000219,BKG000000219,PAY000000219,issued,2014-07-25 05:23:48,NONE,24.0
TKT000000220,BKG000000220,PAY000000220,issued,2014-10-09 21:13:41,NONE,30.0
TKT000000221,BKG000000221,PAY000000221,issued,2013-09-05 11:00:24,NONE,9.0
TKT000000222,BKG000000222,PAY000000222,issued,2014-12-30 14:57:04,NONE,8.0
TKT000000223,BKG000000223,PAY000000223,issued,2013-06-28 21:08:08,NONE,20.0
TKT000000224,BKG000000224,PAY000000224,issued,2014-10-12 04:38:10,NONE,11.0
TKT000000225,BKG000000225,PAY000000225,issued,2014-08-22 14:32:48,NONE,37.0
TKT000000226,BKG000000226,PAY000000226,not_issued_payment_failed,,NONE,
TKT000000227,BKG000000227,PAY000000227,issued,2013-07-22 15:14:47,NONE,25.0
TKT000000228,BKG000000228,PAY000000228,issued,2013-02-14 23:42:15,NONE,320.0
TKT000000229,BKG000000229,PAY000000229,issued,2013-09-09 18:44:45,NONE,31.0
TKT000000230,BKG000000230,PAY000000230,issued,2014-07-14 16:43:33,NONE,21.0
TKT000000231,BKG000000231,PAY000000231,issued,2014-12-03 19:37:32,NONE,15.0
TKT000000232,BKG000000232,PAY000000232,issued,2014-03-20 20:55:48,NONE,125.0
TKT000000233,BKG000000233,PAY000000233,failed,2013-11-12 21:52:02,TICKETING_TIMEOUT,12.0
TKT000000234,BKG000000234,PAY000000234,issued,2014-01-31 14:19:56,NONE,24.0
TKT000000235,BKG000000235,PAY000000235,issued,2014-03-21 16:09:03,NONE,19.0
TKT000000236,BKG000000236,PAY000000236,issued,2014-12-23 17:40:54,NONE,44.0
TKT000000237,BKG000000237,PAY000000237,issued,2014-04-19 20:08:48,NONE,36.0
TKT000000238,BKG000000238,PAY000000238,issued,2013-11-18 10:32:30,NONE,32.0
TKT000000239,BKG000000239,PAY000000239,issued,2013-11-18 10:56:30,NONE,10.0
TKT000000240,BKG000000240,PAY000000240,issued,2013-08-15 17:35:47,NONE,6.0
TKT000000241,BKG000000241,PAY000000241,issued,2014-05-06 08:12:57,NONE,848.0
TKT000000242,BKG000000242,PAY000000242,issued,2014-08-31 01:20:19,NONE,31.0
TKT000000243,BKG000000243,PAY000000243,issued,2013-03-12 09:46:55,NONE,28.0
TKT000000244,BKG000000244,PAY000000244,issued,2014-03-05 15:04:39,NONE,21.0
TKT000000245,BKG000000245,PAY000000245,issued,2014-04-30 17:28:56,NONE,9.0
TKT000000246,BKG000000246,PAY000000246,not_issued_payment_failed,,NONE,
TKT000000247,BKG000000247,PAY000000247,issued,2013-09-12 11:26:26,NONE,17.0
TKT000000248,BKG000000248,PAY000000248,not_issued_payment_failed,,NONE,
TKT000000249,BKG000000249,PAY000000249,issued,2013-07-20 20:45:27,NONE,42.0
TKT000000250,BKG000000250,PAY000000250,issued,2014-11-23 19:05:49,NONE,6.0
TKT000000251,BKG000000251,PAY000000251,issued,2013-12-13 11:05:15,NONE,29.0
TKT000000252,BKG000000252,PAY000000252,issued,2013-09-19 20:39:01,NONE,32.0
TKT000000253,BKG000000253,PAY000000253,issued,2014-05-15 23:15:25,NONE,41.0
TKT000000254,BKG000000254,PAY000000254,not_issued_payment_failed,,NONE,
TKT000000255,BKG000000255,PAY000000255,issued,2013-06-15 16:02:12,NONE,18.0
TKT000000256,BKG000000256,PAY000000256,issued,2014-03-28 13:28:58,NONE,5.0
TKT000000257,BKG000000257,PAY000000257,issued,2014-09-24 23:57:19,NONE,7.0
TKT000000258,BKG000000258,PAY000000258,issued,2014-05-26 11:57:22,NONE,27.0
TKT000000259,BKG000000259,PAY000000259,issued,2014-10-02 14:53:05,NONE,41.0
TKT000000260,BKG000000260,PAY000000260,failed,2013-04-26 01:13:49,AIRLINE_CONFIRMATION_FAILED,40.0
TKT000000261,BKG000000261,PAY000000261,issued,2014-08-28 18:29:23,NONE,14.0
TKT000000262,BKG000000262,PAY000000262,issued,2013-01-21 12:17:54,NONE,39.0
TKT000000263,BKG000000263,PAY000000263,issued,2013-09-24 22:15:46,NONE,24.0
TKT000000264,BKG000000264,PAY000000264,not_issued_payment_failed,,NONE,
TKT000000265,BKG000000265,PAY000000265,issued,2013-11-04 14:03:41,NONE,5.0
TKT000000266,BKG000000266,PAY000000266,issued,2013-10-26 16:26:18,NONE,32.0
TKT000000267,BKG000000267,PAY000000267,issued,2014-04-09 16:39:19,NONE,22.0
TKT000000268,BKG000000268,PAY000000268,issued,2014-07-06 03:08:49,NONE,216.0
TKT000000269,BKG000000269,PAY000000269,issued,2013-12-18 03:28:29,NONE,19.0
TKT000000270,BKG000000270,PAY000000270,issued,2013-07-30 16:12:29,NONE,32.0
TKT000000271,BKG000000271,PAY000000271,issued,2013-08-23 19:24:43,NONE,9.0
TKT000000272,BKG000000272,PAY000000272,issued,2014-11-23 23:17:43,NONE,30.0
TKT000000273,BKG000000273,PAY000000273,issued,2014-08-11 23:27:38,NONE,9.0
TKT000000274,BKG000000274,PAY000000274,issued,2013-12-16 12:47:54,NONE,35.0
TKT000000275,BKG000000275,PAY000000275,issued,2013-07-20 16:12:24,NONE,34.0
TKT000000276,BKG000000276,PAY000000276,issued,2013-08-03 19:13:15,NONE,20.0
TKT000000277,BKG000000277,PAY000000277,issued,2014-03-07 08:59:48,NONE,5.0
TKT000000278,BKG000000278,PAY000000278,issued,2013-03-27 03:04:47,NONE,17.0
TKT000000279,BKG000000279,PAY000000279,issued,2014-01-10 02:50:30,NONE,45.0
TKT000000280,BKG000000280,PAY000000280,issued,2013-05-27 14:32:31,NONE,45.0
TKT000000281,BKG000000281,PAY000000281,not_issued_payment_failed,,NONE,
TKT000000282,BKG000000282,PAY000000282,issued,2014-08-26 09:44:28,NONE,21.0
TKT000000283,BKG000000283,PAY000000283,issued,2013-05-01 19:51:22,NONE,10.0
TKT000000284,BKG000000284,PAY000000284,issued,2014-04-13 02:29:33,NONE,34.0
TKT000000285,BKG000000285,PAY000000285,issued,2014-11-12 10:15:54,NONE,732.0
TKT000000286,BKG000000286,PAY000000286,issued,2014-12-10 19:46:14,NONE,45.0
TKT000000287,BKG000000287,PAY000000287,issued,2014-12-18 14:35:18,NONE,36.0
TKT000000288,BKG000000288,PAY000000288,issued,2014-04-19 17:54:04,NONE,22.0
TKT000000289,BKG000000289,PAY000000289,issued,2013-05-29 19:29:48,NONE,6.0
TKT000000290,BKG000000290,PAY000000290,issued,2014-10-17 19:56:53,NONE,17.0
TKT000000291,BKG000000291,PAY000000291,issued,2013-10-15 11:26:27,NONE,16.0
TKT000000292,BKG000000292,PAY000000292,issued,2014-05-07 19:39:54,NONE,34.0
TKT000000293,BKG000000293,PAY000000293,pending,2014-06-23 17:50:06,TICKETING_TIMEOUT,25.0
TKT000000294,BKG000000294,PAY000000294,issued,2014-05-16 18:01:13,NONE,32.0
TKT000000295,BKG000000295,PAY000000295,issued,2014-12-26 21:40:34,NONE,34.0
TKT000000296,BKG000000296,PAY000000296,issued,2013-09-24 03:11:11,NONE,37.0
TKT000000297,BKG000000297,PAY000000297,issued,2014-07-04 19:12:15,NONE,33.0
TKT000000298,BKG000000298,PAY000000298,issued,2013-04-02 09:46:12,NONE,29.0
TKT000000299,BKG000000299,PAY000000299,issued,2014-01-14 17:01:11,NONE,592.0
TKT000000300,BKG000000300,PAY000000300,issued,2013-07-20 09:33:00,NONE,4.0
TKT000000301,BKG000000301,PAY000000301,pending,2014-12-22 18:39:31,SUPPLIER_ERROR,320.0
TKT000000302,BKG000000302,PAY000000302,issued,2013-04-08 08:17:13,NONE,14.0
TKT000000303,BKG000000303,PAY000000303,issued,2013-03-06 20:41:52,NONE,14.0
TKT000000304,BKG000000304,PAY000000304,issued,2014-02-07 21:45:19,NONE,10.0
TKT000000305,BKG000000305,PAY000000305,issued,2013-11-22 10:07:43,NONE,16.0
TKT000000306,BKG000000306,PAY000000306,issued,2014-12-11 18:35:07,NONE,24.0
TKT000000307,BKG000000307,PAY000000307,issued,2014-12-26 19:57:55,NONE,9.0
TKT000000308,BKG000000308,PAY000000308,issued,2014-08-03 16:22:25,NONE,33.0
TKT000000309,BKG000000309,PAY000000309,issued,2014-06-23 11:44:32,NONE,34.0
TKT000000310,BKG000000310,PAY000000310,issued,2013-11-26 10:54:24,NONE,15.0
TKT000000311,BKG000000311,PAY000000311,issued,2014-08-23 13:11:08,NONE,19.0
TKT000000312,BKG000000312,PAY000000312,issued,2013-10-09 15:53:51,NONE,15.0
TKT000000313,BKG000000313,PAY000000313,issued,2013-06-29 03:07:04,NONE,34.0
TKT000000314,BKG000000314,PAY000000314,issued,2014-07-17 10:38:07,NONE,30.0
TKT000000315,BKG000000315,PAY000000315,issued,2014-11-24 11:06:05,NONE,22.0
TKT000000316,BKG000000316,PAY000000316,issued,2014-12-04 01:13:33,NONE,23.0
TKT000000317,BKG000000317,PAY000000317,issued,2013-05-04 12:17:46,NONE,42.0
TKT000000318,BKG000000318,PAY000000318,not_issued_payment_failed,,NONE,
TKT000000319,BKG000000319,PAY000000319,issued,2014-06-28 20:06:24,NONE,42.0
TKT000000320,BKG000000320,PAY000000320,issued,2014-11-10 16:31:51,NONE,12.0
TKT000000321,BKG000000321,PAY000000321,issued,2013-04-29 15:28:57,NONE,22.0
TKT000000322,BKG000000322,PAY000000322,issued,2013-10-14 20:55:09,NONE,32.0
TKT000000323,BKG000000323,PAY000000323,not_issued_payment_failed,,NONE,
TKT000000324,BKG000000324,PAY000000324,issued,2013-08-24 15:56:06,NONE,29.0
TKT000000325,BKG000000325,PAY000000325,issued,2013-09-01 19:34:38,NONE,16.0
TKT000000326,BKG000000326,PAY000000326,issued,2013-01-25 22:03:08,NONE,5.0
TKT000000327,BKG000000327,PAY000000327,issued,2013-03-30 14:28:54,NONE,16.0
TKT000000328,BKG000000328,PAY000000328,issued,2013-05-28 02:44:44,NONE,37.0
TKT000000329,BKG000000329,PAY000000329,pending,2014-11-09 05:32:21,TICKETING_TIMEOUT,647.0
TKT000000330,BKG000000330,PAY000000330,issued,2014-07-08 09:40:26,NONE,42.0
TKT000000331,BKG000000331,PAY000000331,issued,2014-02-20 17:27:31,NONE,23.0
TKT000000332,BKG000000332,PAY000000332,issued,2013-11-05 17:46:12,NONE,42.0
TKT000000333,BKG000000333,PAY000000333,not_issued_payment_failed,,NONE,
TKT000000334,BKG000000334,PAY000000334,issued,2013-10-16 12:38:37,NONE,12.0
TKT000000335,BKG000000335,PAY000000335,issued,2013-02-06 06:19:53,NONE,29.0
TKT000000336,BKG000000336,PAY000000336,issued,2013-02-08 12:56:23,NONE,912.0
TKT000000337,BKG000000337,PAY000000337,not_issued_payment_failed,,NONE,
TKT000000338,BKG000000338,PAY000000338,issued,2013-01-21 18:41:43,NONE,34.0
TKT000000339,BKG000000339,PAY000000339,issued,2014-01-02 03:33:24,NONE,19.0
TKT000000340,BKG000000340,PAY000000340,issued,2013-11-14 20:47:36,NONE,44.0
TKT000000341,BKG000000341,PAY000000341,issued,2013-11-28 15:49:32,NONE,9.0
TKT000000342,BKG000000342,PAY000000342,issued,2013-10-12 10:05:20,NONE,25.0
TKT000000343,BKG000000343,PAY000000343,issued,2014-04-18 21:33:56,NONE,27.0
TKT000000344,BKG000000344,PAY000000344,issued,2013-08-07 10:49:12,NONE,15.0
TKT000000345,BKG000000345,PAY000000345,issued,2014-03-23 12:20:44,NONE,16.0
TKT000000346,BKG000000346,PAY000000346,issued,2013-08-27 17:26:43,NONE,11.0
TKT000000347,BKG000000347,PAY000000347,issued,2014-11-09 22:18:52,NONE,32.0
TKT000000348,BKG000000348,PAY000000348,issued,2014-05-17 17:11:47,NONE,5.0
TKT000000349,BKG000000349,PAY000000349,issued,2013-01-27 18:17:52,NONE,33.0
TKT000000350,BKG000000350,PAY000000350,not_issued_payment_failed,,NONE,
TKT000000351,BKG000000351,PAY000000351,issued,2014-04-14 23:05:44,NONE,11.0
TKT000000352,BKG000000352,PAY000000352,issued,2013-05-26 18:22:15,NONE,21.0
TKT000000353,BKG000000353,PAY000000353,issued,2014-09-29 21:19:30,NONE,44.0
TKT000000354,BKG000000354,PAY000000354,issued,2013-06-22 06:18:01,NONE,38.0
TKT000000355,BKG000000355,PAY000000355,not_issued_payment_failed,,NONE,
TKT000000356,BKG000000356,PAY000000356,issued,2014-01-23 09:22:20,NONE,25.0
TKT000000357,BKG000000357,PAY000000357,issued,2014-12-03 15:03:34,NONE,17.0
TKT000000358,BKG000000358,PAY000000358,issued,2014-08-07 06:49:44,NONE,6.0
TKT000000359,BKG000000359,PAY000000359,issued,2014-07-23 23:07:21,NONE,6.0
TKT000000360,BKG000000360,PAY000000360,pending,2013-03-23 18:19:39,SUPPLIER_ERROR,16.0
TKT000000361,BKG000000361,PAY000000361,issued,2013-05-14 23:10:08,NONE,37.0
TKT000000362,BKG000000362,PAY000000362,issued,2014-03-26 13:12:21,NONE,21.0
TKT000000363,BKG000000363,PAY000000363,issued,2014-05-16 14:02:14,NONE,8.0
TKT000000364,BKG000000364,PAY000000364,issued,2013-08-14 04:03:23,NONE,1102.0
TKT000000365,BKG000000365,PAY000000365,issued,2014-06-02 07:40:54,NONE,40.0
TKT000000366,BKG000000366,PAY000000366,issued,2013-09-22 17:20:44,NONE,39.0
TKT000000367,BKG000000367,PAY000000367,issued,2013-11-27 15:13:12,NONE,3.0
TKT000000368,BKG000000368,PAY000000368,issued,2013-08-18 17:08:19,NONE,42.0
TKT000000369,BKG000000369,PAY000000369,issued,2014-10-09 12:33:32,NONE,37.0
TKT000000370,BKG000000370,PAY000000370,issued,2014-03-10 00:00:30,NONE,626.0
TKT000000371,BKG000000371,PAY000000371,issued,2013-04-04 03:35:00,NONE,515.0
TKT000000372,BKG000000372,PAY000000372,issued,2014-08-12 21:14:20,NONE,7.0
TKT000000373,BKG000000373,PAY000000373,not_issued_payment_failed,,NONE,
TKT000000374,BKG000000374,PAY000000374,issued,2014-05-28 00:55:54,NONE,16.0
TKT000000375,BKG000000375,PAY000000375,issued,2014-10-15 20:16:49,NONE,16.0
TKT000000376,BKG000000376,PAY000000376,issued,2013-08-02 19:08:47,NONE,38.0
TKT000000377,BKG000000377,PAY000000377,issued,2014-11-20 07:14:58,NONE,3.0
TKT000000378,BKG000000378,PAY000000378,issued,2014-10-07 22:46:33,NONE,38.0
TKT000000379,BKG000000379,PAY000000379,issued,2013-09-27 00:52:47,NONE,9.0
TKT000000380,BKG000000380,PAY000000380,issued,2014-08-22 03:25:20,NONE,44.0
TKT000000381,BKG000000381,PAY000000381,issued,2014-01-13 20:08:16,NONE,6.0
TKT000000382,BKG000000382,PAY000000382,issued,2014-08-06 20:21:13,NONE,35.0
TKT000000383,BKG000000383,PAY000000383,issued,2013-09-07 01:50:58,NONE,27.0
TKT000000384,BKG000000384,PAY000000384,issued,2014-02-11 11:43:53,NONE,28.0
TKT000000385,BKG000000385,PAY000000385,issued,2013-06-13 15:42:35,NONE,42.0
TKT000000386,BKG000000386,PAY000000386,issued,2014-10-18 10:53:34,NONE,38.0
TKT000000387,BKG000000387,PAY000000387,issued,2013-06-02 23:08:00,NONE,44.0
TKT000000388,BKG000000388,PAY000000388,issued,2013-06-30 23:16:40,NONE,11.0
TKT000000389,BKG000000389,PAY000000389,issued,2013-03-19 15:01:00,NONE,42.0
TKT000000390,BKG000000390,PAY000000390,not_issued_payment_failed,,NONE,
TKT000000391,BKG000000391,PAY000000391,issued,2014-07-11 12:54:07,NONE,16.0
TKT000000392,BKG000000392,PAY000000392,failed,2014-11-02 05:05:43,AIRLINE_CONFIRMATION_FAILED,39.0
TKT000000393,BKG000000393,PAY000000393,issued,2014-12-04 07:41:24,NONE,1172.0
TKT000000394,BKG000000394,PAY000000394,issued,2013-10-16 04:05:34,NONE,9.0
TKT000000395,BKG000000395,PAY000000395,issued,2013-10-16 05:08:34,NONE,37.0
TKT000000396,BKG000000396,PAY000000396,issued,2014-06-11 18:48:13,NONE,8.0
TKT000000397,BKG000000397,PAY000000397,issued,2013-02-16 15:37:40,NONE,1345.0
TKT000000398,BKG000000398,PAY000000398,issued,2014-01-26 20:06:36,NONE,20.0
TKT000000399,BKG000000399,PAY000000399,issued,2014-07-27 11:26:08,NONE,20.0
TKT000000400,BKG000000400,PAY000000400,issued,2014-05-20 17:21:15,NONE,19.0
TKT000000401,BKG000000401,PAY000000401,issued,2013-04-04 11:24:46,NONE,22.0
TKT000000402,BKG000000402,PAY000000402,not_issued_payment_failed,,NONE,
TKT000000403,BKG000000403,PAY000000403,issued,2013-04-30 13:08:00,NONE,26.0
TKT000000404,BKG000000404,PAY000000404,issued,2014-07-07 22:41:09,NONE,35.0
TKT000000405,BKG000000405,PAY000000405,issued,2014-05-06 02:02:04,NONE,3.0
TKT000000406,BKG000000406,PAY000000406,issued,2014-10-06 14:22:57,NONE,45.0
TKT000000407,BKG000000407,PAY000000407,issued,2014-07-24 11:52:06,NONE,20.0
TKT000000408,BKG000000408,PAY000000408,issued,2014-03-18 12:41:19,NONE,28.0
TKT000000409,BKG000000409,PAY000000409,issued,2013-01-23 13:50:09,NONE,27.0
TKT000000410,BKG000000410,PAY000000410,issued,2014-11-26 20:34:33,NONE,10.0
TKT000000411,BKG000000411,PAY000000411,issued,2014-03-06 09:59:18,NONE,6.0
TKT000000412,BKG000000412,PAY000000412,issued,2013-05-08 15:46:48,NONE,31.0
TKT000000413,BKG000000413,PAY000000413,not_issued_payment_failed,,NONE,
TKT000000414,BKG000000414,PAY000000414,issued,2014-11-07 16:17:52,NONE,37.0
TKT000000415,BKG000000415,PAY000000415,issued,2013-11-05 21:22:02,NONE,10.0
TKT000000416,BKG000000416,PAY000000416,issued,2014-10-14 01:24:01,NONE,37.0
TKT000000417,BKG000000417,PAY000000417,not_issued_payment_failed,,NONE,
TKT000000418,BKG000000418,PAY000000418,issued,2013-09-29 01:33:33,NONE,14.0
TKT000000419,BKG000000419,PAY000000419,issued,2013-01-31 14:53:58,NONE,26.0
TKT000000420,BKG000000420,PAY000000420,issued,2014-08-19 15:09:26,NONE,32.0
TKT000000421,BKG000000421,PAY000000421,issued,2013-07-29 12:50:33,NONE,34.0
TKT000000422,BKG000000422,PAY000000422,not_issued_payment_failed,,NONE,
TKT000000423,BKG000000423,PAY000000423,issued,2013-05-23 12:22:01,NONE,32.0
TKT000000424,BKG000000424,PAY000000424,issued,2014-01-05 00:00:44,NONE,39.0
TKT000000425,BKG000000425,PAY000000425,issued,2014-11-05 19:46:02,NONE,20.0
TKT000000426,BKG000000426,PAY000000426,issued,2013-01-08 11:34:10,NONE,9.0
TKT000000427,BKG000000427,PAY000000427,issued,2014-03-25 14:52:04,NONE,35.0
TKT000000428,BKG000000428,PAY000000428,issued,2013-11-29 07:54:43,NONE,6.0
TKT000000429,BKG000000429,PAY000000429,issued,2014-07-08 20:47:09,NONE,33.0
TKT000000430,BKG000000430,PAY000000430,issued,2013-08-13 17:29:42,NONE,36.0
TKT000000431,BKG000000431,PAY000000431,issued,2013-05-14 08:22:55,NONE,26.0
TKT000000432,BKG000000432,PAY000000432,issued,2014-06-29 05:09:30,NONE,42.0
TKT000000433,BKG000000433,PAY000000433,issued,2014-09-30 17:18:14,NONE,4.0
TKT000000434,BKG000000434,PAY000000434,issued,2013-08-27 21:08:07,NONE,24.0
TKT000000435,BKG000000435,PAY000000435,issued,2014-03-10 22:08:31,NONE,40.0
TKT000000436,BKG000000436,PAY000000436,issued,2014-08-25 11:07:57,NONE,32.0
TKT000000437,BKG000000437,PAY000000437,issued,2013-08-24 19:58:49,NONE,34.0
TKT000000438,BKG000000438,PAY000000438,issued,2014-05-15 18:04:23,NONE,40.0
TKT000000439,BKG000000439,PAY000000439,issued,2013-12-24 06:16:25,NONE,20.0
TKT000000440,BKG000000440,PAY000000440,issued,2014-10-24 10:18:37,NONE,3.0
TKT000000441,BKG000000441,PAY000000441,issued,2013-08-03 13:05:39,NONE,16.0
TKT000000442,BKG000000442,PAY000000442,not_issued_payment_failed,,NONE,
TKT000000443,BKG000000443,PAY000000443,issued,2014-02-26 11:27:38,NONE,12.0
TKT000000444,BKG000000444,PAY000000444,issued,2014-05-28 06:53:56,NONE,12.0
TKT000000445,BKG000000445,PAY000000445,issued,2014-04-16 21:47:49,NONE,37.0
TKT000000446,BKG000000446,PAY000000446,issued,2014-01-24 16:18:03,NONE,33.0
TKT000000447,BKG000000447,PAY000000447,not_issued_payment_failed,,NONE,
TKT000000448,BKG000000448,PAY000000448,issued,2013-07-31 16:15:42,NONE,37.0
TKT000000449,BKG000000449,PAY000000449,issued,2014-06-10 06:06:55,NONE,1197.0
TKT000000450,BKG000000450,PAY000000450,issued,2014-04-23 00:33:25,NONE,27.0
TKT000000451,BKG000000451,PAY000000451,issued,2014-01-24 15:02:44,NONE,28.0
TKT000000452,BKG000000452,PAY000000452,failed,2013-02-17 16:14:47,TICKETING_TIMEOUT,38.0
TKT000000453,BKG000000453,PAY000000453,issued,2013-02-14 15:40:19,NONE,15.0
TKT000000454,BKG000000454,PAY000000454,issued,2014-11-29 19:14:40,NONE,36.0
TKT000000455,BKG000000455,PAY000000455,issued,2014-11-29 07:29:26,NONE,923.0
TKT000000456,BKG000000456,PAY000000456,issued,2014-06-09 10:13:56,NONE,38.0
TKT000000457,BKG000000457,PAY000000457,issued,2013-01-13 15:20:55,NONE,35.0
TKT000000458,BKG000000458,PAY000000458,issued,2014-09-29 14:18:28,NONE,28.0
TKT000000459,BKG000000459,PAY000000459,issued,2013-09-09 22:58:12,NONE,14.0
TKT000000460,BKG000000460,PAY000000460,issued,2014-10-16 09:44:24,NONE,15.0
TKT000000461,BKG000000461,PAY000000461,issued,2013-03-24 09:58:18,NONE,15.0
TKT000000462,BKG000000462,PAY000000462,issued,2014-10-20 17:45:33,NONE,3.0
TKT000000463,BKG000000463,PAY000000463,issued,2014-12-30 22:02:31,NONE,20.0
TKT000000464,BKG000000464,PAY000000464,issued,2014-11-24 17:22:59,NONE,5.0
TKT000000465,BKG000000465,PAY000000465,issued,2014-05-18 21:09:12,NONE,33.0
TKT000000466,BKG000000466,PAY000000466,issued,2013-03-11 23:50:57,NONE,7.0
TKT000000467,BKG000000467,PAY000000467,issued,2014-06-08 14:48:57,NONE,35.0
TKT000000468,BKG000000468,PAY000000468,issued,2013-04-27 05:27:41,NONE,29.0
TKT000000469,BKG000000469,PAY000000469,issued,2014-03-05 17:37:08,NONE,18.0
TKT000000470,BKG000000470,PAY000000470,not_issued_payment_failed,,NONE,
TKT000000471,BKG000000471,PAY000000471,not_issued_payment_failed,,NONE,
TKT000000472,BKG000000472,PAY000000472,issued,2014-09-09 12:24:07,NONE,28.0
TKT000000473,BKG000000473,PAY000000473,not_issued_payment_failed,,NONE,
TKT000000474,BKG000000474,PAY000000474,issued,2013-09-02 03:15:01,NONE,33.0
TKT000000475,BKG000000475,PAY000000475,issued,2013-04-12 04:27:28,NONE,10.0
TKT000000476,BKG000000476,PAY000000476,issued,2014-04-17 08:36:35,NONE,35.0
TKT000000477,BKG000000477,PAY000000477,not_issued_payment_failed,,NONE,
TKT000000478,BKG000000478,PAY000000478,issued,2014-03-12 01:13:23,NONE,996.0
TKT000000479,BKG000000479,PAY000000479,issued,2013-09-29 11:46:31,NONE,14.0
TKT000000480,BKG000000480,PAY000000480,issued,2013-02-06 11:10:04,NONE,27.0
TKT000000481,BKG000000481,PAY000000481,not_issued_payment_failed,,NONE,
TKT000000482,BKG000000482,PAY000000482,issued,2013-03-29 03:13:42,NONE,22.0
TKT000000483,BKG000000483,PAY000000483,issued,2014-06-29 07:28:20,NONE,24.0
TKT000000484,BKG000000484,PAY000000484,issued,2014-06-10 11:22:30,NONE,24.0
TKT000000485,BKG000000485,PAY000000485,issued,2014-03-02 14:45:29,NONE,35.0
TKT000000486,BKG000000486,PAY000000486,issued,2014-05-06 12:55:40,NONE,12.0
TKT000000487,BKG000000487,PAY000000487,issued,2014-08-06 00:20:53,NONE,21.0
TKT000000488,BKG000000488,PAY000000488,issued,2014-04-06 11:24:56,NONE,31.0
TKT000000489,BKG000000489,PAY000000489,issued,2014-03-23 18:38:36,NONE,18.0
TKT000000490,BKG000000490,PAY000000490,not_issued_payment_failed,,NONE,
TKT000000491,BKG000000491,PAY000000491,issued,2014-10-02 10:14:10,NONE,36.0
TKT000000492,BKG000000492,PAY000000492,issued,2014-03-29 20:32:39,NONE,6.0
TKT000000493,BKG000000493,PAY000000493,issued,2014-11-03 00:03:19,NONE,38.0
TKT000000494,BKG000000494,PAY000000494,issued,2013-06-28 21:33:01,NONE,15.0
TKT000000495,BKG000000495,PAY000000495,not_issued_payment_failed,,NONE,
TKT000000496,BKG000000496,PAY000000496,issued,2013-08-04 13:35:10,NONE,6.0
TKT000000497,BKG000000497,PAY000000497,not_issued_payment_failed,,NONE,
TKT000000498,BKG000000498,PAY000000498,issued,2014-07-03 19:52:46,NONE,8.0
TKT000000499,BKG000000499,PAY000000499,issued,2014-07-20 05:17:50,NONE,35.0
TKT000000500,BKG000000500,PAY000000500,not_issued_payment_failed,,NONE,
TKT000000501,BKG000000501,PAY000000501,issued,2014-02-16 10:24:16,NONE,793.0
TKT000000502,BKG000000502,PAY000000502,issued,2014-02-19 15:55:59,NONE,42.0
TKT000000503,BKG000000503,PAY000000503,issued,2014-08-03 20:40:55,NONE,4.0
TKT000000504,BKG000000504,PAY000000504,issued,2013-08-27 15:27:28,NONE,15.0
TKT000000505,BKG000000505,PAY000000505,issued,2014-08-07 03:36:21,NONE,5.0
TKT000000506,BKG000000506,PAY000000506,issued,2013-10-15 20:42:44,NONE,31.0
TKT000000507,BKG000000507,PAY000000507,issued,2013-11-04 18:58:46,NONE,6.0
TKT000000508,BKG000000508,PAY000000508,issued,2014-03-31 11:05:50,NONE,37.0
TKT000000509,BKG000000509,PAY000000509,issued,2013-04-13 16:36:24,NONE,8.0
TKT000000510,BKG000000510,PAY000000510,issued,2014-03-22 20:52:39,NONE,19.0
TKT000000511,BKG000000511,PAY000000511,failed,2013-08-28 17:33:20,TICKETING_TIMEOUT,40.0
TKT000000512,BKG000000512,PAY000000512,issued,2014-08-29 19:51:30,NONE,6.0
TKT000000513,BKG000000513,PAY000000513,not_issued_payment_failed,,NONE,
TKT000000514,BKG000000514,PAY000000514,issued,2013-03-07 09:14:37,NONE,23.0
TKT000000515,BKG000000515,PAY000000515,issued,2013-07-25 05:18:52,NONE,3.0
TKT000000516,BKG000000516,PAY000000516,issued,2014-12-22 13:11:38,NONE,35.0
TKT000000517,BKG000000517,PAY000000517,issued,2014-02-28 17:23:21,NONE,24.0
TKT000000518,BKG000000518,PAY000000518,issued,2013-06-05 14:28:24,NONE,11.0
TKT000000519,BKG000000519,PAY000000519,issued,2014-11-04 21:22:54,NONE,45.0
TKT000000520,BKG000000520,PAY000000520,issued,2014-05-22 09:06:11,NONE,15.0
TKT000000521,BKG000000521,PAY000000521,issued,2014-10-15 20:30:36,NONE,4.0
TKT000000522,BKG000000522,PAY000000522,issued,2013-11-24 19:06:18,NONE,11.0
TKT000000523,BKG000000523,PAY000000523,issued,2013-09-26 07:34:37,NONE,1045.0
TKT000000524,BKG000000524,PAY000000524,issued,2014-11-13 21:49:59,NONE,24.0
TKT000000525,BKG000000525,PAY000000525,issued,2014-04-02 03:33:41,NONE,5.0
TKT000000526,BKG000000526,PAY000000526,issued,2014-12-13 15:56:56,NONE,20.0
TKT000000527,BKG000000527,PAY000000527,issued,2013-10-28 19:47:13,NONE,33.0
TKT000000528,BKG000000528,PAY000000528,issued,2013-08-15 20:38:29,NONE,780.0
TKT000000529,BKG000000529,PAY000000529,issued,2014-07-02 06:48:08,NONE,10.0
TKT000000530,BKG000000530,PAY000000530,issued,2014-11-19 15:29:40,NONE,29.0
TKT000000531,BKG000000531,PAY000000531,issued,2013-04-13 13:51:23,NONE,38.0
TKT000000532,BKG000000532,PAY000000532,issued,2013-09-25 07:23:17,NONE,916.0
TKT000000533,BKG000000533,PAY000000533,issued,2014-12-27 12:20:59,NONE,45.0
TKT000000534,BKG000000534,PAY000000534,issued,2014-03-02 15:52:07,NONE,4.0
TKT000000535,BKG000000535,PAY000000535,issued,2013-07-22 20:59:30,NONE,41.0
TKT000000536,BKG000000536,PAY000000536,issued,2014-07-29 21:25:57,NONE,17.0
TKT000000537,BKG000000537,PAY000000537,issued,2014-11-04 15:19:01,NONE,20.0
TKT000000538,BKG000000538,PAY000000538,issued,2013-07-16 23:05:36,NONE,23.0
TKT000000539,BKG000000539,PAY000000539,issued,2014-11-03 21:43:08,NONE,26.0
TKT000000540,BKG000000540,PAY000000540,issued,2013-02-23 00:39:51,NONE,38.0
TKT000000541,BKG000000541,PAY000000541,issued,2014-08-15 13:49:55,NONE,17.0
TKT000000542,BKG000000542,PAY000000542,issued,2014-12-10 13:21:50,NONE,28.0
TKT000000543,BKG000000543,PAY000000543,issued,2014-12-26 21:36:09,NONE,45.0
TKT000000544,BKG000000544,PAY000000544,issued,2013-10-31 22:06:52,NONE,14.0
TKT000000545,BKG000000545,PAY000000545,issued,2014-12-09 20:04:10,NONE,44.0
TKT000000546,BKG000000546,PAY000000546,not_issued_payment_failed,,NONE,
TKT000000547,BKG000000547,PAY000000547,issued,2014-06-28 17:09:05,NONE,13.0
TKT000000548,BKG000000548,PAY000000548,pending,2014-10-22 16:34:29,AIRLINE_CONFIRMATION_FAILED,36.0
TKT000000549,BKG000000549,PAY000000549,issued,2014-09-05 01:12:07,NONE,24.0
TKT000000550,BKG000000550,PAY000000550,issued,2014-08-18 17:36:11,NONE,28.0
TKT000000551,BKG000000551,PAY000000551,issued,2013-03-08 11:12:29,NONE,4.0
TKT000000552,BKG000000552,PAY000000552,issued,2014-07-31 11:36:15,NONE,22.0
TKT000000553,BKG000000553,PAY000000553,issued,2013-07-02 03:59:03,NONE,22.0
TKT000000554,BKG000000554,PAY000000554,issued,2014-07-08 10:40:33,NONE,197.0
TKT000000555,BKG000000555,PAY000000555,pending,2013-10-10 03:01:46,AIRLINE_CONFIRMATION_FAILED,40.0
TKT000000556,BKG000000556,PAY000000556,issued,2013-11-06 14:35:38,NONE,1326.0
TKT000000557,BKG000000557,PAY000000557,issued,2014-03-24 00:13:45,NONE,704.0
TKT000000558,BKG000000558,PAY000000558,issued,2014-08-25 20:10:25,NONE,6.0
TKT000000559,BKG000000559,PAY000000559,issued,2014-02-16 20:28:54,NONE,11.0
TKT000000560,BKG000000560,PAY000000560,issued,2014-01-20 20:04:53,NONE,16.0
TKT000000561,BKG000000561,PAY000000561,issued,2014-05-13 13:10:23,NONE,30.0
TKT000000562,BKG000000562,PAY000000562,issued,2014-10-14 16:27:11,NONE,11.0
TKT000000563,BKG000000563,PAY000000563,issued,2013-09-29 14:07:12,NONE,7.0
TKT000000564,BKG000000564,PAY000000564,issued,2014-01-21 14:37:23,NONE,39.0
TKT000000565,BKG000000565,PAY000000565,issued,2014-06-27 23:01:00,NONE,5.0
TKT000000566,BKG000000566,PAY000000566,issued,2014-10-21 10:11:48,NONE,34.0
TKT000000567,BKG000000567,PAY000000567,issued,2013-02-04 12:56:20,NONE,10.0
TKT000000568,BKG000000568,PAY000000568,issued,2014-07-25 00:33:35,NONE,6.0
TKT000000569,BKG000000569,PAY000000569,issued,2014-09-30 18:28:45,NONE,45.0
TKT000000570,BKG000000570,PAY000000570,issued,2013-06-23 12:37:11,NONE,21.0
TKT000000571,BKG000000571,PAY000000571,issued,2014-08-22 13:52:55,NONE,706.0
TKT000000572,BKG000000572,PAY000000572,issued,2014-10-28 19:29:40,NONE,17.0
TKT000000573,BKG000000573,PAY000000573,issued,2014-05-20 23:09:21,NONE,32.0
TKT000000574,BKG000000574,PAY000000574,not_issued_payment_failed,,NONE,
TKT000000575,BKG000000575,PAY000000575,issued,2014-09-30 13:15:31,NONE,25.0
TKT000000576,BKG000000576,PAY000000576,issued,2014-06-14 01:51:39,NONE,15.0
TKT000000577,BKG000000577,PAY000000577,issued,2014-10-22 18:06:21,NONE,14.0
TKT000000578,BKG000000578,PAY000000578,issued,2014-05-14 22:25:20,NONE,4.0
TKT000000579,BKG000000579,PAY000000579,issued,2014-08-10 22:43:18,NONE,5.0
TKT000000580,BKG000000580,PAY000000580,pending,2014-09-05 11:33:47,TICKETING_TIMEOUT,20.0
TKT000000581,BKG000000581,PAY000000581,issued,2014-08-25 17:58:23,NONE,17.0
TKT000000582,BKG000000582,PAY000000582,issued,2014-09-02 13:45:07,NONE,17.0
TKT000000583,BKG000000583,PAY000000583,issued,2013-01-11 12:06:33,NONE,43.0
TKT000000584,BKG000000584,PAY000000584,issued,2014-07-27 21:16:28,NONE,44.0
TKT000000585,BKG000000585,PAY000000585,issued,2014-01-17 01:23:38,NONE,28.0
TKT000000586,BKG000000586,PAY000000586,issued,2014-10-29 20:49:37,NONE,15.0
TKT000000587,BKG000000587,PAY000000587,issued,2014-01-31 21:14:03,NONE,11.0
TKT000000588,BKG000000588,PAY000000588,issued,2013-03-24 21:15:57,NONE,14.0
TKT000000589,BKG000000589,PAY000000589,issued,2014-12-15 15:36:39,NONE,5.0
TKT000000590,BKG000000590,PAY000000590,issued,2014-03-28 16:25:08,NONE,24.0
TKT000000591,BKG000000591,PAY000000591,failed,2014-03-28 14:48:08,AIRLINE_CONFIRMATION_FAILED,37.0
TKT000000592,BKG000000592,PAY000000592,issued,2013-08-15 17:28:55,NONE,10.0
TKT000000593,BKG000000593,PAY000000593,issued,2014-09-14 00:53:43,NONE,18.0
TKT000000594,BKG000000594,PAY000000594,issued,2013-03-03 21:43:30,NONE,44.0
TKT000000595,BKG000000595,PAY000000595,issued,2013-12-09 22:22:20,NONE,34.0
TKT000000596,BKG000000596,PAY000000596,issued,2014-04-23 01:51:48,NONE,29.0
TKT000000597,BKG000000597,PAY000000597,issued,2013-06-12 20:30:35,NONE,41.0
TKT000000598,BKG000000598,PAY000000598,issued,2013-01-17 20:13:15,NONE,7.0
TKT000000599,BKG000000599,PAY000000599,issued,2013-01-17 20:49:15,NONE,38.0
TKT000000600,BKG000000600,PAY000000600,issued,2013-07-11 20:42:54,NONE,8.0
TKT000000601,BKG000000601,PAY000000601,issued,2014-10-08 23:43:18,NONE,23.0
TKT000000602,BKG000000602,PAY000000602,issued,2014-08-18 20:42:28,NONE,23.0
TKT000000603,BKG000000603,PAY000000603,not_issued_payment_failed,,NONE,
TKT000000604,BKG000000604,PAY000000604,issued,2014-02-26 22:12:06,NONE,38.0
TKT000000605,BKG000000605,PAY000000605,pending,2013-01-09 17:19:24,AIRLINE_CONFIRMATION_FAILED,41.0
TKT000000606,BKG000000606,PAY000000606,issued,2014-09-13 15:42:07,NONE,3.0
TKT000000607,BKG000000607,PAY000000607,issued,2014-09-08 02:08:49,NONE,44.0
TKT000000608,BKG000000608,PAY000000608,issued,2013-12-13 15:42:32,NONE,28.0
TKT000000609,BKG000000609,PAY000000609,issued,2014-01-18 12:48:59,NONE,7.0
TKT000000610,BKG000000610,PAY000000610,issued,2014-11-12 21:38:40,NONE,34.0
TKT000000611,BKG000000611,PAY000000611,issued,2014-05-06 12:04:17,NONE,16.0
TKT000000612,BKG000000612,PAY000000612,issued,2013-10-09 17:59:02,NONE,24.0
TKT000000613,BKG000000613,PAY000000613,issued,2014-10-02 17:06:45,NONE,9.0
TKT000000614,BKG000000614,PAY000000614,issued,2014-05-05 21:22:59,NONE,37.0
TKT000000615,BKG000000615,PAY000000615,issued,2014-10-22 16:16:36,NONE,19.0
TKT000000616,BKG000000616,PAY000000616,not_issued_payment_failed,,NONE,
TKT000000617,BKG000000617,PAY000000617,issued,2014-01-27 11:06:37,NONE,15.0
TKT000000618,BKG000000618,PAY000000618,issued,2014-03-27 11:16:19,NONE,17.0
TKT000000619,BKG000000619,PAY000000619,issued,2014-06-19 15:27:08,NONE,36.0
TKT000000620,BKG000000620,PAY000000620,issued,2013-07-03 05:00:20,NONE,42.0
TKT000000621,BKG000000621,PAY000000621,not_issued_payment_failed,,NONE,
TKT000000622,BKG000000622,PAY000000622,issued,2014-06-24 14:03:47,NONE,26.0
TKT000000623,BKG000000623,PAY000000623,issued,2014-11-13 13:04:01,NONE,34.0
TKT000000624,BKG000000624,PAY000000624,issued,2013-03-28 20:50:28,NONE,36.0
TKT000000625,BKG000000625,PAY000000625,issued,2013-07-12 13:26:18,NONE,18.0
TKT000000626,BKG000000626,PAY000000626,issued,2014-03-14 12:29:30,NONE,23.0
TKT000000627,BKG000000627,PAY000000627,issued,2013-03-09 19:30:06,NONE,36.0
TKT000000628,BKG000000628,PAY000000628,not_issued_payment_failed,,NONE,
TKT000000629,BKG000000629,PAY000000629,issued,2013-09-28 14:53:38,NONE,29.0
TKT000000630,BKG000000630,PAY000000630,issued,2013-05-08 17:02:35,NONE,1272.0
TKT000000631,BKG000000631,PAY000000631,issued,2014-05-08 22:23:15,NONE,37.0
TKT000000632,BKG000000632,PAY000000632,issued,2014-12-23 00:04:39,NONE,3.0
TKT000000633,BKG000000633,PAY000000633,issued,2014-09-08 09:56:25,NONE,5.0
TKT000000634,BKG000000634,PAY000000634,issued,2014-12-08 11:50:02,NONE,44.0
TKT000000635,BKG000000635,PAY000000635,issued,2013-04-22 20:49:29,NONE,7.0
TKT000000636,BKG000000636,PAY000000636,issued,2013-07-14 22:44:34,NONE,14.0
TKT000000637,BKG000000637,PAY000000637,issued,2013-10-10 09:49:12,NONE,42.0
TKT000000638,BKG000000638,PAY000000638,issued,2014-07-01 19:52:52,NONE,45.0
TKT000000639,BKG000000639,PAY000000639,issued,2014-07-25 19:34:07,NONE,14.0
TKT000000640,BKG000000640,PAY000000640,issued,2014-06-29 22:02:12,NONE,704.0
TKT000000641,BKG000000641,PAY000000641,issued,2014-05-06 12:48:58,NONE,1215.0
TKT000000642,BKG000000642,PAY000000642,issued,2013-08-06 10:51:46,NONE,21.0
TKT000000643,BKG000000643,PAY000000643,issued,2013-04-27 09:07:34,NONE,7.0
TKT000000644,BKG000000644,PAY000000644,issued,2014-06-09 17:40:56,NONE,13.0
TKT000000645,BKG000000645,PAY000000645,issued,2014-12-24 13:28:59,NONE,28.0
TKT000000646,BKG000000646,PAY000000646,issued,2014-09-16 08:59:33,NONE,33.0
TKT000000647,BKG000000647,PAY000000647,issued,2014-04-29 20:06:23,NONE,34.0
TKT000000648,BKG000000648,PAY000000648,issued,2013-06-02 15:12:28,NONE,15.0
TKT000000649,BKG000000649,PAY000000649,not_issued_payment_failed,,NONE,
TKT000000650,BKG000000650,PAY000000650,not_issued_payment_failed,,NONE,
TKT000000651,BKG000000651,PAY000000651,not_issued_payment_failed,,NONE,
TKT000000652,BKG000000652,PAY000000652,issued,2014-05-07 16:52:38,NONE,24.0
TKT000000653,BKG000000653,PAY000000653,not_issued_payment_failed,,NONE,
TKT000000654,BKG000000654,PAY000000654,issued,2014-11-24 12:56:29,NONE,33.0
TKT000000655,BKG000000655,PAY000000655,issued,2014-10-06 18:44:55,NONE,13.0
TKT000000656,BKG000000656,PAY000000656,not_issued_payment_failed,,NONE,
TKT000000657,BKG000000657,PAY000000657,issued,2014-01-28 13:29:29,NONE,8.0
TKT000000658,BKG000000658,PAY000000658,issued,2014-04-02 20:58:53,NONE,36.0
TKT000000659,BKG000000659,PAY000000659,issued,2014-06-16 15:25:31,NONE,45.0
TKT000000660,BKG000000660,PAY000000660,issued,2014-06-16 16:03:31,NONE,21.0
TKT000000661,BKG000000661,PAY000000661,issued,2014-11-28 00:14:00,NONE,3.0
TKT000000662,BKG000000662,PAY000000662,issued,2013-02-17 13:50:03,NONE,7.0
TKT000000663,BKG000000663,PAY000000663,issued,2014-01-07 15:10:35,NONE,3.0
TKT000000664,BKG000000664,PAY000000664,issued,2014-03-12 15:33:51,NONE,10.0
TKT000000665,BKG000000665,PAY000000665,issued,2013-06-21 13:37:56,NONE,9.0
TKT000000666,BKG000000666,PAY000000666,issued,2014-11-23 14:47:22,NONE,15.0
TKT000000667,BKG000000667,PAY000000667,issued,2014-05-23 14:48:14,NONE,45.0
TKT000000668,BKG000000668,PAY000000668,issued,2014-07-07 13:45:39,NONE,32.0
TKT000000669,BKG000000669,PAY000000669,issued,2014-05-18 22:45:38,NONE,36.0
TKT000000670,BKG000000670,PAY000000670,issued,2014-04-20 16:20:15,NONE,35.0
TKT000000671,BKG000000671,PAY000000671,failed,2014-04-04 12:11:27,AIRLINE_CONFIRMATION_FAILED,6.0
TKT000000672,BKG000000672,PAY000000672,issued,2013-08-01 17:06:35,NONE,43.0
TKT000000673,BKG000000673,PAY000000673,not_issued_payment_failed,,NONE,
TKT000000674,BKG000000674,PAY000000674,issued,2014-10-15 19:08:08,NONE,27.0
TKT000000675,BKG000000675,PAY000000675,issued,2014-08-23 18:58:34,NONE,13.0
TKT000000676,BKG000000676,PAY000000676,issued,2013-07-20 03:42:55,NONE,27.0
TKT000000677,BKG000000677,PAY000000677,issued,2014-02-01 10:36:01,NONE,40.0
TKT000000678,BKG000000678,PAY000000678,issued,2013-09-11 04:10:14,NONE,42.0
TKT000000679,BKG000000679,PAY000000679,issued,2013-07-26 20:26:44,NONE,25.0
TKT000000680,BKG000000680,PAY000000680,issued,2013-03-04 10:45:04,NONE,21.0
TKT000000681,BKG000000681,PAY000000681,issued,2014-02-27 10:16:19,NONE,28.0
TKT000000682,BKG000000682,PAY000000682,pending,2014-01-12 16:35:24,SUPPLIER_ERROR,18.0
TKT000000683,BKG000000683,PAY000000683,issued,2013-03-02 22:44:21,NONE,9.0
TKT000000684,BKG000000684,PAY000000684,issued,2013-04-09 17:42:18,NONE,45.0
TKT000000685,BKG000000685,PAY000000685,issued,2013-05-28 21:58:19,NONE,43.0
TKT000000686,BKG000000686,PAY000000686,issued,2014-11-04 12:27:17,NONE,24.0
TKT000000687,BKG000000687,PAY000000687,issued,2014-03-10 11:43:02,NONE,18.0
TKT000000688,BKG000000688,PAY000000688,issued,2014-07-08 23:33:12,NONE,42.0
TKT000000689,BKG000000689,PAY000000689,issued,2014-01-13 03:22:16,NONE,39.0
TKT000000690,BKG000000690,PAY000000690,issued,2014-10-11 23:31:50,NONE,8.0
TKT000000691,BKG000000691,PAY000000691,issued,2014-10-07 14:49:33,NONE,42.0
TKT000000692,BKG000000692,PAY000000692,pending,2014-10-23 13:21:02,TICKETING_TIMEOUT,27.0
TKT000000693,BKG000000693,PAY000000693,issued,2014-05-17 23:35:17,NONE,14.0
TKT000000694,BKG000000694,PAY000000694,issued,2013-07-09 05:40:31,NONE,30.0
TKT000000695,BKG000000695,PAY000000695,issued,2014-06-16 15:28:42,NONE,17.0
TKT000000696,BKG000000696,PAY000000696,issued,2014-11-13 15:12:26,NONE,22.0
TKT000000697,BKG000000697,PAY000000697,not_issued_payment_failed,,NONE,
TKT000000698,BKG000000698,PAY000000698,issued,2014-11-18 03:24:43,NONE,28.0
TKT000000699,BKG000000699,PAY000000699,issued,2014-04-14 21:36:13,NONE,12.0
TKT000000700,BKG000000700,PAY000000700,issued,2014-12-30 20:34:43,NONE,30.0
TKT000000701,BKG000000701,PAY000000701,issued,2014-06-22 10:27:27,NONE,22.0
TKT000000702,BKG000000702,PAY000000702,issued,2014-11-23 00:53:55,NONE,39.0
TKT000000703,BKG000000703,PAY000000703,issued,2014-04-07 09:21:09,NONE,27.0
TKT000000704,BKG000000704,PAY000000704,not_issued_payment_failed,,NONE,
TKT000000705,BKG000000705,PAY000000705,issued,2014-11-09 10:57:49,NONE,22.0
TKT000000706,BKG000000706,PAY000000706,issued,2014-02-05 06:06:05,NONE,40.0
TKT000000707,BKG000000707,PAY000000707,issued,2013-04-22 22:11:03,NONE,40.0
TKT000000708,BKG000000708,PAY000000708,issued,2014-03-20 16:38:17,NONE,24.0
TKT000000709,BKG000000709,PAY000000709,issued,2014-10-15 14:50:46,NONE,32.0
TKT000000710,BKG000000710,PAY000000710,issued,2014-10-15 16:13:46,NONE,41.0
TKT000000711,BKG000000711,PAY000000711,issued,2014-04-08 12:46:01,NONE,33.0
TKT000000712,BKG000000712,PAY000000712,issued,2014-08-05 20:13:36,NONE,37.0
TKT000000713,BKG000000713,PAY000000713,issued,2013-03-01 15:14:50,NONE,34.0
TKT000000714,BKG000000714,PAY000000714,issued,2014-07-03 16:25:11,NONE,7.0
TKT000000715,BKG000000715,PAY000000715,issued,2014-10-22 08:40:44,NONE,28.0
TKT000000716,BKG000000716,PAY000000716,issued,2013-07-11 18:58:26,NONE,35.0
TKT000000717,BKG000000717,PAY000000717,not_issued_payment_failed,,NONE,
TKT000000718,BKG000000718,PAY000000718,issued,2014-04-28 12:50:47,NONE,4.0
TKT000000719,BKG000000719,PAY000000719,issued,2013-09-13 00:19:54,NONE,859.0
TKT000000720,BKG000000720,PAY000000720,issued,2013-09-09 11:40:52,NONE,33.0
TKT000000721,BKG000000721,PAY000000721,issued,2014-10-18 21:10:16,NONE,24.0
TKT000000722,BKG000000722,PAY000000722,issued,2014-04-23 12:53:48,NONE,20.0
TKT000000723,BKG000000723,PAY000000723,issued,2014-10-26 15:50:42,NONE,22.0
TKT000000724,BKG000000724,PAY000000724,pending,2014-03-09 10:04:58,TICKETING_TIMEOUT,38.0
TKT000000725,BKG000000725,PAY000000725,issued,2014-12-14 20:44:53,NONE,42.0
TKT000000726,BKG000000726,PAY000000726,issued,2014-08-15 11:47:57,NONE,25.0
TKT000000727,BKG000000727,PAY000000727,issued,2014-05-26 17:39:39,NONE,35.0
TKT000000728,BKG000000728,PAY000000728,not_issued_payment_failed,,NONE,
TKT000000729,BKG000000729,PAY000000729,issued,2014-03-09 19:24:53,NONE,14.0
TKT000000730,BKG000000730,PAY000000730,issued,2013-03-05 09:06:30,NONE,37.0
TKT000000731,BKG000000731,PAY000000731,issued,2014-11-13 21:18:42,NONE,14.0
TKT000000732,BKG000000732,PAY000000732,issued,2013-07-16 14:27:38,NONE,6.0
TKT000000733,BKG000000733,PAY000000733,issued,2013-05-16 11:42:32,NONE,4.0
TKT000000734,BKG000000734,PAY000000734,issued,2013-09-28 13:36:30,NONE,27.0
TKT000000735,BKG000000735,PAY000000735,issued,2014-06-06 01:19:03,NONE,40.0
TKT000000736,BKG000000736,PAY000000736,issued,2014-06-05 22:50:03,NONE,42.0
TKT000000737,BKG000000737,PAY000000737,issued,2013-08-28 15:17:52,NONE,8.0
TKT000000738,BKG000000738,PAY000000738,issued,2014-10-06 10:52:29,NONE,24.0
TKT000000739,BKG000000739,PAY000000739,issued,2014-08-07 15:43:48,NONE,25.0
TKT000000740,BKG000000740,PAY000000740,pending,2014-09-24 13:32:27,AIRLINE_CONFIRMATION_FAILED,13.0
TKT000000741,BKG000000741,PAY000000741,issued,2014-08-02 21:34:52,NONE,23.0
TKT000000742,BKG000000742,PAY000000742,issued,2014-02-24 01:39:56,NONE,44.0
TKT000000743,BKG000000743,PAY000000743,issued,2014-06-11 14:28:44,NONE,35.0
TKT000000744,BKG000000744,PAY000000744,issued,2014-12-17 23:40:25,NONE,693.0
TKT000000745,BKG000000745,PAY000000745,not_issued_payment_failed,,NONE,
TKT000000746,BKG000000746,PAY000000746,issued,2014-11-21 02:28:21,NONE,286.0
TKT000000747,BKG000000747,PAY000000747,issued,2013-03-28 01:00:56,NONE,14.0
TKT000000748,BKG000000748,PAY000000748,issued,2014-01-22 15:02:39,NONE,36.0
TKT000000749,BKG000000749,PAY000000749,issued,2013-03-30 20:22:45,NONE,9.0
TKT000000750,BKG000000750,PAY000000750,issued,2014-08-01 03:16:57,NONE,8.0
TKT000000751,BKG000000751,PAY000000751,issued,2014-08-28 21:41:46,NONE,11.0
TKT000000752,BKG000000752,PAY000000752,issued,2014-11-06 18:52:10,NONE,39.0
TKT000000753,BKG000000753,PAY000000753,issued,2014-03-17 17:40:39,NONE,14.0
TKT000000754,BKG000000754,PAY000000754,issued,2014-07-31 19:10:29,NONE,17.0
TKT000000755,BKG000000755,PAY000000755,not_issued_payment_failed,,NONE,
TKT000000756,BKG000000756,PAY000000756,issued,2013-03-22 22:55:57,NONE,43.0
TKT000000757,BKG000000757,PAY000000757,issued,2014-08-29 15:33:48,NONE,42.0
TKT000000758,BKG000000758,PAY000000758,issued,2014-06-28 19:07:56,NONE,41.0
TKT000000759,BKG000000759,PAY000000759,issued,2013-12-12 01:20:58,NONE,33.0
TKT000000760,BKG000000760,PAY000000760,issued,2013-03-20 14:51:10,NONE,18.0
TKT000000761,BKG000000761,PAY000000761,issued,2013-07-30 13:59:42,NONE,40.0
TKT000000762,BKG000000762,PAY000000762,issued,2014-02-04 19:52:45,NONE,10.0
TKT000000763,BKG000000763,PAY000000763,issued,2014-03-31 19:38:25,NONE,20.0
TKT000000764,BKG000000764,PAY000000764,issued,2014-07-16 13:02:35,NONE,1114.0
TKT000000765,BKG000000765,PAY000000765,issued,2014-07-24 01:29:15,NONE,21.0
TKT000000766,BKG000000766,PAY000000766,issued,2014-08-21 17:20:55,NONE,34.0
TKT000000767,BKG000000767,PAY000000767,issued,2014-10-04 15:51:52,NONE,16.0
TKT000000768,BKG000000768,PAY000000768,issued,2013-12-31 11:52:44,NONE,33.0
TKT000000769,BKG000000769,PAY000000769,issued,2013-05-23 10:01:58,NONE,25.0
TKT000000770,BKG000000770,PAY000000770,pending,2013-01-10 11:19:00,TICKETING_TIMEOUT,17.0
TKT000000771,BKG000000771,PAY000000771,issued,2014-11-20 19:27:05,NONE,9.0
TKT000000772,BKG000000772,PAY000000772,issued,2014-01-11 09:12:46,NONE,4.0
TKT000000773,BKG000000773,PAY000000773,issued,2014-11-08 13:20:38,NONE,35.0
TKT000000774,BKG000000774,PAY000000774,issued,2014-04-29 13:32:53,NONE,22.0
TKT000000775,BKG000000775,PAY000000775,issued,2014-12-08 14:19:55,NONE,1285.0
TKT000000776,BKG000000776,PAY000000776,failed,2014-09-02 15:08:43,TICKETING_TIMEOUT,3.0
TKT000000777,BKG000000777,PAY000000777,issued,2014-03-13 17:53:29,NONE,11.0
TKT000000778,BKG000000778,PAY000000778,issued,2014-01-17 18:00:50,NONE,36.0
TKT000000779,BKG000000779,PAY000000779,issued,2014-02-15 21:25:38,NONE,34.0
TKT000000780,BKG000000780,PAY000000780,issued,2014-02-14 08:16:04,NONE,11.0
TKT000000781,BKG000000781,PAY000000781,issued,2014-12-09 18:59:14,NONE,14.0
TKT000000782,BKG000000782,PAY000000782,issued,2014-05-23 23:25:12,NONE,37.0
TKT000000783,BKG000000783,PAY000000783,issued,2014-05-12 18:03:37,NONE,13.0
TKT000000784,BKG000000784,PAY000000784,pending,2013-07-19 01:53:36,TICKETING_TIMEOUT,5.0
TKT000000785,BKG000000785,PAY000000785,issued,2014-08-02 12:32:47,NONE,43.0
TKT000000786,BKG000000786,PAY000000786,issued,2014-07-15 01:26:55,NONE,33.0
TKT000000787,BKG000000787,PAY000000787,issued,2014-10-27 20:19:07,NONE,16.0
TKT000000788,BKG000000788,PAY000000788,issued,2013-04-02 22:30:21,NONE,22.0
TKT000000789,BKG000000789,PAY000000789,issued,2013-11-19 01:33:08,NONE,32.0
TKT000000790,BKG000000790,PAY000000790,issued,2014-05-27 18:47:04,NONE,9.0
TKT000000791,BKG000000791,PAY000000791,issued,2013-04-03 09:32:25,NONE,40.0
TKT000000792,BKG000000792,PAY000000792,issued,2013-01-09 15:15:42,NONE,36.0
TKT000000793,BKG000000793,PAY000000793,issued,2013-12-12 03:29:26,NONE,10.0
TKT000000794,BKG000000794,PAY000000794,not_issued_payment_failed,,NONE,
TKT000000795,BKG000000795,PAY000000795,issued,2013-07-09 15:25:54,NONE,20.0
TKT000000796,BKG000000796,PAY000000796,issued,2014-12-16 22:27:25,NONE,29.0
TKT000000797,BKG000000797,PAY000000797,issued,2014-03-09 02:50:42,NONE,12.0
TKT000000798,BKG000000798,PAY000000798,issued,2014-11-17 00:29:54,NONE,20.0
TKT000000799,BKG000000799,PAY000000799,issued,2014-04-05 14:57:58,NONE,22.0
TKT000000800,BKG000000800,PAY000000800,issued,2014-11-13 11:00:19,NONE,40.0
TKT000000801,BKG000000801,PAY000000801,not_issued_payment_failed,,NONE,
TKT000000802,BKG000000802,PAY000000802,issued,2014-09-17 01:40:21,NONE,9.0
TKT000000803,BKG000000803,PAY000000803,issued,2013-10-11 18:15:40,NONE,9.0
TKT000000804,BKG000000804,PAY000000804,issued,2014-04-16 20:40:03,NONE,22.0
TKT000000805,BKG000000805,PAY000000805,issued,2014-04-16 19:56:03,NONE,37.0
TKT000000806,BKG000000806,PAY000000806,issued,2014-08-04 21:35:56,NONE,23.0
TKT000000807,BKG000000807,PAY000000807,issued,2014-09-05 15:06:49,NONE,37.0
TKT000000808,BKG000000808,PAY000000808,issued,2014-08-13 09:13:43,NONE,992.0
TKT000000809,BKG000000809,PAY000000809,issued,2014-05-27 10:30:52,NONE,44.0
TKT000000810,BKG000000810,PAY000000810,pending,2013-02-04 20:20:20,TICKETING_TIMEOUT,36.0
TKT000000811,BKG000000811,PAY000000811,issued,2014-05-23 13:58:27,NONE,38.0
TKT000000812,BKG000000812,PAY000000812,issued,2014-01-26 22:07:32,NONE,12.0
TKT000000813,BKG000000813,PAY000000813,issued,2014-08-20 19:42:36,NONE,40.0
TKT000000814,BKG000000814,PAY000000814,not_issued_payment_failed,,NONE,
TKT000000815,BKG000000815,PAY000000815,issued,2013-03-19 09:42:46,NONE,19.0
TKT000000816,BKG000000816,PAY000000816,issued,2013-12-22 12:12:18,NONE,14.0
TKT000000817,BKG000000817,PAY000000817,issued,2013-08-24 16:33:08,NONE,12.0
TKT000000818,BKG000000818,PAY000000818,issued,2014-03-28 09:53:39,NONE,24.0
TKT000000819,BKG000000819,PAY000000819,not_issued_payment_failed,,NONE,
TKT000000820,BKG000000820,PAY000000820,issued,2014-10-06 16:45:01,NONE,9.0
TKT000000821,BKG000000821,PAY000000821,issued,2014-11-24 21:27:50,NONE,14.0
TKT000000822,BKG000000822,PAY000000822,failed,2014-03-27 02:49:21,AIRLINE_CONFIRMATION_FAILED,27.0
TKT000000823,BKG000000823,PAY000000823,issued,2014-06-16 14:35:33,NONE,18.0
TKT000000824,BKG000000824,PAY000000824,issued,2014-11-07 14:26:44,NONE,39.0
TKT000000825,BKG000000825,PAY000000825,issued,2013-05-09 10:45:50,NONE,3.0
TKT000000826,BKG000000826,PAY000000826,issued,2013-07-14 11:04:15,NONE,40.0
TKT000000827,BKG000000827,PAY000000827,issued,2013-08-16 18:51:28,NONE,14.0
TKT000000828,BKG000000828,PAY000000828,issued,2013-06-08 22:21:01,NONE,42.0
TKT000000829,BKG000000829,PAY000000829,issued,2014-04-23 12:53:16,NONE,42.0
TKT000000830,BKG000000830,PAY000000830,issued,2014-04-01 13:48:00,NONE,4.0
TKT000000831,BKG000000831,PAY000000831,issued,2014-04-30 13:49:23,NONE,28.0
TKT000000832,BKG000000832,PAY000000832,issued,2014-09-22 04:14:58,NONE,18.0
TKT000000833,BKG000000833,PAY000000833,issued,2014-02-21 07:41:05,NONE,41.0
TKT000000834,BKG000000834,PAY000000834,not_issued_payment_failed,,NONE,
TKT000000835,BKG000000835,PAY000000835,issued,2013-01-09 23:46:33,NONE,44.0
TKT000000836,BKG000000836,PAY000000836,issued,2013-08-31 12:42:30,NONE,35.0
TKT000000837,BKG000000837,PAY000000837,issued,2014-12-11 00:56:19,NONE,32.0
TKT000000838,BKG000000838,PAY000000838,issued,2014-06-22 22:50:37,NONE,33.0
TKT000000839,BKG000000839,PAY000000839,issued,2013-10-25 06:51:25,NONE,41.0
TKT000000840,BKG000000840,PAY000000840,issued,2014-10-30 18:19:49,NONE,29.0
TKT000000841,BKG000000841,PAY000000841,pending,2013-09-02 19:32:49,INVENTORY_MISMATCH,45.0
TKT000000842,BKG000000842,PAY000000842,issued,2014-11-11 20:58:39,NONE,26.0
TKT000000843,BKG000000843,PAY000000843,issued,2014-05-29 20:38:47,NONE,13.0
TKT000000844,BKG000000844,PAY000000844,issued,2014-12-19 20:02:57,NONE,31.0
TKT000000845,BKG000000845,PAY000000845,issued,2014-10-28 12:02:27,NONE,11.0
TKT000000846,BKG000000846,PAY000000846,issued,2014-03-20 17:42:04,NONE,11.0
TKT000000847,BKG000000847,PAY000000847,issued,2014-12-13 15:41:17,NONE,9.0
TKT000000848,BKG000000848,PAY000000848,issued,2014-07-18 19:48:18,NONE,28.0
TKT000000849,BKG000000849,PAY000000849,issued,2013-01-24 20:34:57,NONE,1380.0
TKT000000850,BKG000000850,PAY000000850,issued,2014-12-31 06:15:10,NONE,38.0
TKT000000851,BKG000000851,PAY000000851,issued,2013-11-01 02:41:38,NONE,14.0
TKT000000852,BKG000000852,PAY000000852,pending,2013-11-01 02:03:38,SUPPLIER_ERROR,17.0
TKT000000853,BKG000000853,PAY000000853,issued,2014-10-18 22:04:23,NONE,41.0
TKT000000854,BKG000000854,PAY000000854,issued,2014-01-18 19:02:04,NONE,5.0
TKT000000855,BKG000000855,PAY000000855,issued,2014-02-10 14:12:58,NONE,29.0
TKT000000856,BKG000000856,PAY000000856,issued,2013-12-23 15:47:47,NONE,6.0
TKT000000857,BKG000000857,PAY000000857,issued,2013-06-04 13:41:40,NONE,12.0
TKT000000858,BKG000000858,PAY000000858,issued,2014-12-18 18:57:46,NONE,22.0
TKT000000859,BKG000000859,PAY000000859,issued,2014-07-04 17:42:17,NONE,29.0
TKT000000860,BKG000000860,PAY000000860,issued,2013-07-24 17:20:53,NONE,37.0
TKT000000861,BKG000000861,PAY000000861,issued,2013-07-24 17:50:53,NONE,40.0
TKT000000862,BKG000000862,PAY000000862,issued,2013-07-24 16:57:53,NONE,44.0
TKT000000863,BKG000000863,PAY000000863,issued,2014-11-09 17:09:57,NONE,42.0
TKT000000864,BKG000000864,PAY000000864,issued,2013-03-26 01:40:22,NONE,19.0
TKT000000865,BKG000000865,PAY000000865,issued,2014-07-29 18:39:50,NONE,5.0
TKT000000866,BKG000000866,PAY000000866,issued,2014-03-08 14:10:43,NONE,32.0
TKT000000867,BKG000000867,PAY000000867,issued,2014-07-14 22:31:26,NONE,5.0
TKT000000868,BKG000000868,PAY000000868,issued,2013-01-27 09:52:07,NONE,18.0
TKT000000869,BKG000000869,PAY000000869,issued,2013-11-18 06:59:36,NONE,35.0
TKT000000870,BKG000000870,PAY000000870,issued,2014-03-03 19:50:30,NONE,43.0
TKT000000871,BKG000000871,PAY000000871,issued,2014-03-03 17:42:19,NONE,8.0
TKT000000872,BKG000000872,PAY000000872,issued,2013-01-08 01:11:42,NONE,22.0
TKT000000873,BKG000000873,PAY000000873,issued,2013-01-08 01:00:42,NONE,43.0
TKT000000874,BKG000000874,PAY000000874,not_issued_payment_failed,,NONE,
TKT000000875,BKG000000875,PAY000000875,issued,2013-11-21 11:24:36,NONE,3.0
TKT000000876,BKG000000876,PAY000000876,issued,2014-03-19 07:16:37,NONE,1368.0
TKT000000877,BKG000000877,PAY000000877,issued,2014-07-12 00:36:25,NONE,39.0
TKT000000878,BKG000000878,PAY000000878,failed,2014-12-10 19:30:33,AIRLINE_CONFIRMATION_FAILED,34.0
TKT000000879,BKG000000879,PAY000000879,issued,2014-01-12 12:27:28,NONE,14.0
TKT000000880,BKG000000880,PAY000000880,issued,2014-10-14 19:05:04,NONE,533.0
TKT000000881,BKG000000881,PAY000000881,issued,2013-04-21 17:06:48,NONE,7.0
TKT000000882,BKG000000882,PAY000000882,issued,2014-07-01 12:13:46,NONE,20.0
TKT000000883,BKG000000883,PAY000000883,issued,2014-12-27 09:11:53,NONE,36.0
TKT000000884,BKG000000884,PAY000000884,issued,2013-07-02 18:38:20,NONE,43.0
TKT000000885,BKG000000885,PAY000000885,issued,2014-05-09 16:40:18,NONE,35.0
TKT000000886,BKG000000886,PAY000000886,issued,2013-03-30 00:27:57,NONE,35.0
TKT000000887,BKG000000887,PAY000000887,issued,2014-08-10 17:26:58,NONE,9.0
TKT000000888,BKG000000888,PAY000000888,issued,2013-06-10 14:52:01,NONE,23.0
TKT000000889,BKG000000889,PAY000000889,not_issued_payment_failed,,NONE,
TKT000000890,BKG000000890,PAY000000890,issued,2014-03-30 19:26:02,NONE,25.0
TKT000000891,BKG000000891,PAY000000891,issued,2014-07-21 12:07:43,NONE,38.0
TKT000000892,BKG000000892,PAY000000892,issued,2014-07-18 12:09:10,NONE,36.0
TKT000000893,BKG000000893,PAY000000893,issued,2014-02-28 19:00:48,NONE,33.0
TKT000000894,BKG000000894,PAY000000894,not_issued_payment_failed,,NONE,
TKT000000895,BKG000000895,PAY000000895,issued,2013-07-20 06:11:35,NONE,32.0
TKT000000896,BKG000000896,PAY000000896,issued,2014-05-15 14:31:16,NONE,36.0
TKT000000897,BKG000000897,PAY000000897,issued,2014-12-22 19:07:51,NONE,10.0
TKT000000898,BKG000000898,PAY000000898,issued,2014-04-09 23:57:13,NONE,9.0
TKT000000899,BKG000000899,PAY000000899,issued,2014-12-04 01:13:29,NONE,5.0
TKT000000900,BKG000000900,PAY000000900,not_issued_payment_failed,,NONE,
TKT000000901,BKG000000901,PAY000000901,issued,2014-03-02 20:31:45,NONE,18.0
TKT000000902,BKG000000902,PAY000000902,issued,2013-10-25 10:54:27,NONE,36.0
TKT000000903,BKG000000903,PAY000000903,not_issued_payment_failed,,NONE,
TKT000000904,BKG000000904,PAY000000904,issued,2014-02-06 19:35:53,NONE,169.0
TKT000000905,BKG000000905,PAY000000905,issued,2014-11-12 10:41:48,NONE,18.0
TKT000000906,BKG000000906,PAY000000906,not_issued_payment_failed,,NONE,
TKT000000907,BKG000000907,PAY000000907,not_issued_payment_failed,,NONE,
TKT000000908,BKG000000908,PAY000000908,issued,2014-09-09 13:08:48,NONE,9.0
TKT000000909,BKG000000909,PAY000000909,issued,2014-01-20 08:56:41,NONE,21.0
TKT000000910,BKG000000910,PAY000000910,issued,2013-03-17 14:17:55,NONE,39.0
TKT000000911,BKG000000911,PAY000000911,issued,2014-10-31 16:39:12,NONE,21.0
TKT000000912,BKG000000912,PAY000000912,issued,2013-07-27 14:39:56,NONE,28.0
TKT000000913,BKG000000913,PAY000000913,issued,2014-10-27 11:32:28,NONE,30.0
TKT000000914,BKG000000914,PAY000000914,issued,2013-12-08 18:32:04,NONE,6.0
TKT000000915,BKG000000915,PAY000000915,issued,2014-05-02 10:33:15,NONE,24.0
TKT000000916,BKG000000916,PAY000000916,issued,2014-07-15 17:09:01,NONE,25.0
TKT000000917,BKG000000917,PAY000000917,issued,2013-02-09 16:13:01,NONE,30.0
TKT000000918,BKG000000918,PAY000000918,issued,2013-04-29 00:41:25,NONE,42.0
TKT000000919,BKG000000919,PAY000000919,not_issued_payment_failed,,NONE,
TKT000000920,BKG000000920,PAY000000920,issued,2014-12-18 11:44:32,NONE,34.0
TKT000000921,BKG000000921,PAY000000921,issued,2014-07-28 14:53:41,NONE,10.0
TKT000000922,BKG000000922,PAY000000922,issued,2013-07-20 10:54:10,NONE,38.0
TKT000000923,BKG000000923,PAY000000923,issued,2014-04-28 18:46:07,NONE,37.0
TKT000000924,BKG000000924,PAY000000924,issued,2013-01-15 20:34:30,NONE,17.0
TKT000000925,BKG000000925,PAY000000925,issued,2014-07-08 21:05:04,NONE,45.0
TKT000000926,BKG000000926,PAY000000926,issued,2014-08-09 10:19:24,NONE,14.0
TKT000000927,BKG000000927,PAY000000927,issued,2014-04-01 12:19:04,NONE,17.0
TKT000000928,BKG000000928,PAY000000928,issued,2014-03-20 08:39:07,NONE,16.0
TKT000000929,BKG000000929,PAY000000929,issued,2014-10-04 20:18:30,NONE,44.0
TKT000000930,BKG000000930,PAY000000930,issued,2014-09-30 09:16:38,NONE,4.0
TKT000000931,BKG000000931,PAY000000931,issued,2014-08-22 15:46:45,NONE,17.0
TKT000000932,BKG000000932,PAY000000932,issued,2014-04-03 11:48:43,NONE,42.0
TKT000000933,BKG000000933,PAY000000933,issued,2014-06-26 18:33:00,NONE,40.0
TKT000000934,BKG000000934,PAY000000934,issued,2014-03-14 10:25:49,NONE,28.0
TKT000000935,BKG000000935,PAY000000935,issued,2014-08-31 13:13:07,NONE,44.0
TKT000000936,BKG000000936,PAY000000936,issued,2014-11-19 14:30:39,NONE,5.0
TKT000000937,BKG000000937,PAY000000937,issued,2014-01-30 00:37:19,NONE,6.0
TKT000000938,BKG000000938,PAY000000938,issued,2014-08-19 07:23:47,NONE,626.0
TKT000000939,BKG000000939,PAY000000939,issued,2014-01-14 17:33:15,NONE,35.0
TKT000000940,BKG000000940,PAY000000940,failed,2014-07-12 19:20:49,INVENTORY_MISMATCH,17.0
TKT000000941,BKG000000941,PAY000000941,issued,2013-12-17 09:51:29,NONE,36.0
TKT000000942,BKG000000942,PAY000000942,issued,2014-12-25 21:06:51,NONE,15.0
TKT000000943,BKG000000943,PAY000000943,issued,2014-04-17 22:17:11,NONE,9.0
TKT000000944,BKG000000944,PAY000000944,issued,2013-08-14 22:11:37,NONE,17.0
TKT000000945,BKG000000945,PAY000000945,issued,2013-11-29 20:48:57,NONE,30.0
TKT000000946,BKG000000946,PAY000000946,issued,2014-07-09 19:03:50,NONE,34.0
TKT000000947,BKG000000947,PAY000000947,issued,2014-07-05 17:23:23,NONE,18.0
TKT000000948,BKG000000948,PAY000000948,pending,2014-12-12 13:02:42,TICKETING_TIMEOUT,35.0
TKT000000949,BKG000000949,PAY000000949,issued,2014-12-25 09:07:35,NONE,44.0
TKT000000950,BKG000000950,PAY000000950,issued,2014-11-21 11:29:51,NONE,10.0
TKT000000951,BKG000000951,PAY000000951,issued,2014-11-16 14:37:35,NONE,31.0
TKT000000952,BKG000000952,PAY000000952,issued,2013-01-31 11:22:45,NONE,33.0
TKT000000953,BKG000000953,PAY000000953,issued,2014-08-14 22:51:50,NONE,12.0
TKT000000954,BKG000000954,PAY000000954,failed,2013-01-09 08:11:14,SUPPLIER_ERROR,17.0
TKT000000955,BKG000000955,PAY000000955,issued,2014-12-07 23:44:08,NONE,39.0
TKT000000956,BKG000000956,PAY000000956,issued,2014-11-20 12:54:27,NONE,7.0
TKT000000957,BKG000000957,PAY000000957,issued,2014-10-03 11:14:02,NONE,29.0
TKT000000958,BKG000000958,PAY000000958,issued,2014-11-07 12:30:29,NONE,44.0
TKT000000959,BKG000000959,PAY000000959,issued,2014-08-16 13:49:42,NONE,8.0
TKT000000960,BKG000000960,PAY000000960,failed,2013-04-02 13:17:14,SUPPLIER_ERROR,6.0
TKT000000961,BKG000000961,PAY000000961,issued,2013-08-13 08:00:40,NONE,13.0
TKT000000962,BKG000000962,PAY000000962,issued,2014-05-06 23:36:03,NONE,722.0
TKT000000963,BKG000000963,PAY000000963,issued,2014-04-04 21:08:43,NONE,39.0
TKT000000964,BKG000000964,PAY000000964,issued,2013-09-25 04:42:45,NONE,39.0
TKT000000965,BKG000000965,PAY000000965,not_issued_payment_failed,,NONE,
TKT000000966,BKG000000966,PAY000000966,issued,2014-07-23 15:14:56,NONE,21.0
TKT000000967,BKG000000967,PAY000000967,pending,2013-09-26 19:43:56,INVENTORY_MISMATCH,31.0
TKT000000968,BKG000000968,PAY000000968,issued,2014-05-04 12:36:10,NONE,40.0
TKT000000969,BKG000000969,PAY000000969,issued,2014-05-20 15:47:36,NONE,21.0
TKT000000970,BKG000000970,PAY000000970,issued,2014-10-19 01:48:49,NONE,13.0
TKT000000971,BKG000000971,PAY000000971,issued,2014-11-06 16:35:41,NONE,9.0
TKT000000972,BKG000000972,PAY000000972,issued,2014-05-09 14:02:11,NONE,8.0
TKT000000973,BKG000000973,PAY000000973,issued,2014-02-23 23:39:44,NONE,35.0
TKT000000974,BKG000000974,PAY000000974,issued,2014-10-27 14:55:37,NONE,22.0
TKT000000975,BKG000000975,PAY000000975,issued,2014-06-26 10:22:53,NONE,22.0
TKT000000976,BKG000000976,PAY000000976,issued,2013-09-26 12:57:27,NONE,40.0
TKT000000977,BKG000000977,PAY000000977,issued,2014-01-22 19:40:52,NONE,13.0
TKT000000978,BKG000000978,PAY000000978,not_issued_payment_failed,,NONE,
TKT000000979,BKG000000979,PAY000000979,issued,2014-08-30 10:00:56,NONE,39.0
TKT000000980,BKG000000980,PAY000000980,issued,2014-11-28 22:53:39,NONE,23.0
TKT000000981,BKG000000981,PAY000000981,issued,2014-03-03 18:10:14,NONE,3.0
TKT000000982,BKG000000982,PAY000000982,issued,2014-10-08 12:33:42,NONE,39.0
TKT000000983,BKG000000983,PAY000000983,issued,2014-03-09 10:41:21,NONE,32.0
TKT000000984,BKG000000984,PAY000000984,not_issued_payment_failed,,NONE,
TKT000000985,BKG000000985,PAY000000985,not_issued_payment_failed,,NONE,
TKT000000986,BKG000000986,PAY000000986,issued,2014-12-21 14:23:03,NONE,4.0
TKT000000987,BKG000000987,PAY000000987,issued,2013-07-29 15:32:14,NONE,38.0
TKT000000988,BKG000000988,PAY000000988,issued,2014-09-11 22:45:24,NONE,17.0
TKT000000989,BKG000000989,PAY000000989,issued,2013-07-30 21:53:20,NONE,37.0
TKT000000990,BKG000000990,PAY000000990,not_issued_payment_failed,,NONE,
TKT000000991,BKG000000991,PAY000000991,issued,2014-07-23 18:00:42,NONE,19.0
TKT000000992,BKG000000992,PAY000000992,issued,2014-09-25 02:03:54,NONE,778.0
TKT000000993,BKG000000993,PAY000000993,issued,2013-10-12 22:55:57,NONE,16.0
TKT000000994,BKG000000994,PAY000000994,issued,2014-11-24 19:56:35,NONE,29.0
TKT000000995,BKG000000995,PAY000000995,not_issued_payment_failed,,NONE,
TKT000000996,BKG000000996,PAY000000996,issued,2014-11-05 12:37:27,NONE,32.0
TKT000000997,BKG000000997,PAY000000997,issued,2013-09-01 18:05:50,NONE,38.0
TKT000000998,BKG000000998,PAY000000998,issued,2014-06-02 17:39:06,NONE,9.0
TKT000000999,BKG000000999,PAY000000999,issued,2013-06-12 01:27:34,NONE,15.0
TKT000001000,BKG000001000,PAY000001000,not_issued_payment_failed,,NONE,
TKT000001001,BKG000001001,PAY000001001,issued,2013-04-29 22:00:59,NONE,31.0
TKT000001002,BKG000001002,PAY000001002,issued,2014-09-29 14:44:54,NONE,13.0
TKT000001003,BKG000001003,PAY000001003,issued,2013-08-24 19:32:15,NONE,6.0
TKT000001004,BKG000001004,PAY000001004,issued,2013-05-04 12:19:58,NONE,9.0
TKT000001005,BKG000001005,PAY000001005,issued,2014-12-15 19:12:37,NONE,15.0
TKT000001006,BKG000001006,PAY000001006,issued,2014-09-16 00:40:59,NONE,33.0
TKT000001007,BKG000001007,PAY000001007,issued,2013-08-25 14:18:48,NONE,14.0
TKT000001008,BKG000001008,PAY000001008,issued,2014-08-09 01:08:54,NONE,3.0
TKT000001009,BKG000001009,PAY000001009,issued,2014-05-04 14:32:08,NONE,23.0
TKT000001010,BKG000001010,PAY000001010,issued,2014-08-12 07:07:24,NONE,36.0
TKT000001011,BKG000001011,PAY000001011,issued,2014-12-23 14:28:44,NONE,3.0
TKT000001012,BKG000001012,PAY000001012,issued,2014-07-18 17:43:22,NONE,16.0
TKT000001013,BKG000001013,PAY000001013,issued,2014-09-29 13:35:28,NONE,7.0
TKT000001014,BKG000001014,PAY000001014,issued,2014-02-17 08:28:25,NONE,36.0
TKT000001015,BKG000001015,PAY000001015,issued,2014-01-30 22:38:20,NONE,3.0
TKT000001016,BKG000001016,PAY000001016,issued,2014-08-21 13:18:00,NONE,32.0
TKT000001017,BKG000001017,PAY000001017,issued,2014-10-15 11:52:16,NONE,38.0
TKT000001018,BKG000001018,PAY000001018,issued,2014-06-21 23:03:24,NONE,21.0
TKT000001019,BKG000001019,PAY000001019,not_issued_payment_failed,,NONE,
TKT000001020,BKG000001020,PAY000001020,issued,2013-06-29 14:31:13,NONE,7.0
TKT000001021,BKG000001021,PAY000001021,issued,2013-08-21 20:52:14,NONE,31.0
TKT000001022,BKG000001022,PAY000001022,issued,2013-02-02 15:01:59,NONE,40.0
TKT000001023,BKG000001023,PAY000001023,issued,2014-12-09 20:22:25,NONE,15.0
TKT000001024,BKG000001024,PAY000001024,issued,2013-12-31 11:18:59,NONE,8.0
TKT000001025,BKG000001025,PAY000001025,issued,2013-12-20 03:42:18,NONE,7.0
TKT000001026,BKG000001026,PAY000001026,issued,2014-03-14 15:08:42,NONE,12.0
TKT000001027,BKG000001027,PAY000001027,issued,2013-02-08 09:02:05,NONE,22.0
TKT000001028,BKG000001028,PAY000001028,issued,2014-08-25 23:54:13,NONE,9.0
TKT000001029,BKG000001029,PAY000001029,issued,2014-08-20 15:30:43,NONE,21.0
TKT000001030,BKG000001030,PAY000001030,issued,2013-02-26 17:42:16,NONE,26.0
TKT000001031,BKG000001031,PAY000001031,issued,2013-06-29 08:52:11,NONE,17.0
TKT000001032,BKG000001032,PAY000001032,issued,2014-06-01 04:33:31,NONE,9.0
TKT000001033,BKG000001033,PAY000001033,issued,2013-12-29 09:35:02,NONE,23.0
TKT000001034,BKG000001034,PAY000001034,pending,2014-12-30 00:05:35,AIRLINE_CONFIRMATION_FAILED,18.0
TKT000001035,BKG000001035,PAY000001035,not_issued_payment_failed,,NONE,
TKT000001036,BKG000001036,PAY000001036,issued,2014-01-14 07:00:52,NONE,38.0
TKT000001037,BKG000001037,PAY000001037,pending,2014-05-31 19:24:15,INVENTORY_MISMATCH,32.0
TKT000001038,BKG000001038,PAY000001038,issued,2014-10-16 09:54:57,NONE,14.0
TKT000001039,BKG000001039,PAY000001039,issued,2014-11-21 21:36:03,NONE,8.0
TKT000001040,BKG000001040,PAY000001040,issued,2013-04-28 17:56:41,NONE,25.0
TKT000001041,BKG000001041,PAY000001041,issued,2014-03-27 23:09:45,NONE,18.0
TKT000001042,BKG000001042,PAY000001042,issued,2013-07-15 15:53:02,NONE,34.0
TKT000001043,BKG000001043,PAY000001043,issued,2014-12-07 18:00:01,NONE,42.0
TKT000001044,BKG000001044,PAY000001044,issued,2014-12-10 14:11:40,NONE,26.0
TKT000001045,BKG000001045,PAY000001045,issued,2013-02-10 09:29:08,NONE,10.0
TKT000001046,BKG000001046,PAY000001046,issued,2014-09-03 22:18:37,NONE,10.0
TKT000001047,BKG000001047,PAY000001047,issued,2013-11-18 12:57:13,NONE,15.0
TKT000001048,BKG000001048,PAY000001048,issued,2013-04-11 10:00:27,NONE,14.0
TKT000001049,BKG000001049,PAY000001049,issued,2014-01-11 21:33:01,NONE,40.0
TKT000001050,BKG000001050,PAY000001050,issued,2014-03-17 08:12:06,NONE,3.0
TKT000001051,BKG000001051,PAY000001051,issued,2014-01-02 12:44:10,NONE,30.0
TKT000001052,BKG000001052,PAY000001052,issued,2014-10-17 16:55:25,NONE,26.0
TKT000001053,BKG000001053,PAY000001053,issued,2013-08-10 11:38:36,NONE,45.0
TKT000001054,BKG000001054,PAY000001054,issued,2014-05-27 19:29:48,NONE,29.0
TKT000001055,BKG000001055,PAY000001055,issued,2014-10-17 13:21:59,NONE,27.0
TKT000001056,BKG000001056,PAY000001056,issued,2014-05-12 18:58:06,NONE,11.0
TKT000001057,BKG000001057,PAY000001057,issued,2014-10-17 00:13:55,NONE,41.0
TKT000001058,BKG000001058,PAY000001058,issued,2014-08-20 17:31:10,NONE,9.0
TKT000001059,BKG000001059,PAY000001059,issued,2014-12-22 15:46:50,NONE,14.0
TKT000001060,BKG000001060,PAY000001060,issued,2013-08-14 20:55:38,NONE,43.0
TKT000001061,BKG000001061,PAY000001061,issued,2014-09-17 07:07:40,NONE,17.0
TKT000001062,BKG000001062,PAY000001062,issued,2014-08-22 14:14:13,NONE,3.0
TKT000001063,BKG000001063,PAY000001063,not_issued_payment_failed,,NONE,
TKT000001064,BKG000001064,PAY000001064,issued,2014-01-21 14:18:07,NONE,19.0
TKT000001065,BKG000001065,PAY000001065,issued,2013-01-25 02:52:48,NONE,25.0
TKT000001066,BKG000001066,PAY000001066,issued,2013-07-02 11:37:22,NONE,5.0
TKT000001067,BKG000001067,PAY000001067,issued,2014-03-28 22:05:54,NONE,26.0
TKT000001068,BKG000001068,PAY000001068,issued,2014-08-14 14:49:21,NONE,21.0
TKT000001069,BKG000001069,PAY000001069,not_issued_payment_failed,,NONE,
TKT000001070,BKG000001070,PAY000001070,issued,2014-08-13 20:44:28,NONE,34.0
TKT000001071,BKG000001071,PAY000001071,pending,2014-07-23 22:20:21,AIRLINE_CONFIRMATION_FAILED,39.0
TKT000001072,BKG000001072,PAY000001072,issued,2014-06-16 18:04:03,NONE,12.0
TKT000001073,BKG000001073,PAY000001073,issued,2014-03-02 13:00:50,NONE,25.0
TKT000001074,BKG000001074,PAY000001074,not_issued_payment_failed,,NONE,
TKT000001075,BKG000001075,PAY000001075,issued,2013-08-05 18:43:15,NONE,40.0
TKT000001076,BKG000001076,PAY000001076,issued,2014-03-12 09:10:59,NONE,10.0
TKT000001077,BKG000001077,PAY000001077,issued,2014-09-18 09:47:14,NONE,3.0
TKT000001078,BKG000001078,PAY000001078,issued,2014-12-23 11:12:38,NONE,26.0
TKT000001079,BKG000001079,PAY000001079,not_issued_payment_failed,,NONE,
TKT000001080,BKG000001080,PAY000001080,not_issued_payment_failed,,NONE,
TKT000001081,BKG000001081,PAY000001081,issued,2014-09-16 22:26:36,NONE,24.0
TKT000001082,BKG000001082,PAY000001082,issued,2013-06-10 23:52:02,NONE,6.0
TKT000001083,BKG000001083,PAY000001083,issued,2013-09-25 18:21:32,NONE,22.0
TKT000001084,BKG000001084,PAY000001084,issued,2014-03-12 10:42:13,NONE,42.0
TKT000001085,BKG000001085,PAY000001085,issued,2013-09-23 09:00:36,NONE,5.0
TKT000001086,BKG000001086,PAY000001086,issued,2013-07-12 08:24:06,NONE,11.0
TKT000001087,BKG000001087,PAY000001087,issued,2014-08-28 18:50:02,NONE,40.0
TKT000001088,BKG000001088,PAY000001088,issued,2014-06-10 21:27:04,NONE,28.0
TKT000001089,BKG000001089,PAY000001089,issued,2013-01-07 13:54:48,NONE,3.0
TKT000001090,BKG000001090,PAY000001090,issued,2014-06-22 19:14:47,NONE,6.0
TKT000001091,BKG000001091,PAY000001091,issued,2014-05-13 00:30:24,NONE,22.0
TKT000001092,BKG000001092,PAY000001092,issued,2014-01-05 18:22:48,NONE,27.0
TKT000001093,BKG000001093,PAY000001093,issued,2014-11-20 12:03:42,NONE,30.0
TKT000001094,BKG000001094,PAY000001094,issued,2014-04-15 13:45:53,NONE,9.0
TKT000001095,BKG000001095,PAY000001095,issued,2013-11-27 10:52:17,NONE,14.0
TKT000001096,BKG000001096,PAY000001096,issued,2013-09-14 11:02:51,NONE,1075.0
TKT000001097,BKG000001097,PAY000001097,issued,2014-09-26 20:46:47,NONE,15.0
TKT000001098,BKG000001098,PAY000001098,not_issued_payment_failed,,NONE,
TKT000001099,BKG000001099,PAY000001099,issued,2013-09-19 15:27:44,NONE,18.0
TKT000001100,BKG000001100,PAY000001100,issued,2014-05-01 23:04:29,NONE,6.0
TKT000001101,BKG000001101,PAY000001101,issued,2014-08-17 14:03:27,NONE,38.0
TKT000001102,BKG000001102,PAY000001102,issued,2014-08-26 10:57:55,NONE,17.0
TKT000001103,BKG000001103,PAY000001103,issued,2014-04-02 10:35:45,NONE,27.0
TKT000001104,BKG000001104,PAY000001104,failed,2014-11-04 09:14:53,SUPPLIER_ERROR,10.0
TKT000001105,BKG000001105,PAY000001105,issued,2014-01-13 14:18:33,NONE,9.0
TKT000001106,BKG000001106,PAY000001106,issued,2014-11-25 19:14:55,NONE,15.0
TKT000001107,BKG000001107,PAY000001107,issued,2013-05-24 02:55:28,NONE,11.0
TKT000001108,BKG000001108,PAY000001108,issued,2013-07-01 16:39:40,NONE,13.0
TKT000001109,BKG000001109,PAY000001109,issued,2013-12-11 21:29:48,NONE,25.0
TKT000001110,BKG000001110,PAY000001110,issued,2014-01-08 19:25:25,NONE,15.0
TKT000001111,BKG000001111,PAY000001111,issued,2014-08-12 18:38:44,NONE,6.0
TKT000001112,BKG000001112,PAY000001112,issued,2013-08-15 17:05:11,NONE,16.0
TKT000001113,BKG000001113,PAY000001113,issued,2014-07-10 22:28:12,NONE,13.0
TKT000001114,BKG000001114,PAY000001114,not_issued_payment_failed,,NONE,
TKT000001115,BKG000001115,PAY000001115,issued,2013-11-01 17:34:25,NONE,42.0
TKT000001116,BKG000001116,PAY000001116,issued,2014-05-31 23:24:16,NONE,20.0
TKT000001117,BKG000001117,PAY000001117,issued,2013-02-26 21:24:13,NONE,27.0
TKT000001118,BKG000001118,PAY000001118,issued,2013-12-19 02:29:59,NONE,24.0
TKT000001119,BKG000001119,PAY000001119,issued,2014-12-08 04:08:24,NONE,12.0
TKT000001120,BKG000001120,PAY000001120,not_issued_payment_failed,,NONE,
TKT000001121,BKG000001121,PAY000001121,issued,2013-04-12 11:25:51,NONE,37.0
TKT000001122,BKG000001122,PAY000001122,issued,2014-07-18 20:39:44,NONE,12.0
TKT000001123,BKG000001123,PAY000001123,issued,2014-09-22 09:15:36,NONE,43.0
TKT000001124,BKG000001124,PAY000001124,issued,2013-03-06 18:57:41,NONE,30.0
TKT000001125,BKG000001125,PAY000001125,issued,2014-10-08 17:33:32,NONE,9.0
TKT000001126,BKG000001126,PAY000001126,issued,2013-02-17 16:40:56,NONE,13.0
TKT000001127,BKG000001127,PAY000001127,issued,2013-08-14 23:09:30,NONE,21.0
TKT000001128,BKG000001128,PAY000001128,issued,2014-04-12 21:25:02,NONE,24.0
TKT000001129,BKG000001129,PAY000001129,issued,2013-01-28 13:27:54,NONE,39.0
TKT000001130,BKG000001130,PAY000001130,issued,2014-10-09 21:31:16,NONE,21.0
TKT000001131,BKG000001131,PAY000001131,not_issued_payment_failed,,NONE,
TKT000001132,BKG000001132,PAY000001132,issued,2013-12-02 13:06:28,NONE,19.0
TKT000001133,BKG000001133,PAY000001133,issued,2014-05-09 01:45:23,NONE,34.0
TKT000001134,BKG000001134,PAY000001134,issued,2014-11-04 22:04:00,NONE,30.0
TKT000001135,BKG000001135,PAY000001135,issued,2014-09-24 18:15:42,NONE,34.0
TKT000001136,BKG000001136,PAY000001136,issued,2014-05-02 00:24:22,NONE,34.0
TKT000001137,BKG000001137,PAY000001137,issued,2014-10-09 09:55:22,NONE,1213.0
TKT000001138,BKG000001138,PAY000001138,issued,2014-10-24 18:27:52,NONE,31.0
TKT000001139,BKG000001139,PAY000001139,issued,2013-04-19 10:49:10,NONE,9.0
TKT000001140,BKG000001140,PAY000001140,issued,2013-09-01 00:38:56,NONE,4.0
TKT000001141,BKG000001141,PAY000001141,not_issued_payment_failed,,NONE,
TKT000001142,BKG000001142,PAY000001142,issued,2014-07-21 23:12:18,NONE,19.0
TKT000001143,BKG000001143,PAY000001143,failed,2013-04-07 21:46:45,SUPPLIER_ERROR,29.0
TKT000001144,BKG000001144,PAY000001144,issued,2014-09-30 00:23:30,NONE,35.0
TKT000001145,BKG000001145,PAY000001145,issued,2014-07-22 17:24:21,NONE,8.0
TKT000001146,BKG000001146,PAY000001146,not_issued_payment_failed,,NONE,
TKT000001147,BKG000001147,PAY000001147,issued,2014-02-10 10:42:50,NONE,34.0
TKT000001148,BKG000001148,PAY000001148,issued,2014-03-10 13:24:36,NONE,25.0
TKT000001149,BKG000001149,PAY000001149,issued,2014-06-13 18:50:00,NONE,5.0
TKT000001150,BKG000001150,PAY000001150,failed,2014-07-27 18:53:11,AIRLINE_CONFIRMATION_FAILED,26.0
TKT000001151,BKG000001151,PAY000001151,issued,2014-05-03 18:26:55,NONE,16.0
TKT000001152,BKG000001152,PAY000001152,issued,2014-10-02 17:45:55,NONE,38.0
TKT000001153,BKG000001153,PAY000001153,not_issued_payment_failed,,NONE,
TKT000001154,BKG000001154,PAY000001154,issued,2014-06-08 00:59:34,NONE,21.0
TKT000001155,BKG000001155,PAY000001155,issued,2013-04-27 15:03:45,NONE,27.0
TKT000001156,BKG000001156,PAY000001156,issued,2014-12-15 21:12:08,NONE,20.0
TKT000001157,BKG000001157,PAY000001157,pending,2014-10-07 17:31:20,AIRLINE_CONFIRMATION_FAILED,18.0
TKT000001158,BKG000001158,PAY000001158,issued,2013-09-17 18:30:56,NONE,21.0
TKT000001159,BKG000001159,PAY000001159,not_issued_payment_failed,,NONE,
TKT000001160,BKG000001160,PAY000001160,issued,2014-11-19 23:10:20,NONE,27.0
TKT000001161,BKG000001161,PAY000001161,issued,2014-08-30 19:25:41,NONE,26.0
TKT000001162,BKG000001162,PAY000001162,issued,2014-08-03 21:07:10,NONE,6.0
TKT000001163,BKG000001163,PAY000001163,issued,2014-12-18 06:07:52,NONE,568.0
TKT000001164,BKG000001164,PAY000001164,issued,2014-12-31 07:31:01,NONE,17.0
TKT000001165,BKG000001165,PAY000001165,issued,2014-05-16 09:02:35,NONE,4.0
TKT000001166,BKG000001166,PAY000001166,issued,2013-08-14 17:54:39,NONE,21.0
TKT000001167,BKG000001167,PAY000001167,issued,2013-05-21 15:28:59,NONE,39.0
TKT000001168,BKG000001168,PAY000001168,issued,2014-01-30 12:18:48,NONE,23.0
TKT000001169,BKG000001169,PAY000001169,issued,2013-11-10 11:26:54,NONE,6.0
TKT000001170,BKG000001170,PAY000001170,issued,2014-10-24 07:31:06,NONE,16.0
TKT000001171,BKG000001171,PAY000001171,issued,2014-01-13 12:04:39,NONE,17.0
TKT000001172,BKG000001172,PAY000001172,failed,2014-09-08 15:06:01,TICKETING_TIMEOUT,33.0
TKT000001173,BKG000001173,PAY000001173,issued,2014-10-06 21:06:52,NONE,14.0
TKT000001174,BKG000001174,PAY000001174,not_issued_payment_failed,,NONE,
TKT000001175,BKG000001175,PAY000001175,issued,2014-02-01 12:53:16,NONE,29.0
TKT000001176,BKG000001176,PAY000001176,issued,2013-04-28 21:05:30,NONE,14.0
TKT000001177,BKG000001177,PAY000001177,issued,2014-06-24 14:59:17,NONE,34.0
TKT000001178,BKG000001178,PAY000001178,issued,2014-12-08 23:05:58,NONE,746.0
TKT000001179,BKG000001179,PAY000001179,issued,2013-04-25 00:39:07,NONE,18.0
TKT000001180,BKG000001180,PAY000001180,issued,2014-02-11 09:11:56,NONE,32.0
TKT000001181,BKG000001181,PAY000001181,issued,2013-01-28 10:40:25,NONE,42.0
TKT000001182,BKG000001182,PAY000001182,issued,2014-02-15 23:05:59,NONE,37.0
TKT000001183,BKG000001183,PAY000001183,issued,2014-08-31 12:40:18,NONE,22.0
TKT000001184,BKG000001184,PAY000001184,issued,2014-08-05 06:39:33,NONE,5.0
TKT000001185,BKG000001185,PAY000001185,issued,2013-07-29 23:08:52,NONE,34.0
TKT000001186,BKG000001186,PAY000001186,issued,2014-08-15 08:05:46,NONE,33.0
TKT000001187,BKG000001187,PAY000001187,issued,2014-03-18 16:13:54,NONE,44.0
TKT000001188,BKG000001188,PAY000001188,issued,2013-12-06 18:19:59,NONE,15.0
TKT000001189,BKG000001189,PAY000001189,issued,2014-08-25 14:00:25,NONE,31.0
TKT000001190,BKG000001190,PAY000001190,issued,2014-11-05 10:04:47,NONE,1061.0
TKT000001191,BKG000001191,PAY000001191,issued,2014-08-20 20:35:42,NONE,5.0
TKT000001192,BKG000001192,PAY000001192,issued,2013-11-11 02:48:06,NONE,9.0
TKT000001193,BKG000001193,PAY000001193,issued,2014-06-12 16:41:28,NONE,22.0
TKT000001194,BKG000001194,PAY000001194,issued,2014-02-19 10:31:41,NONE,12.0
TKT000001195,BKG000001195,PAY000001195,issued,2014-06-27 21:15:07,NONE,26.0
TKT000001196,BKG000001196,PAY000001196,issued,2014-06-10 11:48:44,NONE,15.0
TKT000001197,BKG000001197,PAY000001197,not_issued_payment_failed,,NONE,
TKT000001198,BKG000001198,PAY000001198,issued,2014-01-24 18:53:41,NONE,1392.0
TKT000001199,BKG000001199,PAY000001199,issued,2014-02-14 12:00:03,NONE,1040.0
TKT000001200,BKG000001200,PAY000001200,issued,2014-11-21 14:46:29,NONE,20.0
TKT000001201,BKG000001201,PAY000001201,issued,2014-11-05 08:05:47,NONE,24.0
TKT000001202,BKG000001202,PAY000001202,issued,2014-08-02 13:23:00,NONE,41.0
TKT000001203,BKG000001203,PAY000001203,issued,2014-12-24 13:34:38,NONE,12.0
TKT000001204,BKG000001204,PAY000001204,not_issued_payment_failed,,NONE,
TKT000001205,BKG000001205,PAY000001205,issued,2014-04-25 21:29:01,NONE,4.0
TKT000001206,BKG000001206,PAY000001206,issued,2013-09-23 17:47:25,NONE,27.0
TKT000001207,BKG000001207,PAY000001207,issued,2014-05-10 00:38:14,NONE,20.0
TKT000001208,BKG000001208,PAY000001208,not_issued_payment_failed,,NONE,
TKT000001209,BKG000001209,PAY000001209,issued,2014-10-20 13:42:02,NONE,31.0
TKT000001210,BKG000001210,PAY000001210,issued,2014-02-06 18:10:51,NONE,38.0
TKT000001211,BKG000001211,PAY000001211,issued,2014-09-14 14:02:16,NONE,17.0
TKT000001212,BKG000001212,PAY000001212,issued,2013-11-26 13:18:53,NONE,43.0
TKT000001213,BKG000001213,PAY000001213,issued,2014-12-17 23:46:15,NONE,35.0
TKT000001214,BKG000001214,PAY000001214,issued,2014-12-08 15:23:53,NONE,21.0
TKT000001215,BKG000001215,PAY000001215,not_issued_payment_failed,,NONE,
TKT000001216,BKG000001216,PAY000001216,issued,2013-07-25 10:46:45,NONE,24.0
TKT000001217,BKG000001217,PAY000001217,not_issued_payment_failed,,NONE,
TKT000001218,BKG000001218,PAY000001218,issued,2014-02-11 01:15:20,NONE,13.0
TKT000001219,BKG000001219,PAY000001219,issued,2013-09-02 17:38:36,NONE,9.0
TKT000001220,BKG000001220,PAY000001220,issued,2013-11-30 05:45:05,NONE,33.0
TKT000001221,BKG000001221,PAY000001221,issued,2014-05-18 07:42:14,NONE,11.0
TKT000001222,BKG000001222,PAY000001222,issued,2013-09-23 14:44:01,NONE,8.0
TKT000001223,BKG000001223,PAY000001223,issued,2014-12-15 13:00:37,NONE,44.0
TKT000001224,BKG000001224,PAY000001224,issued,2014-11-26 00:22:50,NONE,34.0
TKT000001225,BKG000001225,PAY000001225,issued,2014-06-13 15:26:46,NONE,11.0
TKT000001226,BKG000001226,PAY000001226,issued,2014-10-08 20:45:01,NONE,19.0
TKT000001227,BKG000001227,PAY000001227,issued,2013-08-12 14:59:01,NONE,16.0
TKT000001228,BKG000001228,PAY000001228,issued,2014-12-04 22:21:51,NONE,9.0
TKT000001229,BKG000001229,PAY000001229,issued,2014-07-03 09:29:13,NONE,12.0
TKT000001230,BKG000001230,PAY000001230,issued,2013-03-31 14:00:02,NONE,1227.0
TKT000001231,BKG000001231,PAY000001231,issued,2013-01-22 22:57:26,NONE,28.0
TKT000001232,BKG000001232,PAY000001232,issued,2014-06-24 16:38:54,NONE,32.0
TKT000001233,BKG000001233,PAY000001233,issued,2013-03-05 22:44:42,NONE,40.0
TKT000001234,BKG000001234,PAY000001234,failed,2014-06-06 00:43:00,SUPPLIER_ERROR,17.0
TKT000001235,BKG000001235,PAY000001235,issued,2014-04-24 14:06:25,NONE,33.0
TKT000001236,BKG000001236,PAY000001236,issued,2013-04-06 11:39:47,NONE,14.0
TKT000001237,BKG000001237,PAY000001237,issued,2013-04-06 11:21:47,NONE,21.0
TKT000001238,BKG000001238,PAY000001238,issued,2013-05-20 19:11:03,NONE,3.0
TKT000001239,BKG000001239,PAY000001239,pending,2014-02-13 00:40:18,AIRLINE_CONFIRMATION_FAILED,38.0
TKT000001240,BKG000001240,PAY000001240,issued,2013-01-17 03:34:57,NONE,511.0
TKT000001241,BKG000001241,PAY000001241,issued,2014-09-08 18:49:35,NONE,45.0
TKT000001242,BKG000001242,PAY000001242,issued,2013-02-25 12:38:41,NONE,15.0
TKT000001243,BKG000001243,PAY000001243,issued,2014-11-23 17:44:05,NONE,14.0
TKT000001244,BKG000001244,PAY000001244,issued,2014-11-24 21:19:21,NONE,40.0
TKT000001245,BKG000001245,PAY000001245,issued,2014-11-25 18:57:17,NONE,44.0
TKT000001246,BKG000001246,PAY000001246,issued,2014-02-21 02:56:56,NONE,4.0
TKT000001247,BKG000001247,PAY000001247,issued,2013-04-14 09:49:34,NONE,35.0
TKT000001248,BKG000001248,PAY000001248,issued,2014-09-07 14:17:47,NONE,30.0
TKT000001249,BKG000001249,PAY000001249,issued,2013-12-19 19:21:57,NONE,35.0
TKT000001250,BKG000001250,PAY000001250,issued,2013-11-18 20:20:01,NONE,4.0
TKT000001251,BKG000001251,PAY000001251,issued,2014-11-22 09:16:29,NONE,25.0
TKT000001252,BKG000001252,PAY000001252,issued,2013-03-03 15:52:48,NONE,9.0
TKT000001253,BKG000001253,PAY000001253,issued,2014-01-26 02:15:33,NONE,9.0
TKT000001254,BKG000001254,PAY000001254,issued,2014-05-01 10:51:43,NONE,16.0
TKT000001255,BKG000001255,PAY000001255,issued,2014-08-18 04:20:46,NONE,32.0
TKT000001256,BKG000001256,PAY000001256,not_issued_payment_failed,,NONE,
TKT000001257,BKG000001257,PAY000001257,issued,2014-09-18 08:25:54,NONE,27.0
TKT000001258,BKG000001258,PAY000001258,issued,2014-01-08 19:15:17,NONE,24.0
TKT000001259,BKG000001259,PAY000001259,issued,2013-12-02 05:43:45,NONE,9.0
TKT000001260,BKG000001260,PAY000001260,issued,2014-03-11 20:50:05,NONE,25.0
TKT000001261,BKG000001261,PAY000001261,pending,2014-09-15 18:29:55,INVENTORY_MISMATCH,28.0
TKT000001262,BKG000001262,PAY000001262,issued,2013-05-13 09:24:18,NONE,4.0
TKT000001263,BKG000001263,PAY000001263,issued,2013-08-28 15:35:54,NONE,14.0
TKT000001264,BKG000001264,PAY000001264,issued,2013-12-19 16:36:27,NONE,3.0
TKT000001265,BKG000001265,PAY000001265,issued,2013-09-02 12:58:30,NONE,19.0
TKT000001266,BKG000001266,PAY000001266,issued,2014-05-28 12:01:53,NONE,740.0
TKT000001267,BKG000001267,PAY000001267,issued,2014-06-04 14:53:34,NONE,23.0
TKT000001268,BKG000001268,PAY000001268,issued,2014-05-29 02:09:56,NONE,21.0
TKT000001269,BKG000001269,PAY000001269,issued,2014-01-19 19:43:02,NONE,10.0
TKT000001270,BKG000001270,PAY000001270,not_issued_payment_failed,,NONE,
TKT000001271,BKG000001271,PAY000001271,not_issued_payment_failed,,NONE,
TKT000001272,BKG000001272,PAY000001272,issued,2013-04-05 02:37:47,NONE,19.0
TKT000001273,BKG000001273,PAY000001273,issued,2014-05-23 08:26:35,NONE,23.0
TKT000001274,BKG000001274,PAY000001274,not_issued_payment_failed,,NONE,
TKT000001275,BKG000001275,PAY000001275,issued,2013-08-01 20:04:17,NONE,17.0
TKT000001276,BKG000001276,PAY000001276,issued,2014-10-03 03:44:42,NONE,8.0
TKT000001277,BKG000001277,PAY000001277,failed,2014-10-16 20:43:40,TICKETING_TIMEOUT,23.0
TKT000001278,BKG000001278,PAY000001278,issued,2014-12-01 03:34:13,NONE,31.0
TKT000001279,BKG000001279,PAY000001279,issued,2013-08-08 15:01:36,NONE,5.0
TKT000001280,BKG000001280,PAY000001280,issued,2014-06-24 02:20:32,NONE,6.0
TKT000001281,BKG000001281,PAY000001281,issued,2014-08-22 09:35:03,NONE,31.0
TKT000001282,BKG000001282,PAY000001282,issued,2014-06-01 19:35:09,NONE,6.0
TKT000001283,BKG000001283,PAY000001283,issued,2013-08-10 20:45:09,NONE,13.0
TKT000001284,BKG000001284,PAY000001284,issued,2014-06-13 12:50:09,NONE,30.0
TKT000001285,BKG000001285,PAY000001285,issued,2013-04-16 16:50:35,NONE,28.0
TKT000001286,BKG000001286,PAY000001286,issued,2013-08-30 18:56:38,NONE,13.0
TKT000001287,BKG000001287,PAY000001287,issued,2014-05-25 13:59:11,NONE,40.0
TKT000001288,BKG000001288,PAY000001288,issued,2014-09-09 23:21:12,NONE,9.0
TKT000001289,BKG000001289,PAY000001289,issued,2013-06-03 10:49:11,NONE,39.0
TKT000001290,BKG000001290,PAY000001290,issued,2013-05-05 02:30:38,NONE,8.0
TKT000001291,BKG000001291,PAY000001291,issued,2014-10-02 20:03:59,NONE,36.0
TKT000001292,BKG000001292,PAY000001292,issued,2014-05-06 12:17:17,NONE,5.0
TKT000001293,BKG000001293,PAY000001293,issued,2013-10-16 12:25:03,NONE,4.0
TKT000001294,BKG000001294,PAY000001294,issued,2014-05-19 12:19:24,NONE,27.0
TKT000001295,BKG000001295,PAY000001295,issued,2014-11-13 17:27:30,NONE,40.0
TKT000001296,BKG000001296,PAY000001296,not_issued_payment_failed,,NONE,
TKT000001297,BKG000001297,PAY000001297,issued,2014-03-04 17:56:36,NONE,5.0
TKT000001298,BKG000001298,PAY000001298,issued,2014-02-24 15:09:25,NONE,21.0
TKT000001299,BKG000001299,PAY000001299,issued,2014-06-09 22:59:53,NONE,32.0
TKT000001300,BKG000001300,PAY000001300,issued,2014-04-24 15:57:42,NONE,11.0
TKT000001301,BKG000001301,PAY000001301,issued,2014-02-03 13:16:16,NONE,9.0
TKT000001302,BKG000001302,PAY000001302,issued,2014-07-18 12:14:40,NONE,27.0
TKT000001303,BKG000001303,PAY000001303,issued,2013-07-10 23:41:50,NONE,41.0
TKT000001304,BKG000001304,PAY000001304,issued,2014-07-10 15:34:27,NONE,44.0
TKT000001305,BKG000001305,PAY000001305,issued,2014-09-16 18:31:21,NONE,29.0
TKT000001306,BKG000001306,PAY000001306,issued,2014-06-30 16:02:54,NONE,29.0
TKT000001307,BKG000001307,PAY000001307,issued,2014-11-13 22:55:10,NONE,17.0
TKT000001308,BKG000001308,PAY000001308,issued,2013-09-10 16:52:31,NONE,30.0
TKT000001309,BKG000001309,PAY000001309,failed,2014-02-28 11:07:31,SUPPLIER_ERROR,25.0
TKT000001310,BKG000001310,PAY000001310,issued,2014-04-27 12:22:06,NONE,22.0
TKT000001311,BKG000001311,PAY000001311,issued,2013-04-12 11:03:19,NONE,25.0
TKT000001312,BKG000001312,PAY000001312,issued,2014-06-11 09:03:46,NONE,729.0
TKT000001313,BKG000001313,PAY000001313,issued,2014-11-10 17:57:48,NONE,18.0
TKT000001314,BKG000001314,PAY000001314,not_issued_payment_failed,,NONE,
TKT000001315,BKG000001315,PAY000001315,issued,2013-10-03 03:27:01,NONE,29.0
TKT000001316,BKG000001316,PAY000001316,issued,2014-07-16 21:00:56,NONE,20.0
TKT000001317,BKG000001317,PAY000001317,issued,2014-10-05 14:40:15,NONE,5.0
TKT000001318,BKG000001318,PAY000001318,issued,2013-08-16 13:46:47,NONE,40.0
TKT000001319,BKG000001319,PAY000001319,issued,2014-10-16 13:12:39,NONE,37.0
TKT000001320,BKG000001320,PAY000001320,issued,2014-12-08 17:08:05,NONE,13.0
TKT000001321,BKG000001321,PAY000001321,issued,2014-08-06 20:00:18,NONE,28.0
TKT000001322,BKG000001322,PAY000001322,not_issued_payment_failed,,NONE,
TKT000001323,BKG000001323,PAY000001323,issued,2014-08-16 07:10:00,NONE,25.0
TKT000001324,BKG000001324,PAY000001324,issued,2014-12-05 05:28:27,NONE,8.0
TKT000001325,BKG000001325,PAY000001325,failed,2014-06-26 13:51:25,INVENTORY_MISMATCH,32.0
TKT000001326,BKG000001326,PAY000001326,issued,2013-04-21 14:34:08,NONE,3.0
TKT000001327,BKG000001327,PAY000001327,issued,2014-03-28 16:38:48,NONE,30.0
TKT000001328,BKG000001328,PAY000001328,issued,2014-08-27 22:46:18,NONE,30.0
TKT000001329,BKG000001329,PAY000001329,issued,2014-06-26 23:09:14,NONE,15.0
TKT000001330,BKG000001330,PAY000001330,issued,2014-02-15 15:16:47,NONE,28.0
TKT000001331,BKG000001331,PAY000001331,issued,2013-02-02 06:47:47,NONE,41.0
TKT000001332,BKG000001332,PAY000001332,pending,2014-06-29 19:45:31,SUPPLIER_ERROR,5.0
TKT000001333,BKG000001333,PAY000001333,issued,2013-06-04 14:31:44,NONE,9.0
TKT000001334,BKG000001334,PAY000001334,issued,2014-02-02 13:45:58,NONE,13.0
TKT000001335,BKG000001335,PAY000001335,issued,2014-12-03 15:00:32,NONE,24.0
TKT000001336,BKG000001336,PAY000001336,issued,2014-12-14 09:33:14,NONE,28.0
TKT000001337,BKG000001337,PAY000001337,not_issued_payment_failed,,NONE,
TKT000001338,BKG000001338,PAY000001338,not_issued_payment_failed,,NONE,
TKT000001339,BKG000001339,PAY000001339,issued,2013-05-06 11:06:48,NONE,8.0
TKT000001340,BKG000001340,PAY000001340,not_issued_payment_failed,,NONE,
TKT000001341,BKG000001341,PAY000001341,issued,2013-09-30 18:27:52,NONE,1363.0
TKT000001342,BKG000001342,PAY000001342,pending,2014-09-20 14:13:17,TICKETING_TIMEOUT,20.0
TKT000001343,BKG000001343,PAY000001343,issued,2013-07-13 19:26:06,NONE,22.0
TKT000001344,BKG000001344,PAY000001344,issued,2013-02-04 13:03:06,NONE,10.0
TKT000001345,BKG000001345,PAY000001345,issued,2013-06-20 09:53:55,NONE,44.0
TKT000001346,BKG000001346,PAY000001346,not_issued_payment_failed,,NONE,
TKT000001347,BKG000001347,PAY000001347,issued,2014-06-11 07:13:17,NONE,39.0
TKT000001348,BKG000001348,PAY000001348,issued,2013-05-01 02:03:46,NONE,378.0
TKT000001349,BKG000001349,PAY000001349,issued,2013-10-24 13:55:51,NONE,29.0
TKT000001350,BKG000001350,PAY000001350,issued,2014-06-30 15:08:05,NONE,12.0
TKT000001351,BKG000001351,PAY000001351,issued,2014-09-07 11:16:46,NONE,12.0
TKT000001352,BKG000001352,PAY000001352,issued,2013-11-10 19:26:55,NONE,18.0
TKT000001353,BKG000001353,PAY000001353,not_issued_payment_failed,,NONE,
TKT000001354,BKG000001354,PAY000001354,issued,2013-04-21 20:51:03,NONE,42.0
TKT000001355,BKG000001355,PAY000001355,issued,2014-05-17 10:41:14,NONE,29.0
TKT000001356,BKG000001356,PAY000001356,not_issued_payment_failed,,NONE,
TKT000001357,BKG000001357,PAY000001357,issued,2013-09-24 00:43:23,NONE,44.0
TKT000001358,BKG000001358,PAY000001358,issued,2014-07-17 21:25:56,NONE,9.0
TKT000001359,BKG000001359,PAY000001359,issued,2013-12-10 05:54:05,NONE,1221.0
TKT000001360,BKG000001360,PAY000001360,issued,2014-06-02 01:47:46,NONE,30.0
TKT000001361,BKG000001361,PAY000001361,issued,2014-03-08 09:30:54,NONE,38.0
TKT000001362,BKG000001362,PAY000001362,issued,2014-06-27 17:02:08,NONE,33.0
TKT000001363,BKG000001363,PAY000001363,issued,2014-09-14 14:51:10,NONE,32.0
TKT000001364,BKG000001364,PAY000001364,not_issued_payment_failed,,NONE,
TKT000001365,BKG000001365,PAY000001365,issued,2013-02-18 15:01:03,NONE,40.0
TKT000001366,BKG000001366,PAY000001366,issued,2013-12-29 18:14:09,NONE,25.0
TKT000001367,BKG000001367,PAY000001367,issued,2013-04-27 00:37:19,NONE,21.0
TKT000001368,BKG000001368,PAY000001368,issued,2014-03-24 21:13:30,NONE,44.0
TKT000001369,BKG000001369,PAY000001369,issued,2014-12-14 11:35:52,NONE,30.0
TKT000001370,BKG000001370,PAY000001370,issued,2014-04-11 12:20:04,NONE,16.0
TKT000001371,BKG000001371,PAY000001371,issued,2014-12-23 14:36:12,NONE,24.0
TKT000001372,BKG000001372,PAY000001372,issued,2014-08-07 12:53:55,NONE,6.0
TKT000001373,BKG000001373,PAY000001373,issued,2014-12-08 07:09:43,NONE,10.0
TKT000001374,BKG000001374,PAY000001374,issued,2014-06-22 20:29:14,NONE,13.0
TKT000001375,BKG000001375,PAY000001375,issued,2014-09-25 13:14:06,NONE,21.0
TKT000001376,BKG000001376,PAY000001376,issued,2014-02-22 15:41:18,NONE,40.0
TKT000001377,BKG000001377,PAY000001377,issued,2014-12-01 15:58:54,NONE,24.0
TKT000001378,BKG000001378,PAY000001378,not_issued_payment_failed,,NONE,
TKT000001379,BKG000001379,PAY000001379,issued,2013-09-09 14:11:35,NONE,8.0
TKT000001380,BKG000001380,PAY000001380,not_issued_payment_failed,,NONE,
TKT000001381,BKG000001381,PAY000001381,issued,2013-01-26 12:15:05,NONE,22.0
TKT000001382,BKG000001382,PAY000001382,issued,2013-12-10 17:22:27,NONE,39.0
TKT000001383,BKG000001383,PAY000001383,issued,2014-12-24 13:18:46,NONE,21.0
TKT000001384,BKG000001384,PAY000001384,issued,2014-01-28 17:27:36,NONE,33.0
TKT000001385,BKG000001385,PAY000001385,issued,2014-12-16 21:37:26,NONE,25.0
TKT000001386,BKG000001386,PAY000001386,issued,2013-11-15 17:45:47,NONE,35.0
TKT000001387,BKG000001387,PAY000001387,issued,2014-08-27 20:58:55,NONE,27.0
TKT000001388,BKG000001388,PAY000001388,issued,2014-04-09 15:10:06,NONE,15.0
TKT000001389,BKG000001389,PAY000001389,issued,2014-12-11 20:19:51,NONE,3.0
TKT000001390,BKG000001390,PAY000001390,issued,2014-07-07 21:45:23,NONE,30.0
TKT000001391,BKG000001391,PAY000001391,issued,2014-11-19 10:41:42,NONE,32.0
TKT000001392,BKG000001392,PAY000001392,issued,2014-08-08 17:57:10,NONE,41.0
TKT000001393,BKG000001393,PAY000001393,issued,2014-03-19 17:03:42,NONE,27.0
TKT000001394,BKG000001394,PAY000001394,issued,2013-09-02 20:54:33,NONE,18.0
TKT000001395,BKG000001395,PAY000001395,issued,2013-06-27 19:28:48,NONE,9.0
TKT000001396,BKG000001396,PAY000001396,issued,2014-04-24 10:25:32,NONE,15.0
TKT000001397,BKG000001397,PAY000001397,issued,2014-10-06 12:18:30,NONE,1416.0
TKT000001398,BKG000001398,PAY000001398,issued,2014-04-21 13:42:55,NONE,20.0
TKT000001399,BKG000001399,PAY000001399,issued,2013-04-29 22:09:37,NONE,31.0
TKT000001400,BKG000001400,PAY000001400,issued,2013-07-05 19:11:38,NONE,19.0
TKT000001401,BKG000001401,PAY000001401,issued,2014-06-01 22:59:58,NONE,24.0
TKT000001402,BKG000001402,PAY000001402,issued,2014-01-27 08:51:51,NONE,37.0
TKT000001403,BKG000001403,PAY000001403,issued,2013-02-27 10:49:04,NONE,8.0
TKT000001404,BKG000001404,PAY000001404,issued,2014-09-02 19:46:54,NONE,43.0
TKT000001405,BKG000001405,PAY000001405,issued,2013-07-23 23:19:16,NONE,1182.0
TKT000001406,BKG000001406,PAY000001406,issued,2013-07-19 12:35:45,NONE,38.0
TKT000001407,BKG000001407,PAY000001407,issued,2014-09-16 08:38:13,NONE,5.0
TKT000001408,BKG000001408,PAY000001408,issued,2014-10-01 05:27:36,NONE,22.0
TKT000001409,BKG000001409,PAY000001409,issued,2014-08-10 23:05:54,NONE,42.0
TKT000001410,BKG000001410,PAY000001410,issued,2014-11-29 10:55:20,NONE,11.0
TKT000001411,BKG000001411,PAY000001411,issued,2013-09-22 05:29:26,NONE,1125.0
TKT000001412,BKG000001412,PAY000001412,not_issued_payment_failed,,NONE,
TKT000001413,BKG000001413,PAY000001413,issued,2014-01-08 17:47:07,NONE,3.0
TKT000001414,BKG000001414,PAY000001414,issued,2014-10-15 16:11:46,NONE,16.0
TKT000001415,BKG000001415,PAY000001415,issued,2014-12-08 14:30:55,NONE,10.0
TKT000001416,BKG000001416,PAY000001416,issued,2013-05-14 17:40:13,NONE,39.0
TKT000001417,BKG000001417,PAY000001417,issued,2014-12-14 19:50:56,NONE,11.0
TKT000001418,BKG000001418,PAY000001418,issued,2014-10-21 12:54:24,NONE,29.0
TKT000001419,BKG000001419,PAY000001419,issued,2014-07-26 18:31:41,NONE,17.0
TKT000001420,BKG000001420,PAY000001420,issued,2014-11-09 18:52:27,NONE,3.0
TKT000001421,BKG000001421,PAY000001421,not_issued_payment_failed,,NONE,
TKT000001422,BKG000001422,PAY000001422,issued,2014-11-02 07:40:14,NONE,23.0
TKT000001423,BKG000001423,PAY000001423,not_issued_payment_failed,,NONE,
TKT000001424,BKG000001424,PAY000001424,issued,2014-04-12 17:50:52,NONE,18.0
TKT000001425,BKG000001425,PAY000001425,issued,2014-12-16 00:29:35,NONE,19.0
TKT000001426,BKG000001426,PAY000001426,issued,2013-10-28 13:41:17,NONE,24.0
TKT000001427,BKG000001427,PAY000001427,issued,2014-05-24 12:33:16,NONE,33.0
TKT000001428,BKG000001428,PAY000001428,issued,2014-05-23 01:23:53,NONE,3.0
TKT000001429,BKG000001429,PAY000001429,not_issued_payment_failed,,NONE,
TKT000001430,BKG000001430,PAY000001430,issued,2014-10-10 14:39:15,NONE,45.0
TKT000001431,BKG000001431,PAY000001431,issued,2014-12-13 18:56:33,NONE,4.0
TKT000001432,BKG000001432,PAY000001432,issued,2014-12-02 10:00:55,NONE,18.0
TKT000001433,BKG000001433,PAY000001433,issued,2014-10-22 23:14:39,NONE,1384.0
TKT000001434,BKG000001434,PAY000001434,issued,2013-05-02 11:44:55,NONE,17.0
TKT000001435,BKG000001435,PAY000001435,issued,2014-07-01 23:39:32,NONE,9.0
TKT000001436,BKG000001436,PAY000001436,issued,2014-12-30 09:39:27,NONE,8.0
TKT000001437,BKG000001437,PAY000001437,issued,2013-12-26 18:39:31,NONE,39.0
TKT000001438,BKG000001438,PAY000001438,issued,2014-05-11 18:09:30,NONE,23.0
TKT000001439,BKG000001439,PAY000001439,issued,2014-01-18 14:30:12,NONE,7.0
TKT000001440,BKG000001440,PAY000001440,issued,2013-02-12 18:18:30,NONE,35.0
TKT000001441,BKG000001441,PAY000001441,issued,2014-07-24 13:59:43,NONE,41.0
TKT000001442,BKG000001442,PAY000001442,issued,2013-10-09 14:38:19,NONE,35.0
TKT000001443,BKG000001443,PAY000001443,issued,2014-03-08 07:22:01,NONE,1345.0
TKT000001444,BKG000001444,PAY000001444,issued,2014-03-09 07:47:14,NONE,21.0
TKT000001445,BKG000001445,PAY000001445,issued,2014-04-08 16:24:22,NONE,3.0
TKT000001446,BKG000001446,PAY000001446,issued,2014-06-14 00:43:21,NONE,26.0
TKT000001447,BKG000001447,PAY000001447,issued,2014-04-01 08:29:55,NONE,1285.0
TKT000001448,BKG000001448,PAY000001448,issued,2014-04-24 19:46:40,NONE,19.0
TKT000001449,BKG000001449,PAY000001449,issued,2013-09-18 18:41:31,NONE,29.0
TKT000001450,BKG000001450,PAY000001450,issued,2014-06-21 09:53:22,NONE,19.0
TKT000001451,BKG000001451,PAY000001451,issued,2014-05-06 10:46:38,NONE,43.0
TKT000001452,BKG000001452,PAY000001452,not_issued_payment_failed,,NONE,
TKT000001453,BKG000001453,PAY000001453,issued,2013-01-10 21:24:33,NONE,9.0
TKT000001454,BKG000001454,PAY000001454,not_issued_payment_failed,,NONE,
TKT000001455,BKG000001455,PAY000001455,issued,2014-04-20 03:18:23,NONE,18.0
TKT000001456,BKG000001456,PAY000001456,not_issued_payment_failed,,NONE,
TKT000001457,BKG000001457,PAY000001457,issued,2014-12-07 21:40:33,NONE,13.0
TKT000001458,BKG000001458,PAY000001458,issued,2014-04-22 05:34:44,NONE,13.0
TKT000001459,BKG000001459,PAY000001459,issued,2013-04-28 20:29:34,NONE,45.0
TKT000001460,BKG000001460,PAY000001460,issued,2013-07-23 21:22:57,NONE,31.0
TKT000001461,BKG000001461,PAY000001461,issued,2014-11-16 13:30:10,NONE,43.0
TKT000001462,BKG000001462,PAY000001462,issued,2013-07-24 12:34:36,NONE,26.0
TKT000001463,BKG000001463,PAY000001463,issued,2013-07-29 10:51:23,NONE,24.0
TKT000001464,BKG000001464,PAY000001464,issued,2013-03-01 12:42:20,NONE,25.0
TKT000001465,BKG000001465,PAY000001465,not_issued_payment_failed,,NONE,
TKT000001466,BKG000001466,PAY000001466,pending,2014-05-24 18:47:31,AIRLINE_CONFIRMATION_FAILED,36.0
TKT000001467,BKG000001467,PAY000001467,not_issued_payment_failed,,NONE,
TKT000001468,BKG000001468,PAY000001468,issued,2013-06-01 19:26:34,NONE,26.0
TKT000001469,BKG000001469,PAY000001469,issued,2014-09-08 20:57:34,NONE,16.0
TKT000001470,BKG000001470,PAY000001470,issued,2014-11-14 07:51:20,NONE,6.0
TKT000001471,BKG000001471,PAY000001471,issued,2013-10-20 02:04:10,NONE,26.0
TKT000001472,BKG000001472,PAY000001472,issued,2014-07-31 00:44:46,NONE,37.0
TKT000001473,BKG000001473,PAY000001473,issued,2014-08-19 07:40:25,NONE,17.0
TKT000001474,BKG000001474,PAY000001474,issued,2014-04-04 05:31:45,NONE,39.0
TKT000001475,BKG000001475,PAY000001475,issued,2014-03-16 17:09:57,NONE,5.0
TKT000001476,BKG000001476,PAY000001476,issued,2013-01-18 06:33:15,NONE,33.0
TKT000001477,BKG000001477,PAY000001477,not_issued_payment_failed,,NONE,
TKT000001478,BKG000001478,PAY000001478,issued,2014-02-22 17:57:57,NONE,32.0
TKT000001479,BKG000001479,PAY000001479,issued,2013-02-26 16:00:39,NONE,12.0
TKT000001480,BKG000001480,PAY000001480,issued,2014-01-27 11:47:14,NONE,13.0
TKT000001481,BKG000001481,PAY000001481,issued,2013-09-16 16:45:53,NONE,5.0
TKT000001482,BKG000001482,PAY000001482,issued,2013-10-16 13:47:38,NONE,8.0
TKT000001483,BKG000001483,PAY000001483,issued,2013-12-31 11:51:25,NONE,39.0
TKT000001484,BKG000001484,PAY000001484,issued,2014-09-10 01:11:36,NONE,14.0
TKT000001485,BKG000001485,PAY000001485,issued,2014-09-22 11:45:53,NONE,38.0
TKT000001486,BKG000001486,PAY000001486,issued,2014-09-08 15:51:28,NONE,25.0
TKT000001487,BKG000001487,PAY000001487,issued,2014-03-03 15:47:43,NONE,44.0
TKT000001488,BKG000001488,PAY000001488,issued,2014-02-25 14:39:51,NONE,8.0
TKT000001489,BKG000001489,PAY000001489,issued,2013-11-06 04:55:47,NONE,414.0
TKT000001490,BKG000001490,PAY000001490,issued,2014-08-08 13:28:53,NONE,20.0
TKT000001491,BKG000001491,PAY000001491,pending,2013-02-02 12:03:13,AIRLINE_CONFIRMATION_FAILED,26.0
TKT000001492,BKG000001492,PAY000001492,pending,2013-04-10 12:39:59,TICKETING_TIMEOUT,36.0
TKT000001493,BKG000001493,PAY000001493,issued,2013-05-02 21:02:54,NONE,45.0
TKT000001494,BKG000001494,PAY000001494,issued,2013-12-13 14:37:10,NONE,12.0
TKT000001495,BKG000001495,PAY000001495,issued,2014-09-19 14:32:23,NONE,16.0
TKT000001496,BKG000001496,PAY000001496,issued,2014-05-30 21:37:50,NONE,13.0
TKT000001497,BKG000001497,PAY000001497,pending,2014-02-21 11:46:51,AIRLINE_CONFIRMATION_FAILED,40.0
TKT000001498,BKG000001498,PAY000001498,issued,2014-10-27 08:43:31,NONE,42.0
TKT000001499,BKG000001499,PAY000001499,issued,2014-08-05 21:21:16,NONE,13.0
TKT000001500,BKG000001500,PAY000001500,issued,2014-06-26 21:24:45,NONE,37.0
TKT000001501,BKG000001501,PAY000001501,issued,2014-08-05 13:32:01,NONE,14.0
TKT000001502,BKG000001502,PAY000001502,issued,2014-11-13 13:52:13,NONE,32.0
TKT000001503,BKG000001503,PAY000001503,not_issued_payment_failed,,NONE,
TKT000001504,BKG000001504,PAY000001504,issued,2014-07-29 05:14:36,NONE,20.0
TKT000001505,BKG000001505,PAY000001505,issued,2014-06-14 14:58:55,NONE,15.0
TKT000001506,BKG000001506,PAY000001506,issued,2014-06-15 13:43:55,NONE,1242.0
TKT000001507,BKG000001507,PAY000001507,issued,2014-06-15 08:31:55,NONE,1004.0
TKT000001508,BKG000001508,PAY000001508,issued,2013-09-29 18:53:27,NONE,24.0
TKT000001509,BKG000001509,PAY000001509,issued,2014-01-25 15:02:30,NONE,22.0
TKT000001510,BKG000001510,PAY000001510,issued,2014-12-18 01:19:25,NONE,26.0
TKT000001511,BKG000001511,PAY000001511,issued,2014-01-09 01:43:59,NONE,7.0
TKT000001512,BKG000001512,PAY000001512,issued,2013-08-11 11:17:42,NONE,20.0
TKT000001513,BKG000001513,PAY000001513,issued,2013-06-12 18:52:32,NONE,45.0
TKT000001514,BKG000001514,PAY000001514,issued,2014-04-25 15:39:56,NONE,41.0
TKT000001515,BKG000001515,PAY000001515,issued,2014-06-24 10:56:58,NONE,28.0
TKT000001516,BKG000001516,PAY000001516,issued,2014-07-11 02:20:20,NONE,33.0
TKT000001517,BKG000001517,PAY000001517,issued,2014-06-26 20:11:30,NONE,14.0
TKT000001518,BKG000001518,PAY000001518,not_issued_payment_failed,,NONE,
TKT000001519,BKG000001519,PAY000001519,issued,2014-04-19 02:53:53,NONE,4.0
TKT000001520,BKG000001520,PAY000001520,issued,2013-01-07 19:44:24,NONE,32.0
TKT000001521,BKG000001521,PAY000001521,issued,2013-05-08 15:53:59,NONE,13.0
TKT000001522,BKG000001522,PAY000001522,issued,2014-09-16 14:26:26,NONE,140.0
TKT000001523,BKG000001523,PAY000001523,issued,2014-02-15 17:00:34,NONE,30.0
TKT000001524,BKG000001524,PAY000001524,issued,2014-07-31 03:27:30,NONE,740.0
TKT000001525,BKG000001525,PAY000001525,issued,2013-03-14 12:55:55,NONE,34.0
TKT000001526,BKG000001526,PAY000001526,issued,2013-12-21 21:43:20,NONE,13.0
TKT000001527,BKG000001527,PAY000001527,issued,2013-07-04 16:32:25,NONE,14.0
TKT000001528,BKG000001528,PAY000001528,issued,2014-08-20 21:32:58,NONE,10.0
TKT000001529,BKG000001529,PAY000001529,issued,2014-09-11 09:41:56,NONE,999.0
TKT000001530,BKG000001530,PAY000001530,issued,2014-10-22 20:46:47,NONE,16.0
TKT000001531,BKG000001531,PAY000001531,issued,2013-03-12 20:18:44,NONE,20.0
TKT000001532,BKG000001532,PAY000001532,issued,2014-08-21 22:37:11,NONE,9.0
TKT000001533,BKG000001533,PAY000001533,issued,2013-08-23 07:46:58,NONE,9.0
TKT000001534,BKG000001534,PAY000001534,issued,2013-05-16 12:41:01,NONE,14.0
TKT000001535,BKG000001535,PAY000001535,issued,2014-08-28 23:14:08,NONE,45.0
TKT000001536,BKG000001536,PAY000001536,issued,2014-04-18 18:15:40,NONE,33.0
TKT000001537,BKG000001537,PAY000001537,issued,2014-12-22 16:12:07,NONE,26.0
TKT000001538,BKG000001538,PAY000001538,issued,2014-07-18 09:06:08,NONE,37.0
TKT000001539,BKG000001539,PAY000001539,issued,2014-06-30 16:27:10,NONE,35.0
TKT000001540,BKG000001540,PAY000001540,issued,2014-03-24 10:22:15,NONE,37.0
TKT000001541,BKG000001541,PAY000001541,issued,2013-07-22 14:34:25,NONE,30.0
TKT000001542,BKG000001542,PAY000001542,issued,2013-03-27 19:45:11,NONE,30.0
TKT000001543,BKG000001543,PAY000001543,issued,2013-12-31 11:18:57,NONE,45.0
TKT000001544,BKG000001544,PAY000001544,issued,2014-11-23 16:02:35,NONE,31.0
TKT000001545,BKG000001545,PAY000001545,issued,2014-01-01 21:45:34,NONE,26.0
TKT000001546,BKG000001546,PAY000001546,issued,2014-11-14 07:45:06,NONE,3.0
TKT000001547,BKG000001547,PAY000001547,not_issued_payment_failed,,NONE,
TKT000001548,BKG000001548,PAY000001548,issued,2014-02-04 01:37:08,NONE,19.0
TKT000001549,BKG000001549,PAY000001549,issued,2013-11-05 21:33:24,NONE,44.0
TKT000001550,BKG000001550,PAY000001550,failed,2014-11-17 14:58:01,AIRLINE_CONFIRMATION_FAILED,34.0
TKT000001551,BKG000001551,PAY000001551,issued,2014-12-20 13:48:08,NONE,27.0
TKT000001552,BKG000001552,PAY000001552,issued,2013-07-14 16:52:18,NONE,26.0
TKT000001553,BKG000001553,PAY000001553,not_issued_payment_failed,,NONE,
TKT000001554,BKG000001554,PAY000001554,issued,2014-12-22 19:39:06,NONE,9.0
TKT000001555,BKG000001555,PAY000001555,issued,2013-10-24 08:14:41,NONE,38.0
TKT000001556,BKG000001556,PAY000001556,issued,2014-07-07 17:30:19,NONE,4.0
TKT000001557,BKG000001557,PAY000001557,pending,2014-03-18 18:00:43,SUPPLIER_ERROR,40.0
TKT000001558,BKG000001558,PAY000001558,issued,2014-03-24 03:04:41,NONE,16.0
TKT000001559,BKG000001559,PAY000001559,issued,2013-08-29 17:28:00,NONE,23.0
TKT000001560,BKG000001560,PAY000001560,pending,2013-06-30 15:23:21,INVENTORY_MISMATCH,245.0
TKT000001561,BKG000001561,PAY000001561,issued,2013-06-20 13:30:02,NONE,40.0
TKT000001562,BKG000001562,PAY000001562,issued,2014-01-08 17:48:15,NONE,13.0
TKT000001563,BKG000001563,PAY000001563,issued,2014-10-23 00:36:57,NONE,39.0
TKT000001564,BKG000001564,PAY000001564,issued,2013-02-12 01:40:36,NONE,27.0
TKT000001565,BKG000001565,PAY000001565,issued,2013-08-25 00:07:02,NONE,23.0
TKT000001566,BKG000001566,PAY000001566,issued,2014-11-14 21:33:31,NONE,45.0
TKT000001567,BKG000001567,PAY000001567,issued,2013-05-17 05:45:43,NONE,23.0
TKT000001568,BKG000001568,PAY000001568,issued,2013-08-30 11:31:41,NONE,23.0
TKT000001569,BKG000001569,PAY000001569,issued,2014-08-01 12:22:05,NONE,12.0
TKT000001570,BKG000001570,PAY000001570,issued,2014-07-22 14:43:03,NONE,17.0
TKT000001571,BKG000001571,PAY000001571,not_issued_payment_failed,,NONE,
TKT000001572,BKG000001572,PAY000001572,issued,2013-12-23 09:02:59,NONE,11.0
TKT000001573,BKG000001573,PAY000001573,issued,2014-08-25 14:40:47,NONE,18.0
TKT000001574,BKG000001574,PAY000001574,issued,2013-02-20 22:01:33,NONE,28.0
TKT000001575,BKG000001575,PAY000001575,not_issued_payment_failed,,NONE,
TKT000001576,BKG000001576,PAY000001576,issued,2014-03-18 22:00:40,NONE,19.0
TKT000001577,BKG000001577,PAY000001577,issued,2014-06-12 10:31:13,NONE,43.0
TKT000001578,BKG000001578,PAY000001578,issued,2014-06-23 20:59:46,NONE,15.0
TKT000001579,BKG000001579,PAY000001579,issued,2014-10-14 07:43:25,NONE,13.0
TKT000001580,BKG000001580,PAY000001580,issued,2014-09-21 21:25:56,NONE,34.0
TKT000001581,BKG000001581,PAY000001581,issued,2014-07-31 13:54:56,NONE,15.0
TKT000001582,BKG000001582,PAY000001582,issued,2014-07-31 13:17:56,NONE,43.0
TKT000001583,BKG000001583,PAY000001583,issued,2014-11-12 12:37:34,NONE,34.0
TKT000001584,BKG000001584,PAY000001584,not_issued_payment_failed,,NONE,
TKT000001585,BKG000001585,PAY000001585,issued,2013-10-16 09:36:15,NONE,23.0
TKT000001586,BKG000001586,PAY000001586,issued,2014-10-29 15:36:52,NONE,6.0
TKT000001587,BKG000001587,PAY000001587,issued,2014-10-23 16:38:21,NONE,13.0
TKT000001588,BKG000001588,PAY000001588,issued,2014-01-11 17:16:56,NONE,28.0
TKT000001589,BKG000001589,PAY000001589,not_issued_payment_failed,,NONE,
TKT000001590,BKG000001590,PAY000001590,issued,2014-03-15 13:53:38,NONE,6.0
TKT000001591,BKG000001591,PAY000001591,issued,2014-11-18 13:30:26,NONE,5.0
TKT000001592,BKG000001592,PAY000001592,issued,2013-09-02 19:58:22,NONE,10.0
TKT000001593,BKG000001593,PAY000001593,issued,2014-07-08 11:14:08,NONE,8.0
TKT000001594,BKG000001594,PAY000001594,issued,2014-06-30 15:17:52,NONE,35.0
TKT000001595,BKG000001595,PAY000001595,issued,2014-10-13 00:05:12,NONE,15.0
TKT000001596,BKG000001596,PAY000001596,issued,2013-06-26 17:10:03,NONE,17.0
TKT000001597,BKG000001597,PAY000001597,issued,2014-04-10 23:39:54,NONE,15.0
TKT000001598,BKG000001598,PAY000001598,issued,2014-05-30 03:30:43,NONE,32.0
TKT000001599,BKG000001599,PAY000001599,issued,2014-05-18 12:54:22,NONE,41.0
TKT000001600,BKG000001600,PAY000001600,not_issued_payment_failed,,NONE,
TKT000001601,BKG000001601,PAY000001601,issued,2014-06-27 16:03:55,NONE,40.0
TKT000001602,BKG000001602,PAY000001602,issued,2014-05-04 15:41:32,NONE,19.0
TKT000001603,BKG000001603,PAY000001603,issued,2013-06-04 22:25:40,NONE,10.0
TKT000001604,BKG000001604,PAY000001604,issued,2014-12-01 20:01:52,NONE,32.0
TKT000001605,BKG000001605,PAY000001605,not_issued_payment_failed,,NONE,
TKT000001606,BKG000001606,PAY000001606,issued,2013-06-15 12:56:39,NONE,12.0
TKT000001607,BKG000001607,PAY000001607,issued,2014-12-28 18:23:58,NONE,20.0
TKT000001608,BKG000001608,PAY000001608,issued,2014-04-17 21:45:37,NONE,20.0
TKT000001609,BKG000001609,PAY000001609,issued,2013-03-13 13:33:51,NONE,21.0
TKT000001610,BKG000001610,PAY000001610,issued,2014-11-22 09:18:00,NONE,21.0
TKT000001611,BKG000001611,PAY000001611,issued,2014-02-01 16:45:36,NONE,39.0
TKT000001612,BKG000001612,PAY000001612,issued,2013-11-28 15:19:54,NONE,4.0
TKT000001613,BKG000001613,PAY000001613,not_issued_payment_failed,,NONE,
TKT000001614,BKG000001614,PAY000001614,issued,2014-02-16 22:05:49,NONE,44.0
TKT000001615,BKG000001615,PAY000001615,issued,2014-05-18 18:50:41,NONE,19.0
TKT000001616,BKG000001616,PAY000001616,issued,2014-12-24 04:32:53,NONE,20.0
TKT000001617,BKG000001617,PAY000001617,failed,2013-08-04 20:23:12,SUPPLIER_ERROR,11.0
TKT000001618,BKG000001618,PAY000001618,issued,2014-09-21 22:11:36,NONE,32.0
TKT000001619,BKG000001619,PAY000001619,issued,2014-01-30 12:34:01,NONE,31.0
TKT000001620,BKG000001620,PAY000001620,issued,2014-03-04 20:13:59,NONE,22.0
TKT000001621,BKG000001621,PAY000001621,issued,2013-05-13 23:42:25,NONE,38.0
TKT000001622,BKG000001622,PAY000001622,issued,2013-06-22 12:12:36,NONE,38.0
TKT000001623,BKG000001623,PAY000001623,failed,2013-02-16 21:31:55,SUPPLIER_ERROR,38.0
TKT000001624,BKG000001624,PAY000001624,not_issued_payment_failed,,NONE,
TKT000001625,BKG000001625,PAY000001625,issued,2014-01-23 15:59:11,NONE,16.0
TKT000001626,BKG000001626,PAY000001626,issued,2014-12-19 01:04:57,NONE,3.0
TKT000001627,BKG000001627,PAY000001627,issued,2014-02-28 11:54:22,NONE,28.0
TKT000001628,BKG000001628,PAY000001628,issued,2014-11-24 10:59:54,NONE,10.0
TKT000001629,BKG000001629,PAY000001629,not_issued_payment_failed,,NONE,
TKT000001630,BKG000001630,PAY000001630,issued,2013-02-21 11:50:03,NONE,33.0
TKT000001631,BKG000001631,PAY000001631,issued,2013-08-31 11:13:25,NONE,43.0
TKT000001632,BKG000001632,PAY000001632,issued,2014-05-10 12:23:05,NONE,19.0
TKT000001633,BKG000001633,PAY000001633,issued,2014-04-16 08:29:55,NONE,26.0
TKT000001634,BKG000001634,PAY000001634,issued,2013-02-13 20:25:59,NONE,22.0
TKT000001635,BKG000001635,PAY000001635,issued,2014-10-19 10:39:22,NONE,12.0
TKT000001636,BKG000001636,PAY000001636,issued,2013-08-12 15:23:28,NONE,22.0
TKT000001637,BKG000001637,PAY000001637,issued,2014-11-15 15:00:26,NONE,34.0
TKT000001638,BKG000001638,PAY000001638,issued,2013-05-04 19:04:49,NONE,30.0
TKT000001639,BKG000001639,PAY000001639,not_issued_payment_failed,,NONE,
TKT000001640,BKG000001640,PAY000001640,issued,2014-06-04 15:59:31,NONE,30.0
TKT000001641,BKG000001641,PAY000001641,issued,2014-09-16 18:33:16,NONE,31.0
TKT000001642,BKG000001642,PAY000001642,issued,2014-08-07 13:02:49,NONE,11.0
TKT000001643,BKG000001643,PAY000001643,issued,2014-07-11 19:48:04,NONE,5.0
TKT000001644,BKG000001644,PAY000001644,not_issued_payment_failed,,NONE,
TKT000001645,BKG000001645,PAY000001645,issued,2013-10-07 11:39:06,NONE,21.0
TKT000001646,BKG000001646,PAY000001646,issued,2014-08-13 12:12:28,NONE,36.0
TKT000001647,BKG000001647,PAY000001647,issued,2013-07-25 08:16:42,NONE,10.0
TKT000001648,BKG000001648,PAY000001648,issued,2013-07-17 20:12:11,NONE,7.0
TKT000001649,BKG000001649,PAY000001649,issued,2013-04-16 09:03:13,NONE,26.0
TKT000001650,BKG000001650,PAY000001650,not_issued_payment_failed,,NONE,
TKT000001651,BKG000001651,PAY000001651,issued,2014-10-20 02:43:56,NONE,43.0
TKT000001652,BKG000001652,PAY000001652,not_issued_payment_failed,,NONE,
TKT000001653,BKG000001653,PAY000001653,issued,2013-10-01 10:39:41,NONE,36.0
TKT000001654,BKG000001654,PAY000001654,issued,2014-11-26 10:01:35,NONE,9.0
TKT000001655,BKG000001655,PAY000001655,issued,2013-09-20 08:10:13,NONE,19.0
TKT000001656,BKG000001656,PAY000001656,issued,2013-07-22 13:04:29,NONE,3.0
TKT000001657,BKG000001657,PAY000001657,issued,2014-10-15 13:44:38,NONE,19.0
TKT000001658,BKG000001658,PAY000001658,issued,2014-06-19 17:14:06,NONE,20.0
TKT000001659,BKG000001659,PAY000001659,issued,2014-10-28 21:04:08,NONE,36.0
TKT000001660,BKG000001660,PAY000001660,issued,2014-05-21 10:58:06,NONE,23.0
TKT000001661,BKG000001661,PAY000001661,not_issued_payment_failed,,NONE,
TKT000001662,BKG000001662,PAY000001662,issued,2013-03-12 23:28:39,NONE,28.0
TKT000001663,BKG000001663,PAY000001663,issued,2013-10-31 13:07:17,NONE,22.0
TKT000001664,BKG000001664,PAY000001664,issued,2014-04-16 10:07:33,NONE,18.0
TKT000001665,BKG000001665,PAY000001665,issued,2014-08-25 11:58:51,NONE,3.0
TKT000001666,BKG000001666,PAY000001666,issued,2013-09-26 17:59:18,NONE,14.0
TKT000001667,BKG000001667,PAY000001667,issued,2014-03-11 10:51:47,NONE,43.0
TKT000001668,BKG000001668,PAY000001668,issued,2013-12-04 19:42:35,NONE,31.0
TKT000001669,BKG000001669,PAY000001669,issued,2013-05-22 02:06:53,NONE,439.0
TKT000001670,BKG000001670,PAY000001670,issued,2014-03-31 07:01:53,NONE,475.0
TKT000001671,BKG000001671,PAY000001671,issued,2013-07-09 22:02:32,NONE,35.0
TKT000001672,BKG000001672,PAY000001672,issued,2014-11-05 16:10:45,NONE,43.0
TKT000001673,BKG000001673,PAY000001673,issued,2014-06-17 21:11:41,NONE,23.0
TKT000001674,BKG000001674,PAY000001674,issued,2013-09-13 00:00:11,NONE,21.0
TKT000001675,BKG000001675,PAY000001675,issued,2013-05-14 17:35:54,NONE,25.0
TKT000001676,BKG000001676,PAY000001676,issued,2013-10-23 22:38:01,NONE,21.0
TKT000001677,BKG000001677,PAY000001677,issued,2014-06-01 12:58:45,NONE,40.0
TKT000001678,BKG000001678,PAY000001678,issued,2014-01-30 14:07:43,NONE,38.0
TKT000001679,BKG000001679,PAY000001679,issued,2014-10-17 16:14:31,NONE,17.0
TKT000001680,BKG000001680,PAY000001680,issued,2014-09-25 15:36:37,NONE,33.0
TKT000001681,BKG000001681,PAY000001681,issued,2014-10-29 08:16:03,NONE,45.0
TKT000001682,BKG000001682,PAY000001682,issued,2014-10-02 21:12:01,NONE,44.0
TKT000001683,BKG000001683,PAY000001683,issued,2013-12-01 00:49:09,NONE,8.0
TKT000001684,BKG000001684,PAY000001684,issued,2014-07-21 23:25:37,NONE,20.0
TKT000001685,BKG000001685,PAY000001685,issued,2014-09-24 13:41:55,NONE,23.0
TKT000001686,BKG000001686,PAY000001686,issued,2014-12-16 18:52:01,NONE,4.0
TKT000001687,BKG000001687,PAY000001687,not_issued_payment_failed,,NONE,
TKT000001688,BKG000001688,PAY000001688,issued,2013-03-26 09:49:47,NONE,39.0
TKT000001689,BKG000001689,PAY000001689,not_issued_payment_failed,,NONE,
TKT000001690,BKG000001690,PAY000001690,issued,2014-08-13 17:38:00,NONE,21.0
TKT000001691,BKG000001691,PAY000001691,issued,2014-11-22 14:09:27,NONE,10.0
TKT000001692,BKG000001692,PAY000001692,issued,2013-07-18 02:20:33,NONE,34.0
TKT000001693,BKG000001693,PAY000001693,issued,2013-07-05 04:09:18,NONE,30.0
TKT000001694,BKG000001694,PAY000001694,issued,2013-10-14 17:59:37,NONE,40.0
TKT000001695,BKG000001695,PAY000001695,issued,2014-05-05 13:03:51,NONE,32.0
TKT000001696,BKG000001696,PAY000001696,issued,2014-05-05 11:37:51,NONE,43.0
TKT000001697,BKG000001697,PAY000001697,issued,2014-10-10 17:54:28,NONE,36.0
TKT000001698,BKG000001698,PAY000001698,issued,2014-12-30 13:00:02,NONE,15.0
TKT000001699,BKG000001699,PAY000001699,issued,2014-03-22 11:18:43,NONE,23.0
TKT000001700,BKG000001700,PAY000001700,issued,2013-11-21 07:20:11,NONE,29.0
TKT000001701,BKG000001701,PAY000001701,issued,2014-08-11 11:40:29,NONE,36.0
TKT000001702,BKG000001702,PAY000001702,not_issued_payment_failed,,NONE,
TKT000001703,BKG000001703,PAY000001703,issued,2014-09-17 23:02:58,NONE,17.0
TKT000001704,BKG000001704,PAY000001704,issued,2014-08-15 05:55:15,NONE,43.0
TKT000001705,BKG000001705,PAY000001705,issued,2014-12-31 14:18:50,NONE,45.0
TKT000001706,BKG000001706,PAY000001706,issued,2013-08-17 00:43:38,NONE,31.0
TKT000001707,BKG000001707,PAY000001707,issued,2013-05-12 13:36:50,NONE,29.0
TKT000001708,BKG000001708,PAY000001708,issued,2014-10-23 02:52:53,NONE,36.0
TKT000001709,BKG000001709,PAY000001709,issued,2014-07-15 01:40:59,NONE,27.0
TKT000001710,BKG000001710,PAY000001710,issued,2014-07-14 16:57:00,NONE,22.0
TKT000001711,BKG000001711,PAY000001711,issued,2014-02-24 00:09:59,NONE,25.0
TKT000001712,BKG000001712,PAY000001712,issued,2014-07-25 23:40:02,NONE,33.0
TKT000001713,BKG000001713,PAY000001713,issued,2013-05-23 14:38:21,NONE,468.0
TKT000001714,BKG000001714,PAY000001714,issued,2014-07-31 01:11:26,NONE,16.0
TKT000001715,BKG000001715,PAY000001715,issued,2013-08-24 22:18:36,NONE,24.0
TKT000001716,BKG000001716,PAY000001716,issued,2014-09-24 18:20:24,NONE,22.0
TKT000001717,BKG000001717,PAY000001717,issued,2014-02-13 14:06:06,NONE,10.0
TKT000001718,BKG000001718,PAY000001718,pending,2014-07-29 22:00:08,AIRLINE_CONFIRMATION_FAILED,7.0
TKT000001719,BKG000001719,PAY000001719,issued,2014-12-06 15:04:25,NONE,21.0
TKT000001720,BKG000001720,PAY000001720,issued,2013-03-29 02:00:50,NONE,789.0
TKT000001721,BKG000001721,PAY000001721,issued,2013-10-25 12:30:16,NONE,27.0
TKT000001722,BKG000001722,PAY000001722,issued,2014-11-26 04:39:56,NONE,39.0
TKT000001723,BKG000001723,PAY000001723,issued,2014-07-21 16:19:39,NONE,32.0
TKT000001724,BKG000001724,PAY000001724,not_issued_payment_failed,,NONE,
TKT000001725,BKG000001725,PAY000001725,issued,2014-02-13 22:16:21,NONE,40.0
TKT000001726,BKG000001726,PAY000001726,issued,2014-10-09 20:15:07,NONE,10.0
TKT000001727,BKG000001727,PAY000001727,issued,2013-05-17 13:57:55,NONE,11.0
TKT000001728,BKG000001728,PAY000001728,issued,2014-01-29 12:06:34,NONE,15.0
TKT000001729,BKG000001729,PAY000001729,issued,2014-06-21 20:54:38,NONE,26.0
TKT000001730,BKG000001730,PAY000001730,issued,2014-09-07 18:22:48,NONE,25.0
TKT000001731,BKG000001731,PAY000001731,pending,2013-03-27 21:43:14,TICKETING_TIMEOUT,197.0
TKT000001732,BKG000001732,PAY000001732,issued,2014-12-11 13:43:19,NONE,7.0
TKT000001733,BKG000001733,PAY000001733,issued,2014-02-04 22:58:06,NONE,4.0
TKT000001734,BKG000001734,PAY000001734,issued,2014-09-30 16:59:20,NONE,45.0
TKT000001735,BKG000001735,PAY000001735,issued,2014-12-22 02:22:10,NONE,16.0
TKT000001736,BKG000001736,PAY000001736,issued,2013-08-21 09:42:11,NONE,9.0
TKT000001737,BKG000001737,PAY000001737,issued,2013-05-02 13:54:27,NONE,20.0
TKT000001738,BKG000001738,PAY000001738,issued,2014-08-06 08:57:47,NONE,20.0
TKT000001739,BKG000001739,PAY000001739,issued,2013-02-26 20:53:04,NONE,37.0
TKT000001740,BKG000001740,PAY000001740,issued,2014-12-07 23:12:39,NONE,14.0
TKT000001741,BKG000001741,PAY000001741,issued,2014-11-06 10:32:09,NONE,31.0
TKT000001742,BKG000001742,PAY000001742,issued,2014-04-05 22:00:54,NONE,28.0
TKT000001743,BKG000001743,PAY000001743,issued,2014-03-22 09:45:12,NONE,1228.0
TKT000001744,BKG000001744,PAY000001744,issued,2014-07-08 22:53:25,NONE,5.0
TKT000001745,BKG000001745,PAY000001745,issued,2013-09-13 18:07:42,NONE,19.0
TKT000001746,BKG000001746,PAY000001746,issued,2013-12-13 18:20:08,NONE,23.0
TKT000001747,BKG000001747,PAY000001747,issued,2013-07-25 16:06:13,NONE,40.0
TKT000001748,BKG000001748,PAY000001748,issued,2014-10-19 23:12:27,NONE,34.0
TKT000001749,BKG000001749,PAY000001749,issued,2014-12-02 13:28:43,NONE,40.0
TKT000001750,BKG000001750,PAY000001750,issued,2014-10-13 13:44:08,NONE,41.0
TKT000001751,BKG000001751,PAY000001751,not_issued_payment_failed,,NONE,
TKT000001752,BKG000001752,PAY000001752,issued,2013-11-23 22:22:19,NONE,22.0
TKT000001753,BKG000001753,PAY000001753,issued,2013-02-17 02:58:31,NONE,16.0
TKT000001754,BKG000001754,PAY000001754,not_issued_payment_failed,,NONE,
TKT000001755,BKG000001755,PAY000001755,not_issued_payment_failed,,NONE,
TKT000001756,BKG000001756,PAY000001756,issued,2014-10-02 17:09:47,NONE,39.0
TKT000001757,BKG000001757,PAY000001757,issued,2014-02-06 13:41:00,NONE,9.0
TKT000001758,BKG000001758,PAY000001758,issued,2014-01-15 09:34:40,NONE,30.0
TKT000001759,BKG000001759,PAY000001759,issued,2013-05-23 15:03:32,NONE,33.0
TKT000001760,BKG000001760,PAY000001760,issued,2013-05-22 23:29:35,NONE,23.0
TKT000001761,BKG000001761,PAY000001761,issued,2014-11-09 09:42:23,NONE,25.0
TKT000001762,BKG000001762,PAY000001762,issued,2014-12-01 15:06:46,NONE,562.0
TKT000001763,BKG000001763,PAY000001763,issued,2014-02-19 11:15:21,NONE,12.0
TKT000001764,BKG000001764,PAY000001764,not_issued_payment_failed,,NONE,
TKT000001765,BKG000001765,PAY000001765,issued,2013-05-31 04:44:01,NONE,18.0
TKT000001766,BKG000001766,PAY000001766,not_issued_payment_failed,,NONE,
TKT000001767,BKG000001767,PAY000001767,issued,2013-01-27 07:09:10,NONE,12.0
TKT000001768,BKG000001768,PAY000001768,not_issued_payment_failed,,NONE,
TKT000001769,BKG000001769,PAY000001769,issued,2014-07-31 00:21:21,NONE,11.0
TKT000001770,BKG000001770,PAY000001770,issued,2014-11-04 19:17:27,NONE,1116.0
TKT000001771,BKG000001771,PAY000001771,not_issued_payment_failed,,NONE,
TKT000001772,BKG000001772,PAY000001772,issued,2014-01-06 19:00:10,NONE,15.0
TKT000001773,BKG000001773,PAY000001773,issued,2014-07-09 13:11:15,NONE,18.0
TKT000001774,BKG000001774,PAY000001774,issued,2013-01-31 22:59:35,NONE,3.0
TKT000001775,BKG000001775,PAY000001775,issued,2014-10-06 14:17:00,NONE,12.0
TKT000001776,BKG000001776,PAY000001776,issued,2014-11-04 16:23:08,NONE,33.0
TKT000001777,BKG000001777,PAY000001777,issued,2014-05-02 18:26:32,NONE,15.0
TKT000001778,BKG000001778,PAY000001778,issued,2013-10-24 13:57:34,NONE,42.0
TKT000001779,BKG000001779,PAY000001779,not_issued_payment_failed,,NONE,
TKT000001780,BKG000001780,PAY000001780,issued,2013-04-04 15:10:50,NONE,45.0
TKT000001781,BKG000001781,PAY000001781,issued,2014-12-17 06:52:23,NONE,45.0
TKT000001782,BKG000001782,PAY000001782,issued,2014-11-03 14:28:28,NONE,45.0
TKT000001783,BKG000001783,PAY000001783,issued,2014-11-17 15:17:24,NONE,24.0
TKT000001784,BKG000001784,PAY000001784,issued,2014-12-10 03:13:17,NONE,731.0
TKT000001785,BKG000001785,PAY000001785,issued,2014-07-14 18:47:55,NONE,3.0
TKT000001786,BKG000001786,PAY000001786,issued,2013-05-01 07:50:59,NONE,8.0
TKT000001787,BKG000001787,PAY000001787,issued,2014-10-20 20:52:21,NONE,12.0
TKT000001788,BKG000001788,PAY000001788,issued,2014-10-20 22:21:21,NONE,24.0
TKT000001789,BKG000001789,PAY000001789,issued,2013-03-28 10:49:52,NONE,13.0
TKT000001790,BKG000001790,PAY000001790,issued,2014-04-14 13:52:26,NONE,27.0
TKT000001791,BKG000001791,PAY000001791,issued,2013-12-12 15:40:23,NONE,33.0
TKT000001792,BKG000001792,PAY000001792,issued,2014-07-09 09:47:10,NONE,17.0
TKT000001793,BKG000001793,PAY000001793,issued,2014-05-28 22:37:06,NONE,31.0
TKT000001794,BKG000001794,PAY000001794,not_issued_payment_failed,,NONE,
TKT000001795,BKG000001795,PAY000001795,issued,2014-06-24 23:05:31,NONE,12.0
TKT000001796,BKG000001796,PAY000001796,issued,2014-04-30 08:45:59,NONE,21.0
TKT000001797,BKG000001797,PAY000001797,issued,2014-09-14 20:37:03,NONE,35.0
TKT000001798,BKG000001798,PAY000001798,issued,2013-03-07 18:45:00,NONE,39.0
TKT000001799,BKG000001799,PAY000001799,issued,2014-08-26 02:13:32,NONE,5.0
TKT000001800,BKG000001800,PAY000001800,issued,2014-01-27 12:43:41,NONE,1194.0
TKT000001801,BKG000001801,PAY000001801,issued,2013-11-26 23:32:35,NONE,33.0
TKT000001802,BKG000001802,PAY000001802,issued,2013-05-24 13:01:31,NONE,35.0
TKT000001803,BKG000001803,PAY000001803,issued,2014-09-18 21:14:42,NONE,16.0
TKT000001804,BKG000001804,PAY000001804,issued,2013-04-14 23:47:20,NONE,38.0
TKT000001805,BKG000001805,PAY000001805,issued,2014-07-24 05:18:03,NONE,537.0
TKT000001806,BKG000001806,PAY000001806,issued,2014-07-04 00:36:44,NONE,8.0
TKT000001807,BKG000001807,PAY000001807,issued,2013-01-16 21:18:35,NONE,14.0
TKT000001808,BKG000001808,PAY000001808,issued,2013-05-19 18:22:42,NONE,23.0
TKT000001809,BKG000001809,PAY000001809,issued,2013-11-06 14:35:46,NONE,18.0
TKT000001810,BKG000001810,PAY000001810,issued,2014-01-13 15:46:53,NONE,35.0
TKT000001811,BKG000001811,PAY000001811,pending,2013-05-22 14:01:40,AIRLINE_CONFIRMATION_FAILED,16.0
TKT000001812,BKG000001812,PAY000001812,issued,2014-01-08 10:40:56,NONE,17.0
TKT000001813,BKG000001813,PAY000001813,issued,2014-03-12 09:10:51,NONE,6.0
TKT000001814,BKG000001814,PAY000001814,failed,2014-03-27 10:47:51,INVENTORY_MISMATCH,12.0
TKT000001815,BKG000001815,PAY000001815,issued,2014-10-27 18:28:43,NONE,24.0
TKT000001816,BKG000001816,PAY000001816,issued,2013-08-06 11:56:25,NONE,41.0
TKT000001817,BKG000001817,PAY000001817,issued,2014-09-22 06:18:28,NONE,33.0
TKT000001818,BKG000001818,PAY000001818,issued,2014-03-25 22:23:50,NONE,31.0
TKT000001819,BKG000001819,PAY000001819,issued,2014-11-11 08:42:33,NONE,21.0
TKT000001820,BKG000001820,PAY000001820,not_issued_payment_failed,,NONE,
TKT000001821,BKG000001821,PAY000001821,issued,2014-03-19 19:02:30,NONE,7.0
TKT000001822,BKG000001822,PAY000001822,issued,2014-12-11 17:19:56,NONE,10.0
TKT000001823,BKG000001823,PAY000001823,issued,2014-05-16 06:41:36,NONE,20.0
TKT000001824,BKG000001824,PAY000001824,issued,2014-03-08 01:10:05,NONE,28.0
TKT000001825,BKG000001825,PAY000001825,not_issued_payment_failed,,NONE,
TKT000001826,BKG000001826,PAY000001826,issued,2014-03-07 21:03:38,NONE,13.0
TKT000001827,BKG000001827,PAY000001827,issued,2014-03-24 10:45:43,NONE,44.0
TKT000001828,BKG000001828,PAY000001828,issued,2014-12-13 17:52:34,NONE,27.0
TKT000001829,BKG000001829,PAY000001829,issued,2013-04-05 18:51:39,NONE,18.0
TKT000001830,BKG000001830,PAY000001830,issued,2014-07-15 19:56:04,NONE,10.0
TKT000001831,BKG000001831,PAY000001831,issued,2013-09-09 14:17:15,NONE,28.0
TKT000001832,BKG000001832,PAY000001832,issued,2013-10-21 19:56:07,NONE,45.0
TKT000001833,BKG000001833,PAY000001833,issued,2013-02-22 19:24:12,NONE,22.0
TKT000001834,BKG000001834,PAY000001834,issued,2014-07-13 15:08:53,NONE,15.0
TKT000001835,BKG000001835,PAY000001835,issued,2014-01-11 15:39:35,NONE,9.0
TKT000001836,BKG000001836,PAY000001836,issued,2014-07-14 02:47:05,NONE,479.0
TKT000001837,BKG000001837,PAY000001837,issued,2014-02-14 02:38:24,NONE,32.0
TKT000001838,BKG000001838,PAY000001838,issued,2013-06-17 08:06:55,NONE,17.0
TKT000001839,BKG000001839,PAY000001839,failed,2013-08-03 12:17:53,AIRLINE_CONFIRMATION_FAILED,34.0
TKT000001840,BKG000001840,PAY000001840,issued,2014-08-18 20:09:32,NONE,11.0
TKT000001841,BKG000001841,PAY000001841,issued,2014-11-28 13:13:41,NONE,16.0
TKT000001842,BKG000001842,PAY000001842,issued,2013-06-12 15:55:20,NONE,29.0
TKT000001843,BKG000001843,PAY000001843,issued,2013-07-18 03:02:57,NONE,39.0
TKT000001844,BKG000001844,PAY000001844,issued,2014-02-03 13:30:28,NONE,3.0
TKT000001845,BKG000001845,PAY000001845,issued,2014-11-20 12:18:19,NONE,8.0
TKT000001846,BKG000001846,PAY000001846,not_issued_payment_failed,,NONE,
TKT000001847,BKG000001847,PAY000001847,issued,2014-06-20 01:04:41,NONE,30.0
TKT000001848,BKG000001848,PAY000001848,issued,2013-07-24 17:07:23,NONE,40.0
TKT000001849,BKG000001849,PAY000001849,issued,2014-06-02 14:44:42,NONE,11.0
TKT000001850,BKG000001850,PAY000001850,issued,2013-03-17 16:45:57,NONE,4.0
TKT000001851,BKG000001851,PAY000001851,not_issued_payment_failed,,NONE,
TKT000001852,BKG000001852,PAY000001852,issued,2014-06-04 02:54:39,NONE,9.0
TKT000001853,BKG000001853,PAY000001853,issued,2014-03-08 01:09:54,NONE,19.0
TKT000001854,BKG000001854,PAY000001854,issued,2014-02-06 00:23:13,NONE,26.0
TKT000001855,BKG000001855,PAY000001855,issued,2014-05-27 21:23:22,NONE,36.0
TKT000001856,BKG000001856,PAY000001856,issued,2013-01-15 23:30:34,NONE,4.0
TKT000001857,BKG000001857,PAY000001857,issued,2013-09-13 13:18:58,NONE,34.0
TKT000001858,BKG000001858,PAY000001858,issued,2014-03-11 00:32:58,NONE,18.0
TKT000001859,BKG000001859,PAY000001859,issued,2014-07-06 18:43:53,NONE,7.0
TKT000001860,BKG000001860,PAY000001860,issued,2014-03-19 19:45:24,NONE,43.0
TKT000001861,BKG000001861,PAY000001861,pending,2013-04-20 22:57:50,AIRLINE_CONFIRMATION_FAILED,37.0
TKT000001862,BKG000001862,PAY000001862,not_issued_payment_failed,,NONE,
TKT000001863,BKG000001863,PAY000001863,issued,2014-10-15 12:40:38,NONE,24.0
TKT000001864,BKG000001864,PAY000001864,issued,2014-06-11 12:59:19,NONE,40.0
TKT000001865,BKG000001865,PAY000001865,not_issued_payment_failed,,NONE,
TKT000001866,BKG000001866,PAY000001866,issued,2014-10-23 12:30:00,NONE,5.0
TKT000001867,BKG000001867,PAY000001867,issued,2014-12-29 23:05:52,NONE,662.0
TKT000001868,BKG000001868,PAY000001868,issued,2014-05-23 18:27:39,NONE,42.0
TKT000001869,BKG000001869,PAY000001869,issued,2014-04-01 19:43:22,NONE,43.0
TKT000001870,BKG000001870,PAY000001870,issued,2013-08-16 00:57:20,NONE,41.0
TKT000001871,BKG000001871,PAY000001871,issued,2014-05-11 17:39:32,NONE,33.0
TKT000001872,BKG000001872,PAY000001872,issued,2013-11-13 13:29:17,NONE,18.0
TKT000001873,BKG000001873,PAY000001873,issued,2014-05-07 10:18:58,NONE,32.0
TKT000001874,BKG000001874,PAY000001874,issued,2014-08-19 00:10:51,NONE,19.0
TKT000001875,BKG000001875,PAY000001875,issued,2014-03-06 12:17:15,NONE,30.0
TKT000001876,BKG000001876,PAY000001876,issued,2013-03-22 00:20:57,NONE,8.0
TKT000001877,BKG000001877,PAY000001877,issued,2013-02-14 21:49:26,NONE,34.0
TKT000001878,BKG000001878,PAY000001878,issued,2014-11-17 20:05:09,NONE,31.0
TKT000001879,BKG000001879,PAY000001879,issued,2013-07-14 11:18:26,NONE,16.0
TKT000001880,BKG000001880,PAY000001880,issued,2013-08-30 18:16:14,NONE,17.0
TKT000001881,BKG000001881,PAY000001881,issued,2013-08-21 19:58:57,NONE,31.0
TKT000001882,BKG000001882,PAY000001882,issued,2013-01-18 20:16:52,NONE,13.0
TKT000001883,BKG000001883,PAY000001883,issued,2014-03-21 09:37:24,NONE,1179.0
TKT000001884,BKG000001884,PAY000001884,issued,2014-04-12 06:39:36,NONE,25.0
TKT000001885,BKG000001885,PAY000001885,not_issued_payment_failed,,NONE,
TKT000001886,BKG000001886,PAY000001886,pending,2014-08-27 06:20:16,SUPPLIER_ERROR,928.0
TKT000001887,BKG000001887,PAY000001887,issued,2014-05-31 21:44:08,NONE,4.0
TKT000001888,BKG000001888,PAY000001888,not_issued_payment_failed,,NONE,
TKT000001889,BKG000001889,PAY000001889,issued,2014-12-15 11:24:12,NONE,42.0
TKT000001890,BKG000001890,PAY000001890,issued,2014-05-04 21:50:31,NONE,21.0
TKT000001891,BKG000001891,PAY000001891,issued,2014-12-18 13:28:06,NONE,29.0
TKT000001892,BKG000001892,PAY000001892,issued,2013-01-25 11:07:15,NONE,4.0
TKT000001893,BKG000001893,PAY000001893,issued,2014-09-30 21:46:42,NONE,19.0
TKT000001894,BKG000001894,PAY000001894,issued,2013-02-28 23:19:36,NONE,38.0
TKT000001895,BKG000001895,PAY000001895,issued,2013-04-03 16:11:32,NONE,41.0
TKT000001896,BKG000001896,PAY000001896,issued,2014-03-21 16:51:34,NONE,875.0
TKT000001897,BKG000001897,PAY000001897,issued,2014-02-01 22:34:52,NONE,870.0
TKT000001898,BKG000001898,PAY000001898,issued,2014-03-26 23:10:36,NONE,8.0
TKT000001899,BKG000001899,PAY000001899,issued,2014-01-27 14:40:02,NONE,37.0
TKT000001900,BKG000001900,PAY000001900,issued,2014-05-22 09:22:57,NONE,32.0
TKT000001901,BKG000001901,PAY000001901,issued,2014-06-28 22:21:49,NONE,37.0
TKT000001902,BKG000001902,PAY000001902,failed,2014-08-25 22:04:01,AIRLINE_CONFIRMATION_FAILED,25.0
TKT000001903,BKG000001903,PAY000001903,issued,2014-10-13 20:09:31,NONE,7.0
TKT000001904,BKG000001904,PAY000001904,issued,2014-02-19 20:03:31,NONE,20.0
TKT000001905,BKG000001905,PAY000001905,not_issued_payment_failed,,NONE,
TKT000001906,BKG000001906,PAY000001906,issued,2013-10-08 17:49:59,NONE,5.0
TKT000001907,BKG000001907,PAY000001907,issued,2014-09-25 03:43:11,NONE,17.0
TKT000001908,BKG000001908,PAY000001908,issued,2013-08-23 20:36:23,NONE,23.0
TKT000001909,BKG000001909,PAY000001909,issued,2014-01-26 18:00:55,NONE,31.0
TKT000001910,BKG000001910,PAY000001910,issued,2014-03-28 00:02:33,NONE,14.0
TKT000001911,BKG000001911,PAY000001911,issued,2014-10-12 19:12:02,NONE,5.0
TKT000001912,BKG000001912,PAY000001912,failed,2013-11-05 23:34:04,TICKETING_TIMEOUT,26.0
TKT000001913,BKG000001913,PAY000001913,issued,2014-12-14 23:56:22,NONE,44.0
TKT000001914,BKG000001914,PAY000001914,issued,2014-03-03 18:19:10,NONE,4.0
TKT000001915,BKG000001915,PAY000001915,issued,2014-06-10 13:23:41,NONE,28.0
TKT000001916,BKG000001916,PAY000001916,not_issued_payment_failed,,NONE,
TKT000001917,BKG000001917,PAY000001917,issued,2014-06-30 09:27:18,NONE,33.0
TKT000001918,BKG000001918,PAY000001918,not_issued_payment_failed,,NONE,
TKT000001919,BKG000001919,PAY000001919,issued,2013-05-22 00:31:36,NONE,6.0
TKT000001920,BKG000001920,PAY000001920,issued,2014-06-01 08:38:25,NONE,907.0
TKT000001921,BKG000001921,PAY000001921,issued,2014-07-07 12:00:06,NONE,14.0
TKT000001922,BKG000001922,PAY000001922,issued,2013-02-03 18:12:20,NONE,280.0
TKT000001923,BKG000001923,PAY000001923,issued,2014-06-23 17:56:16,NONE,9.0
TKT000001924,BKG000001924,PAY000001924,issued,2013-04-20 16:55:11,NONE,7.0
TKT000001925,BKG000001925,PAY000001925,issued,2014-12-22 22:14:23,NONE,41.0
TKT000001926,BKG000001926,PAY000001926,issued,2014-06-07 02:01:59,NONE,648.0
TKT000001927,BKG000001927,PAY000001927,issued,2014-05-23 10:23:22,NONE,34.0
TKT000001928,BKG000001928,PAY000001928,issued,2013-04-03 23:37:18,NONE,35.0
TKT000001929,BKG000001929,PAY000001929,issued,2014-07-06 23:33:04,NONE,9.0
TKT000001930,BKG000001930,PAY000001930,issued,2014-04-02 15:05:29,NONE,12.0
TKT000001931,BKG000001931,PAY000001931,issued,2013-10-17 07:21:40,NONE,10.0
TKT000001932,BKG000001932,PAY000001932,issued,2014-01-08 12:47:41,NONE,5.0
TKT000001933,BKG000001933,PAY000001933,issued,2014-03-27 16:48:20,NONE,37.0
TKT000001934,BKG000001934,PAY000001934,issued,2014-05-22 13:21:06,NONE,6.0
TKT000001935,BKG000001935,PAY000001935,issued,2014-06-11 23:18:11,NONE,10.0
TKT000001936,BKG000001936,PAY000001936,issued,2014-08-08 11:26:45,NONE,44.0
TKT000001937,BKG000001937,PAY000001937,issued,2013-05-21 19:47:52,NONE,26.0
TKT000001938,BKG000001938,PAY000001938,issued,2014-08-17 00:49:14,NONE,32.0
TKT000001939,BKG000001939,PAY000001939,issued,2013-05-03 00:30:28,NONE,43.0
TKT000001940,BKG000001940,PAY000001940,issued,2013-06-06 09:44:37,NONE,9.0
TKT000001941,BKG000001941,PAY000001941,issued,2014-06-03 22:49:10,NONE,25.0
TKT000001942,BKG000001942,PAY000001942,issued,2014-01-04 16:08:57,NONE,15.0
TKT000001943,BKG000001943,PAY000001943,not_issued_payment_failed,,NONE,
TKT000001944,BKG000001944,PAY000001944,not_issued_payment_failed,,NONE,
TKT000001945,BKG000001945,PAY000001945,issued,2014-10-03 11:28:54,NONE,10.0
TKT000001946,BKG000001946,PAY000001946,issued,2013-08-05 09:28:54,NONE,778.0
TKT000001947,BKG000001947,PAY000001947,issued,2013-07-21 16:54:29,NONE,45.0
TKT000001948,BKG000001948,PAY000001948,issued,2014-05-22 00:39:41,NONE,18.0
TKT000001949,BKG000001949,PAY000001949,issued,2013-01-24 00:50:13,NONE,27.0
TKT000001950,BKG000001950,PAY000001950,not_issued_payment_failed,,NONE,
TKT000001951,BKG000001951,PAY000001951,issued,2014-08-05 02:14:50,NONE,45.0
TKT000001952,BKG000001952,PAY000001952,issued,2013-07-31 00:22:55,NONE,28.0
TKT000001953,BKG000001953,PAY000001953,issued,2014-10-19 20:52:42,NONE,34.0
TKT000001954,BKG000001954,PAY000001954,issued,2013-09-11 11:12:08,NONE,32.0
TKT000001955,BKG000001955,PAY000001955,issued,2014-04-23 08:30:38,NONE,14.0
TKT000001956,BKG000001956,PAY000001956,issued,2014-08-19 18:05:12,NONE,5.0
TKT000001957,BKG000001957,PAY000001957,issued,2013-01-13 16:40:29,NONE,33.0
TKT000001958,BKG000001958,PAY000001958,issued,2013-06-28 12:56:41,NONE,35.0
TKT000001959,BKG000001959,PAY000001959,not_issued_payment_failed,,NONE,
TKT000001960,BKG000001960,PAY000001960,issued,2013-12-14 13:43:01,NONE,28.0
TKT000001961,BKG000001961,PAY000001961,issued,2014-05-06 09:05:06,NONE,41.0
TKT000001962,BKG000001962,PAY000001962,not_issued_payment_failed,,NONE,
TKT000001963,BKG000001963,PAY000001963,issued,2014-09-28 14:29:30,NONE,14.0
TKT000001964,BKG000001964,PAY000001964,issued,2013-03-05 08:20:26,NONE,7.0
TKT000001965,BKG000001965,PAY000001965,issued,2014-08-05 21:18:05,NONE,29.0
TKT000001966,BKG000001966,PAY000001966,issued,2014-05-20 13:22:20,NONE,11.0
TKT000001967,BKG000001967,PAY000001967,issued,2014-08-24 23:39:17,NONE,35.0
TKT000001968,BKG000001968,PAY000001968,issued,2014-10-20 22:40:15,NONE,11.0
TKT000001969,BKG000001969,PAY000001969,issued,2014-06-18 15:29:38,NONE,34.0
TKT000001970,BKG000001970,PAY000001970,issued,2013-07-04 12:20:33,NONE,42.0
TKT000001971,BKG000001971,PAY000001971,issued,2013-01-26 02:24:54,NONE,8.0
TKT000001972,BKG000001972,PAY000001972,issued,2013-01-16 16:09:14,NONE,3.0
TKT000001973,BKG000001973,PAY000001973,issued,2014-06-27 07:53:47,NONE,37.0
TKT000001974,BKG000001974,PAY000001974,not_issued_payment_failed,,NONE,
TKT000001975,BKG000001975,PAY000001975,issued,2013-11-30 12:31:01,NONE,32.0
TKT000001976,BKG000001976,PAY000001976,issued,2013-06-09 21:33:09,NONE,11.0
TKT000001977,BKG000001977,PAY000001977,issued,2014-10-07 11:36:40,NONE,676.0
TKT000001978,BKG000001978,PAY000001978,issued,2014-06-05 18:15:58,NONE,41.0
TKT000001979,BKG000001979,PAY000001979,issued,2013-12-17 23:02:41,NONE,8.0
TKT000001980,BKG000001980,PAY000001980,issued,2014-08-02 18:13:52,NONE,35.0
TKT000001981,BKG000001981,PAY000001981,not_issued_payment_failed,,NONE,
TKT000001982,BKG000001982,PAY000001982,issued,2013-11-13 01:19:54,NONE,20.0
TKT000001983,BKG000001983,PAY000001983,issued,2014-04-10 02:08:03,NONE,17.0
TKT000001984,BKG000001984,PAY000001984,issued,2014-08-18 17:08:37,NONE,9.0
TKT000001985,BKG000001985,PAY000001985,issued,2014-08-25 19:58:05,NONE,21.0
TKT000001986,BKG000001986,PAY000001986,issued,2014-07-08 17:57:00,NONE,11.0
TKT000001987,BKG000001987,PAY000001987,issued,2014-09-20 01:14:56,NONE,40.0
TKT000001988,BKG000001988,PAY000001988,issued,2014-01-26 00:41:50,NONE,31.0
TKT000001989,BKG000001989,PAY000001989,issued,2014-12-16 10:15:49,NONE,42.0
TKT000001990,BKG000001990,PAY000001990,issued,2014-09-17 19:40:05,NONE,43.0
TKT000001991,BKG000001991,PAY000001991,not_issued_payment_failed,,NONE,
TKT000001992,BKG000001992,PAY000001992,issued,2014-12-06 14:13:35,NONE,26.0
TKT000001993,BKG000001993,PAY000001993,issued,2014-11-04 20:29:42,NONE,39.0
TKT000001994,BKG000001994,PAY000001994,issued,2014-09-05 11:50:28,NONE,23.0
TKT000001995,BKG000001995,PAY000001995,issued,2014-10-14 19:21:52,NONE,18.0
TKT000001996,BKG000001996,PAY000001996,issued,2014-05-21 21:16:45,NONE,21.0
TKT000001997,BKG000001997,PAY000001997,issued,2013-06-03 07:09:12,NONE,5.0
TKT000001998,BKG000001998,PAY000001998,issued,2013-02-18 09:53:48,NONE,17.0
TKT000001999,BKG000001999,PAY000001999,issued,2014-04-24 15:04:29,NONE,18.0
TKT000002000,BKG000002000,PAY000002000,issued,2014-11-10 14:21:35,NONE,41.0
TKT000002001,BKG000002001,PAY000002001,issued,2014-09-01 22:48:18,NONE,35.0
TKT000002002,BKG000002002,PAY000002002,issued,2014-10-08 01:00:00,NONE,15.0
TKT000002003,BKG000002003,PAY000002003,issued,2014-01-15 19:39:02,NONE,17.0
TKT000002004,BKG000002004,PAY000002004,issued,2014-01-15 21:01:02,NONE,13.0
TKT000002005,BKG000002005,PAY000002005,issued,2014-12-11 16:38:05,NONE,45.0
TKT000002006,BKG000002006,PAY000002006,issued,2013-03-07 04:42:46,NONE,11.0
TKT000002007,BKG000002007,PAY000002007,issued,2013-06-01 15:51:44,NONE,13.0
TKT000002008,BKG000002008,PAY000002008,issued,2014-07-24 11:47:42,NONE,3.0
TKT000002009,BKG000002009,PAY000002009,issued,2014-12-26 22:47:34,NONE,43.0
TKT000002010,BKG000002010,PAY000002010,issued,2013-03-29 21:49:19,NONE,14.0
TKT000002011,BKG000002011,PAY000002011,issued,2014-06-22 21:00:23,NONE,13.0
TKT000002012,BKG000002012,PAY000002012,not_issued_payment_failed,,NONE,
TKT000002013,BKG000002013,PAY000002013,failed,2014-09-17 09:34:23,SUPPLIER_ERROR,13.0
TKT000002014,BKG000002014,PAY000002014,issued,2013-01-21 08:17:47,NONE,20.0
TKT000002015,BKG000002015,PAY000002015,issued,2014-05-04 11:59:40,NONE,28.0
TKT000002016,BKG000002016,PAY000002016,issued,2013-06-16 08:18:46,NONE,6.0
TKT000002017,BKG000002017,PAY000002017,not_issued_payment_failed,,NONE,
TKT000002018,BKG000002018,PAY000002018,issued,2014-12-05 22:06:04,NONE,42.0
TKT000002019,BKG000002019,PAY000002019,issued,2014-04-03 20:37:07,NONE,7.0
TKT000002020,BKG000002020,PAY000002020,issued,2014-05-09 20:23:18,NONE,42.0
TKT000002021,BKG000002021,PAY000002021,issued,2013-09-11 20:15:03,NONE,11.0
TKT000002022,BKG000002022,PAY000002022,issued,2014-09-18 23:43:28,NONE,19.0
TKT000002023,BKG000002023,PAY000002023,issued,2014-08-23 22:00:17,NONE,15.0
TKT000002024,BKG000002024,PAY000002024,issued,2013-04-22 19:53:32,NONE,39.0
TKT000002025,BKG000002025,PAY000002025,issued,2014-09-08 21:16:27,NONE,6.0
TKT000002026,BKG000002026,PAY000002026,issued,2013-05-20 23:47:08,NONE,41.0
TKT000002027,BKG000002027,PAY000002027,issued,2014-08-15 22:00:00,NONE,10.0
TKT000002028,BKG000002028,PAY000002028,issued,2013-11-01 22:04:14,NONE,3.0
TKT000002029,BKG000002029,PAY000002029,issued,2014-10-20 14:09:35,NONE,8.0
TKT000002030,BKG000002030,PAY000002030,not_issued_payment_failed,,NONE,
TKT000002031,BKG000002031,PAY000002031,issued,2014-10-24 06:07:48,NONE,39.0
TKT000002032,BKG000002032,PAY000002032,not_issued_payment_failed,,NONE,
TKT000002033,BKG000002033,PAY000002033,issued,2013-10-24 14:11:10,NONE,35.0
TKT000002034,BKG000002034,PAY000002034,issued,2014-08-12 03:04:03,NONE,8.0
TKT000002035,BKG000002035,PAY000002035,issued,2013-07-02 08:59:53,NONE,44.0
TKT000002036,BKG000002036,PAY000002036,issued,2014-11-23 02:06:15,NONE,29.0
TKT000002037,BKG000002037,PAY000002037,issued,2014-05-02 09:47:25,NONE,37.0
TKT000002038,BKG000002038,PAY000002038,issued,2014-03-02 20:30:33,NONE,43.0
TKT000002039,BKG000002039,PAY000002039,issued,2014-09-27 10:36:11,NONE,3.0
TKT000002040,BKG000002040,PAY000002040,issued,2014-06-13 11:47:09,NONE,16.0
TKT000002041,BKG000002041,PAY000002041,not_issued_payment_failed,,NONE,
TKT000002042,BKG000002042,PAY000002042,issued,2014-06-22 14:32:26,NONE,31.0
TKT000002043,BKG000002043,PAY000002043,issued,2014-08-23 17:36:45,NONE,34.0
TKT000002044,BKG000002044,PAY000002044,issued,2013-06-01 16:35:19,NONE,18.0
TKT000002045,BKG000002045,PAY000002045,issued,2014-08-12 12:00:13,NONE,4.0
TKT000002046,BKG000002046,PAY000002046,issued,2014-03-13 09:10:36,NONE,1281.0
TKT000002047,BKG000002047,PAY000002047,issued,2014-06-08 00:36:08,NONE,20.0
TKT000002048,BKG000002048,PAY000002048,issued,2013-09-05 18:17:31,NONE,33.0
TKT000002049,BKG000002049,PAY000002049,issued,2014-05-22 21:51:40,NONE,16.0
TKT000002050,BKG000002050,PAY000002050,issued,2013-01-31 14:54:41,NONE,35.0
TKT000002051,BKG000002051,PAY000002051,issued,2013-10-11 18:03:10,NONE,7.0
TKT000002052,BKG000002052,PAY000002052,issued,2014-07-29 12:58:19,NONE,37.0
TKT000002053,BKG000002053,PAY000002053,issued,2014-02-26 14:12:09,NONE,21.0
TKT000002054,BKG000002054,PAY000002054,issued,2014-05-10 13:18:37,NONE,35.0
TKT000002055,BKG000002055,PAY000002055,issued,2014-12-06 15:45:22,NONE,28.0
TKT000002056,BKG000002056,PAY000002056,issued,2014-03-30 19:11:42,NONE,40.0
TKT000002057,BKG000002057,PAY000002057,issued,2014-11-07 16:28:59,NONE,45.0
TKT000002058,BKG000002058,PAY000002058,failed,2014-04-09 11:03:45,SUPPLIER_ERROR,6.0
TKT000002059,BKG000002059,PAY000002059,issued,2013-10-16 20:11:43,NONE,40.0
TKT000002060,BKG000002060,PAY000002060,issued,2013-11-11 17:04:29,NONE,34.0
TKT000002061,BKG000002061,PAY000002061,issued,2014-06-04 10:55:44,NONE,5.0
TKT000002062,BKG000002062,PAY000002062,issued,2014-01-02 20:57:55,NONE,45.0
TKT000002063,BKG000002063,PAY000002063,not_issued_payment_failed,,NONE,
TKT000002064,BKG000002064,PAY000002064,issued,2014-11-17 12:52:12,NONE,28.0
TKT000002065,BKG000002065,PAY000002065,issued,2013-09-03 09:32:11,NONE,45.0
TKT000002066,BKG000002066,PAY000002066,issued,2014-06-21 18:35:31,NONE,25.0
TKT000002067,BKG000002067,PAY000002067,issued,2014-01-30 12:31:57,NONE,31.0
TKT000002068,BKG000002068,PAY000002068,issued,2013-11-23 10:07:00,NONE,30.0
TKT000002069,BKG000002069,PAY000002069,issued,2014-12-30 06:53:26,NONE,25.0
TKT000002070,BKG000002070,PAY000002070,issued,2014-02-19 18:32:02,NONE,45.0
TKT000002071,BKG000002071,PAY000002071,issued,2014-12-12 07:19:12,NONE,17.0
TKT000002072,BKG000002072,PAY000002072,issued,2014-12-12 07:55:12,NONE,35.0
TKT000002073,BKG000002073,PAY000002073,issued,2013-03-22 17:13:47,NONE,17.0
TKT000002074,BKG000002074,PAY000002074,issued,2014-11-06 16:26:57,NONE,27.0
TKT000002075,BKG000002075,PAY000002075,issued,2014-02-20 13:42:50,NONE,24.0
TKT000002076,BKG000002076,PAY000002076,issued,2013-06-13 17:57:33,NONE,28.0
TKT000002077,BKG000002077,PAY000002077,issued,2014-05-23 09:45:53,NONE,5.0
TKT000002078,BKG000002078,PAY000002078,pending,2014-12-08 11:05:48,TICKETING_TIMEOUT,13.0
TKT000002079,BKG000002079,PAY000002079,issued,2013-11-21 15:48:18,NONE,40.0
TKT000002080,BKG000002080,PAY000002080,issued,2013-12-24 11:39:51,NONE,16.0
TKT000002081,BKG000002081,PAY000002081,issued,2013-05-20 14:22:22,NONE,816.0
TKT000002082,BKG000002082,PAY000002082,not_issued_payment_failed,,NONE,
TKT000002083,BKG000002083,PAY000002083,issued,2014-08-26 16:08:09,NONE,41.0
TKT000002084,BKG000002084,PAY000002084,issued,2014-07-17 14:37:53,NONE,4.0
TKT000002085,BKG000002085,PAY000002085,issued,2013-11-19 01:52:21,NONE,21.0
TKT000002086,BKG000002086,PAY000002086,issued,2013-07-30 13:17:20,NONE,39.0
TKT000002087,BKG000002087,PAY000002087,issued,2013-03-14 18:21:17,NONE,13.0
TKT000002088,BKG000002088,PAY000002088,pending,2013-04-19 17:05:13,TICKETING_TIMEOUT,6.0
TKT000002089,BKG000002089,PAY000002089,issued,2014-05-26 09:35:17,NONE,45.0
TKT000002090,BKG000002090,PAY000002090,issued,2014-06-03 20:42:34,NONE,25.0
TKT000002091,BKG000002091,PAY000002091,issued,2014-10-02 17:50:42,NONE,37.0
TKT000002092,BKG000002092,PAY000002092,issued,2014-07-16 19:36:21,NONE,34.0
TKT000002093,BKG000002093,PAY000002093,issued,2014-06-19 17:48:05,NONE,38.0
TKT000002094,BKG000002094,PAY000002094,issued,2013-04-21 20:39:48,NONE,25.0
TKT000002095,BKG000002095,PAY000002095,not_issued_payment_failed,,NONE,
TKT000002096,BKG000002096,PAY000002096,not_issued_payment_failed,,NONE,
TKT000002097,BKG000002097,PAY000002097,issued,2013-09-26 03:58:35,NONE,19.0
TKT000002098,BKG000002098,PAY000002098,issued,2013-08-05 18:00:21,NONE,30.0
TKT000002099,BKG000002099,PAY000002099,issued,2014-08-24 21:47:01,NONE,37.0
TKT000002100,BKG000002100,PAY000002100,issued,2013-02-07 15:35:53,NONE,38.0
TKT000002101,BKG000002101,PAY000002101,issued,2014-05-27 16:31:23,NONE,37.0
TKT000002102,BKG000002102,PAY000002102,issued,2014-04-15 07:58:30,NONE,37.0
TKT000002103,BKG000002103,PAY000002103,issued,2013-05-14 14:03:58,NONE,10.0
TKT000002104,BKG000002104,PAY000002104,issued,2014-03-19 23:11:18,NONE,19.0
TKT000002105,BKG000002105,PAY000002105,issued,2014-12-15 06:12:30,NONE,36.0
TKT000002106,BKG000002106,PAY000002106,issued,2014-05-31 01:58:13,NONE,24.0
TKT000002107,BKG000002107,PAY000002107,issued,2014-08-03 23:33:39,NONE,351.0
TKT000002108,BKG000002108,PAY000002108,issued,2014-12-20 02:07:31,NONE,28.0
TKT000002109,BKG000002109,PAY000002109,issued,2014-12-23 23:19:28,NONE,24.0
TKT000002110,BKG000002110,PAY000002110,issued,2013-07-29 18:28:23,NONE,45.0
TKT000002111,BKG000002111,PAY000002111,issued,2014-10-12 10:45:33,NONE,43.0
TKT000002112,BKG000002112,PAY000002112,issued,2014-04-14 17:13:52,NONE,45.0
TKT000002113,BKG000002113,PAY000002113,pending,2013-12-20 17:22:45,AIRLINE_CONFIRMATION_FAILED,21.0
TKT000002114,BKG000002114,PAY000002114,issued,2014-11-04 15:35:02,NONE,12.0
TKT000002115,BKG000002115,PAY000002115,issued,2014-04-01 13:00:00,NONE,15.0
TKT000002116,BKG000002116,PAY000002116,issued,2014-04-05 16:59:09,NONE,1409.0
TKT000002117,BKG000002117,PAY000002117,issued,2014-07-10 23:28:22,NONE,28.0
TKT000002118,BKG000002118,PAY000002118,issued,2014-03-28 10:34:07,NONE,30.0
TKT000002119,BKG000002119,PAY000002119,issued,2013-09-10 12:24:25,NONE,14.0
TKT000002120,BKG000002120,PAY000002120,issued,2014-01-08 18:50:35,NONE,28.0
TKT000002121,BKG000002121,PAY000002121,issued,2014-10-09 08:58:21,NONE,4.0
TKT000002122,BKG000002122,PAY000002122,issued,2014-05-09 03:45:04,NONE,43.0
TKT000002123,BKG000002123,PAY000002123,issued,2013-06-05 11:56:35,NONE,19.0
TKT000002124,BKG000002124,PAY000002124,issued,2013-06-05 13:51:35,NONE,41.0
TKT000002125,BKG000002125,PAY000002125,issued,2013-06-23 21:37:20,NONE,34.0
TKT000002126,BKG000002126,PAY000002126,issued,2014-03-15 21:02:05,NONE,8.0
TKT000002127,BKG000002127,PAY000002127,issued,2013-03-11 13:05:08,NONE,40.0
TKT000002128,BKG000002128,PAY000002128,not_issued_payment_failed,,NONE,
TKT000002129,BKG000002129,PAY000002129,issued,2014-01-21 23:46:50,NONE,6.0
TKT000002130,BKG000002130,PAY000002130,issued,2014-05-15 11:24:06,NONE,5.0
TKT000002131,BKG000002131,PAY000002131,issued,2014-07-13 13:47:06,NONE,35.0
TKT000002132,BKG000002132,PAY000002132,issued,2014-11-18 16:18:46,NONE,30.0
TKT000002133,BKG000002133,PAY000002133,issued,2013-12-05 13:12:42,NONE,33.0
TKT000002134,BKG000002134,PAY000002134,issued,2013-12-16 19:51:21,NONE,9.0
TKT000002135,BKG000002135,PAY000002135,issued,2014-09-09 19:13:27,NONE,29.0
TKT000002136,BKG000002136,PAY000002136,issued,2014-08-13 01:05:06,NONE,22.0
TKT000002137,BKG000002137,PAY000002137,issued,2013-09-16 22:55:54,NONE,22.0
TKT000002138,BKG000002138,PAY000002138,issued,2013-05-16 04:11:24,NONE,479.0
TKT000002139,BKG000002139,PAY000002139,issued,2013-12-20 19:00:54,NONE,39.0
TKT000002140,BKG000002140,PAY000002140,issued,2014-01-15 08:59:02,NONE,4.0
TKT000002141,BKG000002141,PAY000002141,issued,2014-09-18 15:42:38,NONE,40.0
TKT000002142,BKG000002142,PAY000002142,issued,2013-05-10 16:06:38,NONE,43.0
TKT000002143,BKG000002143,PAY000002143,issued,2014-07-06 15:49:03,NONE,29.0
TKT000002144,BKG000002144,PAY000002144,issued,2013-12-08 22:57:36,NONE,4.0
TKT000002145,BKG000002145,PAY000002145,issued,2014-09-08 23:22:59,NONE,33.0
TKT000002146,BKG000002146,PAY000002146,issued,2014-11-06 11:00:21,NONE,31.0
TKT000002147,BKG000002147,PAY000002147,issued,2014-06-16 22:17:48,NONE,19.0
TKT000002148,BKG000002148,PAY000002148,issued,2014-12-22 06:47:31,NONE,3.0
TKT000002149,BKG000002149,PAY000002149,issued,2013-12-13 17:25:51,NONE,39.0
TKT000002150,BKG000002150,PAY000002150,issued,2014-05-14 18:17:28,NONE,16.0
TKT000002151,BKG000002151,PAY000002151,issued,2014-09-20 13:06:35,NONE,22.0
TKT000002152,BKG000002152,PAY000002152,issued,2014-08-04 13:20:28,NONE,43.0
TKT000002153,BKG000002153,PAY000002153,issued,2014-12-31 21:02:51,NONE,310.0
TKT000002154,BKG000002154,PAY000002154,issued,2014-08-08 17:17:56,NONE,9.0
TKT000002155,BKG000002155,PAY000002155,issued,2014-09-05 16:35:56,NONE,10.0
TKT000002156,BKG000002156,PAY000002156,issued,2014-07-28 19:34:08,NONE,25.0
TKT000002157,BKG000002157,PAY000002157,issued,2013-10-03 12:38:39,NONE,22.0
TKT000002158,BKG000002158,PAY000002158,not_issued_payment_failed,,NONE,
TKT000002159,BKG000002159,PAY000002159,issued,2014-01-05 23:49:03,NONE,16.0
TKT000002160,BKG000002160,PAY000002160,issued,2014-10-04 13:21:45,NONE,45.0
TKT000002161,BKG000002161,PAY000002161,issued,2014-04-23 15:58:18,NONE,10.0
TKT000002162,BKG000002162,PAY000002162,issued,2014-03-08 20:37:55,NONE,17.0
TKT000002163,BKG000002163,PAY000002163,issued,2014-07-05 09:04:24,NONE,16.0
TKT000002164,BKG000002164,PAY000002164,issued,2013-05-11 19:32:02,NONE,32.0
TKT000002165,BKG000002165,PAY000002165,failed,2014-08-14 12:09:19,AIRLINE_CONFIRMATION_FAILED,7.0
TKT000002166,BKG000002166,PAY000002166,issued,2014-02-13 14:56:10,NONE,44.0
TKT000002167,BKG000002167,PAY000002167,issued,2013-09-16 10:48:36,NONE,42.0
TKT000002168,BKG000002168,PAY000002168,issued,2014-12-04 11:06:42,NONE,7.0
TKT000002169,BKG000002169,PAY000002169,issued,2014-03-05 13:12:08,NONE,35.0
TKT000002170,BKG000002170,PAY000002170,issued,2014-04-02 06:05:54,NONE,44.0
TKT000002171,BKG000002171,PAY000002171,issued,2014-06-18 20:01:13,NONE,45.0
TKT000002172,BKG000002172,PAY000002172,issued,2014-08-24 12:32:09,NONE,13.0
TKT000002173,BKG000002173,PAY000002173,issued,2013-10-01 11:26:10,NONE,9.0
TKT000002174,BKG000002174,PAY000002174,issued,2014-09-26 00:53:07,NONE,38.0
TKT000002175,BKG000002175,PAY000002175,issued,2014-08-24 20:10:36,NONE,42.0
TKT000002176,BKG000002176,PAY000002176,issued,2014-05-17 18:38:18,NONE,42.0
TKT000002177,BKG000002177,PAY000002177,pending,2014-05-17 18:39:18,AIRLINE_CONFIRMATION_FAILED,23.0
TKT000002178,BKG000002178,PAY000002178,issued,2014-11-19 23:34:12,NONE,30.0
TKT000002179,BKG000002179,PAY000002179,issued,2014-02-17 08:50:32,NONE,18.0
TKT000002180,BKG000002180,PAY000002180,issued,2013-12-16 23:59:44,NONE,35.0
TKT000002181,BKG000002181,PAY000002181,issued,2014-03-05 18:43:37,NONE,40.0
TKT000002182,BKG000002182,PAY000002182,issued,2014-10-15 19:20:29,NONE,10.0
TKT000002183,BKG000002183,PAY000002183,issued,2014-07-07 12:46:14,NONE,43.0
TKT000002184,BKG000002184,PAY000002184,issued,2013-09-20 17:00:01,NONE,25.0
TKT000002185,BKG000002185,PAY000002185,issued,2013-04-28 14:00:10,NONE,19.0
TKT000002186,BKG000002186,PAY000002186,issued,2014-07-10 03:02:07,NONE,43.0
TKT000002187,BKG000002187,PAY000002187,issued,2013-06-11 14:24:34,NONE,9.0
TKT000002188,BKG000002188,PAY000002188,pending,2014-09-24 20:02:16,INVENTORY_MISMATCH,33.0
TKT000002189,BKG000002189,PAY000002189,issued,2013-03-16 20:12:11,NONE,15.0
TKT000002190,BKG000002190,PAY000002190,not_issued_payment_failed,,NONE,
TKT000002191,BKG000002191,PAY000002191,issued,2013-04-23 07:30:29,NONE,20.0
TKT000002192,BKG000002192,PAY000002192,issued,2014-09-21 21:49:52,NONE,26.0
TKT000002193,BKG000002193,PAY000002193,not_issued_payment_failed,,NONE,
TKT000002194,BKG000002194,PAY000002194,issued,2013-01-14 12:36:12,NONE,21.0
TKT000002195,BKG000002195,PAY000002195,issued,2014-07-27 13:46:06,NONE,12.0
TKT000002196,BKG000002196,PAY000002196,issued,2013-08-10 13:41:26,NONE,38.0
TKT000002197,BKG000002197,PAY000002197,issued,2014-05-20 11:40:16,NONE,30.0
TKT000002198,BKG000002198,PAY000002198,issued,2013-12-30 11:09:25,NONE,41.0
TKT000002199,BKG000002199,PAY000002199,issued,2013-02-05 01:03:23,NONE,27.0
TKT000002200,BKG000002200,PAY000002200,issued,2014-09-07 07:54:22,NONE,1147.0
TKT000002201,BKG000002201,PAY000002201,issued,2013-03-10 14:38:25,NONE,36.0
TKT000002202,BKG000002202,PAY000002202,issued,2013-05-28 18:14:54,NONE,13.0
TKT000002203,BKG000002203,PAY000002203,issued,2013-04-05 18:59:58,NONE,24.0
TKT000002204,BKG000002204,PAY000002204,not_issued_payment_failed,,NONE,
TKT000002205,BKG000002205,PAY000002205,issued,2014-11-10 04:43:07,NONE,37.0
TKT000002206,BKG000002206,PAY000002206,issued,2014-03-01 07:03:12,NONE,4.0
TKT000002207,BKG000002207,PAY000002207,issued,2013-01-10 01:28:31,NONE,9.0
TKT000002208,BKG000002208,PAY000002208,issued,2014-10-23 16:43:42,NONE,29.0
TKT000002209,BKG000002209,PAY000002209,issued,2013-07-26 20:09:37,NONE,16.0
TKT000002210,BKG000002210,PAY000002210,issued,2013-06-20 13:30:45,NONE,20.0
TKT000002211,BKG000002211,PAY000002211,not_issued_payment_failed,,NONE,
TKT000002212,BKG000002212,PAY000002212,issued,2014-07-04 18:05:21,NONE,45.0
TKT000002213,BKG000002213,PAY000002213,issued,2014-08-26 20:40:19,NONE,27.0
TKT000002214,BKG000002214,PAY000002214,issued,2014-05-22 22:29:57,NONE,5.0
TKT000002215,BKG000002215,PAY000002215,issued,2014-03-04 11:45:09,NONE,13.0
TKT000002216,BKG000002216,PAY000002216,issued,2013-02-18 00:59:08,NONE,10.0
TKT000002217,BKG000002217,PAY000002217,issued,2013-08-27 13:01:31,NONE,1077.0
TKT000002218,BKG000002218,PAY000002218,issued,2013-10-30 01:09:32,NONE,20.0
TKT000002219,BKG000002219,PAY000002219,issued,2013-09-30 19:36:08,NONE,44.0
TKT000002220,BKG000002220,PAY000002220,issued,2013-07-18 00:30:18,NONE,768.0
TKT000002221,BKG000002221,PAY000002221,issued,2014-06-23 00:14:51,NONE,18.0
TKT000002222,BKG000002222,PAY000002222,issued,2013-06-08 19:35:16,NONE,24.0
TKT000002223,BKG000002223,PAY000002223,issued,2014-07-08 11:30:13,NONE,42.0
TKT000002224,BKG000002224,PAY000002224,issued,2013-08-28 03:59:50,NONE,14.0
TKT000002225,BKG000002225,PAY000002225,issued,2013-10-04 11:14:15,NONE,12.0
TKT000002226,BKG000002226,PAY000002226,issued,2014-08-05 21:59:19,NONE,30.0
TKT000002227,BKG000002227,PAY000002227,not_issued_payment_failed,,NONE,
TKT000002228,BKG000002228,PAY000002228,issued,2013-08-06 05:49:09,NONE,18.0
TKT000002229,BKG000002229,PAY000002229,issued,2014-05-03 01:48:38,NONE,26.0
TKT000002230,BKG000002230,PAY000002230,issued,2013-07-24 22:07:37,NONE,6.0
TKT000002231,BKG000002231,PAY000002231,issued,2014-12-10 01:18:44,NONE,7.0
TKT000002232,BKG000002232,PAY000002232,issued,2014-12-15 14:36:46,NONE,11.0
TKT000002233,BKG000002233,PAY000002233,not_issued_payment_failed,,NONE,
TKT000002234,BKG000002234,PAY000002234,issued,2013-08-08 16:44:21,NONE,37.0
TKT000002235,BKG000002235,PAY000002235,issued,2014-07-19 21:40:27,NONE,26.0
TKT000002236,BKG000002236,PAY000002236,issued,2014-05-30 03:49:44,NONE,8.0
TKT000002237,BKG000002237,PAY000002237,issued,2013-12-02 14:17:35,NONE,41.0
TKT000002238,BKG000002238,PAY000002238,issued,2013-02-08 15:32:48,NONE,29.0
TKT000002239,BKG000002239,PAY000002239,issued,2014-12-05 23:34:04,NONE,35.0
TKT000002240,BKG000002240,PAY000002240,issued,2014-05-23 15:04:35,NONE,34.0
TKT000002241,BKG000002241,PAY000002241,issued,2013-11-22 14:17:47,NONE,16.0
TKT000002242,BKG000002242,PAY000002242,issued,2014-06-26 18:47:05,NONE,35.0
TKT000002243,BKG000002243,PAY000002243,issued,2014-05-05 12:34:52,NONE,9.0
TKT000002244,BKG000002244,PAY000002244,issued,2014-05-19 21:45:45,NONE,23.0
TKT000002245,BKG000002245,PAY000002245,issued,2013-07-28 17:01:44,NONE,22.0
TKT000002246,BKG000002246,PAY000002246,issued,2014-10-15 08:51:00,NONE,45.0
TKT000002247,BKG000002247,PAY000002247,issued,2014-10-08 18:35:11,NONE,10.0
TKT000002248,BKG000002248,PAY000002248,issued,2014-06-24 21:42:48,NONE,32.0
TKT000002249,BKG000002249,PAY000002249,not_issued_payment_failed,,NONE,
TKT000002250,BKG000002250,PAY000002250,issued,2014-08-25 17:59:07,NONE,36.0
TKT000002251,BKG000002251,PAY000002251,issued,2013-11-10 06:41:12,NONE,9.0
TKT000002252,BKG000002252,PAY000002252,issued,2014-01-30 17:07:37,NONE,40.0
TKT000002253,BKG000002253,PAY000002253,issued,2014-10-26 22:10:31,NONE,43.0
TKT000002254,BKG000002254,PAY000002254,issued,2014-07-22 17:53:44,NONE,31.0
TKT000002255,BKG000002255,PAY000002255,issued,2013-07-13 17:00:37,NONE,4.0
TKT000002256,BKG000002256,PAY000002256,issued,2014-11-23 16:14:31,NONE,30.0
TKT000002257,BKG000002257,PAY000002257,issued,2014-07-24 16:43:19,NONE,44.0
TKT000002258,BKG000002258,PAY000002258,issued,2013-06-29 01:48:58,NONE,45.0
TKT000002259,BKG000002259,PAY000002259,issued,2014-06-24 19:09:33,NONE,27.0
TKT000002260,BKG000002260,PAY000002260,issued,2014-10-25 20:13:50,NONE,30.0
TKT000002261,BKG000002261,PAY000002261,issued,2014-09-29 17:33:26,NONE,7.0
TKT000002262,BKG000002262,PAY000002262,issued,2013-04-10 02:07:59,NONE,25.0
TKT000002263,BKG000002263,PAY000002263,issued,2013-06-03 13:34:56,NONE,3.0
TKT000002264,BKG000002264,PAY000002264,issued,2014-09-30 21:40:40,NONE,5.0
TKT000002265,BKG000002265,PAY000002265,issued,2013-08-02 04:47:31,NONE,29.0
TKT000002266,BKG000002266,PAY000002266,issued,2014-11-15 22:39:50,NONE,40.0
TKT000002267,BKG000002267,PAY000002267,issued,2013-06-06 20:28:07,NONE,42.0
TKT000002268,BKG000002268,PAY000002268,issued,2014-10-28 10:41:41,NONE,18.0
TKT000002269,BKG000002269,PAY000002269,issued,2014-07-03 14:39:13,NONE,3.0
TKT000002270,BKG000002270,PAY000002270,issued,2014-09-23 10:34:19,NONE,7.0
TKT000002271,BKG000002271,PAY000002271,issued,2013-09-13 03:09:09,NONE,11.0
TKT000002272,BKG000002272,PAY000002272,issued,2013-05-29 19:23:53,NONE,10.0
TKT000002273,BKG000002273,PAY000002273,issued,2014-09-15 06:19:33,NONE,613.0
TKT000002274,BKG000002274,PAY000002274,not_issued_payment_failed,,NONE,
TKT000002275,BKG000002275,PAY000002275,not_issued_payment_failed,,NONE,
TKT000002276,BKG000002276,PAY000002276,issued,2014-03-20 12:59:41,NONE,44.0
TKT000002277,BKG000002277,PAY000002277,issued,2014-07-20 16:24:15,NONE,23.0
TKT000002278,BKG000002278,PAY000002278,issued,2014-01-21 16:51:52,NONE,36.0
TKT000002279,BKG000002279,PAY000002279,issued,2014-03-24 07:02:55,NONE,45.0
TKT000002280,BKG000002280,PAY000002280,issued,2014-04-12 08:37:12,NONE,45.0
TKT000002281,BKG000002281,PAY000002281,issued,2014-04-25 21:43:03,NONE,17.0
TKT000002282,BKG000002282,PAY000002282,issued,2014-01-30 13:35:04,NONE,30.0
TKT000002283,BKG000002283,PAY000002283,issued,2014-01-30 14:44:04,NONE,11.0
TKT000002284,BKG000002284,PAY000002284,issued,2014-02-13 18:45:57,NONE,13.0
TKT000002285,BKG000002285,PAY000002285,issued,2013-06-21 16:31:38,NONE,11.0
TKT000002286,BKG000002286,PAY000002286,not_issued_payment_failed,,NONE,
TKT000002287,BKG000002287,PAY000002287,issued,2014-07-15 10:24:26,NONE,1348.0
TKT000002288,BKG000002288,PAY000002288,issued,2014-08-03 08:50:37,NONE,41.0
TKT000002289,BKG000002289,PAY000002289,issued,2014-09-23 08:37:02,NONE,36.0
TKT000002290,BKG000002290,PAY000002290,issued,2014-03-04 16:47:29,NONE,28.0
TKT000002291,BKG000002291,PAY000002291,issued,2013-10-28 15:27:41,NONE,14.0
TKT000002292,BKG000002292,PAY000002292,issued,2014-06-17 16:51:57,NONE,43.0
TKT000002293,BKG000002293,PAY000002293,issued,2013-06-02 23:46:21,NONE,40.0
TKT000002294,BKG000002294,PAY000002294,issued,2014-04-18 17:57:55,NONE,17.0
TKT000002295,BKG000002295,PAY000002295,issued,2014-10-27 15:35:53,NONE,28.0
TKT000002296,BKG000002296,PAY000002296,issued,2014-11-30 05:18:12,NONE,4.0
TKT000002297,BKG000002297,PAY000002297,failed,2013-07-12 03:22:12,AIRLINE_CONFIRMATION_FAILED,6.0
TKT000002298,BKG000002298,PAY000002298,issued,2013-01-19 21:46:52,NONE,27.0
TKT000002299,BKG000002299,PAY000002299,issued,2013-06-19 21:54:28,NONE,8.0
TKT000002300,BKG000002300,PAY000002300,issued,2014-04-30 00:45:30,NONE,33.0
TKT000002301,BKG000002301,PAY000002301,issued,2013-05-22 13:52:38,NONE,35.0
TKT000002302,BKG000002302,PAY000002302,issued,2013-04-11 22:50:09,NONE,29.0
TKT000002303,BKG000002303,PAY000002303,issued,2014-09-26 22:13:25,NONE,23.0
TKT000002304,BKG000002304,PAY000002304,not_issued_payment_failed,,NONE,
TKT000002305,BKG000002305,PAY000002305,issued,2014-12-04 00:40:33,NONE,42.0
TKT000002306,BKG000002306,PAY000002306,issued,2014-01-30 15:04:35,NONE,19.0
TKT000002307,BKG000002307,PAY000002307,issued,2013-04-07 20:57:23,NONE,32.0
TKT000002308,BKG000002308,PAY000002308,issued,2014-11-13 20:13:49,NONE,12.0
TKT000002309,BKG000002309,PAY000002309,issued,2014-12-10 01:45:19,NONE,18.0
TKT000002310,BKG000002310,PAY000002310,issued,2014-02-10 17:23:59,NONE,41.0
TKT000002311,BKG000002311,PAY000002311,issued,2014-05-27 02:07:31,NONE,13.0
TKT000002312,BKG000002312,PAY000002312,issued,2013-08-08 12:01:09,NONE,36.0
TKT000002313,BKG000002313,PAY000002313,issued,2014-11-22 22:18:19,NONE,8.0
TKT000002314,BKG000002314,PAY000002314,issued,2013-08-27 15:28:13,NONE,11.0
TKT000002315,BKG000002315,PAY000002315,issued,2013-09-24 19:46:04,NONE,19.0
TKT000002316,BKG000002316,PAY000002316,issued,2013-06-04 10:12:04,NONE,45.0
TKT000002317,BKG000002317,PAY000002317,issued,2014-09-07 10:42:07,NONE,24.0
TKT000002318,BKG000002318,PAY000002318,issued,2013-06-06 07:55:17,NONE,3.0
TKT000002319,BKG000002319,PAY000002319,issued,2014-05-07 17:56:16,NONE,33.0
TKT000002320,BKG000002320,PAY000002320,issued,2014-01-21 10:16:32,NONE,21.0
TKT000002321,BKG000002321,PAY000002321,issued,2014-01-21 11:41:32,NONE,20.0
TKT000002322,BKG000002322,PAY000002322,issued,2013-05-13 07:38:03,NONE,8.0
TKT000002323,BKG000002323,PAY000002323,issued,2014-03-18 02:48:05,NONE,3.0
TKT000002324,BKG000002324,PAY000002324,issued,2014-11-23 19:46:28,NONE,20.0
TKT000002325,BKG000002325,PAY000002325,issued,2014-08-09 14:22:28,NONE,15.0
TKT000002326,BKG000002326,PAY000002326,issued,2014-07-28 19:06:41,NONE,29.0
TKT000002327,BKG000002327,PAY000002327,issued,2014-04-15 17:20:22,NONE,37.0
TKT000002328,BKG000002328,PAY000002328,issued,2014-05-03 04:56:19,NONE,36.0
TKT000002329,BKG000002329,PAY000002329,issued,2014-12-04 15:37:53,NONE,12.0
TKT000002330,BKG000002330,PAY000002330,issued,2014-03-19 04:01:23,NONE,12.0
TKT000002331,BKG000002331,PAY000002331,issued,2014-08-27 15:21:16,NONE,41.0
TKT000002332,BKG000002332,PAY000002332,issued,2014-03-15 16:50:17,NONE,9.0
TKT000002333,BKG000002333,PAY000002333,issued,2014-09-29 01:44:00,NONE,5.0
TKT000002334,BKG000002334,PAY000002334,issued,2014-11-18 22:46:52,NONE,7.0
TKT000002335,BKG000002335,PAY000002335,issued,2014-11-09 02:33:54,NONE,41.0
TKT000002336,BKG000002336,PAY000002336,issued,2013-02-25 12:12:21,NONE,19.0
TKT000002337,BKG000002337,PAY000002337,issued,2014-07-18 23:00:54,NONE,4.0
TKT000002338,BKG000002338,PAY000002338,issued,2014-01-08 14:04:21,NONE,44.0
TKT000002339,BKG000002339,PAY000002339,not_issued_payment_failed,,NONE,
TKT000002340,BKG000002340,PAY000002340,issued,2014-03-02 13:43:05,NONE,14.0
TKT000002341,BKG000002341,PAY000002341,failed,2014-10-08 14:38:09,AIRLINE_CONFIRMATION_FAILED,3.0
TKT000002342,BKG000002342,PAY000002342,issued,2013-09-23 01:42:41,NONE,29.0
TKT000002343,BKG000002343,PAY000002343,issued,2013-09-16 09:51:14,NONE,14.0
TKT000002344,BKG000002344,PAY000002344,issued,2013-10-23 23:24:15,NONE,44.0
TKT000002345,BKG000002345,PAY000002345,issued,2013-10-29 01:51:58,NONE,38.0
TKT000002346,BKG000002346,PAY000002346,issued,2014-08-21 14:12:29,NONE,26.0
TKT000002347,BKG000002347,PAY000002347,issued,2014-08-21 15:10:29,NONE,10.0
TKT000002348,BKG000002348,PAY000002348,issued,2013-11-20 14:33:31,NONE,35.0
TKT000002349,BKG000002349,PAY000002349,issued,2013-08-02 02:15:36,NONE,14.0
TKT000002350,BKG000002350,PAY000002350,not_issued_payment_failed,,NONE,
TKT000002351,BKG000002351,PAY000002351,pending,2014-01-31 13:57:26,AIRLINE_CONFIRMATION_FAILED,42.0
TKT000002352,BKG000002352,PAY000002352,issued,2014-01-20 16:54:57,NONE,32.0
TKT000002353,BKG000002353,PAY000002353,issued,2013-07-19 13:44:53,NONE,37.0
TKT000002354,BKG000002354,PAY000002354,issued,2013-07-25 17:43:25,NONE,278.0
TKT000002355,BKG000002355,PAY000002355,issued,2014-12-02 10:36:01,NONE,23.0
TKT000002356,BKG000002356,PAY000002356,issued,2014-09-01 01:22:26,NONE,9.0
TKT000002357,BKG000002357,PAY000002357,issued,2013-10-20 17:52:58,NONE,11.0
TKT000002358,BKG000002358,PAY000002358,issued,2014-08-24 17:37:43,NONE,21.0
TKT000002359,BKG000002359,PAY000002359,issued,2014-09-05 17:58:14,NONE,32.0
TKT000002360,BKG000002360,PAY000002360,issued,2014-07-15 09:19:29,NONE,39.0
TKT000002361,BKG000002361,PAY000002361,issued,2014-08-21 23:21:28,NONE,45.0
TKT000002362,BKG000002362,PAY000002362,issued,2014-03-02 20:25:33,NONE,31.0
TKT000002363,BKG000002363,PAY000002363,issued,2014-11-19 16:59:15,NONE,12.0
TKT000002364,BKG000002364,PAY000002364,issued,2014-06-30 23:41:35,NONE,40.0
TKT000002365,BKG000002365,PAY000002365,not_issued_payment_failed,,NONE,
TKT000002366,BKG000002366,PAY000002366,issued,2013-08-09 12:29:52,NONE,1093.0
TKT000002367,BKG000002367,PAY000002367,issued,2014-10-17 14:01:54,NONE,21.0
TKT000002368,BKG000002368,PAY000002368,issued,2013-12-07 02:36:24,NONE,13.0
TKT000002369,BKG000002369,PAY000002369,issued,2013-02-13 22:49:28,NONE,29.0
TKT000002370,BKG000002370,PAY000002370,issued,2014-09-04 11:32:44,NONE,27.0
TKT000002371,BKG000002371,PAY000002371,issued,2014-05-19 01:50:58,NONE,28.0
TKT000002372,BKG000002372,PAY000002372,issued,2013-07-23 05:53:45,NONE,41.0
TKT000002373,BKG000002373,PAY000002373,issued,2013-03-31 12:14:18,NONE,20.0
TKT000002374,BKG000002374,PAY000002374,issued,2013-06-11 09:03:49,NONE,13.0
TKT000002375,BKG000002375,PAY000002375,issued,2013-12-21 16:41:05,NONE,9.0
TKT000002376,BKG000002376,PAY000002376,issued,2013-09-30 11:01:07,NONE,22.0
TKT000002377,BKG000002377,PAY000002377,issued,2013-12-08 08:45:46,NONE,23.0
TKT000002378,BKG000002378,PAY000002378,not_issued_payment_failed,,NONE,
TKT000002379,BKG000002379,PAY000002379,issued,2013-04-15 17:25:01,NONE,43.0
TKT000002380,BKG000002380,PAY000002380,issued,2014-10-25 11:04:14,NONE,7.0
TKT000002381,BKG000002381,PAY000002381,issued,2014-03-07 16:03:53,NONE,23.0
TKT000002382,BKG000002382,PAY000002382,issued,2014-06-27 13:24:22,NONE,11.0
TKT000002383,BKG000002383,PAY000002383,issued,2014-06-27 13:05:04,NONE,27.0
TKT000002384,BKG000002384,PAY000002384,issued,2013-07-05 18:39:38,NONE,4.0
TKT000002385,BKG000002385,PAY000002385,not_issued_payment_failed,,NONE,
TKT000002386,BKG000002386,PAY000002386,issued,2013-10-28 22:44:52,NONE,12.0
TKT000002387,BKG000002387,PAY000002387,issued,2014-06-18 17:25:36,NONE,26.0
TKT000002388,BKG000002388,PAY000002388,issued,2014-05-09 18:24:57,NONE,32.0
TKT000002389,BKG000002389,PAY000002389,issued,2013-03-26 18:47:22,NONE,7.0
TKT000002390,BKG000002390,PAY000002390,issued,2014-07-21 17:22:21,NONE,1113.0
TKT000002391,BKG000002391,PAY000002391,issued,2014-11-28 19:42:09,NONE,4.0
TKT000002392,BKG000002392,PAY000002392,issued,2013-02-06 19:09:01,NONE,21.0
TKT000002393,BKG000002393,PAY000002393,issued,2014-05-23 11:10:43,NONE,15.0
TKT000002394,BKG000002394,PAY000002394,issued,2014-02-07 18:06:36,NONE,26.0
TKT000002395,BKG000002395,PAY000002395,issued,2013-01-19 15:19:34,NONE,8.0
TKT000002396,BKG000002396,PAY000002396,issued,2014-11-25 04:30:13,NONE,35.0
TKT000002397,BKG000002397,PAY000002397,issued,2013-02-19 07:37:21,NONE,29.0
TKT000002398,BKG000002398,PAY000002398,issued,2014-12-27 13:19:00,NONE,24.0
TKT000002399,BKG000002399,PAY000002399,issued,2014-08-16 03:19:23,NONE,8.0
TKT000002400,BKG000002400,PAY000002400,issued,2013-05-04 09:14:13,NONE,38.0
TKT000002401,BKG000002401,PAY000002401,issued,2014-09-06 17:20:31,NONE,39.0
TKT000002402,BKG000002402,PAY000002402,issued,2014-02-20 18:45:11,NONE,43.0
TKT000002403,BKG000002403,PAY000002403,issued,2013-07-11 01:20:33,NONE,44.0
TKT000002404,BKG000002404,PAY000002404,issued,2013-08-18 12:55:35,NONE,24.0
TKT000002405,BKG000002405,PAY000002405,issued,2014-06-02 10:52:19,NONE,29.0
TKT000002406,BKG000002406,PAY000002406,issued,2014-04-10 21:24:30,NONE,17.0
TKT000002407,BKG000002407,PAY000002407,not_issued_payment_failed,,NONE,
TKT000002408,BKG000002408,PAY000002408,issued,2013-08-26 19:47:09,NONE,33.0
TKT000002409,BKG000002409,PAY000002409,issued,2013-06-20 11:24:56,NONE,6.0
TKT000002410,BKG000002410,PAY000002410,issued,2014-12-17 19:58:39,NONE,19.0
TKT000002411,BKG000002411,PAY000002411,issued,2013-08-01 13:18:21,NONE,3.0
TKT000002412,BKG000002412,PAY000002412,issued,2014-07-18 01:38:05,NONE,44.0
TKT000002413,BKG000002413,PAY000002413,issued,2014-02-13 12:02:47,NONE,18.0
TKT000002414,BKG000002414,PAY000002414,issued,2014-01-22 06:22:11,NONE,34.0
TKT000002415,BKG000002415,PAY000002415,issued,2014-12-02 10:58:07,NONE,5.0
TKT000002416,BKG000002416,PAY000002416,issued,2013-08-05 22:32:32,NONE,1418.0
TKT000002417,BKG000002417,PAY000002417,issued,2013-07-27 15:20:58,NONE,16.0
TKT000002418,BKG000002418,PAY000002418,issued,2014-06-17 02:42:27,NONE,38.0
TKT000002419,BKG000002419,PAY000002419,issued,2014-07-20 21:27:10,NONE,20.0
TKT000002420,BKG000002420,PAY000002420,issued,2014-09-23 23:47:13,NONE,40.0
TKT000002421,BKG000002421,PAY000002421,not_issued_payment_failed,,NONE,
TKT000002422,BKG000002422,PAY000002422,issued,2014-02-25 21:11:54,NONE,32.0
TKT000002423,BKG000002423,PAY000002423,issued,2014-04-12 09:34:41,NONE,16.0
TKT000002424,BKG000002424,PAY000002424,issued,2014-10-01 12:22:15,NONE,45.0
TKT000002425,BKG000002425,PAY000002425,issued,2014-10-17 19:07:34,NONE,41.0
TKT000002426,BKG000002426,PAY000002426,issued,2014-12-21 16:08:23,NONE,8.0
TKT000002427,BKG000002427,PAY000002427,issued,2013-09-13 23:10:41,NONE,33.0
TKT000002428,BKG000002428,PAY000002428,issued,2013-09-13 22:31:41,NONE,27.0
TKT000002429,BKG000002429,PAY000002429,issued,2014-10-30 15:30:31,NONE,44.0
TKT000002430,BKG000002430,PAY000002430,issued,2014-12-05 20:16:07,NONE,33.0
TKT000002431,BKG000002431,PAY000002431,issued,2014-04-04 17:41:29,NONE,10.0
TKT000002432,BKG000002432,PAY000002432,issued,2014-11-15 07:25:20,NONE,1133.0
TKT000002433,BKG000002433,PAY000002433,issued,2014-02-06 14:46:02,NONE,43.0
TKT000002434,BKG000002434,PAY000002434,issued,2014-10-31 09:17:29,NONE,40.0
TKT000002435,BKG000002435,PAY000002435,issued,2013-04-30 22:53:52,NONE,121.0
TKT000002436,BKG000002436,PAY000002436,issued,2014-04-24 17:09:39,NONE,27.0
TKT000002437,BKG000002437,PAY000002437,issued,2014-10-07 12:34:19,NONE,24.0
TKT000002438,BKG000002438,PAY000002438,issued,2014-08-02 07:26:22,NONE,35.0
TKT000002439,BKG000002439,PAY000002439,issued,2014-09-11 11:31:45,NONE,42.0
TKT000002440,BKG000002440,PAY000002440,issued,2014-02-26 13:18:29,NONE,19.0
TKT000002441,BKG000002441,PAY000002441,issued,2013-05-31 19:39:27,NONE,3.0
TKT000002442,BKG000002442,PAY000002442,issued,2014-10-28 02:19:26,NONE,35.0
TKT000002443,BKG000002443,PAY000002443,issued,2014-12-16 09:25:07,NONE,16.0
TKT000002444,BKG000002444,PAY000002444,not_issued_payment_failed,,NONE,
TKT000002445,BKG000002445,PAY000002445,not_issued_payment_failed,,NONE,
TKT000002446,BKG000002446,PAY000002446,issued,2014-12-23 12:08:04,NONE,35.0
TKT000002447,BKG000002447,PAY000002447,issued,2013-09-14 02:54:54,NONE,35.0
TKT000002448,BKG000002448,PAY000002448,issued,2013-06-27 00:36:14,NONE,40.0
TKT000002449,BKG000002449,PAY000002449,issued,2013-07-15 17:34:31,NONE,23.0
TKT000002450,BKG000002450,PAY000002450,issued,2013-11-01 13:47:11,NONE,4.0
TKT000002451,BKG000002451,PAY000002451,issued,2013-12-29 16:45:33,NONE,6.0
TKT000002452,BKG000002452,PAY000002452,issued,2014-11-11 02:58:03,NONE,26.0
TKT000002453,BKG000002453,PAY000002453,pending,2014-08-18 20:37:51,AIRLINE_CONFIRMATION_FAILED,33.0
TKT000002454,BKG000002454,PAY000002454,issued,2014-08-19 02:40:52,NONE,15.0
TKT000002455,BKG000002455,PAY000002455,issued,2013-10-13 09:12:01,NONE,22.0
TKT000002456,BKG000002456,PAY000002456,issued,2014-06-05 02:58:41,NONE,708.0
TKT000002457,BKG000002457,PAY000002457,issued,2014-02-13 12:52:41,NONE,15.0
TKT000002458,BKG000002458,PAY000002458,issued,2014-05-06 15:49:14,NONE,5.0
TKT000002459,BKG000002459,PAY000002459,issued,2013-04-12 15:28:41,NONE,29.0
TKT000002460,BKG000002460,PAY000002460,issued,2013-11-28 12:34:53,NONE,4.0
TKT000002461,BKG000002461,PAY000002461,issued,2013-11-28 13:43:53,NONE,30.0
TKT000002462,BKG000002462,PAY000002462,issued,2014-04-18 09:30:01,NONE,835.0
TKT000002463,BKG000002463,PAY000002463,issued,2014-05-18 21:59:26,NONE,23.0
TKT000002464,BKG000002464,PAY000002464,issued,2014-07-20 09:39:17,NONE,22.0
TKT000002465,BKG000002465,PAY000002465,issued,2013-08-30 12:12:03,NONE,29.0
TKT000002466,BKG000002466,PAY000002466,issued,2013-06-12 01:17:19,NONE,28.0
TKT000002467,BKG000002467,PAY000002467,issued,2013-08-11 02:26:38,NONE,35.0
TKT000002468,BKG000002468,PAY000002468,issued,2013-01-14 18:05:14,NONE,13.0
TKT000002469,BKG000002469,PAY000002469,issued,2013-10-09 19:56:29,NONE,7.0
TKT000002470,BKG000002470,PAY000002470,issued,2014-08-08 00:26:27,NONE,21.0
TKT000002471,BKG000002471,PAY000002471,not_issued_payment_failed,,NONE,
TKT000002472,BKG000002472,PAY000002472,issued,2014-06-22 19:40:31,NONE,30.0
TKT000002473,BKG000002473,PAY000002473,issued,2014-04-30 14:18:07,NONE,29.0
TKT000002474,BKG000002474,PAY000002474,not_issued_payment_failed,,NONE,
TKT000002475,BKG000002475,PAY000002475,issued,2014-08-11 20:36:16,NONE,40.0
TKT000002476,BKG000002476,PAY000002476,not_issued_payment_failed,,NONE,
TKT000002477,BKG000002477,PAY000002477,issued,2014-12-26 14:25:01,NONE,23.0
TKT000002478,BKG000002478,PAY000002478,issued,2014-12-18 19:21:38,NONE,18.0
TKT000002479,BKG000002479,PAY000002479,issued,2014-11-08 05:47:20,NONE,954.0
TKT000002480,BKG000002480,PAY000002480,issued,2014-02-27 00:03:17,NONE,39.0
TKT000002481,BKG000002481,PAY000002481,issued,2013-08-18 03:31:40,NONE,23.0
TKT000002482,BKG000002482,PAY000002482,pending,2013-09-06 09:27:07,AIRLINE_CONFIRMATION_FAILED,603.0
TKT000002483,BKG000002483,PAY000002483,issued,2014-08-03 19:14:08,NONE,9.0
TKT000002484,BKG000002484,PAY000002484,issued,2014-07-29 22:20:23,NONE,24.0
TKT000002485,BKG000002485,PAY000002485,issued,2013-09-21 01:45:34,NONE,20.0
TKT000002486,BKG000002486,PAY000002486,issued,2014-03-28 23:59:32,NONE,17.0
TKT000002487,BKG000002487,PAY000002487,issued,2013-08-22 17:10:04,NONE,19.0
TKT000002488,BKG000002488,PAY000002488,issued,2013-05-08 09:29:31,NONE,29.0
TKT000002489,BKG000002489,PAY000002489,issued,2013-12-31 01:15:30,NONE,16.0
TKT000002490,BKG000002490,PAY000002490,issued,2013-07-24 00:53:29,NONE,33.0
TKT000002491,BKG000002491,PAY000002491,issued,2014-02-27 09:24:20,NONE,6.0
TKT000002492,BKG000002492,PAY000002492,issued,2014-12-26 14:44:56,NONE,3.0
TKT000002493,BKG000002493,PAY000002493,issued,2014-08-27 19:13:58,NONE,41.0
TKT000002494,BKG000002494,PAY000002494,issued,2014-12-19 08:25:06,NONE,30.0
TKT000002495,BKG000002495,PAY000002495,issued,2014-08-06 14:47:52,NONE,44.0
TKT000002496,BKG000002496,PAY000002496,issued,2013-12-26 22:11:47,NONE,38.0
TKT000002497,BKG000002497,PAY000002497,issued,2014-06-19 03:55:57,NONE,26.0
TKT000002498,BKG000002498,PAY000002498,issued,2014-05-27 15:36:55,NONE,31.0
TKT000002499,BKG000002499,PAY000002499,issued,2014-11-29 14:15:36,NONE,13.0
TKT000002500,BKG000002500,PAY000002500,issued,2013-09-24 11:28:08,NONE,24.0
TKT000002501,BKG000002501,PAY000002501,not_issued_payment_failed,,NONE,
TKT000002502,BKG000002502,PAY000002502,issued,2014-08-25 16:12:32,NONE,4.0
TKT000002503,BKG000002503,PAY000002503,not_issued_payment_failed,,NONE,
TKT000002504,BKG000002504,PAY000002504,issued,2014-05-03 09:02:46,NONE,34.0
TKT000002505,BKG000002505,PAY000002505,issued,2014-09-05 14:49:24,NONE,14.0
TKT000002506,BKG000002506,PAY000002506,issued,2013-07-12 09:42:58,NONE,11.0
TKT000002507,BKG000002507,PAY000002507,issued,2014-05-31 18:37:37,NONE,40.0
TKT000002508,BKG000002508,PAY000002508,issued,2013-06-03 19:06:35,NONE,25.0
TKT000002509,BKG000002509,PAY000002509,issued,2013-12-20 20:58:13,NONE,39.0
TKT000002510,BKG000002510,PAY000002510,issued,2013-03-27 18:09:09,NONE,11.0
TKT000002511,BKG000002511,PAY000002511,issued,2014-12-02 14:05:10,NONE,6.0
TKT000002512,BKG000002512,PAY000002512,issued,2014-09-18 10:42:31,NONE,25.0
TKT000002513,BKG000002513,PAY000002513,issued,2014-11-07 23:13:00,NONE,28.0
TKT000002514,BKG000002514,PAY000002514,issued,2014-09-06 07:02:43,NONE,1247.0
TKT000002515,BKG000002515,PAY000002515,issued,2013-03-14 11:07:16,NONE,44.0
TKT000002516,BKG000002516,PAY000002516,not_issued_payment_failed,,NONE,
TKT000002517,BKG000002517,PAY000002517,issued,2013-04-04 18:57:12,NONE,13.0
TKT000002518,BKG000002518,PAY000002518,issued,2013-08-14 13:09:09,NONE,18.0
TKT000002519,BKG000002519,PAY000002519,issued,2014-10-16 17:33:17,NONE,14.0
TKT000002520,BKG000002520,PAY000002520,issued,2013-11-14 21:25:08,NONE,13.0
TKT000002521,BKG000002521,PAY000002521,issued,2013-12-10 16:50:56,NONE,37.0
TKT000002522,BKG000002522,PAY000002522,issued,2013-08-13 21:58:01,NONE,10.0
TKT000002523,BKG000002523,PAY000002523,issued,2013-02-17 17:12:01,NONE,19.0
TKT000002524,BKG000002524,PAY000002524,issued,2013-04-07 20:38:18,NONE,21.0
TKT000002525,BKG000002525,PAY000002525,issued,2013-09-24 09:57:53,NONE,3.0
TKT000002526,BKG000002526,PAY000002526,pending,2014-07-13 13:32:56,SUPPLIER_ERROR,29.0
TKT000002527,BKG000002527,PAY000002527,failed,2014-12-04 16:28:33,TICKETING_TIMEOUT,39.0
TKT000002528,BKG000002528,PAY000002528,issued,2013-02-19 14:29:37,NONE,38.0
TKT000002529,BKG000002529,PAY000002529,issued,2014-04-20 15:32:37,NONE,1149.0
TKT000002530,BKG000002530,PAY000002530,issued,2013-11-10 15:04:58,NONE,18.0
TKT000002531,BKG000002531,PAY000002531,issued,2014-10-06 12:43:05,NONE,34.0
TKT000002532,BKG000002532,PAY000002532,issued,2014-07-01 16:41:39,NONE,22.0
TKT000002533,BKG000002533,PAY000002533,issued,2013-05-21 01:32:24,NONE,23.0
TKT000002534,BKG000002534,PAY000002534,issued,2013-11-24 19:06:20,NONE,17.0
TKT000002535,BKG000002535,PAY000002535,issued,2013-11-07 06:13:50,NONE,36.0
TKT000002536,BKG000002536,PAY000002536,issued,2013-02-25 23:12:44,NONE,29.0
TKT000002537,BKG000002537,PAY000002537,issued,2014-12-05 21:21:30,NONE,44.0
TKT000002538,BKG000002538,PAY000002538,issued,2014-05-18 01:44:46,NONE,4.0
TKT000002539,BKG000002539,PAY000002539,issued,2013-04-04 20:41:46,NONE,22.0
TKT000002540,BKG000002540,PAY000002540,issued,2014-12-23 06:50:27,NONE,4.0
TKT000002541,BKG000002541,PAY000002541,issued,2014-09-20 09:16:14,NONE,28.0
TKT000002542,BKG000002542,PAY000002542,issued,2013-06-29 15:41:54,NONE,33.0
TKT000002543,BKG000002543,PAY000002543,issued,2014-04-24 15:43:46,NONE,31.0
TKT000002544,BKG000002544,PAY000002544,issued,2013-07-11 09:58:33,NONE,17.0
TKT000002545,BKG000002545,PAY000002545,issued,2014-06-09 07:55:02,NONE,369.0
TKT000002546,BKG000002546,PAY000002546,issued,2014-09-22 00:03:46,NONE,43.0
TKT000002547,BKG000002547,PAY000002547,not_issued_payment_failed,,NONE,
TKT000002548,BKG000002548,PAY000002548,issued,2013-08-21 22:15:26,NONE,26.0
TKT000002549,BKG000002549,PAY000002549,issued,2014-03-19 11:31:56,NONE,33.0
TKT000002550,BKG000002550,PAY000002550,issued,2013-03-12 17:27:20,NONE,194.0
TKT000002551,BKG000002551,PAY000002551,issued,2014-11-15 11:52:06,NONE,31.0
TKT000002552,BKG000002552,PAY000002552,issued,2014-12-08 08:08:11,NONE,593.0
TKT000002553,BKG000002553,PAY000002553,not_issued_payment_failed,,NONE,
TKT000002554,BKG000002554,PAY000002554,issued,2014-05-15 16:17:00,NONE,43.0
TKT000002555,BKG000002555,PAY000002555,issued,2013-08-06 21:03:21,NONE,6.0
TKT000002556,BKG000002556,PAY000002556,issued,2014-07-25 11:30:22,NONE,39.0
TKT000002557,BKG000002557,PAY000002557,issued,2014-07-25 10:47:22,NONE,28.0
TKT000002558,BKG000002558,PAY000002558,issued,2014-06-12 21:22:52,NONE,26.0
TKT000002559,BKG000002559,PAY000002559,issued,2014-05-28 17:26:42,NONE,5.0
TKT000002560,BKG000002560,PAY000002560,issued,2014-12-02 10:33:54,NONE,18.0
TKT000002561,BKG000002561,PAY000002561,issued,2014-08-05 23:08:58,NONE,30.0
TKT000002562,BKG000002562,PAY000002562,not_issued_payment_failed,,NONE,
TKT000002563,BKG000002563,PAY000002563,failed,2014-03-15 09:43:33,INVENTORY_MISMATCH,6.0
TKT000002564,BKG000002564,PAY000002564,not_issued_payment_failed,,NONE,
TKT000002565,BKG000002565,PAY000002565,issued,2014-04-06 20:51:37,NONE,1255.0
TKT000002566,BKG000002566,PAY000002566,issued,2014-02-03 18:51:37,NONE,5.0
TKT000002567,BKG000002567,PAY000002567,issued,2013-02-27 07:31:54,NONE,19.0
TKT000002568,BKG000002568,PAY000002568,issued,2014-07-16 22:14:07,NONE,20.0
TKT000002569,BKG000002569,PAY000002569,issued,2014-02-17 10:45:34,NONE,24.0
TKT000002570,BKG000002570,PAY000002570,issued,2013-03-03 10:18:59,NONE,18.0
TKT000002571,BKG000002571,PAY000002571,issued,2014-02-21 07:15:56,NONE,15.0
TKT000002572,BKG000002572,PAY000002572,issued,2013-09-22 18:47:13,NONE,17.0
TKT000002573,BKG000002573,PAY000002573,not_issued_payment_failed,,NONE,
TKT000002574,BKG000002574,PAY000002574,not_issued_payment_failed,,NONE,
TKT000002575,BKG000002575,PAY000002575,issued,2013-12-11 17:36:42,NONE,24.0
TKT000002576,BKG000002576,PAY000002576,issued,2014-05-30 12:50:18,NONE,10.0
TKT000002577,BKG000002577,PAY000002577,issued,2013-09-09 09:50:35,NONE,39.0
TKT000002578,BKG000002578,PAY000002578,issued,2013-05-03 11:57:09,NONE,5.0
TKT000002579,BKG000002579,PAY000002579,issued,2013-02-08 03:49:44,NONE,651.0
TKT000002580,BKG000002580,PAY000002580,issued,2014-08-18 19:01:51,NONE,28.0
TKT000002581,BKG000002581,PAY000002581,issued,2014-08-06 01:11:11,NONE,8.0
TKT000002582,BKG000002582,PAY000002582,issued,2013-03-20 15:23:52,NONE,29.0
TKT000002583,BKG000002583,PAY000002583,issued,2014-12-04 17:05:12,NONE,17.0
TKT000002584,BKG000002584,PAY000002584,issued,2014-11-30 19:53:31,NONE,20.0
TKT000002585,BKG000002585,PAY000002585,not_issued_payment_failed,,NONE,
TKT000002586,BKG000002586,PAY000002586,issued,2014-12-05 19:44:57,NONE,4.0
TKT000002587,BKG000002587,PAY000002587,issued,2013-10-22 08:31:58,NONE,31.0
TKT000002588,BKG000002588,PAY000002588,not_issued_payment_failed,,NONE,
TKT000002589,BKG000002589,PAY000002589,issued,2014-01-04 01:59:47,NONE,178.0
TKT000002590,BKG000002590,PAY000002590,issued,2013-07-15 21:39:59,NONE,40.0
TKT000002591,BKG000002591,PAY000002591,issued,2013-03-12 17:48:13,NONE,8.0
TKT000002592,BKG000002592,PAY000002592,issued,2014-06-16 09:15:56,NONE,45.0
TKT000002593,BKG000002593,PAY000002593,issued,2014-07-09 11:05:45,NONE,7.0
TKT000002594,BKG000002594,PAY000002594,issued,2014-07-06 20:46:50,NONE,11.0
TKT000002595,BKG000002595,PAY000002595,issued,2014-12-10 15:35:58,NONE,12.0
TKT000002596,BKG000002596,PAY000002596,issued,2014-12-16 23:19:32,NONE,33.0
TKT000002597,BKG000002597,PAY000002597,issued,2013-08-01 19:58:31,NONE,597.0
TKT000002598,BKG000002598,PAY000002598,issued,2014-11-17 19:07:52,NONE,44.0
TKT000002599,BKG000002599,PAY000002599,issued,2013-02-07 08:02:14,NONE,45.0
TKT000002600,BKG000002600,PAY000002600,issued,2014-10-31 15:30:04,NONE,8.0
TKT000002601,BKG000002601,PAY000002601,issued,2013-08-22 17:04:51,NONE,1365.0
TKT000002602,BKG000002602,PAY000002602,issued,2014-03-16 18:23:49,NONE,13.0
TKT000002603,BKG000002603,PAY000002603,issued,2013-11-25 10:29:21,NONE,10.0
TKT000002604,BKG000002604,PAY000002604,issued,2013-06-29 17:53:30,NONE,36.0
TKT000002605,BKG000002605,PAY000002605,not_issued_payment_failed,,NONE,
TKT000002606,BKG000002606,PAY000002606,issued,2014-12-17 14:04:58,NONE,36.0
TKT000002607,BKG000002607,PAY000002607,issued,2014-09-23 13:53:28,NONE,21.0
TKT000002608,BKG000002608,PAY000002608,issued,2014-10-08 23:31:46,NONE,37.0
TKT000002609,BKG000002609,PAY000002609,issued,2014-10-05 18:08:17,NONE,39.0
TKT000002610,BKG000002610,PAY000002610,issued,2014-05-02 21:10:57,NONE,536.0
TKT000002611,BKG000002611,PAY000002611,issued,2014-12-30 18:55:37,NONE,6.0
TKT000002612,BKG000002612,PAY000002612,issued,2014-10-02 06:00:16,NONE,17.0
TKT000002613,BKG000002613,PAY000002613,issued,2014-11-17 11:57:50,NONE,3.0
TKT000002614,BKG000002614,PAY000002614,issued,2014-11-17 11:34:50,NONE,27.0
TKT000002615,BKG000002615,PAY000002615,issued,2013-01-10 18:18:27,NONE,44.0
TKT000002616,BKG000002616,PAY000002616,issued,2013-09-10 18:40:56,NONE,42.0
TKT000002617,BKG000002617,PAY000002617,not_issued_payment_failed,,NONE,
TKT000002618,BKG000002618,PAY000002618,pending,2014-05-01 00:58:26,INVENTORY_MISMATCH,4.0
TKT000002619,BKG000002619,PAY000002619,issued,2014-08-28 14:44:37,NONE,3.0
TKT000002620,BKG000002620,PAY000002620,issued,2014-01-07 16:19:31,NONE,12.0
TKT000002621,BKG000002621,PAY000002621,issued,2014-03-31 11:45:35,NONE,20.0
TKT000002622,BKG000002622,PAY000002622,issued,2013-04-15 21:18:54,NONE,16.0
TKT000002623,BKG000002623,PAY000002623,issued,2014-08-20 12:29:42,NONE,13.0
TKT000002624,BKG000002624,PAY000002624,not_issued_payment_failed,,NONE,
TKT000002625,BKG000002625,PAY000002625,issued,2014-03-15 07:17:54,NONE,45.0
TKT000002626,BKG000002626,PAY000002626,issued,2014-12-03 19:44:40,NONE,25.0
TKT000002627,BKG000002627,PAY000002627,issued,2013-05-20 20:01:56,NONE,12.0
TKT000002628,BKG000002628,PAY000002628,issued,2014-09-02 14:52:09,NONE,10.0
TKT000002629,BKG000002629,PAY000002629,issued,2014-04-30 10:13:14,NONE,30.0
TKT000002630,BKG000002630,PAY000002630,not_issued_payment_failed,,NONE,
TKT000002631,BKG000002631,PAY000002631,issued,2013-10-01 10:20:52,NONE,44.0
TKT000002632,BKG000002632,PAY000002632,issued,2014-02-23 19:42:25,NONE,21.0
TKT000002633,BKG000002633,PAY000002633,issued,2013-05-08 21:21:32,NONE,23.0
TKT000002634,BKG000002634,PAY000002634,issued,2014-04-02 07:28:44,NONE,40.0
TKT000002635,BKG000002635,PAY000002635,issued,2014-02-04 16:03:56,NONE,5.0
TKT000002636,BKG000002636,PAY000002636,not_issued_payment_failed,,NONE,
TKT000002637,BKG000002637,PAY000002637,issued,2014-10-30 09:18:43,NONE,3.0
TKT000002638,BKG000002638,PAY000002638,issued,2014-12-09 04:11:25,NONE,10.0
TKT000002639,BKG000002639,PAY000002639,issued,2014-05-18 20:18:47,NONE,10.0
TKT000002640,BKG000002640,PAY000002640,issued,2013-05-21 22:33:07,NONE,11.0
TKT000002641,BKG000002641,PAY000002641,issued,2013-08-04 15:39:59,NONE,36.0
TKT000002642,BKG000002642,PAY000002642,issued,2014-03-26 08:35:10,NONE,16.0
TKT000002643,BKG000002643,PAY000002643,issued,2013-11-06 17:54:52,NONE,40.0
TKT000002644,BKG000002644,PAY000002644,issued,2014-08-10 09:58:16,NONE,20.0
TKT000002645,BKG000002645,PAY000002645,issued,2014-10-23 12:19:31,NONE,12.0
TKT000002646,BKG000002646,PAY000002646,issued,2014-09-02 10:47:46,NONE,38.0
TKT000002647,BKG000002647,PAY000002647,issued,2014-08-15 21:56:09,NONE,7.0
TKT000002648,BKG000002648,PAY000002648,issued,2014-11-18 22:42:43,NONE,22.0
TKT000002649,BKG000002649,PAY000002649,issued,2014-08-27 19:06:22,NONE,8.0
TKT000002650,BKG000002650,PAY000002650,issued,2013-07-08 03:38:28,NONE,11.0
TKT000002651,BKG000002651,PAY000002651,issued,2014-09-07 21:27:39,NONE,15.0
TKT000002652,BKG000002652,PAY000002652,issued,2014-02-17 11:47:44,NONE,19.0
TKT000002653,BKG000002653,PAY000002653,issued,2014-05-27 02:25:45,NONE,591.0
TKT000002654,BKG000002654,PAY000002654,issued,2013-07-23 22:00:25,NONE,8.0
TKT000002655,BKG000002655,PAY000002655,issued,2013-05-05 13:51:24,NONE,37.0
TKT000002656,BKG000002656,PAY000002656,issued,2014-01-31 18:01:44,NONE,4.0
TKT000002657,BKG000002657,PAY000002657,pending,2014-04-13 09:56:59,SUPPLIER_ERROR,43.0
TKT000002658,BKG000002658,PAY000002658,issued,2014-08-12 23:45:53,NONE,533.0
TKT000002659,BKG000002659,PAY000002659,issued,2014-02-04 15:48:10,NONE,23.0
TKT000002660,BKG000002660,PAY000002660,issued,2013-09-23 17:41:24,NONE,29.0
TKT000002661,BKG000002661,PAY000002661,issued,2013-02-25 11:51:51,NONE,42.0
TKT000002662,BKG000002662,PAY000002662,issued,2014-07-23 13:59:58,NONE,41.0
TKT000002663,BKG000002663,PAY000002663,issued,2014-02-28 11:04:25,NONE,1433.0
TKT000002664,BKG000002664,PAY000002664,issued,2014-12-31 11:38:55,NONE,1168.0
TKT000002665,BKG000002665,PAY000002665,not_issued_payment_failed,,NONE,
TKT000002666,BKG000002666,PAY000002666,issued,2013-12-23 05:57:16,NONE,11.0
TKT000002667,BKG000002667,PAY000002667,not_issued_payment_failed,,NONE,
TKT000002668,BKG000002668,PAY000002668,issued,2014-10-19 22:24:29,NONE,27.0
TKT000002669,BKG000002669,PAY000002669,issued,2014-09-30 19:31:29,NONE,33.0
TKT000002670,BKG000002670,PAY000002670,issued,2014-06-17 20:34:29,NONE,33.0
TKT000002671,BKG000002671,PAY000002671,issued,2013-06-02 10:19:27,NONE,41.0
TKT000002672,BKG000002672,PAY000002672,not_issued_payment_failed,,NONE,
TKT000002673,BKG000002673,PAY000002673,not_issued_payment_failed,,NONE,
TKT000002674,BKG000002674,PAY000002674,issued,2014-04-02 20:29:44,NONE,4.0
TKT000002675,BKG000002675,PAY000002675,issued,2014-01-24 17:34:53,NONE,32.0
TKT000002676,BKG000002676,PAY000002676,issued,2014-11-17 15:32:43,NONE,4.0
TKT000002677,BKG000002677,PAY000002677,issued,2013-09-09 15:21:57,NONE,44.0
TKT000002678,BKG000002678,PAY000002678,issued,2013-05-03 02:01:25,NONE,542.0
TKT000002679,BKG000002679,PAY000002679,issued,2014-03-26 15:23:04,NONE,5.0
TKT000002680,BKG000002680,PAY000002680,issued,2014-03-12 12:29:03,NONE,4.0
TKT000002681,BKG000002681,PAY000002681,issued,2013-03-04 16:05:29,NONE,28.0
TKT000002682,BKG000002682,PAY000002682,issued,2013-08-16 21:06:13,NONE,44.0
TKT000002683,BKG000002683,PAY000002683,not_issued_payment_failed,,NONE,
TKT000002684,BKG000002684,PAY000002684,issued,2014-09-18 01:23:20,NONE,37.0
TKT000002685,BKG000002685,PAY000002685,issued,2013-06-19 17:52:57,NONE,14.0
TKT000002686,BKG000002686,PAY000002686,issued,2013-07-12 02:55:16,NONE,7.0
TKT000002687,BKG000002687,PAY000002687,issued,2013-09-22 17:28:34,NONE,7.0
TKT000002688,BKG000002688,PAY000002688,issued,2014-09-21 11:38:47,NONE,26.0
TKT000002689,BKG000002689,PAY000002689,issued,2014-07-24 18:03:33,NONE,14.0
TKT000002690,BKG000002690,PAY000002690,issued,2014-07-06 14:14:31,NONE,920.0
TKT000002691,BKG000002691,PAY000002691,issued,2014-10-25 15:31:15,NONE,7.0
TKT000002692,BKG000002692,PAY000002692,issued,2014-07-15 19:38:31,NONE,17.0
TKT000002693,BKG000002693,PAY000002693,issued,2014-12-11 09:42:19,NONE,28.0
TKT000002694,BKG000002694,PAY000002694,issued,2014-11-21 02:07:27,NONE,25.0
TKT000002695,BKG000002695,PAY000002695,issued,2013-09-03 18:53:04,NONE,10.0
TKT000002696,BKG000002696,PAY000002696,issued,2013-04-24 21:00:24,NONE,20.0
TKT000002697,BKG000002697,PAY000002697,issued,2013-07-07 05:39:18,NONE,27.0
TKT000002698,BKG000002698,PAY000002698,failed,2014-01-11 03:50:37,SUPPLIER_ERROR,31.0
TKT000002699,BKG000002699,PAY000002699,issued,2014-01-11 01:21:37,NONE,26.0
TKT000002700,BKG000002700,PAY000002700,issued,2013-10-14 23:32:35,NONE,9.0
TKT000002701,BKG000002701,PAY000002701,issued,2014-11-19 05:04:23,NONE,34.0
TKT000002702,BKG000002702,PAY000002702,issued,2013-10-20 02:21:53,NONE,44.0
TKT000002703,BKG000002703,PAY000002703,pending,2014-10-14 23:55:49,AIRLINE_CONFIRMATION_FAILED,12.0
TKT000002704,BKG000002704,PAY000002704,issued,2014-08-27 16:36:37,NONE,12.0
TKT000002705,BKG000002705,PAY000002705,issued,2014-10-06 21:09:21,NONE,40.0
TKT000002706,BKG000002706,PAY000002706,failed,2013-11-19 17:34:07,AIRLINE_CONFIRMATION_FAILED,39.0
TKT000002707,BKG000002707,PAY000002707,issued,2014-06-13 14:21:03,NONE,45.0
TKT000002708,BKG000002708,PAY000002708,issued,2014-03-11 18:30:23,NONE,45.0
TKT000002709,BKG000002709,PAY000002709,issued,2014-06-05 14:34:42,NONE,45.0
TKT000002710,BKG000002710,PAY000002710,issued,2014-10-23 17:13:38,NONE,19.0
TKT000002711,BKG000002711,PAY000002711,issued,2014-11-02 09:54:36,NONE,34.0
TKT000002712,BKG000002712,PAY000002712,issued,2014-09-23 16:36:09,NONE,38.0
TKT000002713,BKG000002713,PAY000002713,issued,2013-04-14 16:37:24,NONE,27.0
TKT000002714,BKG000002714,PAY000002714,not_issued_payment_failed,,NONE,
TKT000002715,BKG000002715,PAY000002715,issued,2013-06-28 11:29:08,NONE,16.0
TKT000002716,BKG000002716,PAY000002716,issued,2013-06-29 05:22:08,NONE,916.0
TKT000002717,BKG000002717,PAY000002717,issued,2013-05-29 11:16:30,NONE,38.0
TKT000002718,BKG000002718,PAY000002718,issued,2013-02-27 12:01:05,NONE,4.0
TKT000002719,BKG000002719,PAY000002719,issued,2014-12-21 16:40:42,NONE,38.0
TKT000002720,BKG000002720,PAY000002720,issued,2013-11-07 14:54:18,NONE,6.0
TKT000002721,BKG000002721,PAY000002721,issued,2014-07-26 09:05:05,NONE,976.0
TKT000002722,BKG000002722,PAY000002722,issued,2013-11-14 14:17:30,NONE,722.0
TKT000002723,BKG000002723,PAY000002723,issued,2014-05-24 12:58:17,NONE,12.0
TKT000002724,BKG000002724,PAY000002724,issued,2014-11-11 23:26:09,NONE,7.0
TKT000002725,BKG000002725,PAY000002725,issued,2013-04-06 10:40:34,NONE,29.0
TKT000002726,BKG000002726,PAY000002726,issued,2014-05-14 17:30:00,NONE,45.0
TKT000002727,BKG000002727,PAY000002727,issued,2014-12-06 09:53:59,NONE,44.0
TKT000002728,BKG000002728,PAY000002728,issued,2013-10-22 15:37:03,NONE,16.0
TKT000002729,BKG000002729,PAY000002729,issued,2014-02-06 01:35:30,NONE,40.0
TKT000002730,BKG000002730,PAY000002730,issued,2014-09-07 14:48:22,NONE,37.0
TKT000002731,BKG000002731,PAY000002731,issued,2013-12-14 16:58:25,NONE,4.0
TKT000002732,BKG000002732,PAY000002732,not_issued_payment_failed,,NONE,
TKT000002733,BKG000002733,PAY000002733,issued,2013-09-24 18:36:14,NONE,24.0
TKT000002734,BKG000002734,PAY000002734,issued,2014-11-27 16:19:01,NONE,24.0
TKT000002735,BKG000002735,PAY000002735,issued,2014-11-27 14:22:01,NONE,22.0
TKT000002736,BKG000002736,PAY000002736,issued,2014-12-26 18:46:26,NONE,11.0
TKT000002737,BKG000002737,PAY000002737,issued,2014-02-17 13:10:16,NONE,34.0
TKT000002738,BKG000002738,PAY000002738,issued,2013-04-01 16:08:57,NONE,30.0
TKT000002739,BKG000002739,PAY000002739,issued,2014-11-14 18:59:42,NONE,30.0
TKT000002740,BKG000002740,PAY000002740,issued,2014-08-18 03:21:11,NONE,20.0
TKT000002741,BKG000002741,PAY000002741,issued,2013-06-11 22:27:53,NONE,5.0
TKT000002742,BKG000002742,PAY000002742,issued,2014-06-19 13:00:20,NONE,8.0
TKT000002743,BKG000002743,PAY000002743,issued,2013-06-14 21:39:55,NONE,11.0
TKT000002744,BKG000002744,PAY000002744,issued,2014-10-07 16:05:14,NONE,33.0
TKT000002745,BKG000002745,PAY000002745,issued,2014-05-29 11:18:22,NONE,17.0
TKT000002746,BKG000002746,PAY000002746,issued,2013-12-11 17:35:28,NONE,37.0
TKT000002747,BKG000002747,PAY000002747,issued,2013-10-21 00:18:40,NONE,42.0
TKT000002748,BKG000002748,PAY000002748,issued,2014-03-07 03:35:06,NONE,8.0
TKT000002749,BKG000002749,PAY000002749,issued,2013-11-24 00:21:00,NONE,13.0
TKT000002750,BKG000002750,PAY000002750,not_issued_payment_failed,,NONE,
TKT000002751,BKG000002751,PAY000002751,issued,2014-07-17 12:45:33,NONE,41.0
TKT000002752,BKG000002752,PAY000002752,issued,2014-04-12 21:39:58,NONE,458.0
TKT000002753,BKG000002753,PAY000002753,issued,2014-03-06 19:55:51,NONE,32.0
TKT000002754,BKG000002754,PAY000002754,issued,2014-06-11 17:09:34,NONE,18.0
TKT000002755,BKG000002755,PAY000002755,issued,2014-10-29 20:21:51,NONE,39.0
TKT000002756,BKG000002756,PAY000002756,issued,2013-12-23 14:13:07,NONE,7.0
TKT000002757,BKG000002757,PAY000002757,issued,2014-05-05 22:49:38,NONE,35.0
TKT000002758,BKG000002758,PAY000002758,issued,2014-09-21 20:16:22,NONE,34.0
TKT000002759,BKG000002759,PAY000002759,issued,2014-05-06 23:05:33,NONE,33.0
TKT000002760,BKG000002760,PAY000002760,not_issued_payment_failed,,NONE,
TKT000002761,BKG000002761,PAY000002761,issued,2014-01-28 00:23:56,NONE,6.0
TKT000002762,BKG000002762,PAY000002762,issued,2014-05-06 20:05:58,NONE,17.0
TKT000002763,BKG000002763,PAY000002763,issued,2014-03-28 14:27:24,NONE,38.0
TKT000002764,BKG000002764,PAY000002764,issued,2014-08-31 18:47:33,NONE,39.0
TKT000002765,BKG000002765,PAY000002765,issued,2013-01-14 20:25:55,NONE,43.0
TKT000002766,BKG000002766,PAY000002766,issued,2014-07-12 01:55:36,NONE,22.0
TKT000002767,BKG000002767,PAY000002767,issued,2013-07-06 15:12:45,NONE,14.0
TKT000002768,BKG000002768,PAY000002768,issued,2013-12-13 16:38:11,NONE,39.0
TKT000002769,BKG000002769,PAY000002769,not_issued_payment_failed,,NONE,
TKT000002770,BKG000002770,PAY000002770,issued,2013-07-04 23:29:39,NONE,31.0
TKT000002771,BKG000002771,PAY000002771,not_issued_payment_failed,,NONE,
TKT000002772,BKG000002772,PAY000002772,issued,2014-08-14 18:26:02,NONE,42.0
TKT000002773,BKG000002773,PAY000002773,issued,2014-05-06 10:44:36,NONE,15.0
TKT000002774,BKG000002774,PAY000002774,issued,2014-06-30 11:35:26,NONE,3.0
TKT000002775,BKG000002775,PAY000002775,issued,2014-02-15 15:15:17,NONE,10.0
TKT000002776,BKG000002776,PAY000002776,issued,2013-11-19 12:15:23,NONE,43.0
TKT000002777,BKG000002777,PAY000002777,issued,2014-07-11 18:30:17,NONE,4.0
TKT000002778,BKG000002778,PAY000002778,issued,2013-12-13 17:36:23,NONE,4.0
TKT000002779,BKG000002779,PAY000002779,issued,2014-12-31 12:20:10,NONE,850.0
TKT000002780,BKG000002780,PAY000002780,issued,2013-06-27 01:50:54,NONE,45.0
TKT000002781,BKG000002781,PAY000002781,issued,2014-11-02 02:02:38,NONE,38.0
TKT000002782,BKG000002782,PAY000002782,issued,2013-04-03 17:43:45,NONE,14.0
TKT000002783,BKG000002783,PAY000002783,issued,2014-06-27 14:09:54,NONE,43.0
TKT000002784,BKG000002784,PAY000002784,issued,2014-09-09 22:18:59,NONE,31.0
TKT000002785,BKG000002785,PAY000002785,issued,2014-08-22 11:25:53,NONE,26.0
TKT000002786,BKG000002786,PAY000002786,issued,2014-04-28 19:45:45,NONE,15.0
TKT000002787,BKG000002787,PAY000002787,issued,2013-05-06 18:17:50,NONE,44.0
TKT000002788,BKG000002788,PAY000002788,issued,2013-06-30 13:52:19,NONE,11.0
TKT000002789,BKG000002789,PAY000002789,issued,2014-11-24 21:34:29,NONE,17.0
TKT000002790,BKG000002790,PAY000002790,issued,2013-04-21 14:21:50,NONE,29.0
TKT000002791,BKG000002791,PAY000002791,issued,2013-02-22 15:19:26,NONE,44.0
TKT000002792,BKG000002792,PAY000002792,issued,2013-03-06 15:00:59,NONE,18.0
TKT000002793,BKG000002793,PAY000002793,issued,2014-02-26 09:59:13,NONE,4.0
TKT000002794,BKG000002794,PAY000002794,issued,2013-07-12 14:52:18,NONE,1108.0
TKT000002795,BKG000002795,PAY000002795,issued,2014-09-23 14:27:03,NONE,19.0
TKT000002796,BKG000002796,PAY000002796,issued,2013-03-14 15:55:29,NONE,13.0
TKT000002797,BKG000002797,PAY000002797,issued,2014-12-16 11:06:23,NONE,21.0
TKT000002798,BKG000002798,PAY000002798,issued,2014-09-23 23:20:00,NONE,40.0
TKT000002799,BKG000002799,PAY000002799,issued,2014-09-23 20:57:00,NONE,41.0
TKT000002800,BKG000002800,PAY000002800,issued,2014-10-15 11:39:43,NONE,30.0
TKT000002801,BKG000002801,PAY000002801,issued,2014-03-25 20:19:33,NONE,36.0
TKT000002802,BKG000002802,PAY000002802,issued,2013-09-22 18:58:38,NONE,17.0
TKT000002803,BKG000002803,PAY000002803,not_issued_payment_failed,,NONE,
TKT000002804,BKG000002804,PAY000002804,issued,2014-05-14 17:38:12,NONE,7.0
TKT000002805,BKG000002805,PAY000002805,issued,2014-08-18 00:59:10,NONE,25.0
TKT000002806,BKG000002806,PAY000002806,issued,2013-01-16 06:03:24,NONE,1033.0
TKT000002807,BKG000002807,PAY000002807,issued,2013-05-05 09:24:24,NONE,9.0
TKT000002808,BKG000002808,PAY000002808,issued,2014-08-14 10:57:56,NONE,157.0
TKT000002809,BKG000002809,PAY000002809,issued,2013-04-01 00:22:42,NONE,37.0
TKT000002810,BKG000002810,PAY000002810,issued,2014-03-01 19:44:46,NONE,44.0
TKT000002811,BKG000002811,PAY000002811,issued,2013-10-07 15:39:10,NONE,39.0
TKT000002812,BKG000002812,PAY000002812,issued,2014-10-02 20:31:57,NONE,41.0
TKT000002813,BKG000002813,PAY000002813,not_issued_payment_failed,,NONE,
TKT000002814,BKG000002814,PAY000002814,issued,2014-09-13 15:35:46,NONE,33.0
TKT000002815,BKG000002815,PAY000002815,issued,2013-09-24 14:00:59,NONE,3.0
TKT000002816,BKG000002816,PAY000002816,issued,2014-08-13 15:39:28,NONE,23.0
TKT000002817,BKG000002817,PAY000002817,issued,2013-11-15 12:22:01,NONE,12.0
TKT000002818,BKG000002818,PAY000002818,issued,2013-06-01 14:27:14,NONE,1163.0
TKT000002819,BKG000002819,PAY000002819,issued,2014-08-26 01:15:22,NONE,31.0
TKT000002820,BKG000002820,PAY000002820,issued,2014-11-19 10:15:05,NONE,38.0
TKT000002821,BKG000002821,PAY000002821,issued,2013-03-24 14:10:25,NONE,20.0
TKT000002822,BKG000002822,PAY000002822,not_issued_payment_failed,,NONE,
TKT000002823,BKG000002823,PAY000002823,issued,2014-07-03 11:28:34,NONE,11.0
TKT000002824,BKG000002824,PAY000002824,issued,2013-09-16 15:00:10,NONE,14.0
TKT000002825,BKG000002825,PAY000002825,issued,2014-11-01 13:44:14,NONE,15.0
TKT000002826,BKG000002826,PAY000002826,issued,2013-08-03 06:32:31,NONE,11.0
TKT000002827,BKG000002827,PAY000002827,issued,2013-09-17 20:38:53,NONE,25.0
TKT000002828,BKG000002828,PAY000002828,issued,2013-08-05 22:47:38,NONE,24.0
TKT000002829,BKG000002829,PAY000002829,issued,2013-07-18 17:24:40,NONE,10.0
TKT000002830,BKG000002830,PAY000002830,issued,2014-05-11 20:31:10,NONE,33.0
TKT000002831,BKG000002831,PAY000002831,failed,2014-06-14 02:00:46,TICKETING_TIMEOUT,40.0
TKT000002832,BKG000002832,PAY000002832,issued,2014-11-24 11:19:43,NONE,6.0
TKT000002833,BKG000002833,PAY000002833,issued,2014-06-16 16:59:42,NONE,23.0
TKT000002834,BKG000002834,PAY000002834,issued,2013-05-07 12:44:51,NONE,7.0
TKT000002835,BKG000002835,PAY000002835,issued,2014-07-14 11:52:28,NONE,21.0
TKT000002836,BKG000002836,PAY000002836,issued,2013-08-06 00:13:24,NONE,9.0
TKT000002837,BKG000002837,PAY000002837,issued,2013-03-08 22:54:08,NONE,25.0
TKT000002838,BKG000002838,PAY000002838,issued,2013-11-01 09:24:05,NONE,12.0
TKT000002839,BKG000002839,PAY000002839,issued,2013-06-04 18:57:32,NONE,40.0
TKT000002840,BKG000002840,PAY000002840,issued,2014-10-29 10:32:59,NONE,28.0
TKT000002841,BKG000002841,PAY000002841,issued,2014-07-26 18:14:54,NONE,21.0
TKT000002842,BKG000002842,PAY000002842,not_issued_payment_failed,,NONE,
TKT000002843,BKG000002843,PAY000002843,issued,2014-10-28 12:08:51,NONE,40.0
TKT000002844,BKG000002844,PAY000002844,issued,2014-03-27 17:21:34,NONE,26.0
TKT000002845,BKG000002845,PAY000002845,issued,2014-09-03 13:54:11,NONE,36.0
TKT000002846,BKG000002846,PAY000002846,issued,2013-05-22 12:41:00,NONE,29.0
TKT000002847,BKG000002847,PAY000002847,issued,2014-09-19 10:06:03,NONE,45.0
TKT000002848,BKG000002848,PAY000002848,issued,2014-09-24 20:34:31,NONE,40.0
TKT000002849,BKG000002849,PAY000002849,issued,2014-03-31 22:27:57,NONE,7.0
TKT000002850,BKG000002850,PAY000002850,issued,2013-03-08 08:46:26,NONE,14.0
TKT000002851,BKG000002851,PAY000002851,not_issued_payment_failed,,NONE,
TKT000002852,BKG000002852,PAY000002852,issued,2014-04-12 16:14:57,NONE,26.0
TKT000002853,BKG000002853,PAY000002853,issued,2014-10-06 16:43:43,NONE,11.0
TKT000002854,BKG000002854,PAY000002854,issued,2014-06-11 15:14:34,NONE,44.0
TKT000002855,BKG000002855,PAY000002855,issued,2013-04-29 17:08:17,NONE,26.0
TKT000002856,BKG000002856,PAY000002856,issued,2013-02-17 14:38:56,NONE,6.0
TKT000002857,BKG000002857,PAY000002857,issued,2014-12-28 01:24:08,NONE,41.0
TKT000002858,BKG000002858,PAY000002858,issued,2014-08-17 09:12:06,NONE,39.0
TKT000002859,BKG000002859,PAY000002859,issued,2014-11-04 01:52:04,NONE,31.0
TKT000002860,BKG000002860,PAY000002860,issued,2014-01-17 02:29:18,NONE,35.0
TKT000002861,BKG000002861,PAY000002861,issued,2014-11-28 17:39:43,NONE,33.0
TKT000002862,BKG000002862,PAY000002862,issued,2013-08-14 23:21:41,NONE,33.0
TKT000002863,BKG000002863,PAY000002863,issued,2014-06-22 22:49:34,NONE,16.0
TKT000002864,BKG000002864,PAY000002864,issued,2014-09-22 09:17:33,NONE,5.0
TKT000002865,BKG000002865,PAY000002865,issued,2014-08-07 11:03:22,NONE,39.0
TKT000002866,BKG000002866,PAY000002866,issued,2014-07-29 18:34:51,NONE,43.0
TKT000002867,BKG000002867,PAY000002867,issued,2014-11-25 01:15:59,NONE,20.0
TKT000002868,BKG000002868,PAY000002868,issued,2013-03-02 08:42:59,NONE,33.0
TKT000002869,BKG000002869,PAY000002869,issued,2013-07-14 22:13:32,NONE,25.0
TKT000002870,BKG000002870,PAY000002870,issued,2014-05-06 16:35:05,NONE,35.0
TKT000002871,BKG000002871,PAY000002871,issued,2014-03-09 07:03:22,NONE,25.0
TKT000002872,BKG000002872,PAY000002872,issued,2013-08-12 11:18:24,NONE,36.0
TKT000002873,BKG000002873,PAY000002873,issued,2014-12-06 17:07:42,NONE,3.0
TKT000002874,BKG000002874,PAY000002874,issued,2014-07-12 08:28:03,NONE,8.0
TKT000002875,BKG000002875,PAY000002875,issued,2013-08-30 13:07:41,NONE,29.0
TKT000002876,BKG000002876,PAY000002876,issued,2014-08-24 03:36:10,NONE,33.0
TKT000002877,BKG000002877,PAY000002877,issued,2014-03-10 16:09:13,NONE,11.0
TKT000002878,BKG000002878,PAY000002878,issued,2013-06-14 14:37:02,NONE,4.0
TKT000002879,BKG000002879,PAY000002879,issued,2013-01-22 21:27:19,NONE,11.0
TKT000002880,BKG000002880,PAY000002880,not_issued_payment_failed,,NONE,
TKT000002881,BKG000002881,PAY000002881,issued,2013-09-04 15:06:55,NONE,17.0
TKT000002882,BKG000002882,PAY000002882,issued,2014-01-23 10:33:04,NONE,19.0
TKT000002883,BKG000002883,PAY000002883,issued,2013-09-18 21:00:37,NONE,36.0
TKT000002884,BKG000002884,PAY000002884,issued,2013-12-21 10:32:35,NONE,35.0
TKT000002885,BKG000002885,PAY000002885,issued,2014-12-04 17:08:46,NONE,16.0
TKT000002886,BKG000002886,PAY000002886,issued,2013-10-02 15:24:57,NONE,41.0
TKT000002887,BKG000002887,PAY000002887,issued,2013-08-19 17:25:23,NONE,25.0
TKT000002888,BKG000002888,PAY000002888,issued,2013-02-27 13:19:04,NONE,6.0
TKT000002889,BKG000002889,PAY000002889,issued,2014-10-26 12:18:38,NONE,22.0
TKT000002890,BKG000002890,PAY000002890,issued,2013-04-16 23:50:07,NONE,17.0
TKT000002891,BKG000002891,PAY000002891,issued,2014-10-31 16:07:00,NONE,41.0
TKT000002892,BKG000002892,PAY000002892,issued,2013-08-01 06:40:27,NONE,7.0
TKT000002893,BKG000002893,PAY000002893,issued,2014-04-02 19:35:33,NONE,15.0
TKT000002894,BKG000002894,PAY000002894,issued,2013-08-26 21:37:36,NONE,40.0
TKT000002895,BKG000002895,PAY000002895,issued,2013-03-23 08:39:23,NONE,17.0
TKT000002896,BKG000002896,PAY000002896,issued,2014-08-16 21:07:32,NONE,40.0
TKT000002897,BKG000002897,PAY000002897,issued,2013-09-12 23:55:12,NONE,45.0
TKT000002898,BKG000002898,PAY000002898,not_issued_payment_failed,,NONE,
TKT000002899,BKG000002899,PAY000002899,issued,2014-03-20 06:47:24,NONE,40.0
TKT000002900,BKG000002900,PAY000002900,issued,2014-09-05 13:45:08,NONE,37.0
TKT000002901,BKG000002901,PAY000002901,not_issued_payment_failed,,NONE,
TKT000002902,BKG000002902,PAY000002902,issued,2013-09-11 17:39:17,NONE,6.0
TKT000002903,BKG000002903,PAY000002903,issued,2014-04-10 11:07:03,NONE,34.0
TKT000002904,BKG000002904,PAY000002904,issued,2014-10-13 23:28:41,NONE,20.0
TKT000002905,BKG000002905,PAY000002905,issued,2014-11-06 15:23:48,NONE,30.0
TKT000002906,BKG000002906,PAY000002906,issued,2014-02-17 03:56:27,NONE,16.0
TKT000002907,BKG000002907,PAY000002907,issued,2014-01-04 19:14:22,NONE,33.0
TKT000002908,BKG000002908,PAY000002908,issued,2013-08-19 20:23:55,NONE,23.0
TKT000002909,BKG000002909,PAY000002909,issued,2013-12-12 17:50:33,NONE,25.0
TKT000002910,BKG000002910,PAY000002910,issued,2013-06-02 19:02:13,NONE,14.0
TKT000002911,BKG000002911,PAY000002911,issued,2014-12-30 16:07:35,NONE,23.0
TKT000002912,BKG000002912,PAY000002912,not_issued_payment_failed,,NONE,
TKT000002913,BKG000002913,PAY000002913,issued,2014-07-03 01:43:27,NONE,16.0
TKT000002914,BKG000002914,PAY000002914,issued,2013-12-18 04:34:41,NONE,6.0
TKT000002915,BKG000002915,PAY000002915,issued,2013-12-18 05:23:41,NONE,18.0
TKT000002916,BKG000002916,PAY000002916,issued,2014-05-22 21:43:24,NONE,23.0
TKT000002917,BKG000002917,PAY000002917,pending,2013-08-08 22:12:27,AIRLINE_CONFIRMATION_FAILED,25.0
TKT000002918,BKG000002918,PAY000002918,issued,2013-01-12 02:04:02,NONE,29.0
TKT000002919,BKG000002919,PAY000002919,issued,2013-01-17 06:58:24,NONE,12.0
TKT000002920,BKG000002920,PAY000002920,issued,2014-10-11 12:42:58,NONE,7.0
TKT000002921,BKG000002921,PAY000002921,not_issued_payment_failed,,NONE,
TKT000002922,BKG000002922,PAY000002922,issued,2014-05-26 21:41:14,NONE,36.0
TKT000002923,BKG000002923,PAY000002923,issued,2013-04-25 06:33:17,NONE,20.0
TKT000002924,BKG000002924,PAY000002924,issued,2014-07-03 20:13:28,NONE,1361.0
TKT000002925,BKG000002925,PAY000002925,not_issued_payment_failed,,NONE,
TKT000002926,BKG000002926,PAY000002926,issued,2014-09-11 04:13:22,NONE,1287.0
TKT000002927,BKG000002927,PAY000002927,issued,2013-10-27 19:40:38,NONE,11.0
TKT000002928,BKG000002928,PAY000002928,issued,2014-11-07 14:06:17,NONE,28.0
TKT000002929,BKG000002929,PAY000002929,issued,2014-04-17 17:22:02,NONE,10.0
TKT000002930,BKG000002930,PAY000002930,failed,2014-11-18 00:37:01,AIRLINE_CONFIRMATION_FAILED,32.0
TKT000002931,BKG000002931,PAY000002931,issued,2013-09-09 19:57:01,NONE,23.0
TKT000002932,BKG000002932,PAY000002932,issued,2014-07-09 11:13:38,NONE,33.0
TKT000002933,BKG000002933,PAY000002933,not_issued_payment_failed,,NONE,
TKT000002934,BKG000002934,PAY000002934,issued,2013-08-12 16:54:02,NONE,40.0
TKT000002935,BKG000002935,PAY000002935,issued,2014-04-17 22:51:40,NONE,19.0
TKT000002936,BKG000002936,PAY000002936,issued,2014-12-28 21:06:31,NONE,17.0
TKT000002937,BKG000002937,PAY000002937,issued,2014-06-24 11:52:00,NONE,19.0
TKT000002938,BKG000002938,PAY000002938,issued,2013-03-14 18:19:26,NONE,5.0
TKT000002939,BKG000002939,PAY000002939,issued,2014-10-01 19:53:16,NONE,809.0
TKT000002940,BKG000002940,PAY000002940,issued,2014-06-23 21:01:37,NONE,6.0
TKT000002941,BKG000002941,PAY000002941,issued,2014-09-11 01:19:10,NONE,16.0
TKT000002942,BKG000002942,PAY000002942,issued,2014-08-15 23:24:51,NONE,36.0
TKT000002943,BKG000002943,PAY000002943,issued,2014-01-17 16:34:48,NONE,20.0
TKT000002944,BKG000002944,PAY000002944,issued,2014-10-03 16:42:19,NONE,7.0
TKT000002945,BKG000002945,PAY000002945,issued,2014-10-14 10:02:28,NONE,40.0
TKT000002946,BKG000002946,PAY000002946,issued,2014-06-24 11:37:54,NONE,30.0
TKT000002947,BKG000002947,PAY000002947,issued,2014-11-06 15:31:01,NONE,15.0
TKT000002948,BKG000002948,PAY000002948,issued,2013-12-23 10:56:28,NONE,6.0
TKT000002949,BKG000002949,PAY000002949,issued,2013-04-14 12:52:52,NONE,6.0
TKT000002950,BKG000002950,PAY000002950,issued,2014-08-28 06:11:39,NONE,30.0
TKT000002951,BKG000002951,PAY000002951,issued,2013-05-18 20:50:26,NONE,33.0
TKT000002952,BKG000002952,PAY000002952,issued,2013-12-27 23:25:00,NONE,22.0
TKT000002953,BKG000002953,PAY000002953,issued,2013-09-05 05:59:44,NONE,3.0
TKT000002954,BKG000002954,PAY000002954,issued,2013-03-10 19:09:48,NONE,43.0
TKT000002955,BKG000002955,PAY000002955,issued,2014-08-06 08:46:37,NONE,30.0
TKT000002956,BKG000002956,PAY000002956,failed,2014-06-24 06:48:50,SUPPLIER_ERROR,13.0
TKT000002957,BKG000002957,PAY000002957,issued,2014-01-10 10:11:03,NONE,14.0
TKT000002958,BKG000002958,PAY000002958,issued,2014-10-08 20:12:16,NONE,40.0
TKT000002959,BKG000002959,PAY000002959,issued,2014-12-29 15:09:12,NONE,8.0
TKT000002960,BKG000002960,PAY000002960,issued,2013-11-18 21:07:57,NONE,11.0
TKT000002961,BKG000002961,PAY000002961,issued,2014-07-24 03:42:20,NONE,14.0
TKT000002962,BKG000002962,PAY000002962,issued,2014-09-24 09:15:33,NONE,9.0
TKT000002963,BKG000002963,PAY000002963,issued,2013-06-04 16:27:26,NONE,11.0
TKT000002964,BKG000002964,PAY000002964,issued,2013-02-08 13:53:20,NONE,22.0
TKT000002965,BKG000002965,PAY000002965,issued,2013-07-10 13:36:21,NONE,12.0
TKT000002966,BKG000002966,PAY000002966,not_issued_payment_failed,,NONE,
TKT000002967,BKG000002967,PAY000002967,issued,2014-04-23 13:46:47,NONE,40.0
TKT000002968,BKG000002968,PAY000002968,issued,2013-10-30 11:41:46,NONE,13.0
TKT000002969,BKG000002969,PAY000002969,issued,2014-09-20 14:22:37,NONE,17.0
TKT000002970,BKG000002970,PAY000002970,issued,2014-11-10 16:40:46,NONE,30.0
TKT000002971,BKG000002971,PAY000002971,issued,2014-10-21 23:18:56,NONE,36.0
TKT000002972,BKG000002972,PAY000002972,issued,2014-11-04 18:04:11,NONE,41.0
TKT000002973,BKG000002973,PAY000002973,issued,2013-07-28 16:12:00,NONE,653.0
TKT000002974,BKG000002974,PAY000002974,issued,2014-12-07 22:28:27,NONE,7.0
TKT000002975,BKG000002975,PAY000002975,issued,2013-11-01 23:29:44,NONE,11.0
TKT000002976,BKG000002976,PAY000002976,issued,2013-04-01 17:28:13,NONE,15.0
TKT000002977,BKG000002977,PAY000002977,issued,2014-05-26 22:58:50,NONE,24.0
TKT000002978,BKG000002978,PAY000002978,issued,2014-12-05 14:00:07,NONE,28.0
TKT000002979,BKG000002979,PAY000002979,issued,2014-02-13 23:04:19,NONE,20.0
TKT000002980,BKG000002980,PAY000002980,issued,2013-09-13 12:46:12,NONE,45.0
TKT000002981,BKG000002981,PAY000002981,not_issued_payment_failed,,NONE,
TKT000002982,BKG000002982,PAY000002982,issued,2013-02-15 17:30:26,NONE,38.0
TKT000002983,BKG000002983,PAY000002983,issued,2014-10-08 17:12:44,NONE,31.0
TKT000002984,BKG000002984,PAY000002984,issued,2014-08-17 16:09:30,NONE,12.0
TKT000002985,BKG000002985,PAY000002985,issued,2014-04-13 20:55:55,NONE,37.0
TKT000002986,BKG000002986,PAY000002986,issued,2014-04-28 08:31:18,NONE,5.0
TKT000002987,BKG000002987,PAY000002987,issued,2014-05-06 13:04:27,NONE,14.0
TKT000002988,BKG000002988,PAY000002988,issued,2013-08-12 02:12:12,NONE,24.0
TKT000002989,BKG000002989,PAY000002989,pending,2014-04-16 21:26:20,TICKETING_TIMEOUT,34.0
TKT000002990,BKG000002990,PAY000002990,not_issued_payment_failed,,NONE,
TKT000002991,BKG000002991,PAY000002991,issued,2014-12-26 22:23:28,NONE,33.0
TKT000002992,BKG000002992,PAY000002992,issued,2014-05-03 16:55:22,NONE,38.0
TKT000002993,BKG000002993,PAY000002993,issued,2014-07-02 23:08:44,NONE,34.0
TKT000002994,BKG000002994,PAY000002994,issued,2013-02-16 22:37:00,NONE,35.0
TKT000002995,BKG000002995,PAY000002995,issued,2014-12-31 19:52:19,NONE,13.0
TKT000002996,BKG000002996,PAY000002996,issued,2014-08-14 10:37:01,NONE,4.0
TKT000002997,BKG000002997,PAY000002997,not_issued_payment_failed,,NONE,
TKT000002998,BKG000002998,PAY000002998,issued,2014-11-06 21:44:52,NONE,15.0
TKT000002999,BKG000002999,PAY000002999,issued,2013-07-27 00:19:23,NONE,15.0
TKT000003000,BKG000003000,PAY000003000,issued,2014-09-27 14:21:10,NONE,36.0
TKT000003001,BKG000003001,PAY000003001,issued,2014-07-09 03:05:37,NONE,472.0
TKT000003002,BKG000003002,PAY000003002,issued,2014-02-17 18:49:59,NONE,17.0
TKT000003003,BKG000003003,PAY000003003,issued,2014-04-02 21:40:24,NONE,16.0
TKT000003004,BKG000003004,PAY000003004,issued,2014-04-14 23:02:05,NONE,31.0
TKT000003005,BKG000003005,PAY000003005,issued,2013-04-14 12:04:32,NONE,30.0
TKT000003006,BKG000003006,PAY000003006,issued,2013-05-04 23:11:35,NONE,22.0
TKT000003007,BKG000003007,PAY000003007,issued,2013-12-07 02:26:38,NONE,14.0
TKT000003008,BKG000003008,PAY000003008,issued,2013-09-28 12:19:00,NONE,4.0
TKT000003009,BKG000003009,PAY000003009,issued,2013-10-02 12:38:37,NONE,24.0
TKT000003010,BKG000003010,PAY000003010,issued,2014-06-09 13:40:29,NONE,33.0
TKT000003011,BKG000003011,PAY000003011,issued,2014-07-25 21:32:13,NONE,38.0
TKT000003012,BKG000003012,PAY000003012,issued,2014-01-22 11:31:33,NONE,32.0
TKT000003013,BKG000003013,PAY000003013,not_issued_payment_failed,,NONE,
TKT000003014,BKG000003014,PAY000003014,issued,2014-11-10 18:31:26,NONE,31.0
TKT000003015,BKG000003015,PAY000003015,issued,2014-06-11 12:38:21,NONE,11.0
TKT000003016,BKG000003016,PAY000003016,issued,2014-05-16 12:41:31,NONE,9.0
TKT000003017,BKG000003017,PAY000003017,issued,2014-06-25 21:38:47,NONE,17.0
TKT000003018,BKG000003018,PAY000003018,issued,2013-11-22 12:11:29,NONE,26.0
TKT000003019,BKG000003019,PAY000003019,issued,2014-12-11 12:49:41,NONE,11.0
TKT000003020,BKG000003020,PAY000003020,issued,2013-06-18 16:07:17,NONE,19.0
TKT000003021,BKG000003021,PAY000003021,pending,2013-08-20 09:08:27,SUPPLIER_ERROR,10.0
TKT000003022,BKG000003022,PAY000003022,issued,2013-04-25 10:07:54,NONE,15.0
TKT000003023,BKG000003023,PAY000003023,issued,2014-02-26 14:21:38,NONE,34.0
TKT000003024,BKG000003024,PAY000003024,pending,2013-09-02 14:54:50,AIRLINE_CONFIRMATION_FAILED,1073.0
TKT000003025,BKG000003025,PAY000003025,not_issued_payment_failed,,NONE,
TKT000003026,BKG000003026,PAY000003026,issued,2013-04-20 06:40:57,NONE,32.0
TKT000003027,BKG000003027,PAY000003027,issued,2013-06-05 12:46:10,NONE,14.0
TKT000003028,BKG000003028,PAY000003028,not_issued_payment_failed,,NONE,
TKT000003029,BKG000003029,PAY000003029,issued,2014-09-09 01:34:55,NONE,40.0
TKT000003030,BKG000003030,PAY000003030,issued,2014-08-24 09:07:56,NONE,6.0
TKT000003031,BKG000003031,PAY000003031,issued,2014-05-03 18:50:35,NONE,1078.0
TKT000003032,BKG000003032,PAY000003032,issued,2014-10-17 16:57:41,NONE,28.0
TKT000003033,BKG000003033,PAY000003033,failed,2014-12-09 13:21:35,TICKETING_TIMEOUT,14.0
TKT000003034,BKG000003034,PAY000003034,issued,2014-04-29 10:23:15,NONE,765.0
TKT000003035,BKG000003035,PAY000003035,issued,2014-01-22 23:04:56,NONE,23.0
TKT000003036,BKG000003036,PAY000003036,issued,2014-04-05 10:27:17,NONE,4.0
TKT000003037,BKG000003037,PAY000003037,issued,2014-06-27 18:24:24,NONE,35.0
TKT000003038,BKG000003038,PAY000003038,issued,2014-05-22 10:10:20,NONE,16.0
TKT000003039,BKG000003039,PAY000003039,issued,2013-09-25 10:30:56,NONE,32.0
TKT000003040,BKG000003040,PAY000003040,issued,2014-03-17 10:11:55,NONE,7.0
TKT000003041,BKG000003041,PAY000003041,issued,2013-11-08 12:22:54,NONE,32.0
TKT000003042,BKG000003042,PAY000003042,issued,2013-09-17 04:57:32,NONE,882.0
TKT000003043,BKG000003043,PAY000003043,issued,2014-07-22 20:34:52,NONE,5.0
TKT000003044,BKG000003044,PAY000003044,not_issued_payment_failed,,NONE,
TKT000003045,BKG000003045,PAY000003045,issued,2014-04-17 22:03:50,NONE,4.0
TKT000003046,BKG000003046,PAY000003046,issued,2014-12-03 21:34:25,NONE,3.0
TKT000003047,BKG000003047,PAY000003047,issued,2014-12-12 00:04:04,NONE,11.0
TKT000003048,BKG000003048,PAY000003048,issued,2013-04-06 14:36:50,NONE,12.0
TKT000003049,BKG000003049,PAY000003049,issued,2014-11-30 02:45:59,NONE,23.0
TKT000003050,BKG000003050,PAY000003050,issued,2013-06-05 14:41:36,NONE,45.0
TKT000003051,BKG000003051,PAY000003051,failed,2014-10-20 08:34:38,AIRLINE_CONFIRMATION_FAILED,39.0
TKT000003052,BKG000003052,PAY000003052,issued,2014-03-14 21:19:19,NONE,3.0
TKT000003053,BKG000003053,PAY000003053,issued,2014-12-02 19:33:39,NONE,8.0
TKT000003054,BKG000003054,PAY000003054,issued,2014-03-04 15:46:22,NONE,365.0
TKT000003055,BKG000003055,PAY000003055,issued,2014-09-18 20:29:21,NONE,23.0
TKT000003056,BKG000003056,PAY000003056,issued,2014-04-08 17:47:05,NONE,36.0
TKT000003057,BKG000003057,PAY000003057,issued,2013-04-26 14:42:19,NONE,15.0
TKT000003058,BKG000003058,PAY000003058,issued,2013-01-16 19:33:25,NONE,26.0
TKT000003059,BKG000003059,PAY000003059,not_issued_payment_failed,,NONE,
TKT000003060,BKG000003060,PAY000003060,issued,2014-04-27 19:56:38,NONE,16.0
TKT000003061,BKG000003061,PAY000003061,issued,2014-07-24 11:04:20,NONE,23.0
TKT000003062,BKG000003062,PAY000003062,issued,2014-07-24 08:39:20,NONE,14.0
TKT000003063,BKG000003063,PAY000003063,issued,2014-04-14 15:27:37,NONE,12.0
TKT000003064,BKG000003064,PAY000003064,failed,2014-09-21 01:30:58,TICKETING_TIMEOUT,11.0
TKT000003065,BKG000003065,PAY000003065,issued,2013-02-04 17:11:50,NONE,11.0
TKT000003066,BKG000003066,PAY000003066,issued,2014-07-02 15:17:27,NONE,28.0
TKT000003067,BKG000003067,PAY000003067,issued,2013-12-09 11:07:34,NONE,34.0
TKT000003068,BKG000003068,PAY000003068,issued,2013-09-02 20:23:41,NONE,7.0
TKT000003069,BKG000003069,PAY000003069,issued,2013-05-15 02:54:51,NONE,21.0
TKT000003070,BKG000003070,PAY000003070,issued,2013-07-15 17:55:24,NONE,23.0
TKT000003071,BKG000003071,PAY000003071,issued,2014-09-29 10:16:33,NONE,17.0
TKT000003072,BKG000003072,PAY000003072,issued,2013-07-02 13:45:52,NONE,10.0
TKT000003073,BKG000003073,PAY000003073,not_issued_payment_failed,,NONE,
TKT000003074,BKG000003074,PAY000003074,issued,2014-09-01 15:13:21,NONE,29.0
TKT000003075,BKG000003075,PAY000003075,issued,2014-01-20 21:48:07,NONE,421.0
TKT000003076,BKG000003076,PAY000003076,issued,2014-09-15 20:14:33,NONE,10.0
TKT000003077,BKG000003077,PAY000003077,issued,2014-03-06 04:31:34,NONE,1064.0
TKT000003078,BKG000003078,PAY000003078,issued,2014-08-08 18:10:39,NONE,5.0
TKT000003079,BKG000003079,PAY000003079,issued,2014-06-02 09:04:25,NONE,42.0
TKT000003080,BKG000003080,PAY000003080,issued,2014-12-02 22:57:25,NONE,9.0
TKT000003081,BKG000003081,PAY000003081,issued,2014-08-09 08:35:33,NONE,16.0
TKT000003082,BKG000003082,PAY000003082,issued,2013-03-29 15:54:31,NONE,12.0
TKT000003083,BKG000003083,PAY000003083,issued,2013-07-01 04:17:44,NONE,36.0
TKT000003084,BKG000003084,PAY000003084,issued,2013-01-10 04:58:49,NONE,4.0
TKT000003085,BKG000003085,PAY000003085,issued,2013-08-08 16:24:30,NONE,16.0
TKT000003086,BKG000003086,PAY000003086,issued,2013-07-23 20:11:36,NONE,20.0
TKT000003087,BKG000003087,PAY000003087,issued,2013-02-12 19:39:25,NONE,6.0
TKT000003088,BKG000003088,PAY000003088,issued,2013-12-12 13:03:32,NONE,39.0
TKT000003089,BKG000003089,PAY000003089,issued,2014-11-15 13:05:47,NONE,1094.0
TKT000003090,BKG000003090,PAY000003090,issued,2014-11-14 20:30:47,NONE,34.0
TKT000003091,BKG000003091,PAY000003091,failed,2013-01-14 09:41:40,INVENTORY_MISMATCH,18.0
TKT000003092,BKG000003092,PAY000003092,issued,2014-06-15 01:23:07,NONE,27.0
TKT000003093,BKG000003093,PAY000003093,issued,2014-10-26 19:28:40,NONE,41.0
TKT000003094,BKG000003094,PAY000003094,issued,2014-11-06 17:39:40,NONE,12.0
TKT000003095,BKG000003095,PAY000003095,not_issued_payment_failed,,NONE,
TKT000003096,BKG000003096,PAY000003096,issued,2014-06-10 15:14:12,NONE,22.0
TKT000003097,BKG000003097,PAY000003097,issued,2014-09-02 01:40:03,NONE,42.0
TKT000003098,BKG000003098,PAY000003098,issued,2013-06-21 23:14:25,NONE,31.0
TKT000003099,BKG000003099,PAY000003099,issued,2014-11-19 00:50:59,NONE,16.0
TKT000003100,BKG000003100,PAY000003100,issued,2014-11-20 14:37:14,NONE,20.0
TKT000003101,BKG000003101,PAY000003101,failed,2013-10-29 19:06:00,TICKETING_TIMEOUT,28.0
TKT000003102,BKG000003102,PAY000003102,issued,2013-10-07 13:31:11,NONE,10.0
TKT000003103,BKG000003103,PAY000003103,pending,2013-05-27 14:51:22,AIRLINE_CONFIRMATION_FAILED,41.0
TKT000003104,BKG000003104,PAY000003104,issued,2014-01-03 17:42:55,NONE,15.0
TKT000003105,BKG000003105,PAY000003105,issued,2013-02-18 21:15:16,NONE,36.0
TKT000003106,BKG000003106,PAY000003106,issued,2013-09-16 19:24:48,NONE,10.0
TKT000003107,BKG000003107,PAY000003107,issued,2014-06-20 21:07:05,NONE,41.0
TKT000003108,BKG000003108,PAY000003108,issued,2014-09-12 06:56:01,NONE,15.0
TKT000003109,BKG000003109,PAY000003109,issued,2014-10-13 20:48:07,NONE,9.0
TKT000003110,BKG000003110,PAY000003110,issued,2013-07-10 23:51:59,NONE,612.0
TKT000003111,BKG000003111,PAY000003111,issued,2013-08-19 02:09:24,NONE,42.0
TKT000003112,BKG000003112,PAY000003112,issued,2014-04-09 18:41:35,NONE,16.0
TKT000003113,BKG000003113,PAY000003113,issued,2014-05-30 15:40:51,NONE,19.0
TKT000003114,BKG000003114,PAY000003114,issued,2014-06-22 22:06:45,NONE,31.0
TKT000003115,BKG000003115,PAY000003115,issued,2013-12-20 01:17:38,NONE,33.0
TKT000003116,BKG000003116,PAY000003116,failed,2014-11-02 20:47:42,SUPPLIER_ERROR,41.0
TKT000003117,BKG000003117,PAY000003117,issued,2014-04-13 17:21:19,NONE,6.0
TKT000003118,BKG000003118,PAY000003118,issued,2014-03-14 15:51:02,NONE,17.0
TKT000003119,BKG000003119,PAY000003119,issued,2013-10-13 08:49:54,NONE,32.0
TKT000003120,BKG000003120,PAY000003120,issued,2014-09-17 08:53:57,NONE,18.0
TKT000003121,BKG000003121,PAY000003121,issued,2014-12-26 10:42:21,NONE,17.0
TKT000003122,BKG000003122,PAY000003122,issued,2013-06-06 15:26:51,NONE,23.0
TKT000003123,BKG000003123,PAY000003123,issued,2013-03-11 14:28:00,NONE,1385.0
TKT000003124,BKG000003124,PAY000003124,issued,2013-03-19 08:03:44,NONE,7.0
TKT000003125,BKG000003125,PAY000003125,issued,2013-03-17 13:40:32,NONE,42.0
TKT000003126,BKG000003126,PAY000003126,issued,2014-07-09 15:17:50,NONE,38.0
TKT000003127,BKG000003127,PAY000003127,issued,2014-06-28 00:00:37,NONE,25.0
TKT000003128,BKG000003128,PAY000003128,pending,2014-08-13 10:01:27,AIRLINE_CONFIRMATION_FAILED,17.0
TKT000003129,BKG000003129,PAY000003129,issued,2014-09-05 22:53:58,NONE,41.0
TKT000003130,BKG000003130,PAY000003130,issued,2014-02-12 19:40:47,NONE,383.0
TKT000003131,BKG000003131,PAY000003131,issued,2013-03-06 14:22:03,NONE,39.0
TKT000003132,BKG000003132,PAY000003132,issued,2014-06-14 03:41:06,NONE,39.0
TKT000003133,BKG000003133,PAY000003133,not_issued_payment_failed,,NONE,
TKT000003134,BKG000003134,PAY000003134,issued,2013-11-28 13:58:51,NONE,12.0
TKT000003135,BKG000003135,PAY000003135,issued,2013-06-22 12:21:55,NONE,35.0
TKT000003136,BKG000003136,PAY000003136,issued,2014-07-31 17:23:18,NONE,4.0
TKT000003137,BKG000003137,PAY000003137,issued,2014-04-26 01:44:06,NONE,6.0
TKT000003138,BKG000003138,PAY000003138,issued,2014-10-19 18:24:18,NONE,37.0
TKT000003139,BKG000003139,PAY000003139,issued,2014-04-02 09:14:53,NONE,6.0
TKT000003140,BKG000003140,PAY000003140,issued,2013-03-02 09:56:54,NONE,23.0
TKT000003141,BKG000003141,PAY000003141,issued,2013-11-27 10:47:41,NONE,4.0
TKT000003142,BKG000003142,PAY000003142,issued,2014-08-21 12:03:59,NONE,35.0
TKT000003143,BKG000003143,PAY000003143,issued,2014-08-22 08:52:03,NONE,41.0
TKT000003144,BKG000003144,PAY000003144,issued,2014-06-09 12:07:38,NONE,3.0
TKT000003145,BKG000003145,PAY000003145,not_issued_payment_failed,,NONE,
TKT000003146,BKG000003146,PAY000003146,pending,2014-07-23 04:19:33,AIRLINE_CONFIRMATION_FAILED,5.0
TKT000003147,BKG000003147,PAY000003147,issued,2014-06-13 21:19:12,NONE,18.0
TKT000003148,BKG000003148,PAY000003148,issued,2014-07-29 12:45:51,NONE,9.0
TKT000003149,BKG000003149,PAY000003149,issued,2014-07-21 13:53:46,NONE,27.0
TKT000003150,BKG000003150,PAY000003150,issued,2014-02-04 10:04:04,NONE,28.0
TKT000003151,BKG000003151,PAY000003151,issued,2014-11-09 19:49:06,NONE,13.0
TKT000003152,BKG000003152,PAY000003152,issued,2013-01-24 01:19:27,NONE,25.0
TKT000003153,BKG000003153,PAY000003153,not_issued_payment_failed,,NONE,
TKT000003154,BKG000003154,PAY000003154,issued,2014-05-16 12:49:31,NONE,10.0
TKT000003155,BKG000003155,PAY000003155,issued,2014-06-30 18:12:18,NONE,44.0
TKT000003156,BKG000003156,PAY000003156,issued,2014-10-01 12:15:00,NONE,18.0
TKT000003157,BKG000003157,PAY000003157,issued,2014-10-27 09:27:57,NONE,38.0
TKT000003158,BKG000003158,PAY000003158,issued,2013-09-25 17:06:49,NONE,5.0
TKT000003159,BKG000003159,PAY000003159,issued,2014-04-21 12:57:39,NONE,17.0
TKT000003160,BKG000003160,PAY000003160,issued,2013-08-14 23:32:24,NONE,10.0
TKT000003161,BKG000003161,PAY000003161,not_issued_payment_failed,,NONE,
TKT000003162,BKG000003162,PAY000003162,issued,2013-12-13 22:52:13,NONE,8.0
TKT000003163,BKG000003163,PAY000003163,issued,2014-08-11 11:49:05,NONE,6.0
TKT000003164,BKG000003164,PAY000003164,issued,2014-08-11 15:03:05,NONE,13.0
TKT000003165,BKG000003165,PAY000003165,issued,2014-11-19 17:39:46,NONE,44.0
TKT000003166,BKG000003166,PAY000003166,issued,2013-06-24 14:52:05,NONE,10.0
TKT000003167,BKG000003167,PAY000003167,issued,2013-07-18 14:36:08,NONE,17.0
TKT000003168,BKG000003168,PAY000003168,issued,2013-07-26 21:12:48,NONE,17.0
TKT000003169,BKG000003169,PAY000003169,issued,2014-12-03 14:42:24,NONE,14.0
TKT000003170,BKG000003170,PAY000003170,not_issued_payment_failed,,NONE,
TKT000003171,BKG000003171,PAY000003171,issued,2013-05-15 15:00:44,NONE,42.0
TKT000003172,BKG000003172,PAY000003172,issued,2013-02-26 10:26:13,NONE,8.0
TKT000003173,BKG000003173,PAY000003173,issued,2013-02-07 18:31:31,NONE,40.0
TKT000003174,BKG000003174,PAY000003174,issued,2014-04-17 20:58:02,NONE,41.0
TKT000003175,BKG000003175,PAY000003175,issued,2013-05-17 18:38:42,NONE,7.0
TKT000003176,BKG000003176,PAY000003176,issued,2014-05-30 23:56:00,NONE,1015.0
TKT000003177,BKG000003177,PAY000003177,issued,2014-10-08 16:59:41,NONE,9.0
TKT000003178,BKG000003178,PAY000003178,issued,2014-09-25 08:29:48,NONE,27.0
TKT000003179,BKG000003179,PAY000003179,not_issued_payment_failed,,NONE,
TKT000003180,BKG000003180,PAY000003180,issued,2013-12-03 09:07:01,NONE,18.0
TKT000003181,BKG000003181,PAY000003181,issued,2014-07-31 00:44:33,NONE,24.0
TKT000003182,BKG000003182,PAY000003182,issued,2014-09-10 15:14:44,NONE,35.0
TKT000003183,BKG000003183,PAY000003183,pending,2013-07-20 00:50:28,SUPPLIER_ERROR,22.0
TKT000003184,BKG000003184,PAY000003184,issued,2014-04-11 17:31:45,NONE,13.0
TKT000003185,BKG000003185,PAY000003185,issued,2014-10-10 13:03:41,NONE,29.0
TKT000003186,BKG000003186,PAY000003186,issued,2014-07-15 22:45:41,NONE,33.0
TKT000003187,BKG000003187,PAY000003187,issued,2014-08-15 16:56:15,NONE,23.0
TKT000003188,BKG000003188,PAY000003188,not_issued_payment_failed,,NONE,
TKT000003189,BKG000003189,PAY000003189,issued,2014-07-04 17:55:48,NONE,45.0
TKT000003190,BKG000003190,PAY000003190,issued,2013-04-21 15:49:06,NONE,15.0
TKT000003191,BKG000003191,PAY000003191,issued,2014-06-20 23:39:44,NONE,30.0
TKT000003192,BKG000003192,PAY000003192,issued,2014-09-18 10:58:31,NONE,41.0
TKT000003193,BKG000003193,PAY000003193,issued,2013-08-24 17:21:17,NONE,1055.0
TKT000003194,BKG000003194,PAY000003194,issued,2014-05-29 15:17:25,NONE,7.0
TKT000003195,BKG000003195,PAY000003195,issued,2014-08-04 13:12:13,NONE,12.0
TKT000003196,BKG000003196,PAY000003196,issued,2014-10-27 12:46:18,NONE,44.0
TKT000003197,BKG000003197,PAY000003197,issued,2014-11-03 20:04:05,NONE,40.0
TKT000003198,BKG000003198,PAY000003198,not_issued_payment_failed,,NONE,
TKT000003199,BKG000003199,PAY000003199,issued,2014-11-28 01:14:20,NONE,27.0
TKT000003200,BKG000003200,PAY000003200,issued,2014-03-10 15:07:12,NONE,44.0
TKT000003201,BKG000003201,PAY000003201,issued,2014-03-10 17:46:12,NONE,24.0
TKT000003202,BKG000003202,PAY000003202,issued,2014-08-20 01:47:35,NONE,29.0
TKT000003203,BKG000003203,PAY000003203,issued,2013-10-13 11:36:07,NONE,34.0
TKT000003204,BKG000003204,PAY000003204,issued,2014-08-26 20:32:19,NONE,33.0
TKT000003205,BKG000003205,PAY000003205,issued,2014-09-20 01:46:00,NONE,39.0
TKT000003206,BKG000003206,PAY000003206,issued,2013-07-11 23:16:06,NONE,20.0
TKT000003207,BKG000003207,PAY000003207,issued,2014-07-31 13:05:38,NONE,27.0
TKT000003208,BKG000003208,PAY000003208,issued,2014-07-28 13:57:00,NONE,3.0
TKT000003209,BKG000003209,PAY000003209,issued,2014-10-04 19:50:55,NONE,9.0
TKT000003210,BKG000003210,PAY000003210,issued,2013-10-05 22:48:16,NONE,20.0
TKT000003211,BKG000003211,PAY000003211,issued,2014-01-28 05:41:42,NONE,8.0
TKT000003212,BKG000003212,PAY000003212,issued,2013-09-28 19:26:57,NONE,40.0
TKT000003213,BKG000003213,PAY000003213,issued,2013-04-21 20:58:46,NONE,10.0
TKT000003214,BKG000003214,PAY000003214,issued,2014-11-14 14:48:43,NONE,24.0
TKT000003215,BKG000003215,PAY000003215,pending,2014-12-15 22:55:38,SUPPLIER_ERROR,45.0
TKT000003216,BKG000003216,PAY000003216,issued,2014-07-25 10:04:46,NONE,19.0
TKT000003217,BKG000003217,PAY000003217,issued,2013-06-27 22:27:46,NONE,19.0
TKT000003218,BKG000003218,PAY000003218,issued,2014-02-08 21:15:35,NONE,33.0
TKT000003219,BKG000003219,PAY000003219,not_issued_payment_failed,,NONE,
TKT000003220,BKG000003220,PAY000003220,issued,2014-08-12 12:52:11,NONE,16.0
TKT000003221,BKG000003221,PAY000003221,not_issued_payment_failed,,NONE,
TKT000003222,BKG000003222,PAY000003222,issued,2014-03-14 07:36:41,NONE,5.0
TKT000003223,BKG000003223,PAY000003223,issued,2014-03-31 16:36:29,NONE,21.0
TKT000003224,BKG000003224,PAY000003224,issued,2014-02-25 10:00:59,NONE,799.0
TKT000003225,BKG000003225,PAY000003225,issued,2013-05-23 12:46:18,NONE,22.0
TKT000003226,BKG000003226,PAY000003226,issued,2013-10-24 11:51:56,NONE,23.0
TKT000003227,BKG000003227,PAY000003227,issued,2013-05-22 10:40:59,NONE,8.0
TKT000003228,BKG000003228,PAY000003228,issued,2013-04-30 01:08:58,NONE,12.0
TKT000003229,BKG000003229,PAY000003229,not_issued_payment_failed,,NONE,
TKT000003230,BKG000003230,PAY000003230,issued,2013-02-05 12:46:18,NONE,21.0
TKT000003231,BKG000003231,PAY000003231,not_issued_payment_failed,,NONE,
TKT000003232,BKG000003232,PAY000003232,issued,2013-01-16 18:44:40,NONE,43.0
TKT000003233,BKG000003233,PAY000003233,issued,2014-02-20 13:18:42,NONE,18.0
TKT000003234,BKG000003234,PAY000003234,issued,2014-08-22 22:55:41,NONE,23.0
TKT000003235,BKG000003235,PAY000003235,issued,2014-08-18 14:12:44,NONE,39.0
TKT000003236,BKG000003236,PAY000003236,issued,2014-09-08 15:34:33,NONE,18.0
TKT000003237,BKG000003237,PAY000003237,not_issued_payment_failed,,NONE,
TKT000003238,BKG000003238,PAY000003238,issued,2013-12-11 01:13:43,NONE,11.0
TKT000003239,BKG000003239,PAY000003239,issued,2013-05-30 15:42:52,NONE,9.0
TKT000003240,BKG000003240,PAY000003240,not_issued_payment_failed,,NONE,
TKT000003241,BKG000003241,PAY000003241,issued,2014-10-17 15:37:56,NONE,20.0
TKT000003242,BKG000003242,PAY000003242,issued,2014-10-19 11:04:38,NONE,24.0
TKT000003243,BKG000003243,PAY000003243,issued,2013-11-16 04:52:58,NONE,30.0
TKT000003244,BKG000003244,PAY000003244,issued,2014-12-25 19:30:32,NONE,12.0
TKT000003245,BKG000003245,PAY000003245,issued,2014-04-03 12:44:58,NONE,24.0
TKT000003246,BKG000003246,PAY000003246,issued,2014-05-12 18:16:31,NONE,7.0
TKT000003247,BKG000003247,PAY000003247,issued,2014-07-27 22:03:35,NONE,31.0
TKT000003248,BKG000003248,PAY000003248,issued,2014-06-16 19:45:56,NONE,965.0
TKT000003249,BKG000003249,PAY000003249,issued,2014-09-26 16:46:14,NONE,26.0
TKT000003250,BKG000003250,PAY000003250,issued,2014-05-27 20:15:52,NONE,38.0
TKT000003251,BKG000003251,PAY000003251,issued,2014-05-05 11:55:24,NONE,1173.0
TKT000003252,BKG000003252,PAY000003252,issued,2014-02-17 19:23:16,NONE,28.0
TKT000003253,BKG000003253,PAY000003253,issued,2014-12-28 20:55:35,NONE,1164.0
TKT000003254,BKG000003254,PAY000003254,issued,2014-10-26 17:00:08,NONE,4.0
TKT000003255,BKG000003255,PAY000003255,issued,2014-01-07 22:10:17,NONE,3.0
TKT000003256,BKG000003256,PAY000003256,issued,2013-09-09 16:44:39,NONE,11.0
TKT000003257,BKG000003257,PAY000003257,issued,2014-12-14 17:56:11,NONE,3.0
TKT000003258,BKG000003258,PAY000003258,issued,2013-01-14 06:26:03,NONE,10.0
TKT000003259,BKG000003259,PAY000003259,issued,2013-10-10 09:50:44,NONE,11.0
TKT000003260,BKG000003260,PAY000003260,issued,2014-05-20 12:56:58,NONE,8.0
TKT000003261,BKG000003261,PAY000003261,issued,2014-02-18 21:20:32,NONE,29.0
TKT000003262,BKG000003262,PAY000003262,issued,2013-10-15 18:12:58,NONE,29.0
TKT000003263,BKG000003263,PAY000003263,issued,2014-03-26 08:00:25,NONE,40.0
TKT000003264,BKG000003264,PAY000003264,issued,2014-07-08 02:44:35,NONE,9.0
TKT000003265,BKG000003265,PAY000003265,issued,2014-01-25 17:46:27,NONE,3.0
TKT000003266,BKG000003266,PAY000003266,issued,2013-05-07 20:01:05,NONE,3.0
TKT000003267,BKG000003267,PAY000003267,issued,2014-12-28 10:50:38,NONE,20.0
TKT000003268,BKG000003268,PAY000003268,issued,2013-02-16 21:38:27,NONE,6.0
TKT000003269,BKG000003269,PAY000003269,issued,2014-10-09 17:18:23,NONE,39.0
TKT000003270,BKG000003270,PAY000003270,issued,2014-05-17 12:02:39,NONE,38.0
TKT000003271,BKG000003271,PAY000003271,issued,2014-02-23 20:07:35,NONE,40.0
TKT000003272,BKG000003272,PAY000003272,issued,2014-07-08 20:08:28,NONE,36.0
TKT000003273,BKG000003273,PAY000003273,issued,2014-02-20 09:09:43,NONE,35.0
TKT000003274,BKG000003274,PAY000003274,issued,2014-08-30 01:34:21,NONE,4.0
TKT000003275,BKG000003275,PAY000003275,issued,2013-11-18 19:08:54,NONE,41.0
TKT000003276,BKG000003276,PAY000003276,not_issued_payment_failed,,NONE,
TKT000003277,BKG000003277,PAY000003277,not_issued_payment_failed,,NONE,
TKT000003278,BKG000003278,PAY000003278,issued,2014-01-08 00:13:06,NONE,14.0
TKT000003279,BKG000003279,PAY000003279,issued,2014-07-22 23:48:38,NONE,7.0
TKT000003280,BKG000003280,PAY000003280,issued,2014-12-15 11:42:18,NONE,12.0
TKT000003281,BKG000003281,PAY000003281,issued,2014-12-15 11:24:18,NONE,22.0
TKT000003282,BKG000003282,PAY000003282,issued,2013-10-22 14:56:51,NONE,12.0
TKT000003283,BKG000003283,PAY000003283,issued,2014-09-22 17:34:49,NONE,39.0
TKT000003284,BKG000003284,PAY000003284,issued,2013-11-05 11:19:25,NONE,44.0
TKT000003285,BKG000003285,PAY000003285,not_issued_payment_failed,,NONE,
TKT000003286,BKG000003286,PAY000003286,issued,2013-02-15 17:02:17,NONE,35.0
TKT000003287,BKG000003287,PAY000003287,issued,2014-06-30 18:38:24,NONE,18.0
TKT000003288,BKG000003288,PAY000003288,issued,2013-03-11 00:02:35,NONE,566.0
TKT000003289,BKG000003289,PAY000003289,issued,2014-11-06 23:08:07,NONE,41.0
TKT000003290,BKG000003290,PAY000003290,not_issued_payment_failed,,NONE,
TKT000003291,BKG000003291,PAY000003291,not_issued_payment_failed,,NONE,
TKT000003292,BKG000003292,PAY000003292,issued,2014-10-20 15:52:56,NONE,17.0
TKT000003293,BKG000003293,PAY000003293,issued,2014-09-05 20:20:58,NONE,31.0
TKT000003294,BKG000003294,PAY000003294,issued,2014-09-29 12:33:53,NONE,28.0
TKT000003295,BKG000003295,PAY000003295,not_issued_payment_failed,,NONE,
TKT000003296,BKG000003296,PAY000003296,issued,2013-09-23 12:02:53,NONE,45.0
TKT000003297,BKG000003297,PAY000003297,issued,2014-12-19 17:43:50,NONE,36.0
TKT000003298,BKG000003298,PAY000003298,issued,2014-07-30 20:46:18,NONE,11.0
TKT000003299,BKG000003299,PAY000003299,issued,2013-06-14 01:35:41,NONE,17.0
TKT000003300,BKG000003300,PAY000003300,issued,2013-06-17 20:56:15,NONE,22.0
TKT000003301,BKG000003301,PAY000003301,issued,2014-04-30 01:51:36,NONE,6.0
TKT000003302,BKG000003302,PAY000003302,issued,2014-10-28 00:52:08,NONE,32.0
TKT000003303,BKG000003303,PAY000003303,issued,2014-09-29 01:37:15,NONE,5.0
TKT000003304,BKG000003304,PAY000003304,issued,2013-11-24 23:16:52,NONE,37.0
TKT000003305,BKG000003305,PAY000003305,issued,2014-04-03 14:18:22,NONE,16.0
TKT000003306,BKG000003306,PAY000003306,issued,2014-04-27 11:18:52,NONE,1424.0
TKT000003307,BKG000003307,PAY000003307,issued,2014-08-25 23:29:57,NONE,37.0
TKT000003308,BKG000003308,PAY000003308,issued,2013-02-13 12:29:36,NONE,9.0
TKT000003309,BKG000003309,PAY000003309,pending,2014-02-20 15:22:58,SUPPLIER_ERROR,27.0
TKT000003310,BKG000003310,PAY000003310,issued,2014-02-14 19:45:55,NONE,36.0
TKT000003311,BKG000003311,PAY000003311,issued,2014-04-09 15:13:44,NONE,10.0
TKT000003312,BKG000003312,PAY000003312,issued,2014-06-01 17:29:35,NONE,10.0
TKT000003313,BKG000003313,PAY000003313,issued,2014-10-22 13:18:01,NONE,34.0
TKT000003314,BKG000003314,PAY000003314,issued,2013-08-15 20:06:45,NONE,7.0
TKT000003315,BKG000003315,PAY000003315,issued,2014-10-18 11:15:34,NONE,27.0
TKT000003316,BKG000003316,PAY000003316,not_issued_payment_failed,,NONE,
TKT000003317,BKG000003317,PAY000003317,not_issued_payment_failed,,NONE,
TKT000003318,BKG000003318,PAY000003318,issued,2013-05-22 05:06:23,NONE,29.0
TKT000003319,BKG000003319,PAY000003319,issued,2014-10-27 13:56:13,NONE,42.0
TKT000003320,BKG000003320,PAY000003320,issued,2014-03-07 13:58:19,NONE,26.0
TKT000003321,BKG000003321,PAY000003321,issued,2014-10-20 14:32:54,NONE,32.0
TKT000003322,BKG000003322,PAY000003322,issued,2014-02-03 21:50:00,NONE,7.0
TKT000003323,BKG000003323,PAY000003323,issued,2013-07-13 00:39:51,NONE,22.0
TKT000003324,BKG000003324,PAY000003324,issued,2013-05-07 14:26:12,NONE,28.0
TKT000003325,BKG000003325,PAY000003325,issued,2013-01-19 20:28:18,NONE,40.0
TKT000003326,BKG000003326,PAY000003326,issued,2014-03-27 12:51:59,NONE,17.0
TKT000003327,BKG000003327,PAY000003327,issued,2014-04-04 14:25:12,NONE,30.0
TKT000003328,BKG000003328,PAY000003328,issued,2014-03-21 00:22:18,NONE,39.0
TKT000003329,BKG000003329,PAY000003329,issued,2013-08-15 13:50:14,NONE,38.0
TKT000003330,BKG000003330,PAY000003330,issued,2014-01-10 14:59:38,NONE,38.0
TKT000003331,BKG000003331,PAY000003331,issued,2013-09-15 09:00:29,NONE,25.0
TKT000003332,BKG000003332,PAY000003332,issued,2014-07-15 11:36:47,NONE,25.0
TKT000003333,BKG000003333,PAY000003333,issued,2014-04-14 11:27:21,NONE,16.0
TKT000003334,BKG000003334,PAY000003334,issued,2014-12-18 02:12:06,NONE,7.0
TKT000003335,BKG000003335,PAY000003335,issued,2014-09-18 10:42:24,NONE,15.0
TKT000003336,BKG000003336,PAY000003336,failed,2014-02-15 08:41:46,INVENTORY_MISMATCH,45.0
TKT000003337,BKG000003337,PAY000003337,issued,2013-09-03 17:14:57,NONE,7.0
TKT000003338,BKG000003338,PAY000003338,issued,2014-06-26 12:10:38,NONE,22.0
TKT000003339,BKG000003339,PAY000003339,failed,2014-04-02 01:42:17,TICKETING_TIMEOUT,37.0
TKT000003340,BKG000003340,PAY000003340,issued,2014-07-07 19:15:55,NONE,21.0
TKT000003341,BKG000003341,PAY000003341,issued,2014-04-07 12:35:56,NONE,21.0
TKT000003342,BKG000003342,PAY000003342,issued,2014-08-13 14:27:33,NONE,30.0
TKT000003343,BKG000003343,PAY000003343,failed,2014-12-20 15:12:05,AIRLINE_CONFIRMATION_FAILED,35.0
TKT000003344,BKG000003344,PAY000003344,issued,2014-07-16 13:59:57,NONE,13.0
TKT000003345,BKG000003345,PAY000003345,issued,2014-10-13 18:48:49,NONE,15.0
TKT000003346,BKG000003346,PAY000003346,issued,2014-09-23 17:01:16,NONE,4.0
TKT000003347,BKG000003347,PAY000003347,issued,2014-06-12 19:46:44,NONE,22.0
TKT000003348,BKG000003348,PAY000003348,issued,2013-11-05 20:55:24,NONE,4.0
TKT000003349,BKG000003349,PAY000003349,issued,2014-05-09 03:18:41,NONE,10.0
TKT000003350,BKG000003350,PAY000003350,issued,2014-03-05 21:33:31,NONE,5.0
TKT000003351,BKG000003351,PAY000003351,not_issued_payment_failed,,NONE,
TKT000003352,BKG000003352,PAY000003352,issued,2014-07-10 18:47:43,NONE,30.0
TKT000003353,BKG000003353,PAY000003353,issued,2014-03-17 20:33:02,NONE,14.0
TKT000003354,BKG000003354,PAY000003354,issued,2014-12-04 10:50:06,NONE,12.0
TKT000003355,BKG000003355,PAY000003355,issued,2014-05-06 13:25:48,NONE,18.0
TKT000003356,BKG000003356,PAY000003356,issued,2013-10-22 09:31:39,NONE,23.0
TKT000003357,BKG000003357,PAY000003357,not_issued_payment_failed,,NONE,
TKT000003358,BKG000003358,PAY000003358,issued,2014-09-26 00:03:56,NONE,40.0
TKT000003359,BKG000003359,PAY000003359,issued,2014-08-20 20:12:46,NONE,45.0
TKT000003360,BKG000003360,PAY000003360,issued,2014-10-03 07:18:53,NONE,24.0
TKT000003361,BKG000003361,PAY000003361,issued,2014-10-08 18:44:49,NONE,13.0
TKT000003362,BKG000003362,PAY000003362,issued,2013-11-05 23:30:25,NONE,17.0
TKT000003363,BKG000003363,PAY000003363,issued,2014-08-20 17:02:39,NONE,21.0
TKT000003364,BKG000003364,PAY000003364,issued,2013-09-24 08:50:34,NONE,6.0
TKT000003365,BKG000003365,PAY000003365,issued,2013-01-11 14:59:01,NONE,4.0
TKT000003366,BKG000003366,PAY000003366,issued,2014-12-13 15:53:25,NONE,44.0
TKT000003367,BKG000003367,PAY000003367,not_issued_payment_failed,,NONE,
TKT000003368,BKG000003368,PAY000003368,not_issued_payment_failed,,NONE,
TKT000003369,BKG000003369,PAY000003369,issued,2013-01-23 17:23:03,NONE,32.0
TKT000003370,BKG000003370,PAY000003370,issued,2014-12-15 21:46:00,NONE,40.0
TKT000003371,BKG000003371,PAY000003371,issued,2013-06-02 02:31:31,NONE,44.0
TKT000003372,BKG000003372,PAY000003372,issued,2013-09-01 22:45:42,NONE,3.0
TKT000003373,BKG000003373,PAY000003373,pending,2013-10-22 03:19:55,TICKETING_TIMEOUT,40.0
TKT000003374,BKG000003374,PAY000003374,issued,2014-12-09 21:32:50,NONE,45.0
TKT000003375,BKG000003375,PAY000003375,issued,2014-11-11 09:59:46,NONE,37.0
TKT000003376,BKG000003376,PAY000003376,issued,2014-10-22 21:08:22,NONE,723.0
TKT000003377,BKG000003377,PAY000003377,issued,2014-12-15 10:49:14,NONE,10.0
TKT000003378,BKG000003378,PAY000003378,issued,2013-04-01 16:03:47,NONE,5.0
TKT000003379,BKG000003379,PAY000003379,issued,2013-10-06 12:57:08,NONE,13.0
TKT000003380,BKG000003380,PAY000003380,issued,2013-08-26 17:43:03,NONE,11.0
TKT000003381,BKG000003381,PAY000003381,not_issued_payment_failed,,NONE,
TKT000003382,BKG000003382,PAY000003382,issued,2014-06-08 19:30:56,NONE,36.0
TKT000003383,BKG000003383,PAY000003383,issued,2014-06-24 02:39:13,NONE,20.0
TKT000003384,BKG000003384,PAY000003384,issued,2014-05-28 17:00:47,NONE,8.0
TKT000003385,BKG000003385,PAY000003385,issued,2014-07-10 14:48:13,NONE,6.0
TKT000003386,BKG000003386,PAY000003386,not_issued_payment_failed,,NONE,
TKT000003387,BKG000003387,PAY000003387,not_issued_payment_failed,,NONE,
TKT000003388,BKG000003388,PAY000003388,issued,2013-12-22 13:18:21,NONE,9.0
TKT000003389,BKG000003389,PAY000003389,issued,2013-07-19 09:55:47,NONE,11.0
TKT000003390,BKG000003390,PAY000003390,issued,2013-01-08 18:11:51,NONE,10.0
TKT000003391,BKG000003391,PAY000003391,issued,2014-04-19 14:44:49,NONE,19.0
TKT000003392,BKG000003392,PAY000003392,issued,2013-01-09 14:22:19,NONE,26.0
TKT000003393,BKG000003393,PAY000003393,issued,2013-02-28 21:18:05,NONE,24.0
TKT000003394,BKG000003394,PAY000003394,issued,2014-11-25 14:33:24,NONE,23.0
TKT000003395,BKG000003395,PAY000003395,issued,2013-05-02 23:10:02,NONE,8.0
TKT000003396,BKG000003396,PAY000003396,issued,2013-10-23 04:28:17,NONE,5.0
TKT000003397,BKG000003397,PAY000003397,issued,2014-03-28 18:03:01,NONE,42.0
TKT000003398,BKG000003398,PAY000003398,issued,2013-08-08 10:23:25,NONE,16.0
TKT000003399,BKG000003399,PAY000003399,issued,2014-04-16 11:24:54,NONE,13.0
TKT000003400,BKG000003400,PAY000003400,issued,2014-07-19 17:18:51,NONE,11.0
TKT000003401,BKG000003401,PAY000003401,issued,2013-07-18 12:22:45,NONE,23.0
TKT000003402,BKG000003402,PAY000003402,issued,2014-02-17 22:44:33,NONE,24.0
TKT000003403,BKG000003403,PAY000003403,issued,2014-06-26 00:54:07,NONE,32.0
TKT000003404,BKG000003404,PAY000003404,issued,2014-08-06 02:03:40,NONE,30.0
TKT000003405,BKG000003405,PAY000003405,issued,2014-12-23 08:17:45,NONE,21.0
TKT000003406,BKG000003406,PAY000003406,issued,2014-02-13 18:18:14,NONE,17.0
TKT000003407,BKG000003407,PAY000003407,issued,2013-08-04 12:51:16,NONE,33.0
TKT000003408,BKG000003408,PAY000003408,not_issued_payment_failed,,NONE,
TKT000003409,BKG000003409,PAY000003409,not_issued_payment_failed,,NONE,
TKT000003410,BKG000003410,PAY000003410,issued,2013-05-16 01:35:16,NONE,43.0
TKT000003411,BKG000003411,PAY000003411,issued,2014-10-29 13:31:48,NONE,11.0
TKT000003412,BKG000003412,PAY000003412,issued,2014-12-15 15:05:00,NONE,30.0
TKT000003413,BKG000003413,PAY000003413,failed,2014-11-09 15:19:27,AIRLINE_CONFIRMATION_FAILED,14.0
TKT000003414,BKG000003414,PAY000003414,not_issued_payment_failed,,NONE,
TKT000003415,BKG000003415,PAY000003415,issued,2014-06-24 17:49:49,NONE,13.0
TKT000003416,BKG000003416,PAY000003416,not_issued_payment_failed,,NONE,
TKT000003417,BKG000003417,PAY000003417,not_issued_payment_failed,,NONE,
TKT000003418,BKG000003418,PAY000003418,issued,2014-10-06 22:33:30,NONE,43.0
TKT000003419,BKG000003419,PAY000003419,issued,2014-07-16 17:24:47,NONE,29.0
TKT000003420,BKG000003420,PAY000003420,issued,2014-02-28 22:57:47,NONE,11.0
TKT000003421,BKG000003421,PAY000003421,issued,2013-07-02 14:47:50,NONE,34.0
TKT000003422,BKG000003422,PAY000003422,issued,2014-12-06 19:46:58,NONE,29.0
TKT000003423,BKG000003423,PAY000003423,failed,2014-06-08 00:08:19,SUPPLIER_ERROR,23.0
TKT000003424,BKG000003424,PAY000003424,issued,2013-08-06 20:18:18,NONE,19.0
TKT000003425,BKG000003425,PAY000003425,issued,2014-09-16 21:41:03,NONE,34.0
TKT000003426,BKG000003426,PAY000003426,issued,2014-03-05 11:32:20,NONE,8.0
TKT000003427,BKG000003427,PAY000003427,issued,2014-01-30 12:06:06,NONE,15.0
TKT000003428,BKG000003428,PAY000003428,pending,2014-10-22 11:50:30,INVENTORY_MISMATCH,6.0
TKT000003429,BKG000003429,PAY000003429,issued,2014-12-28 20:36:39,NONE,41.0
TKT000003430,BKG000003430,PAY000003430,issued,2013-11-25 14:42:43,NONE,14.0
TKT000003431,BKG000003431,PAY000003431,issued,2013-07-12 22:44:24,NONE,45.0
TKT000003432,BKG000003432,PAY000003432,issued,2014-06-24 04:52:08,NONE,410.0
TKT000003433,BKG000003433,PAY000003433,pending,2013-07-17 16:54:04,INVENTORY_MISMATCH,29.0
TKT000003434,BKG000003434,PAY000003434,issued,2013-11-03 19:26:17,NONE,13.0
TKT000003435,BKG000003435,PAY000003435,issued,2013-11-03 18:44:17,NONE,18.0
TKT000003436,BKG000003436,PAY000003436,issued,2014-09-25 17:20:37,NONE,6.0
TKT000003437,BKG000003437,PAY000003437,issued,2014-03-20 22:14:32,NONE,34.0
TKT000003438,BKG000003438,PAY000003438,issued,2014-02-24 00:11:16,NONE,15.0
TKT000003439,BKG000003439,PAY000003439,issued,2014-11-10 04:01:06,NONE,17.0
TKT000003440,BKG000003440,PAY000003440,issued,2013-09-25 12:01:12,NONE,6.0
TKT000003441,BKG000003441,PAY000003441,issued,2013-06-18 14:51:18,NONE,18.0
TKT000003442,BKG000003442,PAY000003442,not_issued_payment_failed,,NONE,
TKT000003443,BKG000003443,PAY000003443,issued,2013-09-12 08:06:13,NONE,4.0
TKT000003444,BKG000003444,PAY000003444,issued,2014-10-23 11:31:51,NONE,982.0
TKT000003445,BKG000003445,PAY000003445,issued,2013-10-05 06:26:24,NONE,11.0
TKT000003446,BKG000003446,PAY000003446,not_issued_payment_failed,,NONE,
TKT000003447,BKG000003447,PAY000003447,issued,2014-05-07 18:23:02,NONE,29.0
TKT000003448,BKG000003448,PAY000003448,not_issued_payment_failed,,NONE,
TKT000003449,BKG000003449,PAY000003449,issued,2013-02-20 18:08:13,NONE,32.0
TKT000003450,BKG000003450,PAY000003450,issued,2014-07-09 07:33:09,NONE,13.0
TKT000003451,BKG000003451,PAY000003451,not_issued_payment_failed,,NONE,
TKT000003452,BKG000003452,PAY000003452,issued,2014-04-07 18:21:27,NONE,3.0
TKT000003453,BKG000003453,PAY000003453,issued,2013-11-18 17:07:50,NONE,34.0
TKT000003454,BKG000003454,PAY000003454,issued,2013-10-23 15:48:27,NONE,6.0
TKT000003455,BKG000003455,PAY000003455,issued,2013-04-19 17:48:14,NONE,18.0
TKT000003456,BKG000003456,PAY000003456,issued,2013-06-08 10:52:46,NONE,37.0
TKT000003457,BKG000003457,PAY000003457,issued,2013-07-12 13:27:42,NONE,39.0
TKT000003458,BKG000003458,PAY000003458,issued,2013-08-09 19:36:26,NONE,40.0
TKT000003459,BKG000003459,PAY000003459,issued,2014-01-17 17:56:07,NONE,14.0
TKT000003460,BKG000003460,PAY000003460,issued,2014-05-06 19:06:04,NONE,34.0
TKT000003461,BKG000003461,PAY000003461,issued,2014-07-15 13:35:22,NONE,15.0
TKT000003462,BKG000003462,PAY000003462,issued,2014-07-06 17:08:41,NONE,16.0
TKT000003463,BKG000003463,PAY000003463,issued,2013-04-15 18:12:22,NONE,3.0
TKT000003464,BKG000003464,PAY000003464,issued,2013-10-01 22:42:23,NONE,39.0
TKT000003465,BKG000003465,PAY000003465,issued,2014-10-14 18:14:01,NONE,17.0
TKT000003466,BKG000003466,PAY000003466,issued,2014-12-31 16:13:29,NONE,205.0
TKT000003467,BKG000003467,PAY000003467,not_issued_payment_failed,,NONE,
TKT000003468,BKG000003468,PAY000003468,issued,2013-03-12 02:05:30,NONE,32.0
TKT000003469,BKG000003469,PAY000003469,issued,2014-04-26 01:32:00,NONE,716.0
TKT000003470,BKG000003470,PAY000003470,issued,2014-01-17 10:29:23,NONE,30.0
TKT000003471,BKG000003471,PAY000003471,issued,2014-02-20 22:07:24,NONE,36.0
TKT000003472,BKG000003472,PAY000003472,issued,2013-01-15 21:44:29,NONE,40.0
TKT000003473,BKG000003473,PAY000003473,issued,2013-02-20 20:09:15,NONE,15.0
TKT000003474,BKG000003474,PAY000003474,issued,2014-07-07 14:49:22,NONE,34.0
TKT000003475,BKG000003475,PAY000003475,issued,2014-01-22 20:41:31,NONE,25.0
TKT000003476,BKG000003476,PAY000003476,issued,2014-12-06 18:55:17,NONE,34.0
TKT000003477,BKG000003477,PAY000003477,issued,2013-03-29 00:31:33,NONE,16.0
TKT000003478,BKG000003478,PAY000003478,issued,2014-02-26 16:41:40,NONE,44.0
TKT000003479,BKG000003479,PAY000003479,issued,2013-09-25 12:48:22,NONE,21.0
TKT000003480,BKG000003480,PAY000003480,issued,2014-09-10 18:14:08,NONE,351.0
TKT000003481,BKG000003481,PAY000003481,issued,2014-08-15 23:42:54,NONE,32.0
TKT000003482,BKG000003482,PAY000003482,issued,2013-07-12 02:22:46,NONE,41.0
TKT000003483,BKG000003483,PAY000003483,issued,2014-03-16 17:09:00,NONE,45.0
TKT000003484,BKG000003484,PAY000003484,issued,2013-05-27 11:32:18,NONE,26.0
TKT000003485,BKG000003485,PAY000003485,issued,2014-07-14 11:29:05,NONE,31.0
TKT000003486,BKG000003486,PAY000003486,issued,2013-12-20 10:38:23,NONE,39.0
TKT000003487,BKG000003487,PAY000003487,issued,2014-08-20 09:41:10,NONE,12.0
TKT000003488,BKG000003488,PAY000003488,issued,2014-10-29 18:09:19,NONE,11.0
TKT000003489,BKG000003489,PAY000003489,issued,2014-03-18 18:31:28,NONE,16.0
TKT000003490,BKG000003490,PAY000003490,issued,2013-01-22 17:34:04,NONE,3.0
TKT000003491,BKG000003491,PAY000003491,issued,2013-04-02 21:26:34,NONE,15.0
TKT000003492,BKG000003492,PAY000003492,not_issued_payment_failed,,NONE,
TKT000003493,BKG000003493,PAY000003493,issued,2014-07-28 17:14:36,NONE,261.0
TKT000003494,BKG000003494,PAY000003494,not_issued_payment_failed,,NONE,
TKT000003495,BKG000003495,PAY000003495,issued,2014-06-06 14:28:13,NONE,42.0
TKT000003496,BKG000003496,PAY000003496,failed,2013-05-28 16:27:57,INVENTORY_MISMATCH,27.0
TKT000003497,BKG000003497,PAY000003497,issued,2013-11-06 18:54:36,NONE,40.0
TKT000003498,BKG000003498,PAY000003498,issued,2014-08-12 19:51:50,NONE,40.0
TKT000003499,BKG000003499,PAY000003499,issued,2013-04-28 04:43:00,NONE,27.0
TKT000003500,BKG000003500,PAY000003500,issued,2013-07-24 19:32:33,NONE,41.0
TKT000003501,BKG000003501,PAY000003501,issued,2013-12-30 22:45:22,NONE,8.0
TKT000003502,BKG000003502,PAY000003502,issued,2014-11-29 14:37:52,NONE,30.0
TKT000003503,BKG000003503,PAY000003503,issued,2014-11-29 15:04:52,NONE,29.0
TKT000003504,BKG000003504,PAY000003504,issued,2014-10-03 09:29:25,NONE,32.0
TKT000003505,BKG000003505,PAY000003505,issued,2014-08-13 11:00:56,NONE,39.0
TKT000003506,BKG000003506,PAY000003506,not_issued_payment_failed,,NONE,
TKT000003507,BKG000003507,PAY000003507,pending,2014-02-19 10:49:13,AIRLINE_CONFIRMATION_FAILED,6.0
TKT000003508,BKG000003508,PAY000003508,issued,2013-06-01 17:45:12,NONE,22.0
TKT000003509,BKG000003509,PAY000003509,issued,2013-08-04 23:28:55,NONE,8.0
TKT000003510,BKG000003510,PAY000003510,issued,2014-10-11 17:31:49,NONE,21.0
TKT000003511,BKG000003511,PAY000003511,issued,2014-01-27 12:59:54,NONE,44.0
TKT000003512,BKG000003512,PAY000003512,issued,2014-04-03 10:45:48,NONE,44.0
TKT000003513,BKG000003513,PAY000003513,issued,2013-01-11 14:32:16,NONE,8.0
TKT000003514,BKG000003514,PAY000003514,issued,2014-11-19 21:01:03,NONE,8.0
TKT000003515,BKG000003515,PAY000003515,issued,2014-09-15 17:53:58,NONE,42.0
TKT000003516,BKG000003516,PAY000003516,issued,2014-04-10 10:34:47,NONE,38.0
TKT000003517,BKG000003517,PAY000003517,issued,2014-03-26 00:57:21,NONE,25.0
TKT000003518,BKG000003518,PAY000003518,issued,2014-07-29 04:12:16,NONE,435.0
TKT000003519,BKG000003519,PAY000003519,issued,2014-06-21 20:19:12,NONE,35.0
TKT000003520,BKG000003520,PAY000003520,not_issued_payment_failed,,NONE,
TKT000003521,BKG000003521,PAY000003521,issued,2014-11-20 17:40:34,NONE,13.0
TKT000003522,BKG000003522,PAY000003522,not_issued_payment_failed,,NONE,
TKT000003523,BKG000003523,PAY000003523,issued,2014-07-29 21:48:20,NONE,39.0
TKT000003524,BKG000003524,PAY000003524,not_issued_payment_failed,,NONE,
TKT000003525,BKG000003525,PAY000003525,issued,2014-10-07 21:55:34,NONE,19.0
TKT000003526,BKG000003526,PAY000003526,not_issued_payment_failed,,NONE,
TKT000003527,BKG000003527,PAY000003527,not_issued_payment_failed,,NONE,
TKT000003528,BKG000003528,PAY000003528,issued,2014-06-12 05:40:46,NONE,28.0
TKT000003529,BKG000003529,PAY000003529,issued,2013-04-26 12:39:26,NONE,33.0
TKT000003530,BKG000003530,PAY000003530,failed,2013-03-15 13:40:14,INVENTORY_MISMATCH,23.0
TKT000003531,BKG000003531,PAY000003531,issued,2013-04-14 21:02:22,NONE,20.0
TKT000003532,BKG000003532,PAY000003532,issued,2014-09-12 16:13:28,NONE,38.0
TKT000003533,BKG000003533,PAY000003533,issued,2013-07-27 18:16:56,NONE,15.0
TKT000003534,BKG000003534,PAY000003534,issued,2014-11-09 02:20:08,NONE,3.0
TKT000003535,BKG000003535,PAY000003535,issued,2013-11-13 14:46:10,NONE,31.0
TKT000003536,BKG000003536,PAY000003536,issued,2013-05-16 19:26:13,NONE,13.0
TKT000003537,BKG000003537,PAY000003537,issued,2014-10-31 22:10:12,NONE,15.0
TKT000003538,BKG000003538,PAY000003538,issued,2014-04-14 09:25:58,NONE,27.0
TKT000003539,BKG000003539,PAY000003539,not_issued_payment_failed,,NONE,
TKT000003540,BKG000003540,PAY000003540,issued,2014-07-23 15:36:27,NONE,13.0
TKT000003541,BKG000003541,PAY000003541,issued,2014-11-10 09:39:52,NONE,38.0
TKT000003542,BKG000003542,PAY000003542,issued,2014-12-16 10:30:40,NONE,42.0
TKT000003543,BKG000003543,PAY000003543,issued,2013-06-02 09:30:30,NONE,12.0
TKT000003544,BKG000003544,PAY000003544,issued,2013-08-28 21:54:39,NONE,11.0
TKT000003545,BKG000003545,PAY000003545,issued,2014-01-30 04:42:32,NONE,32.0
TKT000003546,BKG000003546,PAY000003546,issued,2014-11-05 10:53:20,NONE,31.0
TKT000003547,BKG000003547,PAY000003547,issued,2013-04-11 11:48:48,NONE,32.0
TKT000003548,BKG000003548,PAY000003548,issued,2014-12-11 17:31:12,NONE,19.0
TKT000003549,BKG000003549,PAY000003549,issued,2014-11-23 16:30:56,NONE,40.0
TKT000003550,BKG000003550,PAY000003550,issued,2014-06-17 17:56:06,NONE,10.0
TKT000003551,BKG000003551,PAY000003551,issued,2013-09-20 21:51:35,NONE,42.0
TKT000003552,BKG000003552,PAY000003552,not_issued_payment_failed,,NONE,
TKT000003553,BKG000003553,PAY000003553,issued,2014-02-05 19:29:49,NONE,28.0
TKT000003554,BKG000003554,PAY000003554,issued,2013-12-13 16:43:55,NONE,19.0
TKT000003555,BKG000003555,PAY000003555,issued,2014-07-11 19:49:20,NONE,12.0
TKT000003556,BKG000003556,PAY000003556,issued,2014-09-11 13:01:42,NONE,22.0
TKT000003557,BKG000003557,PAY000003557,issued,2013-05-05 17:38:01,NONE,26.0
TKT000003558,BKG000003558,PAY000003558,issued,2013-01-23 15:40:50,NONE,37.0
TKT000003559,BKG000003559,PAY000003559,issued,2013-01-23 15:31:50,NONE,25.0
TKT000003560,BKG000003560,PAY000003560,issued,2014-04-28 17:43:27,NONE,11.0
TKT000003561,BKG000003561,PAY000003561,pending,2014-10-18 23:03:11,SUPPLIER_ERROR,40.0
TKT000003562,BKG000003562,PAY000003562,issued,2013-12-10 22:16:55,NONE,1030.0
TKT000003563,BKG000003563,PAY000003563,issued,2013-06-24 17:08:18,NONE,39.0
TKT000003564,BKG000003564,PAY000003564,issued,2013-08-04 09:37:41,NONE,30.0
TKT000003565,BKG000003565,PAY000003565,issued,2014-12-26 20:46:02,NONE,44.0
TKT000003566,BKG000003566,PAY000003566,issued,2013-07-18 18:45:56,NONE,42.0
TKT000003567,BKG000003567,PAY000003567,issued,2014-01-13 17:49:07,NONE,1299.0
TKT000003568,BKG000003568,PAY000003568,issued,2014-11-18 01:49:54,NONE,26.0
TKT000003569,BKG000003569,PAY000003569,issued,2014-03-14 16:55:22,NONE,8.0
TKT000003570,BKG000003570,PAY000003570,issued,2014-07-07 20:32:53,NONE,3.0
TKT000003571,BKG000003571,PAY000003571,issued,2013-01-28 18:40:49,NONE,38.0
TKT000003572,BKG000003572,PAY000003572,issued,2014-02-09 22:35:58,NONE,27.0
TKT000003573,BKG000003573,PAY000003573,issued,2014-11-27 23:27:07,NONE,5.0
TKT000003574,BKG000003574,PAY000003574,issued,2014-11-04 14:01:11,NONE,30.0
TKT000003575,BKG000003575,PAY000003575,issued,2014-01-16 11:43:54,NONE,3.0
TKT000003576,BKG000003576,PAY000003576,issued,2014-06-11 14:56:43,NONE,13.0
TKT000003577,BKG000003577,PAY000003577,issued,2013-12-17 19:37:04,NONE,45.0
TKT000003578,BKG000003578,PAY000003578,issued,2013-08-23 12:39:03,NONE,29.0
TKT000003579,BKG000003579,PAY000003579,issued,2014-03-27 08:46:06,NONE,30.0
TKT000003580,BKG000003580,PAY000003580,issued,2014-11-24 08:42:23,NONE,22.0
TKT000003581,BKG000003581,PAY000003581,issued,2013-10-15 15:49:38,NONE,12.0
TKT000003582,BKG000003582,PAY000003582,issued,2014-07-15 20:47:05,NONE,1389.0
TKT000003583,BKG000003583,PAY000003583,issued,2013-10-31 11:59:00,NONE,37.0
TKT000003584,BKG000003584,PAY000003584,not_issued_payment_failed,,NONE,
TKT000003585,BKG000003585,PAY000003585,issued,2014-12-10 13:24:22,NONE,33.0
TKT000003586,BKG000003586,PAY000003586,issued,2013-01-26 11:22:07,NONE,8.0
TKT000003587,BKG000003587,PAY000003587,issued,2013-11-05 17:01:33,NONE,41.0
TKT000003588,BKG000003588,PAY000003588,issued,2014-06-22 14:59:39,NONE,37.0
TKT000003589,BKG000003589,PAY000003589,issued,2014-11-08 06:01:24,NONE,42.0
TKT000003590,BKG000003590,PAY000003590,issued,2014-08-31 18:45:33,NONE,25.0
TKT000003591,BKG000003591,PAY000003591,issued,2013-09-04 02:59:10,NONE,19.0
TKT000003592,BKG000003592,PAY000003592,pending,2014-06-21 07:05:51,SUPPLIER_ERROR,29.0
TKT000003593,BKG000003593,PAY000003593,issued,2014-11-12 17:55:10,NONE,11.0
TKT000003594,BKG000003594,PAY000003594,issued,2014-06-26 13:55:23,NONE,8.0
TKT000003595,BKG000003595,PAY000003595,issued,2014-04-10 11:03:42,NONE,40.0
TKT000003596,BKG000003596,PAY000003596,issued,2014-03-18 08:19:29,NONE,11.0
TKT000003597,BKG000003597,PAY000003597,issued,2014-07-04 13:35:02,NONE,6.0
TKT000003598,BKG000003598,PAY000003598,issued,2014-01-02 15:12:51,NONE,32.0
TKT000003599,BKG000003599,PAY000003599,issued,2014-08-04 19:36:51,NONE,28.0
TKT000003600,BKG000003600,PAY000003600,issued,2013-10-29 00:33:17,NONE,8.0
TKT000003601,BKG000003601,PAY000003601,issued,2013-04-07 10:41:35,NONE,24.0
TKT000003602,BKG000003602,PAY000003602,issued,2014-02-18 03:11:22,NONE,15.0
TKT000003603,BKG000003603,PAY000003603,not_issued_payment_failed,,NONE,
TKT000003604,BKG000003604,PAY000003604,issued,2014-04-01 23:53:37,NONE,29.0
TKT000003605,BKG000003605,PAY000003605,issued,2014-04-22 14:23:50,NONE,44.0
TKT000003606,BKG000003606,PAY000003606,issued,2014-09-29 00:51:05,NONE,8.0
TKT000003607,BKG000003607,PAY000003607,issued,2014-11-29 21:01:20,NONE,39.0
TKT000003608,BKG000003608,PAY000003608,pending,2013-07-26 14:16:20,SUPPLIER_ERROR,16.0
TKT000003609,BKG000003609,PAY000003609,issued,2014-06-02 06:38:59,NONE,1261.0
TKT000003610,BKG000003610,PAY000003610,issued,2014-09-03 08:11:11,NONE,810.0
TKT000003611,BKG000003611,PAY000003611,issued,2014-09-08 00:57:47,NONE,33.0
TKT000003612,BKG000003612,PAY000003612,issued,2013-07-28 12:07:13,NONE,43.0
TKT000003613,BKG000003613,PAY000003613,issued,2013-10-01 13:48:00,NONE,15.0
TKT000003614,BKG000003614,PAY000003614,issued,2014-05-03 08:43:41,NONE,1232.0
TKT000003615,BKG000003615,PAY000003615,issued,2013-07-05 13:24:44,NONE,26.0
TKT000003616,BKG000003616,PAY000003616,issued,2014-08-17 19:49:55,NONE,36.0
TKT000003617,BKG000003617,PAY000003617,issued,2014-07-15 23:57:17,NONE,22.0
TKT000003618,BKG000003618,PAY000003618,issued,2014-12-01 14:16:38,NONE,40.0
TKT000003619,BKG000003619,PAY000003619,issued,2014-11-11 09:34:28,NONE,4.0
TKT000003620,BKG000003620,PAY000003620,failed,2013-08-04 11:05:20,AIRLINE_CONFIRMATION_FAILED,45.0
TKT000003621,BKG000003621,PAY000003621,issued,2014-06-08 20:27:18,NONE,31.0
TKT000003622,BKG000003622,PAY000003622,issued,2014-06-04 19:01:48,NONE,30.0
TKT000003623,BKG000003623,PAY000003623,issued,2014-07-22 16:58:07,NONE,3.0
TKT000003624,BKG000003624,PAY000003624,issued,2014-09-17 23:47:47,NONE,19.0
TKT000003625,BKG000003625,PAY000003625,issued,2014-09-17 14:28:42,NONE,35.0
TKT000003626,BKG000003626,PAY000003626,issued,2013-05-13 03:49:24,NONE,37.0
TKT000003627,BKG000003627,PAY000003627,issued,2013-08-30 08:54:03,NONE,11.0
TKT000003628,BKG000003628,PAY000003628,issued,2014-06-21 18:33:24,NONE,27.0
TKT000003629,BKG000003629,PAY000003629,issued,2014-05-28 15:46:01,NONE,5.0
TKT000003630,BKG000003630,PAY000003630,not_issued_payment_failed,,NONE,
TKT000003631,BKG000003631,PAY000003631,issued,2013-05-10 21:34:46,NONE,29.0
TKT000003632,BKG000003632,PAY000003632,issued,2014-09-10 19:35:19,NONE,19.0
TKT000003633,BKG000003633,PAY000003633,not_issued_payment_failed,,NONE,
TKT000003634,BKG000003634,PAY000003634,issued,2014-09-08 14:56:04,NONE,5.0
TKT000003635,BKG000003635,PAY000003635,issued,2014-02-03 15:20:49,NONE,32.0
TKT000003636,BKG000003636,PAY000003636,issued,2013-07-02 19:49:45,NONE,37.0
TKT000003637,BKG000003637,PAY000003637,issued,2014-10-04 16:33:17,NONE,4.0
TKT000003638,BKG000003638,PAY000003638,issued,2014-11-05 09:06:15,NONE,19.0
TKT000003639,BKG000003639,PAY000003639,issued,2014-12-07 19:25:29,NONE,23.0
TKT000003640,BKG000003640,PAY000003640,issued,2014-03-10 19:18:37,NONE,15.0
TKT000003641,BKG000003641,PAY000003641,issued,2013-02-24 14:33:03,NONE,10.0
TKT000003642,BKG000003642,PAY000003642,issued,2014-07-15 07:00:34,NONE,14.0
TKT000003643,BKG000003643,PAY000003643,issued,2014-04-08 14:14:47,NONE,16.0
TKT000003644,BKG000003644,PAY000003644,issued,2014-10-27 15:57:28,NONE,15.0
TKT000003645,BKG000003645,PAY000003645,not_issued_payment_failed,,NONE,
TKT000003646,BKG000003646,PAY000003646,issued,2014-09-25 14:53:26,NONE,19.0
TKT000003647,BKG000003647,PAY000003647,issued,2013-07-23 04:18:38,NONE,15.0
TKT000003648,BKG000003648,PAY000003648,issued,2013-05-17 00:21:28,NONE,32.0
TKT000003649,BKG000003649,PAY000003649,issued,2013-11-08 18:44:05,NONE,8.0
TKT000003650,BKG000003650,PAY000003650,issued,2013-06-12 06:58:35,NONE,34.0
TKT000003651,BKG000003651,PAY000003651,issued,2013-02-22 19:31:10,NONE,42.0
TKT000003652,BKG000003652,PAY000003652,issued,2014-12-30 18:40:41,NONE,16.0
TKT000003653,BKG000003653,PAY000003653,issued,2014-08-19 22:30:21,NONE,23.0
TKT000003654,BKG000003654,PAY000003654,issued,2014-07-17 22:44:48,NONE,31.0
TKT000003655,BKG000003655,PAY000003655,issued,2014-11-22 14:51:23,NONE,29.0
TKT000003656,BKG000003656,PAY000003656,issued,2014-09-25 01:05:27,NONE,31.0
TKT000003657,BKG000003657,PAY000003657,issued,2014-08-20 12:10:25,NONE,26.0
TKT000003658,BKG000003658,PAY000003658,issued,2014-11-21 12:18:23,NONE,29.0
TKT000003659,BKG000003659,PAY000003659,issued,2014-07-13 11:40:49,NONE,22.0
TKT000003660,BKG000003660,PAY000003660,issued,2014-11-07 14:37:08,NONE,25.0
TKT000003661,BKG000003661,PAY000003661,issued,2013-04-09 10:54:01,NONE,28.0
TKT000003662,BKG000003662,PAY000003662,issued,2013-03-20 18:19:09,NONE,23.0
TKT000003663,BKG000003663,PAY000003663,issued,2014-12-20 07:33:52,NONE,11.0
TKT000003664,BKG000003664,PAY000003664,issued,2014-08-18 16:52:45,NONE,15.0
TKT000003665,BKG000003665,PAY000003665,issued,2014-12-19 16:50:46,NONE,35.0
TKT000003666,BKG000003666,PAY000003666,issued,2014-10-27 13:08:41,NONE,29.0
TKT000003667,BKG000003667,PAY000003667,issued,2014-03-20 14:01:43,NONE,42.0
TKT000003668,BKG000003668,PAY000003668,issued,2014-10-15 15:38:02,NONE,25.0
TKT000003669,BKG000003669,PAY000003669,issued,2014-12-29 14:29:45,NONE,8.0
TKT000003670,BKG000003670,PAY000003670,issued,2014-10-28 11:14:30,NONE,32.0
TKT000003671,BKG000003671,PAY000003671,issued,2013-03-07 00:58:30,NONE,41.0
TKT000003672,BKG000003672,PAY000003672,issued,2014-05-27 23:11:29,NONE,16.0
TKT000003673,BKG000003673,PAY000003673,issued,2013-10-16 01:03:16,NONE,9.0
TKT000003674,BKG000003674,PAY000003674,issued,2013-05-07 15:40:02,NONE,35.0
TKT000003675,BKG000003675,PAY000003675,issued,2013-06-26 18:25:31,NONE,20.0
TKT000003676,BKG000003676,PAY000003676,issued,2014-06-30 14:25:04,NONE,18.0
TKT000003677,BKG000003677,PAY000003677,issued,2014-05-20 21:49:33,NONE,29.0
TKT000003678,BKG000003678,PAY000003678,issued,2014-04-22 08:08:08,NONE,33.0
TKT000003679,BKG000003679,PAY000003679,issued,2014-11-21 23:52:43,NONE,32.0
TKT000003680,BKG000003680,PAY000003680,issued,2014-06-29 13:35:06,NONE,12.0
TKT000003681,BKG000003681,PAY000003681,issued,2014-05-16 09:06:41,NONE,13.0
TKT000003682,BKG000003682,PAY000003682,issued,2014-05-23 09:19:54,NONE,30.0
TKT000003683,BKG000003683,PAY000003683,issued,2013-11-18 20:31:26,NONE,32.0
TKT000003684,BKG000003684,PAY000003684,issued,2014-05-08 16:32:22,NONE,41.0
TKT000003685,BKG000003685,PAY000003685,not_issued_payment_failed,,NONE,
TKT000003686,BKG000003686,PAY000003686,issued,2014-08-11 22:00:36,NONE,43.0
TKT000003687,BKG000003687,PAY000003687,issued,2014-12-21 15:04:08,NONE,1349.0
TKT000003688,BKG000003688,PAY000003688,issued,2014-01-03 11:16:40,NONE,20.0
TKT000003689,BKG000003689,PAY000003689,issued,2014-11-07 23:50:33,NONE,171.0
TKT000003690,BKG000003690,PAY000003690,issued,2014-08-19 15:25:56,NONE,23.0
TKT000003691,BKG000003691,PAY000003691,issued,2014-08-05 23:53:52,NONE,20.0
TKT000003692,BKG000003692,PAY000003692,not_issued_payment_failed,,NONE,
TKT000003693,BKG000003693,PAY000003693,issued,2013-04-07 20:32:18,NONE,7.0
TKT000003694,BKG000003694,PAY000003694,not_issued_payment_failed,,NONE,
TKT000003695,BKG000003695,PAY000003695,issued,2014-03-04 23:03:29,NONE,38.0
TKT000003696,BKG000003696,PAY000003696,issued,2014-12-20 20:05:11,NONE,36.0
TKT000003697,BKG000003697,PAY000003697,issued,2014-03-19 16:52:35,NONE,24.0
TKT000003698,BKG000003698,PAY000003698,issued,2013-07-20 17:04:34,NONE,190.0
TKT000003699,BKG000003699,PAY000003699,issued,2014-08-05 17:03:46,NONE,43.0
TKT000003700,BKG000003700,PAY000003700,issued,2014-06-21 14:20:01,NONE,24.0
TKT000003701,BKG000003701,PAY000003701,issued,2013-04-16 21:36:58,NONE,18.0
TKT000003702,BKG000003702,PAY000003702,issued,2013-03-24 17:55:36,NONE,1416.0
TKT000003703,BKG000003703,PAY000003703,issued,2014-09-17 15:42:48,NONE,38.0
TKT000003704,BKG000003704,PAY000003704,issued,2014-11-09 11:05:59,NONE,13.0
TKT000003705,BKG000003705,PAY000003705,issued,2014-02-04 12:22:06,NONE,1237.0
TKT000003706,BKG000003706,PAY000003706,issued,2014-06-11 16:24:58,NONE,22.0
TKT000003707,BKG000003707,PAY000003707,issued,2014-10-24 21:52:39,NONE,22.0
TKT000003708,BKG000003708,PAY000003708,issued,2014-11-06 15:40:49,NONE,23.0
TKT000003709,BKG000003709,PAY000003709,issued,2014-07-28 14:57:20,NONE,43.0
TKT000003710,BKG000003710,PAY000003710,issued,2014-08-04 23:55:49,NONE,39.0
TKT000003711,BKG000003711,PAY000003711,issued,2014-09-28 23:57:39,NONE,26.0
TKT000003712,BKG000003712,PAY000003712,issued,2014-10-14 01:34:55,NONE,36.0
TKT000003713,BKG000003713,PAY000003713,issued,2014-06-10 10:18:05,NONE,11.0
TKT000003714,BKG000003714,PAY000003714,issued,2013-03-24 17:41:20,NONE,7.0
TKT000003715,BKG000003715,PAY000003715,issued,2013-05-26 19:43:59,NONE,14.0
TKT000003716,BKG000003716,PAY000003716,issued,2013-04-08 16:44:30,NONE,17.0
TKT000003717,BKG000003717,PAY000003717,issued,2014-04-10 12:19:29,NONE,15.0
TKT000003718,BKG000003718,PAY000003718,issued,2014-12-16 17:47:17,NONE,21.0
TKT000003719,BKG000003719,PAY000003719,issued,2014-05-01 21:45:16,NONE,37.0
TKT000003720,BKG000003720,PAY000003720,issued,2014-11-23 00:32:03,NONE,13.0
TKT000003721,BKG000003721,PAY000003721,issued,2014-08-25 20:35:32,NONE,14.0
TKT000003722,BKG000003722,PAY000003722,issued,2014-03-12 19:33:34,NONE,45.0
TKT000003723,BKG000003723,PAY000003723,issued,2013-12-05 21:41:31,NONE,5.0
TKT000003724,BKG000003724,PAY000003724,issued,2013-06-19 21:45:26,NONE,37.0
TKT000003725,BKG000003725,PAY000003725,issued,2014-07-20 13:20:50,NONE,42.0
TKT000003726,BKG000003726,PAY000003726,issued,2014-05-30 01:24:33,NONE,43.0
TKT000003727,BKG000003727,PAY000003727,issued,2014-10-28 09:38:36,NONE,9.0
TKT000003728,BKG000003728,PAY000003728,issued,2014-06-16 06:29:04,NONE,16.0
TKT000003729,BKG000003729,PAY000003729,issued,2014-05-28 11:31:55,NONE,24.0
TKT000003730,BKG000003730,PAY000003730,issued,2014-07-29 20:21:03,NONE,26.0
TKT000003731,BKG000003731,PAY000003731,issued,2014-08-08 14:07:59,NONE,44.0
TKT000003732,BKG000003732,PAY000003732,issued,2013-03-18 15:09:34,NONE,19.0
TKT000003733,BKG000003733,PAY000003733,issued,2013-03-15 20:47:35,NONE,16.0
TKT000003734,BKG000003734,PAY000003734,issued,2014-01-16 14:39:14,NONE,44.0
TKT000003735,BKG000003735,PAY000003735,issued,2014-03-13 21:13:39,NONE,42.0
TKT000003736,BKG000003736,PAY000003736,issued,2014-11-10 09:06:45,NONE,10.0
TKT000003737,BKG000003737,PAY000003737,issued,2013-05-05 08:20:51,NONE,41.0
TKT000003738,BKG000003738,PAY000003738,issued,2014-12-01 02:00:03,NONE,20.0
TKT000003739,BKG000003739,PAY000003739,issued,2014-06-08 16:04:16,NONE,20.0
TKT000003740,BKG000003740,PAY000003740,issued,2014-03-18 16:59:25,NONE,31.0
TKT000003741,BKG000003741,PAY000003741,issued,2013-03-21 11:37:18,NONE,1182.0
TKT000003742,BKG000003742,PAY000003742,issued,2014-04-28 13:23:22,NONE,9.0
TKT000003743,BKG000003743,PAY000003743,issued,2014-02-20 12:37:39,NONE,28.0
TKT000003744,BKG000003744,PAY000003744,issued,2014-10-20 02:27:28,NONE,278.0
TKT000003745,BKG000003745,PAY000003745,failed,2014-04-15 15:39:27,SUPPLIER_ERROR,33.0
TKT000003746,BKG000003746,PAY000003746,issued,2014-09-19 15:33:36,NONE,17.0
TKT000003747,BKG000003747,PAY000003747,pending,2014-02-27 18:28:09,SUPPLIER_ERROR,38.0
TKT000003748,BKG000003748,PAY000003748,issued,2014-12-23 00:27:26,NONE,11.0
TKT000003749,BKG000003749,PAY000003749,issued,2014-10-21 12:07:32,NONE,30.0
TKT000003750,BKG000003750,PAY000003750,issued,2014-08-01 18:14:24,NONE,29.0
TKT000003751,BKG000003751,PAY000003751,issued,2014-12-30 22:55:47,NONE,17.0
TKT000003752,BKG000003752,PAY000003752,issued,2014-06-11 23:09:13,NONE,29.0
TKT000003753,BKG000003753,PAY000003753,issued,2014-08-08 11:27:37,NONE,13.0
TKT000003754,BKG000003754,PAY000003754,issued,2014-04-13 23:07:14,NONE,22.0
TKT000003755,BKG000003755,PAY000003755,issued,2013-10-07 00:50:46,NONE,36.0
TKT000003756,BKG000003756,PAY000003756,issued,2014-10-18 18:51:34,NONE,36.0
TKT000003757,BKG000003757,PAY000003757,issued,2014-03-24 18:02:24,NONE,31.0
TKT000003758,BKG000003758,PAY000003758,issued,2013-03-04 17:56:32,NONE,32.0
TKT000003759,BKG000003759,PAY000003759,issued,2014-06-06 18:48:31,NONE,17.0
TKT000003760,BKG000003760,PAY000003760,issued,2014-04-09 14:12:27,NONE,41.0
TKT000003761,BKG000003761,PAY000003761,issued,2014-06-30 16:18:38,NONE,44.0
TKT000003762,BKG000003762,PAY000003762,not_issued_payment_failed,,NONE,
TKT000003763,BKG000003763,PAY000003763,not_issued_payment_failed,,NONE,
TKT000003764,BKG000003764,PAY000003764,issued,2014-06-14 01:56:31,NONE,24.0
TKT000003765,BKG000003765,PAY000003765,issued,2014-12-04 00:57:18,NONE,44.0
TKT000003766,BKG000003766,PAY000003766,not_issued_payment_failed,,NONE,
TKT000003767,BKG000003767,PAY000003767,issued,2013-08-16 15:42:31,NONE,17.0
TKT000003768,BKG000003768,PAY000003768,issued,2014-01-02 12:27:18,NONE,35.0
TKT000003769,BKG000003769,PAY000003769,not_issued_payment_failed,,NONE,
TKT000003770,BKG000003770,PAY000003770,issued,2013-06-05 02:34:31,NONE,5.0
TKT000003771,BKG000003771,PAY000003771,issued,2013-05-03 21:08:12,NONE,26.0
TKT000003772,BKG000003772,PAY000003772,not_issued_payment_failed,,NONE,
TKT000003773,BKG000003773,PAY000003773,issued,2013-07-03 18:40:43,NONE,39.0
TKT000003774,BKG000003774,PAY000003774,issued,2014-12-02 22:56:11,NONE,40.0
TKT000003775,BKG000003775,PAY000003775,failed,2013-07-27 00:17:43,TICKETING_TIMEOUT,14.0
TKT000003776,BKG000003776,PAY000003776,issued,2014-04-06 17:28:16,NONE,20.0
TKT000003777,BKG000003777,PAY000003777,not_issued_payment_failed,,NONE,
TKT000003778,BKG000003778,PAY000003778,issued,2013-09-10 21:06:52,NONE,12.0
TKT000003779,BKG000003779,PAY000003779,not_issued_payment_failed,,NONE,
TKT000003780,BKG000003780,PAY000003780,issued,2013-07-30 16:07:55,NONE,32.0
TKT000003781,BKG000003781,PAY000003781,issued,2014-10-04 03:07:45,NONE,41.0
TKT000003782,BKG000003782,PAY000003782,issued,2013-05-30 16:45:07,NONE,17.0
TKT000003783,BKG000003783,PAY000003783,failed,2014-01-05 01:38:16,INVENTORY_MISMATCH,26.0
TKT000003784,BKG000003784,PAY000003784,issued,2013-04-19 22:09:45,NONE,44.0
TKT000003785,BKG000003785,PAY000003785,issued,2014-08-22 11:33:00,NONE,5.0
TKT000003786,BKG000003786,PAY000003786,not_issued_payment_failed,,NONE,
TKT000003787,BKG000003787,PAY000003787,issued,2014-12-31 06:29:17,NONE,961.0
TKT000003788,BKG000003788,PAY000003788,issued,2013-02-06 14:44:52,NONE,44.0
TKT000003789,BKG000003789,PAY000003789,not_issued_payment_failed,,NONE,
TKT000003790,BKG000003790,PAY000003790,issued,2013-03-20 12:04:53,NONE,9.0
TKT000003791,BKG000003791,PAY000003791,issued,2014-03-06 13:22:30,NONE,717.0
TKT000003792,BKG000003792,PAY000003792,issued,2013-02-06 16:25:01,NONE,31.0
TKT000003793,BKG000003793,PAY000003793,issued,2014-08-25 17:03:53,NONE,13.0
TKT000003794,BKG000003794,PAY000003794,issued,2014-05-15 21:15:42,NONE,34.0
TKT000003795,BKG000003795,PAY000003795,issued,2014-10-05 09:23:20,NONE,10.0
TKT000003796,BKG000003796,PAY000003796,issued,2013-05-21 18:44:55,NONE,15.0
TKT000003797,BKG000003797,PAY000003797,issued,2014-11-07 14:16:24,NONE,22.0
TKT000003798,BKG000003798,PAY000003798,not_issued_payment_failed,,NONE,
TKT000003799,BKG000003799,PAY000003799,issued,2014-12-22 18:13:29,NONE,20.0
TKT000003800,BKG000003800,PAY000003800,issued,2013-08-31 23:49:07,NONE,23.0
TKT000003801,BKG000003801,PAY000003801,issued,2014-03-24 10:32:47,NONE,19.0
TKT000003802,BKG000003802,PAY000003802,issued,2014-06-28 11:24:53,NONE,5.0
TKT000003803,BKG000003803,PAY000003803,issued,2014-12-09 02:22:07,NONE,33.0
TKT000003804,BKG000003804,PAY000003804,issued,2014-03-12 21:53:59,NONE,214.0
TKT000003805,BKG000003805,PAY000003805,issued,2013-01-16 08:59:30,NONE,37.0
TKT000003806,BKG000003806,PAY000003806,not_issued_payment_failed,,NONE,
TKT000003807,BKG000003807,PAY000003807,issued,2013-04-02 18:29:35,NONE,7.0
TKT000003808,BKG000003808,PAY000003808,issued,2014-08-26 18:59:15,NONE,42.0
TKT000003809,BKG000003809,PAY000003809,issued,2013-06-03 13:42:15,NONE,5.0
TKT000003810,BKG000003810,PAY000003810,issued,2014-05-19 14:50:47,NONE,9.0
TKT000003811,BKG000003811,PAY000003811,issued,2013-12-22 00:46:42,NONE,40.0
TKT000003812,BKG000003812,PAY000003812,issued,2014-05-06 12:46:27,NONE,31.0
TKT000003813,BKG000003813,PAY000003813,issued,2013-03-14 04:07:30,NONE,4.0
TKT000003814,BKG000003814,PAY000003814,issued,2013-10-21 03:39:19,NONE,12.0
TKT000003815,BKG000003815,PAY000003815,issued,2013-12-03 02:58:36,NONE,38.0
TKT000003816,BKG000003816,PAY000003816,issued,2014-07-31 18:51:39,NONE,219.0
TKT000003817,BKG000003817,PAY000003817,issued,2014-05-22 14:33:47,NONE,6.0
TKT000003818,BKG000003818,PAY000003818,issued,2013-07-09 14:27:38,NONE,35.0
TKT000003819,BKG000003819,PAY000003819,issued,2013-07-16 04:56:45,NONE,33.0
TKT000003820,BKG000003820,PAY000003820,issued,2013-10-11 23:09:15,NONE,23.0
TKT000003821,BKG000003821,PAY000003821,issued,2013-07-13 15:19:19,NONE,1352.0
TKT000003822,BKG000003822,PAY000003822,issued,2013-03-06 13:20:39,NONE,22.0
TKT000003823,BKG000003823,PAY000003823,issued,2013-03-06 11:55:39,NONE,9.0
TKT000003824,BKG000003824,PAY000003824,not_issued_payment_failed,,NONE,
TKT000003825,BKG000003825,PAY000003825,pending,2014-12-25 19:44:55,TICKETING_TIMEOUT,4.0
TKT000003826,BKG000003826,PAY000003826,issued,2013-02-18 23:28:26,NONE,42.0
TKT000003827,BKG000003827,PAY000003827,issued,2014-11-24 04:49:13,NONE,10.0
TKT000003828,BKG000003828,PAY000003828,issued,2014-12-07 06:01:13,NONE,33.0
TKT000003829,BKG000003829,PAY000003829,issued,2014-06-23 09:35:43,NONE,23.0
TKT000003830,BKG000003830,PAY000003830,issued,2013-12-05 12:13:36,NONE,4.0
TKT000003831,BKG000003831,PAY000003831,issued,2014-04-17 09:38:39,NONE,316.0
TKT000003832,BKG000003832,PAY000003832,issued,2014-09-10 21:39:22,NONE,14.0
TKT000003833,BKG000003833,PAY000003833,issued,2013-03-04 08:30:24,NONE,37.0
TKT000003834,BKG000003834,PAY000003834,issued,2014-11-05 00:57:02,NONE,16.0
TKT000003835,BKG000003835,PAY000003835,issued,2013-10-28 23:33:57,NONE,44.0
TKT000003836,BKG000003836,PAY000003836,issued,2014-07-05 09:02:57,NONE,26.0
TKT000003837,BKG000003837,PAY000003837,issued,2014-02-16 02:37:59,NONE,18.0
TKT000003838,BKG000003838,PAY000003838,issued,2014-10-27 08:50:25,NONE,37.0
TKT000003839,BKG000003839,PAY000003839,not_issued_payment_failed,,NONE,
TKT000003840,BKG000003840,PAY000003840,failed,2014-08-20 17:33:37,AIRLINE_CONFIRMATION_FAILED,30.0
TKT000003841,BKG000003841,PAY000003841,issued,2014-10-25 16:35:41,NONE,1149.0
TKT000003842,BKG000003842,PAY000003842,issued,2014-09-20 02:49:23,NONE,35.0
TKT000003843,BKG000003843,PAY000003843,issued,2014-05-14 01:22:55,NONE,33.0
TKT000003844,BKG000003844,PAY000003844,issued,2013-03-10 11:12:30,NONE,43.0
TKT000003845,BKG000003845,PAY000003845,issued,2013-10-19 22:30:19,NONE,30.0
TKT000003846,BKG000003846,PAY000003846,issued,2014-02-02 11:24:35,NONE,4.0
TKT000003847,BKG000003847,PAY000003847,issued,2014-06-23 10:35:03,NONE,7.0
TKT000003848,BKG000003848,PAY000003848,not_issued_payment_failed,,NONE,
TKT000003849,BKG000003849,PAY000003849,issued,2014-05-07 16:13:26,NONE,44.0
TKT000003850,BKG000003850,PAY000003850,issued,2014-07-28 02:07:23,NONE,34.0
TKT000003851,BKG000003851,PAY000003851,issued,2013-03-16 00:27:35,NONE,140.0
TKT000003852,BKG000003852,PAY000003852,issued,2014-04-25 14:55:46,NONE,5.0
TKT000003853,BKG000003853,PAY000003853,issued,2014-03-11 15:54:42,NONE,9.0
TKT000003854,BKG000003854,PAY000003854,issued,2014-09-03 13:20:36,NONE,34.0
TKT000003855,BKG000003855,PAY000003855,issued,2014-10-10 15:46:31,NONE,22.0
TKT000003856,BKG000003856,PAY000003856,issued,2014-08-07 18:46:04,NONE,3.0
TKT000003857,BKG000003857,PAY000003857,issued,2014-10-14 18:28:08,NONE,32.0
TKT000003858,BKG000003858,PAY000003858,issued,2014-10-27 14:56:34,NONE,44.0
TKT000003859,BKG000003859,PAY000003859,issued,2014-10-27 17:26:34,NONE,15.0
TKT000003860,BKG000003860,PAY000003860,issued,2014-12-04 19:53:47,NONE,21.0
TKT000003861,BKG000003861,PAY000003861,not_issued_payment_failed,,NONE,
TKT000003862,BKG000003862,PAY000003862,not_issued_payment_failed,,NONE,
TKT000003863,BKG000003863,PAY000003863,issued,2014-05-15 08:58:31,NONE,3.0
TKT000003864,BKG000003864,PAY000003864,pending,2013-08-26 19:11:26,TICKETING_TIMEOUT,23.0
TKT000003865,BKG000003865,PAY000003865,issued,2014-03-20 09:08:28,NONE,42.0
TKT000003866,BKG000003866,PAY000003866,issued,2013-10-20 08:54:20,NONE,36.0
TKT000003867,BKG000003867,PAY000003867,issued,2013-08-07 01:58:23,NONE,6.0
TKT000003868,BKG000003868,PAY000003868,issued,2013-02-02 15:23:29,NONE,13.0
TKT000003869,BKG000003869,PAY000003869,issued,2014-04-03 19:12:11,NONE,21.0
TKT000003870,BKG000003870,PAY000003870,not_issued_payment_failed,,NONE,
TKT000003871,BKG000003871,PAY000003871,issued,2014-03-22 11:26:24,NONE,15.0
TKT000003872,BKG000003872,PAY000003872,issued,2014-03-22 14:44:24,NONE,17.0
TKT000003873,BKG000003873,PAY000003873,issued,2014-11-05 21:04:21,NONE,167.0
TKT000003874,BKG000003874,PAY000003874,not_issued_payment_failed,,NONE,
TKT000003875,BKG000003875,PAY000003875,issued,2014-07-02 23:05:07,NONE,20.0
TKT000003876,BKG000003876,PAY000003876,issued,2014-08-20 14:35:08,NONE,16.0
TKT000003877,BKG000003877,PAY000003877,issued,2013-02-12 21:05:18,NONE,40.0
TKT000003878,BKG000003878,PAY000003878,issued,2013-07-07 22:23:31,NONE,15.0
TKT000003879,BKG000003879,PAY000003879,issued,2014-04-14 20:35:25,NONE,39.0
TKT000003880,BKG000003880,PAY000003880,issued,2014-12-05 21:41:38,NONE,38.0
TKT000003881,BKG000003881,PAY000003881,issued,2014-08-17 21:24:30,NONE,16.0
TKT000003882,BKG000003882,PAY000003882,issued,2014-04-02 00:47:39,NONE,39.0
TKT000003883,BKG000003883,PAY000003883,issued,2014-02-23 19:07:43,NONE,17.0
TKT000003884,BKG000003884,PAY000003884,issued,2014-12-20 02:22:12,NONE,22.0
TKT000003885,BKG000003885,PAY000003885,issued,2014-10-06 23:57:27,NONE,35.0
TKT000003886,BKG000003886,PAY000003886,issued,2014-03-25 20:37:16,NONE,8.0
TKT000003887,BKG000003887,PAY000003887,failed,2013-05-23 08:42:38,AIRLINE_CONFIRMATION_FAILED,28.0
TKT000003888,BKG000003888,PAY000003888,issued,2014-04-21 23:56:21,NONE,28.0
TKT000003889,BKG000003889,PAY000003889,issued,2014-11-19 15:20:01,NONE,44.0
TKT000003890,BKG000003890,PAY000003890,issued,2013-07-31 19:47:39,NONE,35.0
TKT000003891,BKG000003891,PAY000003891,issued,2013-09-12 13:52:23,NONE,27.0
TKT000003892,BKG000003892,PAY000003892,not_issued_payment_failed,,NONE,
TKT000003893,BKG000003893,PAY000003893,issued,2014-05-13 17:21:53,NONE,1393.0
TKT000003894,BKG000003894,PAY000003894,failed,2014-07-22 14:09:10,AIRLINE_CONFIRMATION_FAILED,11.0
TKT000003895,BKG000003895,PAY000003895,issued,2013-10-08 00:35:20,NONE,13.0
TKT000003896,BKG000003896,PAY000003896,issued,2013-09-05 10:33:13,NONE,13.0
TKT000003897,BKG000003897,PAY000003897,not_issued_payment_failed,,NONE,
TKT000003898,BKG000003898,PAY000003898,issued,2014-08-02 13:09:20,NONE,36.0
TKT000003899,BKG000003899,PAY000003899,issued,2014-05-02 12:02:36,NONE,8.0
TKT000003900,BKG000003900,PAY000003900,issued,2013-07-02 13:06:56,NONE,32.0
TKT000003901,BKG000003901,PAY000003901,issued,2014-09-13 14:09:40,NONE,6.0
TKT000003902,BKG000003902,PAY000003902,issued,2014-09-04 23:13:30,NONE,25.0
TKT000003903,BKG000003903,PAY000003903,issued,2013-11-21 22:08:10,NONE,22.0
TKT000003904,BKG000003904,PAY000003904,issued,2013-09-21 18:11:17,NONE,3.0
TKT000003905,BKG000003905,PAY000003905,issued,2013-03-21 06:51:34,NONE,20.0
TKT000003906,BKG000003906,PAY000003906,issued,2014-12-07 18:08:55,NONE,33.0
TKT000003907,BKG000003907,PAY000003907,issued,2013-02-21 05:47:48,NONE,30.0
TKT000003908,BKG000003908,PAY000003908,issued,2013-06-10 16:48:56,NONE,39.0
TKT000003909,BKG000003909,PAY000003909,issued,2014-05-12 13:06:45,NONE,12.0
TKT000003910,BKG000003910,PAY000003910,not_issued_payment_failed,,NONE,
TKT000003911,BKG000003911,PAY000003911,issued,2014-05-12 14:45:45,NONE,43.0
TKT000003912,BKG000003912,PAY000003912,issued,2014-05-12 12:33:45,NONE,45.0
TKT000003913,BKG000003913,PAY000003913,issued,2014-05-12 14:45:45,NONE,22.0
TKT000003914,BKG000003914,PAY000003914,issued,2014-03-28 14:47:15,NONE,1194.0
TKT000003915,BKG000003915,PAY000003915,issued,2014-11-25 14:23:01,NONE,18.0
TKT000003916,BKG000003916,PAY000003916,issued,2014-12-18 10:11:13,NONE,22.0
TKT000003917,BKG000003917,PAY000003917,issued,2014-03-05 23:19:20,NONE,3.0
TKT000003918,BKG000003918,PAY000003918,issued,2013-09-06 19:47:59,NONE,8.0
TKT000003919,BKG000003919,PAY000003919,issued,2014-09-30 10:55:00,NONE,19.0
TKT000003920,BKG000003920,PAY000003920,issued,2013-11-20 12:04:53,NONE,6.0
TKT000003921,BKG000003921,PAY000003921,failed,2014-03-10 12:14:17,AIRLINE_CONFIRMATION_FAILED,26.0
TKT000003922,BKG000003922,PAY000003922,issued,2014-09-14 15:29:13,NONE,23.0
TKT000003923,BKG000003923,PAY000003923,issued,2014-09-27 19:33:55,NONE,6.0
TKT000003924,BKG000003924,PAY000003924,issued,2013-07-02 23:34:27,NONE,12.0
TKT000003925,BKG000003925,PAY000003925,issued,2014-10-26 14:25:41,NONE,39.0
TKT000003926,BKG000003926,PAY000003926,not_issued_payment_failed,,NONE,
TKT000003927,BKG000003927,PAY000003927,issued,2014-09-25 12:52:18,NONE,36.0
TKT000003928,BKG000003928,PAY000003928,not_issued_payment_failed,,NONE,
TKT000003929,BKG000003929,PAY000003929,not_issued_payment_failed,,NONE,
TKT000003930,BKG000003930,PAY000003930,not_issued_payment_failed,,NONE,
TKT000003931,BKG000003931,PAY000003931,issued,2014-03-11 18:45:40,NONE,29.0
TKT000003932,BKG000003932,PAY000003932,issued,2013-08-14 22:03:27,NONE,38.0
TKT000003933,BKG000003933,PAY000003933,issued,2014-06-13 17:43:17,NONE,20.0
TKT000003934,BKG000003934,PAY000003934,issued,2014-10-17 17:54:54,NONE,6.0
TKT000003935,BKG000003935,PAY000003935,issued,2014-04-24 16:45:55,NONE,20.0
TKT000003936,BKG000003936,PAY000003936,issued,2014-05-18 08:34:57,NONE,28.0
TKT000003937,BKG000003937,PAY000003937,issued,2014-12-03 11:38:42,NONE,29.0
TKT000003938,BKG000003938,PAY000003938,issued,2014-03-16 19:57:36,NONE,14.0
TKT000003939,BKG000003939,PAY000003939,issued,2013-05-07 15:31:31,NONE,25.0
TKT000003940,BKG000003940,PAY000003940,issued,2014-04-06 14:06:06,NONE,13.0
TKT000003941,BKG000003941,PAY000003941,issued,2013-07-29 00:07:46,NONE,28.0
TKT000003942,BKG000003942,PAY000003942,issued,2014-11-27 12:03:15,NONE,41.0
TKT000003943,BKG000003943,PAY000003943,not_issued_payment_failed,,NONE,
TKT000003944,BKG000003944,PAY000003944,issued,2014-06-15 12:51:18,NONE,24.0
TKT000003945,BKG000003945,PAY000003945,issued,2014-03-13 21:45:46,NONE,39.0
TKT000003946,BKG000003946,PAY000003946,issued,2014-05-13 06:19:18,NONE,12.0
TKT000003947,BKG000003947,PAY000003947,issued,2013-01-28 18:19:08,NONE,28.0
TKT000003948,BKG000003948,PAY000003948,issued,2014-10-11 08:49:15,NONE,33.0
TKT000003949,BKG000003949,PAY000003949,issued,2014-12-12 22:28:33,NONE,6.0
TKT000003950,BKG000003950,PAY000003950,issued,2014-11-03 01:41:06,NONE,8.0
TKT000003951,BKG000003951,PAY000003951,issued,2014-06-27 23:12:58,NONE,752.0
TKT000003952,BKG000003952,PAY000003952,issued,2013-02-14 19:04:22,NONE,9.0
TKT000003953,BKG000003953,PAY000003953,not_issued_payment_failed,,NONE,
TKT000003954,BKG000003954,PAY000003954,issued,2013-06-11 16:46:30,NONE,8.0
TKT000003955,BKG000003955,PAY000003955,issued,2013-01-28 14:04:16,NONE,17.0
TKT000003956,BKG000003956,PAY000003956,issued,2013-04-01 22:08:51,NONE,44.0
TKT000003957,BKG000003957,PAY000003957,issued,2014-09-17 16:33:59,NONE,39.0
TKT000003958,BKG000003958,PAY000003958,issued,2014-01-13 00:50:04,NONE,40.0
TKT000003959,BKG000003959,PAY000003959,issued,2014-12-22 22:12:24,NONE,28.0
TKT000003960,BKG000003960,PAY000003960,not_issued_payment_failed,,NONE,
TKT000003961,BKG000003961,PAY000003961,issued,2014-09-08 08:38:33,NONE,42.0
TKT000003962,BKG000003962,PAY000003962,issued,2014-07-18 02:45:38,NONE,3.0
TKT000003963,BKG000003963,PAY000003963,issued,2014-07-03 22:00:20,NONE,12.0
TKT000003964,BKG000003964,PAY000003964,issued,2014-08-27 21:25:14,NONE,45.0
TKT000003965,BKG000003965,PAY000003965,issued,2014-03-16 05:53:56,NONE,42.0
TKT000003966,BKG000003966,PAY000003966,issued,2013-03-16 21:04:40,NONE,7.0
TKT000003967,BKG000003967,PAY000003967,issued,2014-07-26 04:42:51,NONE,40.0
TKT000003968,BKG000003968,PAY000003968,issued,2013-10-18 20:39:26,NONE,1440.0
TKT000003969,BKG000003969,PAY000003969,issued,2013-10-17 19:05:26,NONE,21.0
TKT000003970,BKG000003970,PAY000003970,issued,2014-04-01 22:40:03,NONE,8.0
TKT000003971,BKG000003971,PAY000003971,issued,2014-12-13 17:00:36,NONE,10.0
TKT000003972,BKG000003972,PAY000003972,issued,2013-12-01 21:54:15,NONE,26.0
TKT000003973,BKG000003973,PAY000003973,issued,2013-09-24 20:43:24,NONE,15.0
TKT000003974,BKG000003974,PAY000003974,issued,2014-03-13 02:17:11,NONE,38.0
TKT000003975,BKG000003975,PAY000003975,issued,2014-03-23 12:19:26,NONE,22.0
TKT000003976,BKG000003976,PAY000003976,issued,2013-06-07 21:31:09,NONE,44.0
TKT000003977,BKG000003977,PAY000003977,issued,2014-07-24 01:30:34,NONE,36.0
TKT000003978,BKG000003978,PAY000003978,issued,2014-12-07 20:12:03,NONE,33.0
TKT000003979,BKG000003979,PAY000003979,not_issued_payment_failed,,NONE,
TKT000003980,BKG000003980,PAY000003980,not_issued_payment_failed,,NONE,
TKT000003981,BKG000003981,PAY000003981,failed,2013-10-28 21:10:04,INVENTORY_MISMATCH,38.0
TKT000003982,BKG000003982,PAY000003982,issued,2014-07-14 10:49:33,NONE,40.0
TKT000003983,BKG000003983,PAY000003983,issued,2013-05-01 21:46:25,NONE,23.0
TKT000003984,BKG000003984,PAY000003984,issued,2014-07-08 15:08:52,NONE,21.0
TKT000003985,BKG000003985,PAY000003985,issued,2014-07-04 14:40:11,NONE,45.0
TKT000003986,BKG000003986,PAY000003986,failed,2014-12-23 23:51:01,AIRLINE_CONFIRMATION_FAILED,18.0
TKT000003987,BKG000003987,PAY000003987,issued,2014-04-10 20:55:06,NONE,15.0
TKT000003988,BKG000003988,PAY000003988,issued,2014-05-17 05:56:59,NONE,40.0
TKT000003989,BKG000003989,PAY000003989,issued,2013-02-04 13:44:46,NONE,19.0
TKT000003990,BKG000003990,PAY000003990,issued,2014-12-06 10:05:04,NONE,8.0
TKT000003991,BKG000003991,PAY000003991,issued,2014-10-09 22:32:30,NONE,36.0
TKT000003992,BKG000003992,PAY000003992,pending,2013-02-11 04:00:13,TICKETING_TIMEOUT,28.0
TKT000003993,BKG000003993,PAY000003993,issued,2014-10-30 08:24:40,NONE,40.0
TKT000003994,BKG000003994,PAY000003994,not_issued_payment_failed,,NONE,
TKT000003995,BKG000003995,PAY000003995,issued,2013-04-30 03:26:04,NONE,35.0
TKT000003996,BKG000003996,PAY000003996,not_issued_payment_failed,,NONE,
TKT000003997,BKG000003997,PAY000003997,issued,2014-03-09 19:37:50,NONE,33.0
TKT000003998,BKG000003998,PAY000003998,issued,2013-04-07 09:03:35,NONE,10.0
TKT000003999,BKG000003999,PAY000003999,issued,2014-11-03 23:07:50,NONE,10.0
TKT000004000,BKG000004000,PAY000004000,issued,2014-09-23 03:32:23,NONE,37.0
TKT000004001,BKG000004001,PAY000004001,not_issued_payment_failed,,NONE,
TKT000004002,BKG000004002,PAY000004002,issued,2014-07-16 09:51:20,NONE,24.0
TKT000004003,BKG000004003,PAY000004003,issued,2014-06-08 12:37:39,NONE,25.0
TKT000004004,BKG000004004,PAY000004004,issued,2014-06-02 12:34:25,NONE,5.0
TKT000004005,BKG000004005,PAY000004005,not_issued_payment_failed,,NONE,
TKT000004006,BKG000004006,PAY000004006,issued,2013-09-18 22:38:06,NONE,38.0
TKT000004007,BKG000004007,PAY000004007,issued,2013-05-16 15:14:05,NONE,7.0
TKT000004008,BKG000004008,PAY000004008,issued,2014-07-23 10:33:41,NONE,5.0
TKT000004009,BKG000004009,PAY000004009,issued,2013-10-06 22:52:13,NONE,34.0
TKT000004010,BKG000004010,PAY000004010,issued,2013-08-06 22:09:40,NONE,30.0
TKT000004011,BKG000004011,PAY000004011,issued,2013-01-27 22:37:37,NONE,5.0
TKT000004012,BKG000004012,PAY000004012,issued,2014-12-30 22:56:57,NONE,9.0
TKT000004013,BKG000004013,PAY000004013,issued,2014-12-07 12:56:08,NONE,42.0
TKT000004014,BKG000004014,PAY000004014,issued,2014-12-24 17:26:24,NONE,33.0
TKT000004015,BKG000004015,PAY000004015,issued,2014-11-05 14:12:47,NONE,43.0
TKT000004016,BKG000004016,PAY000004016,issued,2014-10-30 08:40:47,NONE,10.0
TKT000004017,BKG000004017,PAY000004017,issued,2014-08-07 18:02:11,NONE,37.0
TKT000004018,BKG000004018,PAY000004018,issued,2014-11-05 10:53:11,NONE,39.0
TKT000004019,BKG000004019,PAY000004019,issued,2013-10-17 19:35:48,NONE,20.0
TKT000004020,BKG000004020,PAY000004020,issued,2013-11-15 19:44:51,NONE,43.0
TKT000004021,BKG000004021,PAY000004021,issued,2013-07-12 11:33:33,NONE,42.0
TKT000004022,BKG000004022,PAY000004022,issued,2013-11-12 23:29:26,NONE,37.0
TKT000004023,BKG000004023,PAY000004023,issued,2013-01-17 03:31:54,NONE,23.0
TKT000004024,BKG000004024,PAY000004024,issued,2014-09-08 14:32:57,NONE,336.0
TKT000004025,BKG000004025,PAY000004025,failed,2014-06-28 05:23:59,AIRLINE_CONFIRMATION_FAILED,254.0
TKT000004026,BKG000004026,PAY000004026,issued,2013-07-23 13:13:21,NONE,9.0
TKT000004027,BKG000004027,PAY000004027,issued,2013-10-02 13:05:03,NONE,10.0
TKT000004028,BKG000004028,PAY000004028,issued,2014-09-08 01:52:37,NONE,30.0
TKT000004029,BKG000004029,PAY000004029,issued,2014-04-25 12:20:49,NONE,20.0
TKT000004030,BKG000004030,PAY000004030,issued,2013-07-12 21:55:01,NONE,7.0
TKT000004031,BKG000004031,PAY000004031,issued,2013-06-20 07:22:44,NONE,18.0
TKT000004032,BKG000004032,PAY000004032,issued,2014-10-27 17:04:10,NONE,43.0
TKT000004033,BKG000004033,PAY000004033,issued,2014-05-19 18:58:11,NONE,16.0
TKT000004034,BKG000004034,PAY000004034,issued,2014-12-31 17:00:03,NONE,3.0
TKT000004035,BKG000004035,PAY000004035,issued,2014-11-15 22:15:27,NONE,15.0
TKT000004036,BKG000004036,PAY000004036,issued,2014-09-19 17:59:24,NONE,38.0
TKT000004037,BKG000004037,PAY000004037,issued,2013-04-10 14:19:24,NONE,6.0
TKT000004038,BKG000004038,PAY000004038,issued,2013-03-18 09:33:49,NONE,45.0
TKT000004039,BKG000004039,PAY000004039,issued,2014-02-12 22:16:25,NONE,531.0
TKT000004040,BKG000004040,PAY000004040,issued,2013-07-13 00:05:31,NONE,45.0
TKT000004041,BKG000004041,PAY000004041,issued,2013-08-22 04:44:44,NONE,22.0
TKT000004042,BKG000004042,PAY000004042,issued,2014-07-27 13:40:11,NONE,41.0
TKT000004043,BKG000004043,PAY000004043,issued,2013-08-16 04:12:20,NONE,37.0
TKT000004044,BKG000004044,PAY000004044,issued,2014-06-01 11:23:26,NONE,32.0
TKT000004045,BKG000004045,PAY000004045,issued,2013-07-09 03:26:04,NONE,311.0
TKT000004046,BKG000004046,PAY000004046,not_issued_payment_failed,,NONE,
TKT000004047,BKG000004047,PAY000004047,issued,2014-02-04 16:16:59,NONE,10.0
TKT000004048,BKG000004048,PAY000004048,issued,2014-07-25 13:03:40,NONE,23.0
TKT000004049,BKG000004049,PAY000004049,issued,2013-03-18 12:02:18,NONE,23.0
TKT000004050,BKG000004050,PAY000004050,issued,2013-10-08 20:02:05,NONE,22.0
TKT000004051,BKG000004051,PAY000004051,issued,2014-11-06 01:12:29,NONE,12.0
TKT000004052,BKG000004052,PAY000004052,issued,2014-02-11 08:06:21,NONE,12.0
TKT000004053,BKG000004053,PAY000004053,issued,2014-08-31 22:17:38,NONE,19.0
TKT000004054,BKG000004054,PAY000004054,issued,2013-06-15 13:18:50,NONE,5.0
TKT000004055,BKG000004055,PAY000004055,issued,2013-07-19 17:48:26,NONE,40.0
TKT000004056,BKG000004056,PAY000004056,issued,2014-03-25 01:20:30,NONE,28.0
TKT000004057,BKG000004057,PAY000004057,issued,2013-06-15 18:57:02,NONE,13.0
TKT000004058,BKG000004058,PAY000004058,issued,2014-08-29 13:10:57,NONE,36.0
TKT000004059,BKG000004059,PAY000004059,issued,2014-11-19 17:56:50,NONE,8.0
TKT000004060,BKG000004060,PAY000004060,issued,2014-07-02 13:18:49,NONE,34.0
TKT000004061,BKG000004061,PAY000004061,issued,2014-07-23 15:31:12,NONE,1099.0
TKT000004062,BKG000004062,PAY000004062,issued,2014-06-17 22:14:10,NONE,37.0
TKT000004063,BKG000004063,PAY000004063,issued,2014-07-02 19:00:01,NONE,35.0
TKT000004064,BKG000004064,PAY000004064,issued,2014-08-08 06:51:43,NONE,22.0
TKT000004065,BKG000004065,PAY000004065,issued,2014-07-10 17:58:09,NONE,38.0
TKT000004066,BKG000004066,PAY000004066,issued,2014-09-04 10:58:41,NONE,32.0
TKT000004067,BKG000004067,PAY000004067,issued,2014-03-21 15:05:53,NONE,13.0
TKT000004068,BKG000004068,PAY000004068,issued,2014-06-22 19:36:09,NONE,639.0
TKT000004069,BKG000004069,PAY000004069,issued,2014-09-12 13:49:25,NONE,31.0
TKT000004070,BKG000004070,PAY000004070,issued,2014-04-30 14:42:14,NONE,21.0
TKT000004071,BKG000004071,PAY000004071,issued,2014-06-15 16:47:40,NONE,4.0
TKT000004072,BKG000004072,PAY000004072,issued,2014-05-25 12:28:43,NONE,36.0
TKT000004073,BKG000004073,PAY000004073,issued,2013-12-06 11:46:47,NONE,26.0
TKT000004074,BKG000004074,PAY000004074,issued,2014-05-05 07:40:49,NONE,8.0
TKT000004075,BKG000004075,PAY000004075,issued,2013-04-05 09:15:47,NONE,9.0
TKT000004076,BKG000004076,PAY000004076,issued,2014-06-28 21:04:43,NONE,11.0
TKT000004077,BKG000004077,PAY000004077,issued,2014-07-30 21:38:04,NONE,32.0
TKT000004078,BKG000004078,PAY000004078,issued,2013-03-13 22:12:01,NONE,1429.0
TKT000004079,BKG000004079,PAY000004079,issued,2013-04-15 13:27:37,NONE,15.0
TKT000004080,BKG000004080,PAY000004080,issued,2014-07-09 17:08:41,NONE,32.0
TKT000004081,BKG000004081,PAY000004081,issued,2014-09-11 04:31:35,NONE,32.0
TKT000004082,BKG000004082,PAY000004082,issued,2013-04-07 17:30:20,NONE,39.0
TKT000004083,BKG000004083,PAY000004083,issued,2014-12-12 08:02:35,NONE,17.0
TKT000004084,BKG000004084,PAY000004084,issued,2014-04-13 22:57:10,NONE,6.0
TKT000004085,BKG000004085,PAY000004085,issued,2013-12-06 01:14:05,NONE,44.0
TKT000004086,BKG000004086,PAY000004086,issued,2014-07-11 19:44:26,NONE,12.0
TKT000004087,BKG000004087,PAY000004087,issued,2013-08-16 17:11:16,NONE,25.0
TKT000004088,BKG000004088,PAY000004088,not_issued_payment_failed,,NONE,
TKT000004089,BKG000004089,PAY000004089,issued,2014-12-31 11:10:51,NONE,24.0
TKT000004090,BKG000004090,PAY000004090,issued,2014-11-26 08:01:17,NONE,32.0
TKT000004091,BKG000004091,PAY000004091,issued,2014-06-23 08:45:19,NONE,728.0
TKT000004092,BKG000004092,PAY000004092,issued,2014-04-02 13:13:23,NONE,9.0
TKT000004093,BKG000004093,PAY000004093,issued,2014-08-03 01:17:40,NONE,19.0
TKT000004094,BKG000004094,PAY000004094,issued,2013-06-06 13:58:52,NONE,19.0
TKT000004095,BKG000004095,PAY000004095,issued,2014-11-05 01:40:33,NONE,14.0
TKT000004096,BKG000004096,PAY000004096,issued,2014-12-02 03:03:36,NONE,464.0
TKT000004097,BKG000004097,PAY000004097,issued,2013-06-24 22:53:33,NONE,18.0
TKT000004098,BKG000004098,PAY000004098,issued,2014-10-19 19:36:59,NONE,31.0
TKT000004099,BKG000004099,PAY000004099,issued,2014-05-01 18:04:18,NONE,13.0
TKT000004100,BKG000004100,PAY000004100,issued,2013-07-02 13:42:54,NONE,4.0
TKT000004101,BKG000004101,PAY000004101,issued,2014-11-11 12:22:54,NONE,1135.0
TKT000004102,BKG000004102,PAY000004102,issued,2013-08-30 15:40:35,NONE,6.0
TKT000004103,BKG000004103,PAY000004103,issued,2014-03-24 12:47:48,NONE,44.0
TKT000004104,BKG000004104,PAY000004104,issued,2013-12-20 15:13:40,NONE,1405.0
TKT000004105,BKG000004105,PAY000004105,issued,2014-08-01 19:25:28,NONE,43.0
TKT000004106,BKG000004106,PAY000004106,issued,2014-09-22 12:56:48,NONE,17.0
TKT000004107,BKG000004107,PAY000004107,issued,2014-02-11 12:32:18,NONE,31.0
TKT000004108,BKG000004108,PAY000004108,issued,2013-03-31 02:34:18,NONE,32.0
TKT000004109,BKG000004109,PAY000004109,issued,2014-03-31 18:25:28,NONE,37.0
TKT000004110,BKG000004110,PAY000004110,issued,2014-12-12 17:51:39,NONE,8.0
TKT000004111,BKG000004111,PAY000004111,issued,2014-09-29 13:32:33,NONE,17.0
TKT000004112,BKG000004112,PAY000004112,issued,2013-06-06 13:29:28,NONE,14.0
TKT000004113,BKG000004113,PAY000004113,issued,2014-12-25 03:40:15,NONE,854.0
TKT000004114,BKG000004114,PAY000004114,issued,2014-10-26 20:12:51,NONE,8.0
TKT000004115,BKG000004115,PAY000004115,issued,2013-03-04 22:22:46,NONE,33.0
TKT000004116,BKG000004116,PAY000004116,issued,2013-02-03 14:00:35,NONE,24.0
TKT000004117,BKG000004117,PAY000004117,issued,2013-08-28 11:24:15,NONE,4.0
TKT000004118,BKG000004118,PAY000004118,not_issued_payment_failed,,NONE,
TKT000004119,BKG000004119,PAY000004119,issued,2014-07-20 17:50:23,NONE,38.0
TKT000004120,BKG000004120,PAY000004120,issued,2014-08-12 23:49:02,NONE,22.0
TKT000004121,BKG000004121,PAY000004121,issued,2014-10-07 12:37:49,NONE,16.0
TKT000004122,BKG000004122,PAY000004122,issued,2013-08-27 20:05:05,NONE,38.0
TKT000004123,BKG000004123,PAY000004123,issued,2014-09-08 20:21:44,NONE,33.0
TKT000004124,BKG000004124,PAY000004124,issued,2014-04-16 22:35:43,NONE,31.0
TKT000004125,BKG000004125,PAY000004125,not_issued_payment_failed,,NONE,
TKT000004126,BKG000004126,PAY000004126,pending,2013-03-28 19:03:18,SUPPLIER_ERROR,34.0
TKT000004127,BKG000004127,PAY000004127,issued,2013-09-01 18:38:18,NONE,7.0
TKT000004128,BKG000004128,PAY000004128,not_issued_payment_failed,,NONE,
TKT000004129,BKG000004129,PAY000004129,issued,2013-04-13 00:38:18,NONE,9.0
TKT000004130,BKG000004130,PAY000004130,failed,2013-09-15 21:35:08,AIRLINE_CONFIRMATION_FAILED,13.0
TKT000004131,BKG000004131,PAY000004131,issued,2014-09-24 04:58:11,NONE,29.0
TKT000004132,BKG000004132,PAY000004132,issued,2014-09-11 21:42:40,NONE,43.0
TKT000004133,BKG000004133,PAY000004133,not_issued_payment_failed,,NONE,
TKT000004134,BKG000004134,PAY000004134,issued,2014-11-12 20:04:13,NONE,41.0
TKT000004135,BKG000004135,PAY000004135,issued,2014-05-17 20:24:13,NONE,12.0
TKT000004136,BKG000004136,PAY000004136,issued,2014-08-18 05:06:57,NONE,42.0
TKT000004137,BKG000004137,PAY000004137,issued,2014-10-26 22:07:46,NONE,26.0
TKT000004138,BKG000004138,PAY000004138,issued,2014-09-24 09:17:22,NONE,43.0
TKT000004139,BKG000004139,PAY000004139,not_issued_payment_failed,,NONE,
TKT000004140,BKG000004140,PAY000004140,issued,2013-06-03 14:51:09,NONE,22.0
TKT000004141,BKG000004141,PAY000004141,issued,2014-08-17 19:19:14,NONE,3.0
TKT000004142,BKG000004142,PAY000004142,not_issued_payment_failed,,NONE,
TKT000004143,BKG000004143,PAY000004143,issued,2014-09-08 22:18:49,NONE,37.0
TKT000004144,BKG000004144,PAY000004144,not_issued_payment_failed,,NONE,
TKT000004145,BKG000004145,PAY000004145,issued,2013-08-13 13:49:01,NONE,8.0
TKT000004146,BKG000004146,PAY000004146,issued,2013-09-24 15:01:46,NONE,3.0
TKT000004147,BKG000004147,PAY000004147,not_issued_payment_failed,,NONE,
TKT000004148,BKG000004148,PAY000004148,issued,2013-06-06 13:06:44,NONE,17.0
TKT000004149,BKG000004149,PAY000004149,issued,2013-12-04 17:41:52,NONE,3.0
TKT000004150,BKG000004150,PAY000004150,issued,2014-09-04 22:55:12,NONE,33.0
TKT000004151,BKG000004151,PAY000004151,issued,2014-09-18 18:39:59,NONE,42.0
TKT000004152,BKG000004152,PAY000004152,issued,2014-10-15 15:00:56,NONE,12.0
TKT000004153,BKG000004153,PAY000004153,failed,2014-12-18 12:53:00,AIRLINE_CONFIRMATION_FAILED,43.0
TKT000004154,BKG000004154,PAY000004154,issued,2013-03-13 00:21:02,NONE,11.0
TKT000004155,BKG000004155,PAY000004155,issued,2014-06-06 07:42:15,NONE,32.0
TKT000004156,BKG000004156,PAY000004156,issued,2014-11-03 13:27:30,NONE,14.0
TKT000004157,BKG000004157,PAY000004157,issued,2014-09-30 15:06:03,NONE,39.0
TKT000004158,BKG000004158,PAY000004158,issued,2013-07-20 22:14:48,NONE,24.0
TKT000004159,BKG000004159,PAY000004159,issued,2014-03-22 15:43:57,NONE,27.0
TKT000004160,BKG000004160,PAY000004160,issued,2014-08-22 11:04:34,NONE,33.0
TKT000004161,BKG000004161,PAY000004161,pending,2013-03-23 18:26:10,AIRLINE_CONFIRMATION_FAILED,45.0
TKT000004162,BKG000004162,PAY000004162,failed,2013-04-08 12:56:29,TICKETING_TIMEOUT,9.0
TKT000004163,BKG000004163,PAY000004163,issued,2014-12-20 14:22:27,NONE,45.0
TKT000004164,BKG000004164,PAY000004164,issued,2014-10-05 18:54:58,NONE,41.0
TKT000004165,BKG000004165,PAY000004165,issued,2013-06-25 09:25:38,NONE,45.0
TKT000004166,BKG000004166,PAY000004166,issued,2014-12-05 18:09:25,NONE,796.0
TKT000004167,BKG000004167,PAY000004167,issued,2014-06-06 00:30:37,NONE,21.0
TKT000004168,BKG000004168,PAY000004168,issued,2013-07-22 08:29:22,NONE,13.0
TKT000004169,BKG000004169,PAY000004169,not_issued_payment_failed,,NONE,
TKT000004170,BKG000004170,PAY000004170,issued,2013-03-06 17:18:49,NONE,29.0
TKT000004171,BKG000004171,PAY000004171,issued,2013-02-19 09:38:59,NONE,35.0
TKT000004172,BKG000004172,PAY000004172,issued,2014-04-02 13:11:43,NONE,32.0
TKT000004173,BKG000004173,PAY000004173,issued,2013-12-09 13:02:00,NONE,26.0
TKT000004174,BKG000004174,PAY000004174,issued,2013-04-09 01:01:42,NONE,30.0
TKT000004175,BKG000004175,PAY000004175,issued,2014-04-02 15:20:50,NONE,36.0
TKT000004176,BKG000004176,PAY000004176,issued,2014-03-24 15:41:05,NONE,22.0
TKT000004177,BKG000004177,PAY000004177,issued,2014-11-03 23:58:39,NONE,25.0
TKT000004178,BKG000004178,PAY000004178,issued,2014-11-03 23:39:39,NONE,20.0
TKT000004179,BKG000004179,PAY000004179,issued,2013-10-31 22:45:20,NONE,36.0
TKT000004180,BKG000004180,PAY000004180,issued,2014-06-05 01:02:35,NONE,33.0
TKT000004181,BKG000004181,PAY000004181,issued,2014-06-12 10:10:02,NONE,3.0
TKT000004182,BKG000004182,PAY000004182,not_issued_payment_failed,,NONE,
TKT000004183,BKG000004183,PAY000004183,issued,2014-04-23 07:06:21,NONE,1210.0
TKT000004184,BKG000004184,PAY000004184,issued,2014-08-04 00:38:13,NONE,33.0
TKT000004185,BKG000004185,PAY000004185,not_issued_payment_failed,,NONE,
TKT000004186,BKG000004186,PAY000004186,not_issued_payment_failed,,NONE,
TKT000004187,BKG000004187,PAY000004187,issued,2013-06-16 17:21:07,NONE,40.0
TKT000004188,BKG000004188,PAY000004188,issued,2014-03-17 15:46:26,NONE,29.0
TKT000004189,BKG000004189,PAY000004189,not_issued_payment_failed,,NONE,
TKT000004190,BKG000004190,PAY000004190,issued,2013-11-20 16:45:34,NONE,37.0
TKT000004191,BKG000004191,PAY000004191,issued,2014-11-30 23:11:33,NONE,24.0
TKT000004192,BKG000004192,PAY000004192,not_issued_payment_failed,,NONE,
TKT000004193,BKG000004193,PAY000004193,issued,2013-08-16 11:09:51,NONE,35.0
TKT000004194,BKG000004194,PAY000004194,issued,2014-08-05 09:21:54,NONE,424.0
TKT000004195,BKG000004195,PAY000004195,issued,2013-11-05 13:19:19,NONE,44.0
TKT000004196,BKG000004196,PAY000004196,issued,2014-02-27 18:09:35,NONE,26.0
TKT000004197,BKG000004197,PAY000004197,not_issued_payment_failed,,NONE,
TKT000004198,BKG000004198,PAY000004198,issued,2014-09-19 15:00:42,NONE,36.0
TKT000004199,BKG000004199,PAY000004199,issued,2014-01-12 22:36:05,NONE,20.0
TKT000004200,BKG000004200,PAY000004200,issued,2014-10-07 19:59:54,NONE,36.0
TKT000004201,BKG000004201,PAY000004201,issued,2014-07-24 22:58:42,NONE,199.0
TKT000004202,BKG000004202,PAY000004202,issued,2014-11-17 16:56:23,NONE,28.0
TKT000004203,BKG000004203,PAY000004203,issued,2014-05-20 09:05:31,NONE,29.0
TKT000004204,BKG000004204,PAY000004204,issued,2014-11-04 15:19:13,NONE,22.0
TKT000004205,BKG000004205,PAY000004205,issued,2014-02-18 00:49:27,NONE,15.0
TKT000004206,BKG000004206,PAY000004206,issued,2014-02-20 12:02:45,NONE,38.0
TKT000004207,BKG000004207,PAY000004207,issued,2013-10-11 10:58:45,NONE,43.0
TKT000004208,BKG000004208,PAY000004208,issued,2013-06-05 16:12:48,NONE,16.0
TKT000004209,BKG000004209,PAY000004209,issued,2014-10-17 17:16:49,NONE,35.0
TKT000004210,BKG000004210,PAY000004210,issued,2014-07-28 23:05:11,NONE,40.0
TKT000004211,BKG000004211,PAY000004211,issued,2014-11-11 07:56:21,NONE,9.0
TKT000004212,BKG000004212,PAY000004212,issued,2014-08-27 19:30:51,NONE,20.0
TKT000004213,BKG000004213,PAY000004213,issued,2014-09-23 10:48:30,NONE,35.0
TKT000004214,BKG000004214,PAY000004214,issued,2013-08-21 16:42:56,NONE,8.0
TKT000004215,BKG000004215,PAY000004215,issued,2014-07-09 23:43:34,NONE,39.0
TKT000004216,BKG000004216,PAY000004216,not_issued_payment_failed,,NONE,
TKT000004217,BKG000004217,PAY000004217,issued,2014-07-21 12:08:30,NONE,35.0
TKT000004218,BKG000004218,PAY000004218,issued,2014-11-23 20:43:26,NONE,17.0
TKT000004219,BKG000004219,PAY000004219,issued,2013-12-18 14:51:51,NONE,43.0
TKT000004220,BKG000004220,PAY000004220,not_issued_payment_failed,,NONE,
TKT000004221,BKG000004221,PAY000004221,issued,2014-09-11 14:45:08,NONE,45.0
TKT000004222,BKG000004222,PAY000004222,issued,2013-07-27 02:10:36,NONE,32.0
TKT000004223,BKG000004223,PAY000004223,issued,2014-06-22 10:09:11,NONE,38.0
TKT000004224,BKG000004224,PAY000004224,failed,2014-04-08 19:40:17,INVENTORY_MISMATCH,43.0
TKT000004225,BKG000004225,PAY000004225,issued,2013-12-03 06:37:00,NONE,997.0
TKT000004226,BKG000004226,PAY000004226,issued,2013-04-23 01:19:25,NONE,45.0
TKT000004227,BKG000004227,PAY000004227,issued,2013-01-20 10:42:45,NONE,30.0
TKT000004228,BKG000004228,PAY000004228,issued,2014-09-22 20:26:08,NONE,34.0
TKT000004229,BKG000004229,PAY000004229,issued,2014-11-11 10:24:32,NONE,19.0
TKT000004230,BKG000004230,PAY000004230,issued,2014-06-21 15:25:11,NONE,36.0
TKT000004231,BKG000004231,PAY000004231,issued,2014-04-09 13:50:46,NONE,9.0
TKT000004232,BKG000004232,PAY000004232,issued,2014-09-06 15:52:49,NONE,3.0
TKT000004233,BKG000004233,PAY000004233,issued,2014-02-13 01:18:25,NONE,33.0
TKT000004234,BKG000004234,PAY000004234,issued,2014-08-14 12:08:24,NONE,15.0
TKT000004235,BKG000004235,PAY000004235,issued,2014-11-17 06:41:14,NONE,14.0
TKT000004236,BKG000004236,PAY000004236,not_issued_payment_failed,,NONE,
TKT000004237,BKG000004237,PAY000004237,issued,2013-02-13 22:11:37,NONE,19.0
TKT000004238,BKG000004238,PAY000004238,issued,2014-04-21 14:50:57,NONE,20.0
TKT000004239,BKG000004239,PAY000004239,issued,2013-08-19 13:40:25,NONE,10.0
TKT000004240,BKG000004240,PAY000004240,issued,2013-08-01 04:15:08,NONE,6.0
TKT000004241,BKG000004241,PAY000004241,issued,2014-12-26 15:04:13,NONE,43.0
TKT000004242,BKG000004242,PAY000004242,issued,2014-10-20 20:26:10,NONE,23.0
TKT000004243,BKG000004243,PAY000004243,issued,2013-03-25 05:03:13,NONE,42.0
TKT000004244,BKG000004244,PAY000004244,issued,2013-04-21 13:54:02,NONE,9.0
TKT000004245,BKG000004245,PAY000004245,issued,2014-11-03 16:39:01,NONE,26.0
TKT000004246,BKG000004246,PAY000004246,not_issued_payment_failed,,NONE,
TKT000004247,BKG000004247,PAY000004247,issued,2014-02-12 10:01:35,NONE,42.0
TKT000004248,BKG000004248,PAY000004248,not_issued_payment_failed,,NONE,
TKT000004249,BKG000004249,PAY000004249,issued,2013-06-25 15:28:10,NONE,21.0
TKT000004250,BKG000004250,PAY000004250,issued,2014-06-26 14:14:29,NONE,32.0
TKT000004251,BKG000004251,PAY000004251,issued,2013-04-28 12:38:55,NONE,9.0
TKT000004252,BKG000004252,PAY000004252,issued,2014-11-16 03:10:11,NONE,14.0
TKT000004253,BKG000004253,PAY000004253,issued,2014-08-28 10:34:25,NONE,33.0
TKT000004254,BKG000004254,PAY000004254,issued,2014-04-02 23:54:36,NONE,34.0
TKT000004255,BKG000004255,PAY000004255,issued,2013-04-26 07:57:28,NONE,26.0
TKT000004256,BKG000004256,PAY000004256,issued,2014-05-12 13:09:58,NONE,41.0
TKT000004257,BKG000004257,PAY000004257,issued,2014-04-10 23:37:23,NONE,45.0
TKT000004258,BKG000004258,PAY000004258,issued,2013-03-31 11:22:04,NONE,30.0
TKT000004259,BKG000004259,PAY000004259,issued,2014-12-15 13:19:49,NONE,23.0
TKT000004260,BKG000004260,PAY000004260,issued,2013-07-02 17:08:37,NONE,26.0
TKT000004261,BKG000004261,PAY000004261,issued,2013-03-03 09:54:44,NONE,13.0
TKT000004262,BKG000004262,PAY000004262,issued,2014-09-24 15:38:54,NONE,38.0
TKT000004263,BKG000004263,PAY000004263,issued,2013-09-14 19:33:30,NONE,35.0
TKT000004264,BKG000004264,PAY000004264,issued,2013-03-19 01:19:57,NONE,12.0
TKT000004265,BKG000004265,PAY000004265,pending,2014-01-23 12:08:11,AIRLINE_CONFIRMATION_FAILED,150.0
TKT000004266,BKG000004266,PAY000004266,issued,2014-05-26 00:27:13,NONE,871.0
TKT000004267,BKG000004267,PAY000004267,issued,2014-04-14 09:50:01,NONE,18.0
TKT000004268,BKG000004268,PAY000004268,issued,2014-07-02 18:22:41,NONE,8.0
TKT000004269,BKG000004269,PAY000004269,issued,2013-08-12 00:03:09,NONE,33.0
TKT000004270,BKG000004270,PAY000004270,issued,2014-04-22 11:07:10,NONE,7.0
TKT000004271,BKG000004271,PAY000004271,issued,2014-08-23 16:49:02,NONE,39.0
TKT000004272,BKG000004272,PAY000004272,issued,2013-11-25 16:35:42,NONE,11.0
TKT000004273,BKG000004273,PAY000004273,issued,2014-09-28 03:54:21,NONE,23.0
TKT000004274,BKG000004274,PAY000004274,issued,2014-07-14 16:55:02,NONE,26.0
TKT000004275,BKG000004275,PAY000004275,issued,2014-01-08 03:20:13,NONE,3.0
TKT000004276,BKG000004276,PAY000004276,issued,2014-12-19 12:26:16,NONE,36.0
TKT000004277,BKG000004277,PAY000004277,issued,2013-06-19 20:36:56,NONE,34.0
TKT000004278,BKG000004278,PAY000004278,issued,2014-07-25 02:51:10,NONE,28.0
TKT000004279,BKG000004279,PAY000004279,issued,2014-09-19 05:19:41,NONE,13.0
TKT000004280,BKG000004280,PAY000004280,issued,2014-09-19 05:38:41,NONE,39.0
TKT000004281,BKG000004281,PAY000004281,issued,2014-09-19 07:32:41,NONE,44.0
TKT000004282,BKG000004282,PAY000004282,issued,2014-07-04 14:50:59,NONE,22.0
TKT000004283,BKG000004283,PAY000004283,issued,2014-04-29 20:39:04,NONE,5.0
TKT000004284,BKG000004284,PAY000004284,issued,2014-06-22 19:02:37,NONE,41.0
TKT000004285,BKG000004285,PAY000004285,issued,2014-04-30 20:47:24,NONE,9.0
TKT000004286,BKG000004286,PAY000004286,issued,2014-10-10 19:34:49,NONE,10.0
TKT000004287,BKG000004287,PAY000004287,issued,2014-05-12 15:50:29,NONE,40.0
TKT000004288,BKG000004288,PAY000004288,issued,2014-12-28 09:58:27,NONE,27.0
TKT000004289,BKG000004289,PAY000004289,issued,2013-04-25 11:57:11,NONE,20.0
TKT000004290,BKG000004290,PAY000004290,issued,2014-10-06 13:19:14,NONE,40.0
TKT000004291,BKG000004291,PAY000004291,issued,2013-02-16 16:56:41,NONE,20.0
TKT000004292,BKG000004292,PAY000004292,issued,2014-05-17 21:17:17,NONE,10.0
TKT000004293,BKG000004293,PAY000004293,issued,2014-11-07 22:42:32,NONE,30.0
TKT000004294,BKG000004294,PAY000004294,issued,2013-05-19 10:06:27,NONE,8.0
TKT000004295,BKG000004295,PAY000004295,issued,2013-06-12 15:38:31,NONE,17.0
TKT000004296,BKG000004296,PAY000004296,issued,2014-05-25 16:38:09,NONE,3.0
TKT000004297,BKG000004297,PAY000004297,issued,2014-08-07 13:25:52,NONE,17.0
TKT000004298,BKG000004298,PAY000004298,issued,2013-03-12 06:26:50,NONE,32.0
TKT000004299,BKG000004299,PAY000004299,issued,2014-04-26 09:46:54,NONE,20.0
TKT000004300,BKG000004300,PAY000004300,not_issued_payment_failed,,NONE,
TKT000004301,BKG000004301,PAY000004301,issued,2013-06-14 19:06:20,NONE,8.0
TKT000004302,BKG000004302,PAY000004302,issued,2014-04-18 16:47:08,NONE,22.0
TKT000004303,BKG000004303,PAY000004303,issued,2014-07-11 16:22:16,NONE,4.0
TKT000004304,BKG000004304,PAY000004304,issued,2014-05-09 15:53:22,NONE,31.0
TKT000004305,BKG000004305,PAY000004305,issued,2014-06-02 14:08:52,NONE,36.0
TKT000004306,BKG000004306,PAY000004306,issued,2014-03-09 12:30:01,NONE,6.0
TKT000004307,BKG000004307,PAY000004307,issued,2013-09-07 11:35:58,NONE,15.0
TKT000004308,BKG000004308,PAY000004308,issued,2014-04-29 21:40:24,NONE,17.0
TKT000004309,BKG000004309,PAY000004309,issued,2013-01-12 10:13:18,NONE,41.0
TKT000004310,BKG000004310,PAY000004310,issued,2013-12-09 21:18:13,NONE,35.0
TKT000004311,BKG000004311,PAY000004311,issued,2013-02-19 19:48:00,NONE,29.0
TKT000004312,BKG000004312,PAY000004312,issued,2014-07-19 22:52:27,NONE,43.0
TKT000004313,BKG000004313,PAY000004313,issued,2014-07-14 21:50:19,NONE,19.0
TKT000004314,BKG000004314,PAY000004314,issued,2013-10-13 23:40:54,NONE,28.0
TKT000004315,BKG000004315,PAY000004315,issued,2014-05-16 00:46:00,NONE,9.0
TKT000004316,BKG000004316,PAY000004316,issued,2014-04-04 01:45:05,NONE,9.0
TKT000004317,BKG000004317,PAY000004317,issued,2014-07-01 16:52:37,NONE,4.0
TKT000004318,BKG000004318,PAY000004318,issued,2013-01-20 06:32:41,NONE,4.0
TKT000004319,BKG000004319,PAY000004319,issued,2014-07-22 19:54:45,NONE,44.0
TKT000004320,BKG000004320,PAY000004320,issued,2013-07-26 19:10:14,NONE,26.0
TKT000004321,BKG000004321,PAY000004321,not_issued_payment_failed,,NONE,
TKT000004322,BKG000004322,PAY000004322,issued,2014-04-10 00:39:43,NONE,38.0
TKT000004323,BKG000004323,PAY000004323,issued,2013-08-24 23:52:40,NONE,29.0
TKT000004324,BKG000004324,PAY000004324,issued,2014-12-17 18:21:51,NONE,16.0
TKT000004325,BKG000004325,PAY000004325,issued,2014-03-31 21:48:23,NONE,24.0
TKT000004326,BKG000004326,PAY000004326,issued,2014-10-21 09:15:35,NONE,5.0
TKT000004327,BKG000004327,PAY000004327,issued,2013-04-10 14:50:21,NONE,21.0
TKT000004328,BKG000004328,PAY000004328,issued,2014-12-20 23:47:30,NONE,17.0
TKT000004329,BKG000004329,PAY000004329,issued,2014-03-13 06:46:58,NONE,17.0
TKT000004330,BKG000004330,PAY000004330,issued,2014-12-08 16:22:21,NONE,13.0
TKT000004331,BKG000004331,PAY000004331,issued,2014-11-19 18:46:34,NONE,31.0
TKT000004332,BKG000004332,PAY000004332,pending,2014-10-25 18:06:40,TICKETING_TIMEOUT,17.0
TKT000004333,BKG000004333,PAY000004333,issued,2014-06-24 02:36:17,NONE,15.0
TKT000004334,BKG000004334,PAY000004334,issued,2014-09-13 18:46:15,NONE,28.0
TKT000004335,BKG000004335,PAY000004335,issued,2014-02-09 13:16:19,NONE,22.0
TKT000004336,BKG000004336,PAY000004336,issued,2013-02-07 13:10:41,NONE,15.0
TKT000004337,BKG000004337,PAY000004337,issued,2014-09-17 10:28:38,NONE,28.0
TKT000004338,BKG000004338,PAY000004338,issued,2014-09-22 12:28:42,NONE,24.0
TKT000004339,BKG000004339,PAY000004339,issued,2013-09-30 16:09:14,NONE,43.0
TKT000004340,BKG000004340,PAY000004340,issued,2014-08-07 11:58:59,NONE,32.0
TKT000004341,BKG000004341,PAY000004341,issued,2013-12-16 22:21:35,NONE,12.0
TKT000004342,BKG000004342,PAY000004342,not_issued_payment_failed,,NONE,
TKT000004343,BKG000004343,PAY000004343,issued,2014-07-18 03:54:55,NONE,3.0
TKT000004344,BKG000004344,PAY000004344,issued,2014-06-02 13:53:06,NONE,23.0
TKT000004345,BKG000004345,PAY000004345,issued,2014-01-15 14:11:46,NONE,11.0
TKT000004346,BKG000004346,PAY000004346,issued,2014-11-20 19:33:02,NONE,36.0
TKT000004347,BKG000004347,PAY000004347,pending,2013-08-21 19:38:13,TICKETING_TIMEOUT,13.0
TKT000004348,BKG000004348,PAY000004348,issued,2013-01-25 05:56:41,NONE,1034.0
TKT000004349,BKG000004349,PAY000004349,issued,2014-04-23 19:55:32,NONE,30.0
TKT000004350,BKG000004350,PAY000004350,issued,2014-04-03 15:08:01,NONE,15.0
TKT000004351,BKG000004351,PAY000004351,not_issued_payment_failed,,NONE,
TKT000004352,BKG000004352,PAY000004352,issued,2014-11-20 00:33:20,NONE,26.0
TKT000004353,BKG000004353,PAY000004353,not_issued_payment_failed,,NONE,
TKT000004354,BKG000004354,PAY000004354,not_issued_payment_failed,,NONE,
TKT000004355,BKG000004355,PAY000004355,issued,2013-09-12 21:41:23,NONE,25.0
TKT000004356,BKG000004356,PAY000004356,issued,2014-07-03 13:18:15,NONE,18.0
TKT000004357,BKG000004357,PAY000004357,issued,2014-09-06 16:30:33,NONE,39.0
TKT000004358,BKG000004358,PAY000004358,issued,2013-11-13 12:42:10,NONE,29.0
TKT000004359,BKG000004359,PAY000004359,issued,2014-11-04 05:01:26,NONE,10.0
TKT000004360,BKG000004360,PAY000004360,issued,2014-08-01 18:16:59,NONE,5.0
TKT000004361,BKG000004361,PAY000004361,pending,2014-02-09 11:43:35,SUPPLIER_ERROR,25.0
TKT000004362,BKG000004362,PAY000004362,issued,2014-02-24 23:44:35,NONE,29.0
TKT000004363,BKG000004363,PAY000004363,issued,2014-07-16 09:52:45,NONE,41.0
TKT000004364,BKG000004364,PAY000004364,issued,2013-05-20 19:27:47,NONE,4.0
TKT000004365,BKG000004365,PAY000004365,issued,2014-03-29 17:00:40,NONE,17.0
TKT000004366,BKG000004366,PAY000004366,issued,2014-07-05 09:43:29,NONE,20.0
TKT000004367,BKG000004367,PAY000004367,issued,2014-07-04 06:29:43,NONE,16.0
TKT000004368,BKG000004368,PAY000004368,issued,2014-08-29 09:54:45,NONE,40.0
TKT000004369,BKG000004369,PAY000004369,issued,2013-03-22 12:43:03,NONE,28.0
TKT000004370,BKG000004370,PAY000004370,not_issued_payment_failed,,NONE,
TKT000004371,BKG000004371,PAY000004371,not_issued_payment_failed,,NONE,
TKT000004372,BKG000004372,PAY000004372,issued,2014-03-29 15:43:00,NONE,43.0
TKT000004373,BKG000004373,PAY000004373,issued,2014-08-06 16:35:32,NONE,4.0
TKT000004374,BKG000004374,PAY000004374,issued,2014-07-10 16:09:31,NONE,17.0
TKT000004375,BKG000004375,PAY000004375,issued,2014-08-07 01:31:01,NONE,6.0
TKT000004376,BKG000004376,PAY000004376,issued,2013-12-25 17:31:21,NONE,35.0
TKT000004377,BKG000004377,PAY000004377,issued,2014-03-04 00:03:29,NONE,746.0
TKT000004378,BKG000004378,PAY000004378,issued,2014-12-15 08:59:15,NONE,8.0
TKT000004379,BKG000004379,PAY000004379,not_issued_payment_failed,,NONE,
TKT000004380,BKG000004380,PAY000004380,pending,2014-11-30 13:18:05,AIRLINE_CONFIRMATION_FAILED,35.0
TKT000004381,BKG000004381,PAY000004381,not_issued_payment_failed,,NONE,
TKT000004382,BKG000004382,PAY000004382,pending,2014-08-30 15:24:23,SUPPLIER_ERROR,24.0
TKT000004383,BKG000004383,PAY000004383,issued,2014-06-25 13:29:33,NONE,22.0
TKT000004384,BKG000004384,PAY000004384,issued,2013-04-01 01:08:01,NONE,13.0
TKT000004385,BKG000004385,PAY000004385,issued,2014-07-04 15:34:49,NONE,20.0
TKT000004386,BKG000004386,PAY000004386,issued,2014-01-27 07:55:51,NONE,14.0
TKT000004387,BKG000004387,PAY000004387,issued,2013-06-10 10:29:01,NONE,11.0
TKT000004388,BKG000004388,PAY000004388,not_issued_payment_failed,,NONE,
TKT000004389,BKG000004389,PAY000004389,issued,2014-08-08 13:29:35,NONE,19.0
TKT000004390,BKG000004390,PAY000004390,issued,2013-11-04 07:37:19,NONE,856.0
TKT000004391,BKG000004391,PAY000004391,issued,2014-03-10 18:56:27,NONE,34.0
TKT000004392,BKG000004392,PAY000004392,issued,2014-04-04 23:31:56,NONE,19.0
TKT000004393,BKG000004393,PAY000004393,issued,2014-11-27 12:44:58,NONE,37.0
TKT000004394,BKG000004394,PAY000004394,issued,2014-11-30 21:19:19,NONE,3.0
TKT000004395,BKG000004395,PAY000004395,issued,2013-11-06 03:57:28,NONE,10.0
TKT000004396,BKG000004396,PAY000004396,not_issued_payment_failed,,NONE,
TKT000004397,BKG000004397,PAY000004397,issued,2013-10-03 20:19:32,NONE,43.0
TKT000004398,BKG000004398,PAY000004398,issued,2014-01-07 11:07:45,NONE,31.0
TKT000004399,BKG000004399,PAY000004399,issued,2014-07-22 08:51:25,NONE,31.0
TKT000004400,BKG000004400,PAY000004400,issued,2014-08-15 21:21:51,NONE,27.0
TKT000004401,BKG000004401,PAY000004401,issued,2013-05-14 18:24:08,NONE,40.0
TKT000004402,BKG000004402,PAY000004402,issued,2013-02-23 01:00:56,NONE,23.0
TKT000004403,BKG000004403,PAY000004403,not_issued_payment_failed,,NONE,
TKT000004404,BKG000004404,PAY000004404,issued,2013-01-25 11:52:07,NONE,44.0
TKT000004405,BKG000004405,PAY000004405,issued,2014-02-11 12:09:52,NONE,42.0
TKT000004406,BKG000004406,PAY000004406,issued,2013-02-08 21:39:25,NONE,19.0
TKT000004407,BKG000004407,PAY000004407,issued,2014-10-23 17:11:40,NONE,38.0
TKT000004408,BKG000004408,PAY000004408,issued,2013-08-26 17:14:25,NONE,15.0
TKT000004409,BKG000004409,PAY000004409,issued,2014-08-19 14:28:37,NONE,36.0
TKT000004410,BKG000004410,PAY000004410,issued,2014-07-17 10:29:39,NONE,711.0
TKT000004411,BKG000004411,PAY000004411,issued,2014-05-31 04:26:13,NONE,3.0
TKT000004412,BKG000004412,PAY000004412,issued,2013-06-22 05:37:48,NONE,4.0
TKT000004413,BKG000004413,PAY000004413,issued,2013-03-15 21:36:45,NONE,7.0
TKT000004414,BKG000004414,PAY000004414,issued,2013-10-22 01:24:46,NONE,15.0
TKT000004415,BKG000004415,PAY000004415,issued,2014-12-30 23:52:25,NONE,24.0
TKT000004416,BKG000004416,PAY000004416,issued,2013-01-23 21:22:41,NONE,41.0
TKT000004417,BKG000004417,PAY000004417,issued,2014-07-17 08:34:48,NONE,34.0
TKT000004418,BKG000004418,PAY000004418,issued,2013-11-18 00:09:55,NONE,32.0
TKT000004419,BKG000004419,PAY000004419,issued,2014-06-27 18:37:47,NONE,5.0
TKT000004420,BKG000004420,PAY000004420,issued,2013-04-02 08:11:11,NONE,933.0
TKT000004421,BKG000004421,PAY000004421,issued,2013-12-02 15:25:28,NONE,20.0
TKT000004422,BKG000004422,PAY000004422,issued,2014-05-26 11:15:20,NONE,11.0
TKT000004423,BKG000004423,PAY000004423,issued,2014-07-17 07:42:19,NONE,28.0
TKT000004424,BKG000004424,PAY000004424,issued,2014-10-03 17:57:42,NONE,17.0
TKT000004425,BKG000004425,PAY000004425,pending,2014-09-24 21:46:41,TICKETING_TIMEOUT,26.0
TKT000004426,BKG000004426,PAY000004426,issued,2014-12-18 14:40:03,NONE,10.0
TKT000004427,BKG000004427,PAY000004427,issued,2014-06-16 23:13:45,NONE,27.0
TKT000004428,BKG000004428,PAY000004428,issued,2014-05-19 23:57:59,NONE,678.0
TKT000004429,BKG000004429,PAY000004429,issued,2013-09-04 21:14:16,NONE,25.0
TKT000004430,BKG000004430,PAY000004430,issued,2014-11-21 19:23:42,NONE,34.0
TKT000004431,BKG000004431,PAY000004431,issued,2014-12-13 13:11:46,NONE,38.0
TKT000004432,BKG000004432,PAY000004432,issued,2014-08-01 10:39:53,NONE,19.0
TKT000004433,BKG000004433,PAY000004433,issued,2014-01-19 15:22:30,NONE,16.0
TKT000004434,BKG000004434,PAY000004434,issued,2013-11-18 20:23:30,NONE,45.0
TKT000004435,BKG000004435,PAY000004435,issued,2013-10-31 11:03:15,NONE,6.0
TKT000004436,BKG000004436,PAY000004436,issued,2013-04-08 18:34:01,NONE,26.0
TKT000004437,BKG000004437,PAY000004437,issued,2014-06-25 20:51:26,NONE,6.0
TKT000004438,BKG000004438,PAY000004438,issued,2014-10-15 21:38:52,NONE,30.0
TKT000004439,BKG000004439,PAY000004439,issued,2014-12-08 00:40:54,NONE,40.0
TKT000004440,BKG000004440,PAY000004440,not_issued_payment_failed,,NONE,
TKT000004441,BKG000004441,PAY000004441,issued,2014-07-07 23:26:14,NONE,31.0
TKT000004442,BKG000004442,PAY000004442,issued,2014-10-26 14:27:45,NONE,43.0
TKT000004443,BKG000004443,PAY000004443,issued,2013-08-10 13:11:17,NONE,43.0
TKT000004444,BKG000004444,PAY000004444,issued,2013-04-05 14:05:01,NONE,33.0
TKT000004445,BKG000004445,PAY000004445,issued,2013-08-07 17:21:42,NONE,1146.0
TKT000004446,BKG000004446,PAY000004446,not_issued_payment_failed,,NONE,
TKT000004447,BKG000004447,PAY000004447,issued,2014-08-18 16:08:54,NONE,10.0
TKT000004448,BKG000004448,PAY000004448,issued,2014-12-10 20:02:35,NONE,26.0
TKT000004449,BKG000004449,PAY000004449,issued,2013-04-12 11:51:38,NONE,342.0
TKT000004450,BKG000004450,PAY000004450,issued,2014-09-30 18:34:16,NONE,32.0
TKT000004451,BKG000004451,PAY000004451,issued,2014-11-16 19:53:19,NONE,37.0
TKT000004452,BKG000004452,PAY000004452,issued,2013-05-29 06:19:42,NONE,45.0
TKT000004453,BKG000004453,PAY000004453,issued,2013-04-28 09:41:01,NONE,26.0
TKT000004454,BKG000004454,PAY000004454,issued,2014-04-04 14:22:23,NONE,36.0
TKT000004455,BKG000004455,PAY000004455,issued,2014-03-12 17:13:54,NONE,45.0
TKT000004456,BKG000004456,PAY000004456,not_issued_payment_failed,,NONE,
TKT000004457,BKG000004457,PAY000004457,issued,2013-05-25 21:54:31,NONE,13.0
TKT000004458,BKG000004458,PAY000004458,issued,2014-03-24 22:03:05,NONE,15.0
TKT000004459,BKG000004459,PAY000004459,issued,2014-06-01 15:46:13,NONE,16.0
TKT000004460,BKG000004460,PAY000004460,issued,2014-02-08 16:34:20,NONE,14.0
TKT000004461,BKG000004461,PAY000004461,issued,2015-01-01 01:15:56,NONE,26.0
TKT000004462,BKG000004462,PAY000004462,issued,2013-11-01 22:02:43,NONE,40.0
TKT000004463,BKG000004463,PAY000004463,issued,2014-12-16 04:36:45,NONE,45.0
TKT000004464,BKG000004464,PAY000004464,issued,2014-12-16 00:47:45,NONE,6.0
TKT000004465,BKG000004465,PAY000004465,issued,2013-11-26 12:12:48,NONE,12.0
TKT000004466,BKG000004466,PAY000004466,issued,2014-07-17 10:35:57,NONE,9.0
TKT000004467,BKG000004467,PAY000004467,issued,2014-09-16 17:12:11,NONE,24.0
TKT000004468,BKG000004468,PAY000004468,issued,2013-03-02 17:55:44,NONE,24.0
TKT000004469,BKG000004469,PAY000004469,issued,2014-11-02 15:48:55,NONE,45.0
TKT000004470,BKG000004470,PAY000004470,not_issued_payment_failed,,NONE,
TKT000004471,BKG000004471,PAY000004471,issued,2014-04-05 20:15:52,NONE,43.0
TKT000004472,BKG000004472,PAY000004472,not_issued_payment_failed,,NONE,
TKT000004473,BKG000004473,PAY000004473,issued,2013-10-20 04:05:32,NONE,617.0
TKT000004474,BKG000004474,PAY000004474,issued,2013-02-05 23:46:38,NONE,11.0
TKT000004475,BKG000004475,PAY000004475,issued,2014-12-16 19:22:18,NONE,7.0
TKT000004476,BKG000004476,PAY000004476,issued,2014-08-19 20:06:44,NONE,22.0
TKT000004477,BKG000004477,PAY000004477,issued,2013-02-22 08:40:28,NONE,15.0
TKT000004478,BKG000004478,PAY000004478,issued,2013-02-22 09:13:28,NONE,32.0
TKT000004479,BKG000004479,PAY000004479,issued,2013-02-22 09:01:28,NONE,20.0
TKT000004480,BKG000004480,PAY000004480,not_issued_payment_failed,,NONE,
TKT000004481,BKG000004481,PAY000004481,issued,2013-02-22 09:11:28,NONE,21.0
TKT000004482,BKG000004482,PAY000004482,issued,2013-02-22 08:19:28,NONE,10.0
TKT000004483,BKG000004483,PAY000004483,issued,2013-02-22 07:29:28,NONE,15.0
TKT000004484,BKG000004484,PAY000004484,issued,2014-04-16 10:36:34,NONE,23.0
TKT000004485,BKG000004485,PAY000004485,issued,2013-01-12 15:17:29,NONE,30.0
TKT000004486,BKG000004486,PAY000004486,issued,2014-09-04 20:57:23,NONE,31.0
TKT000004487,BKG000004487,PAY000004487,issued,2014-05-02 12:45:58,NONE,25.0
TKT000004488,BKG000004488,PAY000004488,issued,2014-06-23 09:04:32,NONE,28.0
TKT000004489,BKG000004489,PAY000004489,issued,2014-08-27 15:57:32,NONE,1074.0
TKT000004490,BKG000004490,PAY000004490,issued,2014-08-24 00:56:16,NONE,23.0
TKT000004491,BKG000004491,PAY000004491,failed,2013-01-29 16:49:39,AIRLINE_CONFIRMATION_FAILED,29.0
TKT000004492,BKG000004492,PAY000004492,issued,2014-02-16 14:36:38,NONE,19.0
TKT000004493,BKG000004493,PAY000004493,issued,2013-08-05 18:04:03,NONE,28.0
TKT000004494,BKG000004494,PAY000004494,issued,2013-06-18 19:49:41,NONE,15.0
TKT000004495,BKG000004495,PAY000004495,issued,2014-09-04 20:52:39,NONE,45.0
TKT000004496,BKG000004496,PAY000004496,not_issued_payment_failed,,NONE,
TKT000004497,BKG000004497,PAY000004497,issued,2013-10-01 15:25:17,NONE,20.0
TKT000004498,BKG000004498,PAY000004498,issued,2014-06-06 14:22:30,NONE,19.0
TKT000004499,BKG000004499,PAY000004499,issued,2014-11-14 12:42:01,NONE,29.0
TKT000004500,BKG000004500,PAY000004500,issued,2014-04-26 10:02:52,NONE,20.0
TKT000004501,BKG000004501,PAY000004501,issued,2013-12-21 15:01:44,NONE,9.0
TKT000004502,BKG000004502,PAY000004502,issued,2014-10-14 18:05:29,NONE,29.0
TKT000004503,BKG000004503,PAY000004503,issued,2013-08-25 17:55:53,NONE,12.0
TKT000004504,BKG000004504,PAY000004504,not_issued_payment_failed,,NONE,
TKT000004505,BKG000004505,PAY000004505,issued,2014-09-10 10:59:17,NONE,17.0
TKT000004506,BKG000004506,PAY000004506,issued,2014-12-14 00:06:53,NONE,12.0
TKT000004507,BKG000004507,PAY000004507,issued,2014-07-05 23:16:01,NONE,22.0
TKT000004508,BKG000004508,PAY000004508,not_issued_payment_failed,,NONE,
TKT000004509,BKG000004509,PAY000004509,issued,2014-03-22 21:57:00,NONE,38.0
TKT000004510,BKG000004510,PAY000004510,issued,2014-10-20 06:55:12,NONE,38.0
TKT000004511,BKG000004511,PAY000004511,issued,2013-02-03 09:38:37,NONE,34.0
TKT000004512,BKG000004512,PAY000004512,not_issued_payment_failed,,NONE,
TKT000004513,BKG000004513,PAY000004513,issued,2014-10-29 20:05:35,NONE,21.0
TKT000004514,BKG000004514,PAY000004514,issued,2013-05-30 22:10:08,NONE,30.0
TKT000004515,BKG000004515,PAY000004515,not_issued_payment_failed,,NONE,
TKT000004516,BKG000004516,PAY000004516,issued,2013-01-07 16:29:21,NONE,13.0
TKT000004517,BKG000004517,PAY000004517,issued,2013-01-07 17:59:21,NONE,10.0
TKT000004518,BKG000004518,PAY000004518,issued,2014-02-21 11:34:54,NONE,10.0
TKT000004519,BKG000004519,PAY000004519,issued,2014-03-17 18:03:56,NONE,16.0
TKT000004520,BKG000004520,PAY000004520,issued,2014-02-16 11:45:44,NONE,34.0
TKT000004521,BKG000004521,PAY000004521,issued,2013-07-04 21:29:45,NONE,8.0
TKT000004522,BKG000004522,PAY000004522,issued,2014-04-08 17:56:16,NONE,20.0
TKT000004523,BKG000004523,PAY000004523,not_issued_payment_failed,,NONE,
TKT000004524,BKG000004524,PAY000004524,issued,2014-09-15 10:37:17,NONE,45.0
TKT000004525,BKG000004525,PAY000004525,issued,2013-04-09 08:59:15,NONE,39.0
TKT000004526,BKG000004526,PAY000004526,issued,2014-06-16 12:47:22,NONE,42.0
TKT000004527,BKG000004527,PAY000004527,issued,2013-11-08 21:34:17,NONE,22.0
TKT000004528,BKG000004528,PAY000004528,issued,2013-02-26 23:43:22,NONE,27.0
TKT000004529,BKG000004529,PAY000004529,issued,2014-11-06 15:27:51,NONE,29.0
TKT000004530,BKG000004530,PAY000004530,pending,2014-10-24 03:43:56,TICKETING_TIMEOUT,1092.0
TKT000004531,BKG000004531,PAY000004531,issued,2013-06-06 15:29:07,NONE,25.0
TKT000004532,BKG000004532,PAY000004532,issued,2014-05-04 13:13:25,NONE,15.0
TKT000004533,BKG000004533,PAY000004533,issued,2013-01-11 10:56:48,NONE,23.0
TKT000004534,BKG000004534,PAY000004534,not_issued_payment_failed,,NONE,
TKT000004535,BKG000004535,PAY000004535,issued,2014-03-16 15:39:25,NONE,556.0
TKT000004536,BKG000004536,PAY000004536,issued,2013-11-23 19:37:00,NONE,10.0
TKT000004537,BKG000004537,PAY000004537,issued,2014-11-22 13:43:45,NONE,38.0
TKT000004538,BKG000004538,PAY000004538,issued,2014-05-10 17:05:17,NONE,24.0
TKT000004539,BKG000004539,PAY000004539,issued,2014-11-09 14:43:51,NONE,30.0
TKT000004540,BKG000004540,PAY000004540,issued,2014-04-26 19:02:27,NONE,808.0
TKT000004541,BKG000004541,PAY000004541,not_issued_payment_failed,,NONE,
TKT000004542,BKG000004542,PAY000004542,issued,2014-03-30 22:04:00,NONE,44.0
TKT000004543,BKG000004543,PAY000004543,issued,2014-05-27 18:57:32,NONE,13.0
TKT000004544,BKG000004544,PAY000004544,issued,2014-08-12 18:13:00,NONE,6.0
TKT000004545,BKG000004545,PAY000004545,not_issued_payment_failed,,NONE,
TKT000004546,BKG000004546,PAY000004546,issued,2014-10-01 04:50:45,NONE,4.0
TKT000004547,BKG000004547,PAY000004547,issued,2014-08-07 12:53:20,NONE,4.0
TKT000004548,BKG000004548,PAY000004548,issued,2014-07-25 00:00:17,NONE,27.0
TKT000004549,BKG000004549,PAY000004549,issued,2014-06-11 20:39:27,NONE,43.0
TKT000004550,BKG000004550,PAY000004550,issued,2013-02-18 09:41:18,NONE,36.0
TKT000004551,BKG000004551,PAY000004551,issued,2013-10-23 19:52:25,NONE,23.0
TKT000004552,BKG000004552,PAY000004552,issued,2014-10-27 21:27:19,NONE,28.0
TKT000004553,BKG000004553,PAY000004553,not_issued_payment_failed,,NONE,
TKT000004554,BKG000004554,PAY000004554,issued,2014-04-29 16:57:55,NONE,21.0
TKT000004555,BKG000004555,PAY000004555,issued,2014-11-18 14:39:30,NONE,18.0
TKT000004556,BKG000004556,PAY000004556,issued,2013-03-13 10:34:50,NONE,21.0
TKT000004557,BKG000004557,PAY000004557,issued,2013-01-31 11:26:57,NONE,11.0
TKT000004558,BKG000004558,PAY000004558,issued,2013-10-15 16:34:49,NONE,32.0
TKT000004559,BKG000004559,PAY000004559,not_issued_payment_failed,,NONE,
TKT000004560,BKG000004560,PAY000004560,issued,2014-06-14 22:42:13,NONE,15.0
TKT000004561,BKG000004561,PAY000004561,issued,2014-03-01 19:09:25,NONE,41.0
TKT000004562,BKG000004562,PAY000004562,issued,2013-11-08 06:19:27,NONE,22.0
TKT000004563,BKG000004563,PAY000004563,issued,2013-10-07 18:14:12,NONE,40.0
TKT000004564,BKG000004564,PAY000004564,not_issued_payment_failed,,NONE,
TKT000004565,BKG000004565,PAY000004565,not_issued_payment_failed,,NONE,
TKT000004566,BKG000004566,PAY000004566,issued,2013-10-18 15:22:57,NONE,10.0
TKT000004567,BKG000004567,PAY000004567,issued,2013-04-09 01:18:12,NONE,3.0
TKT000004568,BKG000004568,PAY000004568,not_issued_payment_failed,,NONE,
TKT000004569,BKG000004569,PAY000004569,issued,2014-10-31 07:12:30,NONE,13.0
TKT000004570,BKG000004570,PAY000004570,issued,2013-06-29 04:03:37,NONE,896.0
TKT000004571,BKG000004571,PAY000004571,issued,2014-01-30 23:20:46,NONE,8.0
TKT000004572,BKG000004572,PAY000004572,issued,2014-02-05 14:03:38,NONE,10.0
TKT000004573,BKG000004573,PAY000004573,issued,2013-04-03 21:53:54,NONE,5.0
TKT000004574,BKG000004574,PAY000004574,issued,2014-11-25 00:20:57,NONE,7.0
TKT000004575,BKG000004575,PAY000004575,issued,2014-09-10 18:17:35,NONE,28.0
TKT000004576,BKG000004576,PAY000004576,issued,2014-01-15 20:30:28,NONE,23.0
TKT000004577,BKG000004577,PAY000004577,not_issued_payment_failed,,NONE,
TKT000004578,BKG000004578,PAY000004578,issued,2014-12-15 22:21:05,NONE,11.0
TKT000004579,BKG000004579,PAY000004579,issued,2014-07-14 13:07:30,NONE,32.0
TKT000004580,BKG000004580,PAY000004580,issued,2013-03-22 00:11:39,NONE,38.0
TKT000004581,BKG000004581,PAY000004581,issued,2013-09-04 19:47:59,NONE,3.0
TKT000004582,BKG000004582,PAY000004582,issued,2013-08-06 17:07:35,NONE,23.0
TKT000004583,BKG000004583,PAY000004583,not_issued_payment_failed,,NONE,
TKT000004584,BKG000004584,PAY000004584,issued,2014-09-29 16:31:14,NONE,40.0
TKT000004585,BKG000004585,PAY000004585,issued,2013-02-26 13:48:08,NONE,4.0
TKT000004586,BKG000004586,PAY000004586,issued,2014-03-14 17:31:53,NONE,4.0
TKT000004587,BKG000004587,PAY000004587,issued,2013-02-14 00:10:42,NONE,31.0
TKT000004588,BKG000004588,PAY000004588,issued,2014-11-19 21:17:47,NONE,7.0
TKT000004589,BKG000004589,PAY000004589,issued,2014-12-13 15:38:31,NONE,33.0
TKT000004590,BKG000004590,PAY000004590,issued,2014-03-30 16:49:23,NONE,5.0
TKT000004591,BKG000004591,PAY000004591,not_issued_payment_failed,,NONE,
TKT000004592,BKG000004592,PAY000004592,issued,2014-03-04 21:09:35,NONE,13.0
TKT000004593,BKG000004593,PAY000004593,not_issued_payment_failed,,NONE,
TKT000004594,BKG000004594,PAY000004594,issued,2013-04-20 22:04:48,NONE,8.0
TKT000004595,BKG000004595,PAY000004595,issued,2014-09-01 13:00:17,NONE,27.0
TKT000004596,BKG000004596,PAY000004596,issued,2014-04-09 18:17:40,NONE,12.0
TKT000004597,BKG000004597,PAY000004597,issued,2013-04-22 21:50:51,NONE,43.0
TKT000004598,BKG000004598,PAY000004598,issued,2014-02-28 12:33:28,NONE,9.0
TKT000004599,BKG000004599,PAY000004599,issued,2014-11-25 09:01:56,NONE,5.0
TKT000004600,BKG000004600,PAY000004600,issued,2013-06-16 15:02:33,NONE,21.0
TKT000004601,BKG000004601,PAY000004601,issued,2014-11-28 22:48:10,NONE,14.0
TKT000004602,BKG000004602,PAY000004602,issued,2013-12-11 08:44:25,NONE,5.0
TKT000004603,BKG000004603,PAY000004603,not_issued_payment_failed,,NONE,
TKT000004604,BKG000004604,PAY000004604,issued,2014-06-22 13:47:21,NONE,28.0
TKT000004605,BKG000004605,PAY000004605,issued,2014-06-21 15:00:50,NONE,28.0
TKT000004606,BKG000004606,PAY000004606,issued,2013-10-25 19:41:48,NONE,41.0
TKT000004607,BKG000004607,PAY000004607,not_issued_payment_failed,,NONE,
TKT000004608,BKG000004608,PAY000004608,issued,2014-08-08 08:59:05,NONE,5.0
TKT000004609,BKG000004609,PAY000004609,issued,2014-03-24 01:35:07,NONE,28.0
TKT000004610,BKG000004610,PAY000004610,not_issued_payment_failed,,NONE,
TKT000004611,BKG000004611,PAY000004611,issued,2014-10-06 16:00:06,NONE,37.0
TKT000004612,BKG000004612,PAY000004612,not_issued_payment_failed,,NONE,
TKT000004613,BKG000004613,PAY000004613,issued,2014-08-02 22:33:27,NONE,15.0
TKT000004614,BKG000004614,PAY000004614,issued,2014-11-06 05:08:00,NONE,11.0
TKT000004615,BKG000004615,PAY000004615,issued,2013-06-10 19:42:45,NONE,22.0
TKT000004616,BKG000004616,PAY000004616,issued,2014-09-21 02:37:34,NONE,18.0
TKT000004617,BKG000004617,PAY000004617,pending,2014-01-27 17:45:14,TICKETING_TIMEOUT,23.0
TKT000004618,BKG000004618,PAY000004618,issued,2013-11-30 14:47:27,NONE,11.0
TKT000004619,BKG000004619,PAY000004619,issued,2013-08-29 21:26:46,NONE,14.0
TKT000004620,BKG000004620,PAY000004620,issued,2013-08-09 12:11:10,NONE,41.0
TKT000004621,BKG000004621,PAY000004621,issued,2014-08-17 14:43:15,NONE,32.0
TKT000004622,BKG000004622,PAY000004622,issued,2013-04-25 10:33:50,NONE,23.0
TKT000004623,BKG000004623,PAY000004623,issued,2014-05-06 23:28:04,NONE,40.0
TKT000004624,BKG000004624,PAY000004624,issued,2013-01-28 14:38:27,NONE,37.0
TKT000004625,BKG000004625,PAY000004625,issued,2014-09-10 21:47:16,NONE,25.0
TKT000004626,BKG000004626,PAY000004626,issued,2014-05-16 18:28:52,NONE,22.0
TKT000004627,BKG000004627,PAY000004627,issued,2014-05-05 16:12:43,NONE,9.0
TKT000004628,BKG000004628,PAY000004628,issued,2013-05-18 12:32:15,NONE,3.0
TKT000004629,BKG000004629,PAY000004629,issued,2013-04-22 01:28:16,NONE,671.0
TKT000004630,BKG000004630,PAY000004630,issued,2013-06-27 14:12:53,NONE,29.0
TKT000004631,BKG000004631,PAY000004631,issued,2014-10-31 13:57:14,NONE,20.0
TKT000004632,BKG000004632,PAY000004632,issued,2013-09-29 19:17:41,NONE,6.0
TKT000004633,BKG000004633,PAY000004633,issued,2013-09-03 13:51:44,NONE,40.0
TKT000004634,BKG000004634,PAY000004634,issued,2014-07-03 00:11:25,NONE,33.0
TKT000004635,BKG000004635,PAY000004635,issued,2014-01-28 07:40:35,NONE,15.0
TKT000004636,BKG000004636,PAY000004636,issued,2014-05-23 05:15:21,NONE,136.0
TKT000004637,BKG000004637,PAY000004637,issued,2013-05-11 03:23:21,NONE,40.0
TKT000004638,BKG000004638,PAY000004638,issued,2014-03-21 16:56:43,NONE,35.0
TKT000004639,BKG000004639,PAY000004639,issued,2013-02-27 15:46:40,NONE,22.0
TKT000004640,BKG000004640,PAY000004640,issued,2014-07-03 23:37:18,NONE,33.0
TKT000004641,BKG000004641,PAY000004641,issued,2014-04-27 22:29:31,NONE,43.0
TKT000004642,BKG000004642,PAY000004642,not_issued_payment_failed,,NONE,
TKT000004643,BKG000004643,PAY000004643,issued,2013-12-03 14:46:27,NONE,34.0
TKT000004644,BKG000004644,PAY000004644,not_issued_payment_failed,,NONE,
TKT000004645,BKG000004645,PAY000004645,issued,2014-09-04 20:08:42,NONE,20.0
TKT000004646,BKG000004646,PAY000004646,issued,2014-11-04 23:52:19,NONE,16.0
TKT000004647,BKG000004647,PAY000004647,issued,2013-08-28 12:35:14,NONE,41.0
TKT000004648,BKG000004648,PAY000004648,failed,2014-12-26 16:42:55,SUPPLIER_ERROR,18.0
TKT000004649,BKG000004649,PAY000004649,issued,2014-12-01 14:54:59,NONE,30.0
TKT000004650,BKG000004650,PAY000004650,issued,2013-07-13 14:53:05,NONE,200.0
TKT000004651,BKG000004651,PAY000004651,issued,2014-07-14 10:54:10,NONE,6.0
TKT000004652,BKG000004652,PAY000004652,issued,2013-04-15 03:21:33,NONE,10.0
TKT000004653,BKG000004653,PAY000004653,not_issued_payment_failed,,NONE,
TKT000004654,BKG000004654,PAY000004654,issued,2014-11-05 10:17:12,NONE,33.0
TKT000004655,BKG000004655,PAY000004655,issued,2013-02-27 10:48:07,NONE,26.0
TKT000004656,BKG000004656,PAY000004656,issued,2014-09-02 00:33:37,NONE,15.0
TKT000004657,BKG000004657,PAY000004657,issued,2013-07-06 09:17:04,NONE,24.0
TKT000004658,BKG000004658,PAY000004658,issued,2013-07-29 14:57:47,NONE,39.0
TKT000004659,BKG000004659,PAY000004659,issued,2013-08-05 05:40:00,NONE,8.0
TKT000004660,BKG000004660,PAY000004660,issued,2014-05-19 05:10:58,NONE,31.0
TKT000004661,BKG000004661,PAY000004661,issued,2014-10-13 13:30:21,NONE,16.0
TKT000004662,BKG000004662,PAY000004662,issued,2014-12-02 09:13:37,NONE,15.0
TKT000004663,BKG000004663,PAY000004663,issued,2014-11-11 14:22:16,NONE,9.0
TKT000004664,BKG000004664,PAY000004664,issued,2014-03-18 11:33:41,NONE,9.0
TKT000004665,BKG000004665,PAY000004665,issued,2014-07-27 17:59:41,NONE,4.0
TKT000004666,BKG000004666,PAY000004666,issued,2013-07-19 17:55:36,NONE,32.0
TKT000004667,BKG000004667,PAY000004667,issued,2014-06-23 18:25:13,NONE,4.0
TKT000004668,BKG000004668,PAY000004668,not_issued_payment_failed,,NONE,
TKT000004669,BKG000004669,PAY000004669,issued,2013-01-25 15:38:05,NONE,14.0
TKT000004670,BKG000004670,PAY000004670,not_issued_payment_failed,,NONE,
TKT000004671,BKG000004671,PAY000004671,issued,2014-02-19 18:57:03,NONE,5.0
TKT000004672,BKG000004672,PAY000004672,issued,2014-06-15 11:31:22,NONE,9.0
TKT000004673,BKG000004673,PAY000004673,issued,2014-12-09 16:00:31,NONE,1389.0
TKT000004674,BKG000004674,PAY000004674,not_issued_payment_failed,,NONE,
TKT000004675,BKG000004675,PAY000004675,issued,2014-12-13 21:52:41,NONE,331.0
TKT000004676,BKG000004676,PAY000004676,issued,2014-12-13 16:29:41,NONE,10.0
TKT000004677,BKG000004677,PAY000004677,issued,2013-01-11 15:34:32,NONE,29.0
TKT000004678,BKG000004678,PAY000004678,issued,2014-01-06 12:35:48,NONE,39.0
TKT000004679,BKG000004679,PAY000004679,issued,2013-03-06 19:43:19,NONE,38.0
TKT000004680,BKG000004680,PAY000004680,issued,2014-09-11 22:11:33,NONE,15.0
TKT000004681,BKG000004681,PAY000004681,issued,2014-07-31 14:51:17,NONE,27.0
TKT000004682,BKG000004682,PAY000004682,not_issued_payment_failed,,NONE,
TKT000004683,BKG000004683,PAY000004683,issued,2014-08-13 22:59:43,NONE,34.0
TKT000004684,BKG000004684,PAY000004684,issued,2013-07-18 02:43:37,NONE,17.0
TKT000004685,BKG000004685,PAY000004685,not_issued_payment_failed,,NONE,
TKT000004686,BKG000004686,PAY000004686,issued,2013-12-02 06:35:55,NONE,11.0
TKT000004687,BKG000004687,PAY000004687,issued,2014-11-16 09:49:07,NONE,12.0
TKT000004688,BKG000004688,PAY000004688,issued,2014-03-05 02:09:27,NONE,45.0
TKT000004689,BKG000004689,PAY000004689,issued,2014-12-19 08:22:57,NONE,968.0
TKT000004690,BKG000004690,PAY000004690,issued,2014-01-09 13:04:26,NONE,9.0
TKT000004691,BKG000004691,PAY000004691,not_issued_payment_failed,,NONE,
TKT000004692,BKG000004692,PAY000004692,issued,2014-11-11 10:36:40,NONE,24.0
TKT000004693,BKG000004693,PAY000004693,issued,2014-06-24 17:29:15,NONE,34.0
TKT000004694,BKG000004694,PAY000004694,issued,2014-09-17 05:05:57,NONE,4.0
TKT000004695,BKG000004695,PAY000004695,issued,2013-01-08 07:18:13,NONE,36.0
TKT000004696,BKG000004696,PAY000004696,issued,2014-05-15 12:09:29,NONE,42.0
TKT000004697,BKG000004697,PAY000004697,issued,2014-12-09 19:57:52,NONE,19.0
TKT000004698,BKG000004698,PAY000004698,issued,2014-12-30 13:46:38,NONE,15.0
TKT000004699,BKG000004699,PAY000004699,issued,2013-12-27 16:22:58,NONE,16.0
TKT000004700,BKG000004700,PAY000004700,not_issued_payment_failed,,NONE,
TKT000004701,BKG000004701,PAY000004701,issued,2013-03-22 14:59:17,NONE,20.0
TKT000004702,BKG000004702,PAY000004702,issued,2014-02-10 16:17:04,NONE,36.0
TKT000004703,BKG000004703,PAY000004703,issued,2014-10-07 02:45:40,NONE,45.0
TKT000004704,BKG000004704,PAY000004704,issued,2014-12-19 03:59:47,NONE,16.0
TKT000004705,BKG000004705,PAY000004705,issued,2014-05-13 19:05:19,NONE,42.0
TKT000004706,BKG000004706,PAY000004706,issued,2014-11-03 21:35:23,NONE,32.0
TKT000004707,BKG000004707,PAY000004707,issued,2013-08-23 23:34:24,NONE,12.0
TKT000004708,BKG000004708,PAY000004708,issued,2014-04-21 12:54:57,NONE,42.0
TKT000004709,BKG000004709,PAY000004709,issued,2013-12-30 20:14:27,NONE,31.0
TKT000004710,BKG000004710,PAY000004710,issued,2013-12-15 15:21:24,NONE,882.0
TKT000004711,BKG000004711,PAY000004711,issued,2013-05-30 13:03:03,NONE,7.0
TKT000004712,BKG000004712,PAY000004712,not_issued_payment_failed,,NONE,
TKT000004713,BKG000004713,PAY000004713,issued,2013-06-13 15:01:51,NONE,23.0
TKT000004714,BKG000004714,PAY000004714,issued,2013-03-27 18:32:28,NONE,4.0
TKT000004715,BKG000004715,PAY000004715,issued,2014-10-28 18:47:49,NONE,8.0
TKT000004716,BKG000004716,PAY000004716,issued,2014-03-18 06:36:37,NONE,15.0
TKT000004717,BKG000004717,PAY000004717,issued,2014-07-11 16:33:37,NONE,36.0
TKT000004718,BKG000004718,PAY000004718,issued,2013-03-31 19:47:30,NONE,12.0
TKT000004719,BKG000004719,PAY000004719,issued,2014-04-29 02:04:34,NONE,22.0
TKT000004720,BKG000004720,PAY000004720,issued,2014-02-14 00:02:30,NONE,17.0
TKT000004721,BKG000004721,PAY000004721,issued,2013-02-15 21:27:29,NONE,40.0
TKT000004722,BKG000004722,PAY000004722,issued,2014-09-28 17:06:33,NONE,38.0
TKT000004723,BKG000004723,PAY000004723,not_issued_payment_failed,,NONE,
TKT000004724,BKG000004724,PAY000004724,issued,2014-09-12 23:43:51,NONE,15.0
TKT000004725,BKG000004725,PAY000004725,issued,2014-09-10 19:45:50,NONE,15.0
TKT000004726,BKG000004726,PAY000004726,issued,2013-04-28 17:09:13,NONE,27.0
TKT000004727,BKG000004727,PAY000004727,issued,2014-07-28 00:49:38,NONE,11.0
TKT000004728,BKG000004728,PAY000004728,not_issued_payment_failed,,NONE,
TKT000004729,BKG000004729,PAY000004729,issued,2014-10-10 16:19:14,NONE,39.0
TKT000004730,BKG000004730,PAY000004730,issued,2014-03-19 10:21:09,NONE,14.0
TKT000004731,BKG000004731,PAY000004731,pending,2013-11-22 13:00:45,TICKETING_TIMEOUT,8.0
TKT000004732,BKG000004732,PAY000004732,issued,2013-06-20 13:40:02,NONE,12.0
TKT000004733,BKG000004733,PAY000004733,issued,2013-03-23 15:06:08,NONE,23.0
TKT000004734,BKG000004734,PAY000004734,issued,2014-05-19 20:32:30,NONE,19.0
TKT000004735,BKG000004735,PAY000004735,issued,2014-03-16 21:20:33,NONE,30.0
TKT000004736,BKG000004736,PAY000004736,issued,2014-10-02 05:03:38,NONE,5.0
TKT000004737,BKG000004737,PAY000004737,issued,2014-01-25 20:59:49,NONE,22.0
TKT000004738,BKG000004738,PAY000004738,issued,2014-06-16 07:42:50,NONE,9.0
TKT000004739,BKG000004739,PAY000004739,issued,2014-09-15 22:13:14,NONE,5.0
TKT000004740,BKG000004740,PAY000004740,issued,2014-03-30 10:28:39,NONE,40.0
TKT000004741,BKG000004741,PAY000004741,issued,2014-12-03 15:35:57,NONE,3.0
TKT000004742,BKG000004742,PAY000004742,issued,2014-04-22 21:48:11,NONE,34.0
TKT000004743,BKG000004743,PAY000004743,issued,2013-07-17 09:35:55,NONE,21.0
TKT000004744,BKG000004744,PAY000004744,issued,2013-08-15 23:01:30,NONE,44.0
TKT000004745,BKG000004745,PAY000004745,not_issued_payment_failed,,NONE,
TKT000004746,BKG000004746,PAY000004746,issued,2014-04-02 13:54:06,NONE,8.0
TKT000004747,BKG000004747,PAY000004747,issued,2014-06-25 16:24:10,NONE,22.0
TKT000004748,BKG000004748,PAY000004748,issued,2013-07-05 22:16:50,NONE,45.0
TKT000004749,BKG000004749,PAY000004749,not_issued_payment_failed,,NONE,
TKT000004750,BKG000004750,PAY000004750,issued,2014-05-01 05:52:17,NONE,1098.0
TKT000004751,BKG000004751,PAY000004751,issued,2013-04-29 19:32:42,NONE,20.0
TKT000004752,BKG000004752,PAY000004752,issued,2014-11-25 16:24:37,NONE,1229.0
TKT000004753,BKG000004753,PAY000004753,issued,2013-10-03 20:48:51,NONE,32.0
TKT000004754,BKG000004754,PAY000004754,issued,2014-04-22 19:18:13,NONE,42.0
TKT000004755,BKG000004755,PAY000004755,issued,2013-11-07 21:40:30,NONE,19.0
TKT000004756,BKG000004756,PAY000004756,issued,2014-07-02 14:00:54,NONE,44.0
TKT000004757,BKG000004757,PAY000004757,issued,2014-07-24 10:34:45,NONE,23.0
TKT000004758,BKG000004758,PAY000004758,issued,2014-07-25 17:35:59,NONE,5.0
TKT000004759,BKG000004759,PAY000004759,issued,2013-02-19 23:01:34,NONE,28.0
TKT000004760,BKG000004760,PAY000004760,issued,2014-10-12 19:51:23,NONE,18.0
TKT000004761,BKG000004761,PAY000004761,issued,2014-06-02 21:08:24,NONE,41.0
TKT000004762,BKG000004762,PAY000004762,issued,2014-12-03 14:40:12,NONE,27.0
TKT000004763,BKG000004763,PAY000004763,not_issued_payment_failed,,NONE,
TKT000004764,BKG000004764,PAY000004764,not_issued_payment_failed,,NONE,
TKT000004765,BKG000004765,PAY000004765,not_issued_payment_failed,,NONE,
TKT000004766,BKG000004766,PAY000004766,issued,2014-11-23 17:21:28,NONE,13.0
TKT000004767,BKG000004767,PAY000004767,issued,2013-09-21 11:12:00,NONE,19.0
TKT000004768,BKG000004768,PAY000004768,issued,2014-11-18 18:26:31,NONE,36.0
TKT000004769,BKG000004769,PAY000004769,issued,2013-02-07 01:17:57,NONE,7.0
TKT000004770,BKG000004770,PAY000004770,issued,2013-12-03 00:36:12,NONE,43.0
TKT000004771,BKG000004771,PAY000004771,issued,2014-12-20 05:50:33,NONE,25.0
TKT000004772,BKG000004772,PAY000004772,issued,2013-06-24 09:04:06,NONE,28.0
TKT000004773,BKG000004773,PAY000004773,issued,2014-09-20 02:55:57,NONE,41.0
TKT000004774,BKG000004774,PAY000004774,issued,2014-12-06 10:52:17,NONE,10.0
TKT000004775,BKG000004775,PAY000004775,issued,2013-07-04 05:56:24,NONE,39.0
TKT000004776,BKG000004776,PAY000004776,issued,2013-07-26 23:40:34,NONE,11.0
TKT000004777,BKG000004777,PAY000004777,not_issued_payment_failed,,NONE,
TKT000004778,BKG000004778,PAY000004778,issued,2014-09-09 22:05:12,NONE,44.0
TKT000004779,BKG000004779,PAY000004779,issued,2014-08-18 05:00:08,NONE,29.0
TKT000004780,BKG000004780,PAY000004780,issued,2014-10-27 22:13:41,NONE,19.0
TKT000004781,BKG000004781,PAY000004781,issued,2013-06-04 08:54:50,NONE,1334.0
TKT000004782,BKG000004782,PAY000004782,issued,2014-04-07 23:03:42,NONE,25.0
TKT000004783,BKG000004783,PAY000004783,not_issued_payment_failed,,NONE,
TKT000004784,BKG000004784,PAY000004784,issued,2014-12-12 02:22:49,NONE,32.0
TKT000004785,BKG000004785,PAY000004785,not_issued_payment_failed,,NONE,
TKT000004786,BKG000004786,PAY000004786,issued,2013-10-10 18:11:44,NONE,23.0
TKT000004787,BKG000004787,PAY000004787,issued,2013-05-28 09:47:05,NONE,29.0
TKT000004788,BKG000004788,PAY000004788,issued,2014-11-06 10:45:52,NONE,21.0
TKT000004789,BKG000004789,PAY000004789,issued,2013-02-16 15:25:36,NONE,19.0
TKT000004790,BKG000004790,PAY000004790,issued,2014-08-07 13:59:54,NONE,8.0
TKT000004791,BKG000004791,PAY000004791,issued,2013-09-14 18:30:30,NONE,33.0
TKT000004792,BKG000004792,PAY000004792,issued,2014-11-29 17:26:35,NONE,9.0
TKT000004793,BKG000004793,PAY000004793,pending,2013-01-18 09:55:59,AIRLINE_CONFIRMATION_FAILED,23.0
TKT000004794,BKG000004794,PAY000004794,issued,2013-05-16 05:50:05,NONE,42.0
TKT000004795,BKG000004795,PAY000004795,issued,2013-12-28 13:02:42,NONE,36.0
TKT000004796,BKG000004796,PAY000004796,issued,2013-05-17 18:21:52,NONE,10.0
TKT000004797,BKG000004797,PAY000004797,issued,2014-01-02 04:57:42,NONE,10.0
TKT000004798,BKG000004798,PAY000004798,issued,2013-04-06 15:50:29,NONE,14.0
TKT000004799,BKG000004799,PAY000004799,issued,2014-10-27 10:52:21,NONE,44.0
TKT000004800,BKG000004800,PAY000004800,issued,2014-10-25 10:13:28,NONE,30.0
TKT000004801,BKG000004801,PAY000004801,issued,2014-07-01 20:27:34,NONE,6.0
TKT000004802,BKG000004802,PAY000004802,issued,2014-04-27 07:56:02,NONE,17.0
TKT000004803,BKG000004803,PAY000004803,issued,2014-12-09 17:27:00,NONE,13.0
TKT000004804,BKG000004804,PAY000004804,issued,2013-05-13 12:55:25,NONE,38.0
TKT000004805,BKG000004805,PAY000004805,issued,2014-02-21 14:52:13,NONE,23.0
TKT000004806,BKG000004806,PAY000004806,issued,2014-02-21 13:34:13,NONE,17.0
TKT000004807,BKG000004807,PAY000004807,issued,2013-06-22 23:51:29,NONE,14.0
TKT000004808,BKG000004808,PAY000004808,issued,2014-02-05 22:53:53,NONE,12.0
TKT000004809,BKG000004809,PAY000004809,issued,2014-05-18 23:44:34,NONE,44.0
TKT000004810,BKG000004810,PAY000004810,issued,2013-12-08 08:30:19,NONE,13.0
TKT000004811,BKG000004811,PAY000004811,issued,2014-10-30 10:49:05,NONE,5.0
TKT000004812,BKG000004812,PAY000004812,issued,2014-08-14 11:56:43,NONE,35.0
TKT000004813,BKG000004813,PAY000004813,issued,2014-08-09 02:29:59,NONE,43.0
TKT000004814,BKG000004814,PAY000004814,issued,2014-04-17 12:26:26,NONE,10.0
TKT000004815,BKG000004815,PAY000004815,issued,2014-10-10 14:53:53,NONE,17.0
TKT000004816,BKG000004816,PAY000004816,issued,2014-10-31 13:29:22,NONE,5.0
TKT000004817,BKG000004817,PAY000004817,issued,2014-12-24 14:39:53,NONE,20.0
TKT000004818,BKG000004818,PAY000004818,issued,2014-04-03 14:20:02,NONE,27.0
TKT000004819,BKG000004819,PAY000004819,issued,2014-01-21 10:10:21,NONE,1229.0
TKT000004820,BKG000004820,PAY000004820,issued,2014-09-19 09:36:05,NONE,8.0
TKT000004821,BKG000004821,PAY000004821,issued,2014-10-20 04:17:20,NONE,1036.0
TKT000004822,BKG000004822,PAY000004822,pending,2013-10-31 23:09:07,INVENTORY_MISMATCH,36.0
TKT000004823,BKG000004823,PAY000004823,pending,2014-12-25 07:46:14,INVENTORY_MISMATCH,17.0
TKT000004824,BKG000004824,PAY000004824,issued,2014-09-07 18:51:40,NONE,12.0
TKT000004825,BKG000004825,PAY000004825,issued,2014-04-05 16:43:49,NONE,25.0
TKT000004826,BKG000004826,PAY000004826,issued,2013-07-07 19:38:54,NONE,44.0
TKT000004827,BKG000004827,PAY000004827,issued,2014-12-27 05:29:11,NONE,7.0
TKT000004828,BKG000004828,PAY000004828,issued,2013-02-02 01:46:20,NONE,24.0
TKT000004829,BKG000004829,PAY000004829,issued,2014-02-05 17:33:31,NONE,16.0
TKT000004830,BKG000004830,PAY000004830,issued,2013-10-16 11:30:41,NONE,41.0
TKT000004831,BKG000004831,PAY000004831,issued,2014-08-15 13:23:01,NONE,19.0
TKT000004832,BKG000004832,PAY000004832,issued,2014-02-25 11:13:36,NONE,18.0
TKT000004833,BKG000004833,PAY000004833,issued,2013-12-18 00:02:35,NONE,36.0
TKT000004834,BKG000004834,PAY000004834,not_issued_payment_failed,,NONE,
TKT000004835,BKG000004835,PAY000004835,issued,2014-12-09 14:29:44,NONE,24.0
TKT000004836,BKG000004836,PAY000004836,issued,2013-07-01 17:35:23,NONE,34.0
TKT000004837,BKG000004837,PAY000004837,issued,2014-04-23 13:06:22,NONE,26.0
TKT000004838,BKG000004838,PAY000004838,issued,2014-02-07 11:15:28,NONE,37.0
TKT000004839,BKG000004839,PAY000004839,issued,2014-02-25 13:36:53,NONE,41.0
TKT000004840,BKG000004840,PAY000004840,issued,2014-10-25 13:09:23,NONE,41.0
TKT000004841,BKG000004841,PAY000004841,issued,2013-11-02 01:30:59,NONE,5.0
TKT000004842,BKG000004842,PAY000004842,issued,2014-06-23 01:43:46,NONE,21.0
TKT000004843,BKG000004843,PAY000004843,pending,2014-06-19 13:43:00,INVENTORY_MISMATCH,14.0
TKT000004844,BKG000004844,PAY000004844,issued,2013-07-09 08:41:19,NONE,39.0
TKT000004845,BKG000004845,PAY000004845,issued,2014-05-13 18:07:43,NONE,5.0
TKT000004846,BKG000004846,PAY000004846,pending,2013-03-06 23:05:30,AIRLINE_CONFIRMATION_FAILED,42.0
TKT000004847,BKG000004847,PAY000004847,issued,2014-08-16 09:57:25,NONE,10.0
TKT000004848,BKG000004848,PAY000004848,issued,2014-05-18 10:03:28,NONE,31.0
TKT000004849,BKG000004849,PAY000004849,issued,2014-12-23 14:14:22,NONE,8.0
TKT000004850,BKG000004850,PAY000004850,issued,2013-11-30 15:34:36,NONE,12.0
TKT000004851,BKG000004851,PAY000004851,issued,2014-04-22 11:24:43,NONE,13.0
TKT000004852,BKG000004852,PAY000004852,issued,2013-10-29 06:42:39,NONE,25.0
TKT000004853,BKG000004853,PAY000004853,issued,2014-05-02 10:05:59,NONE,8.0
TKT000004854,BKG000004854,PAY000004854,issued,2013-08-06 16:25:33,NONE,34.0
TKT000004855,BKG000004855,PAY000004855,issued,2014-06-17 02:27:37,NONE,26.0
TKT000004856,BKG000004856,PAY000004856,not_issued_payment_failed,,NONE,
TKT000004857,BKG000004857,PAY000004857,issued,2013-08-01 08:48:08,NONE,37.0
TKT000004858,BKG000004858,PAY000004858,issued,2014-05-17 11:14:33,NONE,43.0
TKT000004859,BKG000004859,PAY000004859,issued,2014-09-26 11:51:50,NONE,23.0
TKT000004860,BKG000004860,PAY000004860,issued,2014-04-23 13:03:56,NONE,36.0
TKT000004861,BKG000004861,PAY000004861,issued,2013-03-09 17:46:57,NONE,22.0
TKT000004862,BKG000004862,PAY000004862,issued,2013-03-12 12:39:37,NONE,41.0
TKT000004863,BKG000004863,PAY000004863,issued,2013-07-11 22:55:23,NONE,5.0
TKT000004864,BKG000004864,PAY000004864,issued,2014-01-03 07:52:46,NONE,24.0
TKT000004865,BKG000004865,PAY000004865,issued,2014-06-05 18:29:34,NONE,25.0
TKT000004866,BKG000004866,PAY000004866,issued,2014-08-13 18:55:22,NONE,41.0
TKT000004867,BKG000004867,PAY000004867,issued,2014-08-01 13:01:40,NONE,10.0
TKT000004868,BKG000004868,PAY000004868,issued,2014-10-24 01:33:16,NONE,29.0
TKT000004869,BKG000004869,PAY000004869,issued,2014-03-18 01:04:59,NONE,15.0
TKT000004870,BKG000004870,PAY000004870,issued,2014-08-24 23:08:54,NONE,19.0
TKT000004871,BKG000004871,PAY000004871,issued,2014-04-19 04:02:57,NONE,1312.0
TKT000004872,BKG000004872,PAY000004872,issued,2014-07-28 19:28:09,NONE,35.0
TKT000004873,BKG000004873,PAY000004873,pending,2014-08-18 19:55:52,SUPPLIER_ERROR,28.0
TKT000004874,BKG000004874,PAY000004874,issued,2014-07-09 09:49:15,NONE,1212.0
TKT000004875,BKG000004875,PAY000004875,issued,2014-10-22 23:37:41,NONE,7.0
TKT000004876,BKG000004876,PAY000004876,issued,2014-07-04 02:26:17,NONE,1162.0
TKT000004877,BKG000004877,PAY000004877,issued,2013-03-01 11:46:41,NONE,39.0
TKT000004878,BKG000004878,PAY000004878,pending,2014-07-28 12:01:50,AIRLINE_CONFIRMATION_FAILED,38.0
TKT000004879,BKG000004879,PAY000004879,issued,2013-03-29 12:51:23,NONE,15.0
TKT000004880,BKG000004880,PAY000004880,issued,2014-07-23 20:52:05,NONE,35.0
TKT000004881,BKG000004881,PAY000004881,issued,2014-04-13 04:33:46,NONE,12.0
TKT000004882,BKG000004882,PAY000004882,issued,2014-09-01 08:44:06,NONE,8.0
TKT000004883,BKG000004883,PAY000004883,issued,2013-11-08 21:37:06,NONE,41.0
TKT000004884,BKG000004884,PAY000004884,issued,2014-11-07 17:17:03,NONE,25.0
TKT000004885,BKG000004885,PAY000004885,issued,2014-10-21 23:28:43,NONE,36.0
TKT000004886,BKG000004886,PAY000004886,issued,2013-07-09 12:36:56,NONE,26.0
TKT000004887,BKG000004887,PAY000004887,not_issued_payment_failed,,NONE,
TKT000004888,BKG000004888,PAY000004888,issued,2014-04-19 02:15:49,NONE,15.0
TKT000004889,BKG000004889,PAY000004889,not_issued_payment_failed,,NONE,
TKT000004890,BKG000004890,PAY000004890,issued,2014-04-26 09:11:28,NONE,6.0
TKT000004891,BKG000004891,PAY000004891,issued,2014-07-02 00:42:25,NONE,38.0
TKT000004892,BKG000004892,PAY000004892,issued,2014-02-19 09:25:01,NONE,41.0
TKT000004893,BKG000004893,PAY000004893,issued,2014-06-11 12:13:01,NONE,15.0
TKT000004894,BKG000004894,PAY000004894,issued,2014-03-23 16:06:24,NONE,29.0
TKT000004895,BKG000004895,PAY000004895,issued,2014-06-19 15:59:59,NONE,18.0
TKT000004896,BKG000004896,PAY000004896,issued,2014-10-03 05:04:52,NONE,3.0
TKT000004897,BKG000004897,PAY000004897,issued,2014-09-10 21:44:57,NONE,15.0
TKT000004898,BKG000004898,PAY000004898,issued,2013-12-17 10:33:09,NONE,20.0
TKT000004899,BKG000004899,PAY000004899,issued,2014-11-19 09:40:03,NONE,28.0
TKT000004900,BKG000004900,PAY000004900,issued,2014-10-02 16:40:44,NONE,9.0
TKT000004901,BKG000004901,PAY000004901,issued,2014-07-18 12:54:07,NONE,34.0
TKT000004902,BKG000004902,PAY000004902,issued,2014-02-04 22:51:46,NONE,17.0
TKT000004903,BKG000004903,PAY000004903,issued,2014-12-03 09:51:45,NONE,39.0
TKT000004904,BKG000004904,PAY000004904,not_issued_payment_failed,,NONE,
TKT000004905,BKG000004905,PAY000004905,issued,2014-02-22 11:40:08,NONE,24.0
TKT000004906,BKG000004906,PAY000004906,issued,2013-06-12 17:15:02,NONE,38.0
TKT000004907,BKG000004907,PAY000004907,issued,2013-06-17 19:16:16,NONE,155.0
TKT000004908,BKG000004908,PAY000004908,not_issued_payment_failed,,NONE,
TKT000004909,BKG000004909,PAY000004909,issued,2014-07-02 11:42:12,NONE,41.0
TKT000004910,BKG000004910,PAY000004910,issued,2014-08-03 20:38:15,NONE,5.0
TKT000004911,BKG000004911,PAY000004911,issued,2013-11-13 15:18:53,NONE,9.0
TKT000004912,BKG000004912,PAY000004912,issued,2013-05-11 10:28:40,NONE,16.0
TKT000004913,BKG000004913,PAY000004913,issued,2013-04-30 09:42:38,NONE,35.0
TKT000004914,BKG000004914,PAY000004914,issued,2014-11-23 21:05:08,NONE,8.0
TKT000004915,BKG000004915,PAY000004915,issued,2013-08-27 13:10:53,NONE,9.0
TKT000004916,BKG000004916,PAY000004916,issued,2013-09-07 21:15:21,NONE,28.0
TKT000004917,BKG000004917,PAY000004917,issued,2014-07-18 22:56:42,NONE,43.0
TKT000004918,BKG000004918,PAY000004918,issued,2013-01-26 13:43:37,NONE,5.0
TKT000004919,BKG000004919,PAY000004919,issued,2013-09-03 18:17:39,NONE,13.0
TKT000004920,BKG000004920,PAY000004920,issued,2013-04-21 23:41:48,NONE,12.0
TKT000004921,BKG000004921,PAY000004921,issued,2013-08-17 22:26:01,NONE,35.0
TKT000004922,BKG000004922,PAY000004922,issued,2013-05-18 11:37:43,NONE,7.0
TKT000004923,BKG000004923,PAY000004923,issued,2013-02-06 01:03:37,NONE,40.0
TKT000004924,BKG000004924,PAY000004924,issued,2014-04-08 23:49:45,NONE,4.0
TKT000004925,BKG000004925,PAY000004925,issued,2014-08-07 00:55:06,NONE,41.0
TKT000004926,BKG000004926,PAY000004926,failed,2014-11-06 20:46:01,TICKETING_TIMEOUT,39.0
TKT000004927,BKG000004927,PAY000004927,issued,2014-10-16 14:02:35,NONE,35.0
TKT000004928,BKG000004928,PAY000004928,issued,2014-12-07 16:13:31,NONE,36.0
TKT000004929,BKG000004929,PAY000004929,issued,2013-05-09 11:53:59,NONE,5.0
TKT000004930,BKG000004930,PAY000004930,issued,2014-11-28 21:51:09,NONE,467.0
TKT000004931,BKG000004931,PAY000004931,issued,2014-07-17 08:53:14,NONE,31.0
TKT000004932,BKG000004932,PAY000004932,issued,2014-07-06 18:10:32,NONE,35.0
TKT000004933,BKG000004933,PAY000004933,issued,2014-03-04 17:09:00,NONE,22.0
TKT000004934,BKG000004934,PAY000004934,issued,2014-12-15 00:06:13,NONE,24.0
TKT000004935,BKG000004935,PAY000004935,issued,2014-10-20 11:47:17,NONE,26.0
TKT000004936,BKG000004936,PAY000004936,issued,2014-07-04 14:16:29,NONE,4.0
TKT000004937,BKG000004937,PAY000004937,issued,2014-04-25 19:10:24,NONE,45.0
TKT000004938,BKG000004938,PAY000004938,issued,2014-11-13 04:54:53,NONE,17.0
TKT000004939,BKG000004939,PAY000004939,issued,2014-07-16 09:19:31,NONE,39.0
TKT000004940,BKG000004940,PAY000004940,issued,2014-05-15 16:46:39,NONE,28.0
TKT000004941,BKG000004941,PAY000004941,pending,2013-11-21 12:44:42,TICKETING_TIMEOUT,36.0
TKT000004942,BKG000004942,PAY000004942,issued,2014-08-21 07:15:47,NONE,44.0
TKT000004943,BKG000004943,PAY000004943,issued,2013-11-08 10:12:27,NONE,4.0
TKT000004944,BKG000004944,PAY000004944,issued,2014-10-22 12:44:53,NONE,29.0
TKT000004945,BKG000004945,PAY000004945,issued,2013-11-12 14:14:26,NONE,18.0
TKT000004946,BKG000004946,PAY000004946,issued,2014-07-02 10:44:02,NONE,37.0
TKT000004947,BKG000004947,PAY000004947,issued,2013-09-14 11:05:34,NONE,40.0
TKT000004948,BKG000004948,PAY000004948,issued,2014-06-23 16:49:43,NONE,32.0
TKT000004949,BKG000004949,PAY000004949,issued,2014-10-17 21:03:27,NONE,11.0
TKT000004950,BKG000004950,PAY000004950,issued,2014-10-15 10:20:13,NONE,42.0
TKT000004951,BKG000004951,PAY000004951,issued,2014-09-07 19:50:50,NONE,44.0
TKT000004952,BKG000004952,PAY000004952,issued,2013-03-06 21:09:03,NONE,44.0
TKT000004953,BKG000004953,PAY000004953,issued,2013-08-11 06:41:39,NONE,23.0
TKT000004954,BKG000004954,PAY000004954,issued,2013-08-03 03:27:46,NONE,10.0
TKT000004955,BKG000004955,PAY000004955,issued,2014-01-13 07:30:27,NONE,15.0
TKT000004956,BKG000004956,PAY000004956,issued,2013-12-25 14:32:17,NONE,14.0
TKT000004957,BKG000004957,PAY000004957,issued,2014-07-22 02:15:53,NONE,14.0
TKT000004958,BKG000004958,PAY000004958,issued,2014-08-11 09:00:32,NONE,20.0
TKT000004959,BKG000004959,PAY000004959,issued,2013-02-08 22:24:20,NONE,21.0
TKT000004960,BKG000004960,PAY000004960,issued,2013-05-20 16:55:55,NONE,41.0
TKT000004961,BKG000004961,PAY000004961,issued,2013-02-18 09:45:16,NONE,38.0
TKT000004962,BKG000004962,PAY000004962,issued,2014-11-28 21:32:34,NONE,14.0
TKT000004963,BKG000004963,PAY000004963,issued,2014-07-16 13:34:38,NONE,8.0
TKT000004964,BKG000004964,PAY000004964,issued,2013-03-08 14:18:47,NONE,11.0
TKT000004965,BKG000004965,PAY000004965,issued,2013-09-18 15:00:01,NONE,27.0
TKT000004966,BKG000004966,PAY000004966,issued,2013-09-18 13:32:01,NONE,45.0
TKT000004967,BKG000004967,PAY000004967,issued,2013-06-14 21:51:46,NONE,12.0
TKT000004968,BKG000004968,PAY000004968,issued,2014-08-06 22:26:28,NONE,42.0
TKT000004969,BKG000004969,PAY000004969,issued,2013-06-28 10:59:55,NONE,11.0
TKT000004970,BKG000004970,PAY000004970,issued,2014-03-19 16:49:23,NONE,35.0
TKT000004971,BKG000004971,PAY000004971,issued,2014-08-14 14:38:28,NONE,19.0
TKT000004972,BKG000004972,PAY000004972,issued,2013-07-02 12:41:56,NONE,11.0
TKT000004973,BKG000004973,PAY000004973,issued,2014-11-27 00:34:09,NONE,6.0
TKT000004974,BKG000004974,PAY000004974,issued,2013-08-05 09:46:57,NONE,33.0
TKT000004975,BKG000004975,PAY000004975,issued,2013-10-01 18:19:32,NONE,32.0
TKT000004976,BKG000004976,PAY000004976,issued,2013-10-09 07:35:22,NONE,27.0
TKT000004977,BKG000004977,PAY000004977,issued,2014-07-17 10:52:19,NONE,24.0
TKT000004978,BKG000004978,PAY000004978,issued,2014-02-25 09:55:07,NONE,10.0
TKT000004979,BKG000004979,PAY000004979,issued,2014-12-29 18:22:55,NONE,40.0
TKT000004980,BKG000004980,PAY000004980,issued,2014-06-25 14:38:09,NONE,29.0
TKT000004981,BKG000004981,PAY000004981,not_issued_payment_failed,,NONE,
TKT000004982,BKG000004982,PAY000004982,issued,2014-12-07 00:29:11,NONE,17.0
TKT000004983,BKG000004983,PAY000004983,not_issued_payment_failed,,NONE,
TKT000004984,BKG000004984,PAY000004984,issued,2014-08-08 08:45:15,NONE,20.0
TKT000004985,BKG000004985,PAY000004985,issued,2013-10-05 04:24:27,NONE,34.0
TKT000004986,BKG000004986,PAY000004986,issued,2013-11-21 13:54:50,NONE,1236.0
TKT000004987,BKG000004987,PAY000004987,issued,2014-03-07 04:16:00,NONE,1014.0
TKT000004988,BKG000004988,PAY000004988,issued,2014-06-11 21:59:05,NONE,43.0
TKT000004989,BKG000004989,PAY000004989,issued,2013-03-04 11:59:21,NONE,27.0
TKT000004990,BKG000004990,PAY000004990,not_issued_payment_failed,,NONE,
TKT000004991,BKG000004991,PAY000004991,issued,2014-10-07 15:24:55,NONE,21.0
TKT000004992,BKG000004992,PAY000004992,issued,2014-11-09 19:19:18,NONE,6.0
TKT000004993,BKG000004993,PAY000004993,issued,2013-03-03 09:39:47,NONE,23.0
TKT000004994,BKG000004994,PAY000004994,issued,2014-12-11 17:49:55,NONE,34.0
TKT000004995,BKG000004995,PAY000004995,not_issued_payment_failed,,NONE,
TKT000004996,BKG000004996,PAY000004996,issued,2014-07-05 19:11:04,NONE,363.0
TKT000004997,BKG000004997,PAY000004997,issued,2014-01-11 11:51:24,NONE,31.0
TKT000004998,BKG000004998,PAY000004998,issued,2013-02-21 18:23:32,NONE,34.0
TKT000004999,BKG000004999,PAY000004999,issued,2014-05-01 09:48:56,NONE,38.0
TKT000005000,BKG000005000,PAY000005000,not_issued_payment_failed,,NONE,
TKT000005001,BKG000005001,PAY000005001,issued,2014-05-09 11:28:29,NONE,43.0
TKT000005002,BKG000005002,PAY000005002,issued,2013-10-14 23:57:59,NONE,21.0
TKT000005003,BKG000005003,PAY000005003,issued,2013-02-04 14:55:55,NONE,9.0
TKT000005004,BKG000005004,PAY000005004,issued,2013-04-09 20:28:40,NONE,6.0
TKT000005005,BKG000005005,PAY000005005,issued,2013-10-20 17:53:39,NONE,8.0
TKT000005006,BKG000005006,PAY000005006,issued,2014-02-06 23:03:40,NONE,16.0
TKT000005007,BKG000005007,PAY000005007,pending,2013-01-22 18:07:26,INVENTORY_MISMATCH,42.0
TKT000005008,BKG000005008,PAY000005008,issued,2014-09-29 09:52:55,NONE,44.0
TKT000005009,BKG000005009,PAY000005009,issued,2014-11-17 20:34:45,NONE,26.0
TKT000005010,BKG000005010,PAY000005010,issued,2013-02-05 23:46:52,NONE,34.0
TKT000005011,BKG000005011,PAY000005011,issued,2013-04-09 18:51:05,NONE,8.0
TKT000005012,BKG000005012,PAY000005012,issued,2013-04-09 17:22:05,NONE,13.0
TKT000005013,BKG000005013,PAY000005013,issued,2013-04-10 15:16:05,NONE,1303.0
TKT000005014,BKG000005014,PAY000005014,pending,2014-09-09 19:05:46,AIRLINE_CONFIRMATION_FAILED,15.0
TKT000005015,BKG000005015,PAY000005015,issued,2013-06-11 16:40:10,NONE,8.0
TKT000005016,BKG000005016,PAY000005016,issued,2013-06-19 00:39:06,NONE,16.0
TKT000005017,BKG000005017,PAY000005017,issued,2014-08-07 19:20:13,NONE,27.0
TKT000005018,BKG000005018,PAY000005018,issued,2014-08-21 21:12:03,NONE,29.0
TKT000005019,BKG000005019,PAY000005019,issued,2014-06-19 22:44:06,NONE,38.0
TKT000005020,BKG000005020,PAY000005020,not_issued_payment_failed,,NONE,
TKT000005021,BKG000005021,PAY000005021,issued,2014-08-10 19:43:21,NONE,16.0
TKT000005022,BKG000005022,PAY000005022,issued,2014-04-16 03:21:54,NONE,37.0
TKT000005023,BKG000005023,PAY000005023,issued,2014-12-18 19:01:54,NONE,31.0
TKT000005024,BKG000005024,PAY000005024,issued,2014-09-19 13:58:36,NONE,23.0
TKT000005025,BKG000005025,PAY000005025,issued,2013-08-04 03:58:26,NONE,186.0
TKT000005026,BKG000005026,PAY000005026,issued,2014-03-20 20:12:12,NONE,3.0
TKT000005027,BKG000005027,PAY000005027,pending,2013-08-23 09:06:47,SUPPLIER_ERROR,5.0
TKT000005028,BKG000005028,PAY000005028,not_issued_payment_failed,,NONE,
TKT000005029,BKG000005029,PAY000005029,issued,2014-06-26 13:47:51,NONE,1349.0
TKT000005030,BKG000005030,PAY000005030,issued,2014-06-25 15:07:51,NONE,11.0
TKT000005031,BKG000005031,PAY000005031,issued,2013-03-11 21:43:47,NONE,19.0
TKT000005032,BKG000005032,PAY000005032,issued,2013-07-25 12:10:45,NONE,38.0
TKT000005033,BKG000005033,PAY000005033,issued,2014-02-18 08:15:45,NONE,643.0
TKT000005034,BKG000005034,PAY000005034,issued,2013-03-20 20:52:23,NONE,21.0
TKT000005035,BKG000005035,PAY000005035,issued,2013-10-04 13:27:03,NONE,11.0
TKT000005036,BKG000005036,PAY000005036,issued,2013-06-14 08:14:36,NONE,19.0
TKT000005037,BKG000005037,PAY000005037,issued,2014-08-22 21:00:28,NONE,29.0
TKT000005038,BKG000005038,PAY000005038,issued,2014-08-15 16:23:26,NONE,26.0
TKT000005039,BKG000005039,PAY000005039,issued,2013-09-04 20:05:15,NONE,22.0
TKT000005040,BKG000005040,PAY000005040,issued,2014-06-01 12:33:14,NONE,18.0
TKT000005041,BKG000005041,PAY000005041,issued,2014-09-29 16:14:24,NONE,17.0
TKT000005042,BKG000005042,PAY000005042,issued,2013-06-12 22:59:32,NONE,34.0
TKT000005043,BKG000005043,PAY000005043,issued,2014-06-22 17:40:51,NONE,6.0
TKT000005044,BKG000005044,PAY000005044,issued,2014-03-08 14:16:43,NONE,37.0
TKT000005045,BKG000005045,PAY000005045,issued,2014-03-25 16:41:04,NONE,20.0
TKT000005046,BKG000005046,PAY000005046,issued,2013-10-28 10:27:13,NONE,3.0
TKT000005047,BKG000005047,PAY000005047,issued,2014-08-12 23:59:39,NONE,16.0
TKT000005048,BKG000005048,PAY000005048,issued,2013-03-31 22:18:10,NONE,36.0
TKT000005049,BKG000005049,PAY000005049,issued,2013-03-21 17:55:59,NONE,3.0
TKT000005050,BKG000005050,PAY000005050,issued,2014-12-16 15:41:31,NONE,851.0
TKT000005051,BKG000005051,PAY000005051,issued,2014-06-02 16:25:56,NONE,6.0
TKT000005052,BKG000005052,PAY000005052,issued,2014-08-14 22:51:00,NONE,35.0
TKT000005053,BKG000005053,PAY000005053,issued,2014-08-14 23:04:00,NONE,38.0
TKT000005054,BKG000005054,PAY000005054,issued,2014-09-04 16:12:22,NONE,18.0
TKT000005055,BKG000005055,PAY000005055,issued,2013-08-30 19:26:42,NONE,11.0
TKT000005056,BKG000005056,PAY000005056,issued,2014-08-16 14:24:43,NONE,31.0
TKT000005057,BKG000005057,PAY000005057,issued,2014-12-31 22:27:30,NONE,36.0
TKT000005058,BKG000005058,PAY000005058,issued,2014-09-18 19:08:30,NONE,22.0
TKT000005059,BKG000005059,PAY000005059,issued,2014-03-05 17:01:54,NONE,21.0
TKT000005060,BKG000005060,PAY000005060,issued,2013-11-24 02:54:02,NONE,35.0
TKT000005061,BKG000005061,PAY000005061,issued,2013-03-03 16:07:39,NONE,22.0
TKT000005062,BKG000005062,PAY000005062,issued,2014-08-14 00:13:12,NONE,41.0
TKT000005063,BKG000005063,PAY000005063,issued,2014-06-05 11:22:13,NONE,42.0
TKT000005064,BKG000005064,PAY000005064,issued,2014-08-16 21:30:24,NONE,11.0
TKT000005065,BKG000005065,PAY000005065,not_issued_payment_failed,,NONE,
TKT000005066,BKG000005066,PAY000005066,not_issued_payment_failed,,NONE,
TKT000005067,BKG000005067,PAY000005067,issued,2013-03-01 11:31:28,NONE,39.0
TKT000005068,BKG000005068,PAY000005068,issued,2014-05-16 17:05:12,NONE,16.0
TKT000005069,BKG000005069,PAY000005069,pending,2014-05-01 10:52:18,AIRLINE_CONFIRMATION_FAILED,42.0
TKT000005070,BKG000005070,PAY000005070,issued,2014-04-07 10:41:00,NONE,28.0
TKT000005071,BKG000005071,PAY000005071,issued,2014-06-27 00:49:15,NONE,28.0
TKT000005072,BKG000005072,PAY000005072,issued,2014-12-05 13:33:30,NONE,4.0
TKT000005073,BKG000005073,PAY000005073,issued,2014-04-09 21:18:27,NONE,671.0
TKT000005074,BKG000005074,PAY000005074,issued,2013-06-15 11:28:49,NONE,17.0
TKT000005075,BKG000005075,PAY000005075,failed,2013-10-30 15:19:08,AIRLINE_CONFIRMATION_FAILED,18.0
TKT000005076,BKG000005076,PAY000005076,issued,2014-07-10 13:41:59,NONE,37.0
TKT000005077,BKG000005077,PAY000005077,issued,2014-12-27 00:28:29,NONE,36.0
TKT000005078,BKG000005078,PAY000005078,issued,2013-02-18 17:54:27,NONE,37.0
TKT000005079,BKG000005079,PAY000005079,issued,2014-11-11 16:14:01,NONE,42.0
TKT000005080,BKG000005080,PAY000005080,issued,2014-05-09 10:50:57,NONE,4.0
TKT000005081,BKG000005081,PAY000005081,issued,2014-04-13 23:09:29,NONE,13.0
TKT000005082,BKG000005082,PAY000005082,issued,2014-12-11 13:17:36,NONE,27.0
TKT000005083,BKG000005083,PAY000005083,issued,2014-10-01 17:46:47,NONE,32.0
TKT000005084,BKG000005084,PAY000005084,issued,2014-03-19 21:42:30,NONE,25.0
TKT000005085,BKG000005085,PAY000005085,issued,2014-07-02 11:38:08,NONE,16.0
TKT000005086,BKG000005086,PAY000005086,issued,2014-08-16 17:57:58,NONE,218.0
TKT000005087,BKG000005087,PAY000005087,failed,2013-12-31 18:30:47,SUPPLIER_ERROR,8.0
TKT000005088,BKG000005088,PAY000005088,issued,2014-04-14 11:35:41,NONE,4.0
TKT000005089,BKG000005089,PAY000005089,issued,2014-10-20 13:53:13,NONE,5.0
TKT000005090,BKG000005090,PAY000005090,issued,2014-12-21 23:33:32,NONE,229.0
TKT000005091,BKG000005091,PAY000005091,not_issued_payment_failed,,NONE,
TKT000005092,BKG000005092,PAY000005092,issued,2014-10-16 13:00:39,NONE,26.0
TKT000005093,BKG000005093,PAY000005093,issued,2014-09-05 18:04:04,NONE,42.0
TKT000005094,BKG000005094,PAY000005094,issued,2013-02-19 13:12:49,NONE,41.0
TKT000005095,BKG000005095,PAY000005095,issued,2013-04-05 23:11:23,NONE,39.0
TKT000005096,BKG000005096,PAY000005096,not_issued_payment_failed,,NONE,
TKT000005097,BKG000005097,PAY000005097,issued,2013-03-06 01:43:50,NONE,17.0
TKT000005098,BKG000005098,PAY000005098,not_issued_payment_failed,,NONE,
TKT000005099,BKG000005099,PAY000005099,issued,2014-07-13 19:42:24,NONE,8.0
TKT000005100,BKG000005100,PAY000005100,issued,2013-03-09 21:54:45,NONE,36.0
TKT000005101,BKG000005101,PAY000005101,issued,2014-01-09 14:01:37,NONE,1067.0
TKT000005102,BKG000005102,PAY000005102,issued,2014-11-29 19:11:51,NONE,5.0
TKT000005103,BKG000005103,PAY000005103,issued,2013-05-30 07:15:27,NONE,1416.0
TKT000005104,BKG000005104,PAY000005104,issued,2013-02-12 00:26:47,NONE,828.0
TKT000005105,BKG000005105,PAY000005105,issued,2013-10-18 07:13:48,NONE,1440.0
TKT000005106,BKG000005106,PAY000005106,issued,2014-06-19 20:21:20,NONE,28.0
TKT000005107,BKG000005107,PAY000005107,issued,2014-04-18 23:52:53,NONE,44.0
TKT000005108,BKG000005108,PAY000005108,issued,2014-10-26 10:02:38,NONE,5.0
TKT000005109,BKG000005109,PAY000005109,issued,2013-10-01 17:26:28,NONE,31.0
TKT000005110,BKG000005110,PAY000005110,issued,2014-11-25 20:51:09,NONE,22.0
TKT000005111,BKG000005111,PAY000005111,failed,2014-04-16 15:16:50,TICKETING_TIMEOUT,36.0
TKT000005112,BKG000005112,PAY000005112,issued,2014-07-15 18:26:23,NONE,11.0
TKT000005113,BKG000005113,PAY000005113,issued,2014-02-13 16:05:39,NONE,45.0
TKT000005114,BKG000005114,PAY000005114,issued,2014-09-07 11:28:54,NONE,34.0
TKT000005115,BKG000005115,PAY000005115,issued,2013-08-19 17:55:41,NONE,42.0
TKT000005116,BKG000005116,PAY000005116,issued,2014-09-19 13:24:52,NONE,17.0
TKT000005117,BKG000005117,PAY000005117,not_issued_payment_failed,,NONE,
TKT000005118,BKG000005118,PAY000005118,issued,2014-09-23 14:34:51,NONE,45.0
TKT000005119,BKG000005119,PAY000005119,issued,2014-03-29 16:26:23,NONE,21.0
TKT000005120,BKG000005120,PAY000005120,issued,2013-03-17 13:56:56,NONE,19.0
TKT000005121,BKG000005121,PAY000005121,issued,2014-10-13 14:49:51,NONE,43.0
TKT000005122,BKG000005122,PAY000005122,issued,2013-02-13 20:19:30,NONE,15.0
TKT000005123,BKG000005123,PAY000005123,issued,2014-11-13 20:55:16,NONE,7.0
TKT000005124,BKG000005124,PAY000005124,issued,2014-10-29 04:21:08,NONE,7.0
TKT000005125,BKG000005125,PAY000005125,issued,2013-04-01 12:00:29,NONE,7.0
TKT000005126,BKG000005126,PAY000005126,issued,2014-06-24 18:55:01,NONE,9.0
TKT000005127,BKG000005127,PAY000005127,issued,2014-10-02 22:48:42,NONE,9.0
TKT000005128,BKG000005128,PAY000005128,issued,2013-01-25 17:45:12,NONE,1360.0
TKT000005129,BKG000005129,PAY000005129,issued,2014-04-17 10:26:34,NONE,33.0
TKT000005130,BKG000005130,PAY000005130,issued,2014-10-06 20:03:14,NONE,14.0
TKT000005131,BKG000005131,PAY000005131,issued,2014-06-16 21:29:59,NONE,13.0
TKT000005132,BKG000005132,PAY000005132,not_issued_payment_failed,,NONE,
TKT000005133,BKG000005133,PAY000005133,issued,2014-02-27 18:42:41,NONE,45.0
TKT000005134,BKG000005134,PAY000005134,issued,2013-02-02 13:01:51,NONE,28.0
TKT000005135,BKG000005135,PAY000005135,issued,2013-04-22 21:50:55,NONE,4.0
TKT000005136,BKG000005136,PAY000005136,issued,2014-05-26 02:26:41,NONE,3.0
TKT000005137,BKG000005137,PAY000005137,issued,2014-09-09 10:18:41,NONE,10.0
TKT000005138,BKG000005138,PAY000005138,issued,2014-11-30 04:15:57,NONE,3.0
TKT000005139,BKG000005139,PAY000005139,issued,2014-09-29 09:53:25,NONE,8.0
TKT000005140,BKG000005140,PAY000005140,issued,2014-10-16 11:43:37,NONE,15.0
TKT000005141,BKG000005141,PAY000005141,issued,2013-01-08 01:16:50,NONE,8.0
TKT000005142,BKG000005142,PAY000005142,issued,2014-07-17 11:23:40,NONE,13.0
TKT000005143,BKG000005143,PAY000005143,issued,2014-01-30 16:42:50,NONE,12.0
TKT000005144,BKG000005144,PAY000005144,issued,2013-07-22 18:16:34,NONE,12.0
TKT000005145,BKG000005145,PAY000005145,issued,2013-10-28 09:29:56,NONE,40.0
TKT000005146,BKG000005146,PAY000005146,issued,2014-04-09 12:17:19,NONE,14.0
TKT000005147,BKG000005147,PAY000005147,issued,2014-07-24 09:46:20,NONE,7.0
TKT000005148,BKG000005148,PAY000005148,not_issued_payment_failed,,NONE,
TKT000005149,BKG000005149,PAY000005149,not_issued_payment_failed,,NONE,
TKT000005150,BKG000005150,PAY000005150,issued,2014-01-21 13:03:56,NONE,30.0
TKT000005151,BKG000005151,PAY000005151,not_issued_payment_failed,,NONE,
TKT000005152,BKG000005152,PAY000005152,issued,2013-07-21 03:55:56,NONE,906.0
TKT000005153,BKG000005153,PAY000005153,issued,2014-10-01 15:13:28,NONE,33.0
TKT000005154,BKG000005154,PAY000005154,not_issued_payment_failed,,NONE,
TKT000005155,BKG000005155,PAY000005155,issued,2014-08-31 09:03:21,NONE,255.0
TKT000005156,BKG000005156,PAY000005156,not_issued_payment_failed,,NONE,
TKT000005157,BKG000005157,PAY000005157,issued,2014-02-12 01:51:15,NONE,29.0
TKT000005158,BKG000005158,PAY000005158,issued,2014-08-09 01:58:17,NONE,13.0
TKT000005159,BKG000005159,PAY000005159,issued,2014-09-10 18:55:31,NONE,43.0
TKT000005160,BKG000005160,PAY000005160,issued,2014-07-03 18:28:19,NONE,3.0
TKT000005161,BKG000005161,PAY000005161,issued,2013-10-01 16:43:54,NONE,44.0
TKT000005162,BKG000005162,PAY000005162,issued,2013-11-10 17:59:53,NONE,31.0
TKT000005163,BKG000005163,PAY000005163,issued,2014-11-23 21:07:40,NONE,11.0
TKT000005164,BKG000005164,PAY000005164,issued,2013-12-29 11:34:32,NONE,18.0
TKT000005165,BKG000005165,PAY000005165,issued,2013-01-30 22:58:02,NONE,7.0
TKT000005166,BKG000005166,PAY000005166,issued,2013-09-13 17:16:43,NONE,7.0
TKT000005167,BKG000005167,PAY000005167,issued,2013-09-20 01:49:07,NONE,7.0
TKT000005168,BKG000005168,PAY000005168,pending,2014-04-01 13:46:37,SUPPLIER_ERROR,13.0
TKT000005169,BKG000005169,PAY000005169,issued,2013-04-12 19:52:46,NONE,28.0
TKT000005170,BKG000005170,PAY000005170,issued,2014-08-11 06:20:41,NONE,44.0
TKT000005171,BKG000005171,PAY000005171,issued,2014-12-01 19:03:32,NONE,17.0
TKT000005172,BKG000005172,PAY000005172,issued,2014-12-23 23:03:48,NONE,8.0
TKT000005173,BKG000005173,PAY000005173,issued,2014-12-16 08:08:22,NONE,24.0
TKT000005174,BKG000005174,PAY000005174,issued,2014-10-14 12:13:46,NONE,36.0
TKT000005175,BKG000005175,PAY000005175,issued,2014-06-11 10:56:04,NONE,13.0
TKT000005176,BKG000005176,PAY000005176,issued,2014-11-24 14:59:18,NONE,35.0
TKT000005177,BKG000005177,PAY000005177,issued,2013-03-16 12:50:43,NONE,26.0
TKT000005178,BKG000005178,PAY000005178,issued,2013-08-13 05:57:47,NONE,36.0
TKT000005179,BKG000005179,PAY000005179,issued,2014-01-08 15:47:23,NONE,14.0
TKT000005180,BKG000005180,PAY000005180,issued,2014-04-16 11:10:40,NONE,3.0
TKT000005181,BKG000005181,PAY000005181,issued,2014-02-23 07:48:08,NONE,14.0
TKT000005182,BKG000005182,PAY000005182,not_issued_payment_failed,,NONE,
TKT000005183,BKG000005183,PAY000005183,not_issued_payment_failed,,NONE,
TKT000005184,BKG000005184,PAY000005184,issued,2014-07-25 17:25:11,NONE,45.0
TKT000005185,BKG000005185,PAY000005185,issued,2014-06-09 17:38:51,NONE,28.0
TKT000005186,BKG000005186,PAY000005186,issued,2013-06-13 01:30:38,NONE,13.0
TKT000005187,BKG000005187,PAY000005187,issued,2013-04-14 23:13:46,NONE,651.0
TKT000005188,BKG000005188,PAY000005188,issued,2014-08-21 21:50:17,NONE,43.0
TKT000005189,BKG000005189,PAY000005189,issued,2014-01-30 06:13:46,NONE,3.0
TKT000005190,BKG000005190,PAY000005190,issued,2014-06-04 11:56:51,NONE,16.0
TKT000005191,BKG000005191,PAY000005191,issued,2014-01-02 18:53:25,NONE,3.0
TKT000005192,BKG000005192,PAY000005192,issued,2013-07-24 19:33:47,NONE,3.0
TKT000005193,BKG000005193,PAY000005193,not_issued_payment_failed,,NONE,
TKT000005194,BKG000005194,PAY000005194,issued,2014-11-29 18:02:40,NONE,17.0
TKT000005195,BKG000005195,PAY000005195,issued,2013-06-06 01:31:18,NONE,35.0
TKT000005196,BKG000005196,PAY000005196,issued,2013-04-26 17:33:23,NONE,5.0
TKT000005197,BKG000005197,PAY000005197,not_issued_payment_failed,,NONE,
TKT000005198,BKG000005198,PAY000005198,issued,2013-03-04 21:49:01,NONE,14.0
TKT000005199,BKG000005199,PAY000005199,issued,2013-04-09 18:26:15,NONE,20.0
TKT000005200,BKG000005200,PAY000005200,issued,2013-12-25 16:33:37,NONE,15.0
TKT000005201,BKG000005201,PAY000005201,issued,2014-10-30 04:57:50,NONE,600.0
TKT000005202,BKG000005202,PAY000005202,issued,2014-03-11 00:33:25,NONE,26.0
TKT000005203,BKG000005203,PAY000005203,not_issued_payment_failed,,NONE,
TKT000005204,BKG000005204,PAY000005204,issued,2014-12-27 03:20:45,NONE,19.0
TKT000005205,BKG000005205,PAY000005205,issued,2013-06-16 09:33:53,NONE,9.0
TKT000005206,BKG000005206,PAY000005206,not_issued_payment_failed,,NONE,
TKT000005207,BKG000005207,PAY000005207,issued,2014-06-16 18:00:12,NONE,9.0
TKT000005208,BKG000005208,PAY000005208,issued,2013-08-28 19:11:21,NONE,17.0
TKT000005209,BKG000005209,PAY000005209,not_issued_payment_failed,,NONE,
TKT000005210,BKG000005210,PAY000005210,issued,2014-09-08 00:51:42,NONE,13.0
TKT000005211,BKG000005211,PAY000005211,issued,2014-04-19 17:55:33,NONE,5.0
TKT000005212,BKG000005212,PAY000005212,not_issued_payment_failed,,NONE,
TKT000005213,BKG000005213,PAY000005213,failed,2013-09-01 13:02:36,TICKETING_TIMEOUT,10.0
TKT000005214,BKG000005214,PAY000005214,issued,2014-02-28 23:17:36,NONE,36.0
TKT000005215,BKG000005215,PAY000005215,issued,2013-05-11 03:18:34,NONE,34.0
TKT000005216,BKG000005216,PAY000005216,issued,2014-05-14 21:54:15,NONE,8.0
TKT000005217,BKG000005217,PAY000005217,issued,2013-07-06 02:02:05,NONE,39.0
TKT000005218,BKG000005218,PAY000005218,not_issued_payment_failed,,NONE,
TKT000005219,BKG000005219,PAY000005219,issued,2014-02-26 21:16:56,NONE,39.0
TKT000005220,BKG000005220,PAY000005220,issued,2013-03-05 09:36:02,NONE,8.0
TKT000005221,BKG000005221,PAY000005221,issued,2013-06-25 15:56:56,NONE,22.0
TKT000005222,BKG000005222,PAY000005222,issued,2013-09-13 14:29:54,NONE,28.0
TKT000005223,BKG000005223,PAY000005223,issued,2014-06-08 15:47:39,NONE,144.0
TKT000005224,BKG000005224,PAY000005224,issued,2014-06-22 16:43:18,NONE,45.0
TKT000005225,BKG000005225,PAY000005225,issued,2014-02-12 15:52:26,NONE,9.0
TKT000005226,BKG000005226,PAY000005226,issued,2014-04-14 18:11:20,NONE,27.0
TKT000005227,BKG000005227,PAY000005227,not_issued_payment_failed,,NONE,
TKT000005228,BKG000005228,PAY000005228,issued,2014-07-16 19:04:10,NONE,14.0
TKT000005229,BKG000005229,PAY000005229,issued,2014-04-09 14:59:29,NONE,45.0
TKT000005230,BKG000005230,PAY000005230,issued,2014-12-09 11:04:31,NONE,36.0
TKT000005231,BKG000005231,PAY000005231,issued,2014-12-03 11:55:26,NONE,33.0
TKT000005232,BKG000005232,PAY000005232,issued,2014-03-09 21:54:43,NONE,9.0
TKT000005233,BKG000005233,PAY000005233,issued,2013-04-02 22:12:32,NONE,18.0
TKT000005234,BKG000005234,PAY000005234,issued,2014-05-15 17:16:03,NONE,9.0
TKT000005235,BKG000005235,PAY000005235,issued,2014-02-05 18:56:33,NONE,28.0
TKT000005236,BKG000005236,PAY000005236,issued,2014-08-23 17:11:21,NONE,42.0
TKT000005237,BKG000005237,PAY000005237,issued,2014-06-23 10:00:02,NONE,32.0
TKT000005238,BKG000005238,PAY000005238,issued,2014-01-14 13:03:44,NONE,45.0
TKT000005239,BKG000005239,PAY000005239,issued,2014-04-17 02:05:55,NONE,14.0
TKT000005240,BKG000005240,PAY000005240,issued,2014-01-25 14:55:14,NONE,19.0
TKT000005241,BKG000005241,PAY000005241,issued,2014-06-07 07:59:29,NONE,7.0
TKT000005242,BKG000005242,PAY000005242,issued,2013-02-06 20:12:08,NONE,29.0
TKT000005243,BKG000005243,PAY000005243,issued,2014-11-25 23:39:49,NONE,27.0
TKT000005244,BKG000005244,PAY000005244,not_issued_payment_failed,,NONE,
TKT000005245,BKG000005245,PAY000005245,issued,2014-05-22 18:09:40,NONE,39.0
TKT000005246,BKG000005246,PAY000005246,issued,2014-10-04 23:44:51,NONE,43.0
TKT000005247,BKG000005247,PAY000005247,issued,2013-02-14 12:06:38,NONE,22.0
TKT000005248,BKG000005248,PAY000005248,issued,2014-10-06 16:16:51,NONE,36.0
TKT000005249,BKG000005249,PAY000005249,not_issued_payment_failed,,NONE,
TKT000005250,BKG000005250,PAY000005250,issued,2014-01-29 17:20:12,NONE,25.0
TKT000005251,BKG000005251,PAY000005251,issued,2014-07-05 10:04:45,NONE,24.0
TKT000005252,BKG000005252,PAY000005252,issued,2014-04-11 02:53:21,NONE,27.0
TKT000005253,BKG000005253,PAY000005253,issued,2014-04-30 01:12:43,NONE,38.0
TKT000005254,BKG000005254,PAY000005254,issued,2013-07-31 11:45:13,NONE,14.0
TKT000005255,BKG000005255,PAY000005255,issued,2014-03-13 15:34:50,NONE,24.0
TKT000005256,BKG000005256,PAY000005256,issued,2014-01-27 07:20:01,NONE,24.0
TKT000005257,BKG000005257,PAY000005257,not_issued_payment_failed,,NONE,
TKT000005258,BKG000005258,PAY000005258,issued,2013-06-12 17:15:10,NONE,20.0
TKT000005259,BKG000005259,PAY000005259,not_issued_payment_failed,,NONE,
TKT000005260,BKG000005260,PAY000005260,issued,2013-07-08 20:46:42,NONE,26.0
TKT000005261,BKG000005261,PAY000005261,issued,2014-09-18 18:33:39,NONE,17.0
TKT000005262,BKG000005262,PAY000005262,issued,2014-07-13 16:00:47,NONE,15.0
TKT000005263,BKG000005263,PAY000005263,issued,2014-03-28 07:23:20,NONE,1035.0
TKT000005264,BKG000005264,PAY000005264,issued,2014-07-06 20:46:37,NONE,22.0
TKT000005265,BKG000005265,PAY000005265,pending,2014-03-11 01:27:59,AIRLINE_CONFIRMATION_FAILED,42.0
TKT000005266,BKG000005266,PAY000005266,issued,2013-04-13 00:11:27,NONE,41.0
TKT000005267,BKG000005267,PAY000005267,issued,2014-09-23 22:23:38,NONE,27.0
TKT000005268,BKG000005268,PAY000005268,issued,2014-09-01 20:13:03,NONE,15.0
TKT000005269,BKG000005269,PAY000005269,issued,2014-09-18 22:53:20,NONE,21.0
TKT000005270,BKG000005270,PAY000005270,not_issued_payment_failed,,NONE,
TKT000005271,BKG000005271,PAY000005271,issued,2013-08-19 19:36:56,NONE,32.0
TKT000005272,BKG000005272,PAY000005272,issued,2014-10-02 12:47:03,NONE,45.0
TKT000005273,BKG000005273,PAY000005273,issued,2013-02-23 20:08:16,NONE,35.0
TKT000005274,BKG000005274,PAY000005274,issued,2014-11-17 14:24:02,NONE,20.0
TKT000005275,BKG000005275,PAY000005275,issued,2013-01-23 01:17:23,NONE,20.0
TKT000005276,BKG000005276,PAY000005276,issued,2014-12-01 20:30:23,NONE,12.0
TKT000005277,BKG000005277,PAY000005277,issued,2014-04-08 19:08:42,NONE,4.0
TKT000005278,BKG000005278,PAY000005278,issued,2014-01-03 14:41:21,NONE,34.0
TKT000005279,BKG000005279,PAY000005279,issued,2013-12-16 23:38:03,NONE,45.0
TKT000005280,BKG000005280,PAY000005280,issued,2013-10-24 16:59:39,NONE,24.0
TKT000005281,BKG000005281,PAY000005281,issued,2014-06-11 13:11:52,NONE,38.0
TKT000005282,BKG000005282,PAY000005282,failed,2014-07-17 13:17:07,INVENTORY_MISMATCH,12.0
TKT000005283,BKG000005283,PAY000005283,issued,2014-06-24 20:09:04,NONE,32.0
TKT000005284,BKG000005284,PAY000005284,issued,2014-05-25 22:30:39,NONE,6.0
TKT000005285,BKG000005285,PAY000005285,issued,2013-03-12 15:36:21,NONE,19.0
TKT000005286,BKG000005286,PAY000005286,issued,2013-05-02 00:53:02,NONE,45.0
TKT000005287,BKG000005287,PAY000005287,issued,2014-12-24 13:51:02,NONE,8.0
TKT000005288,BKG000005288,PAY000005288,issued,2014-11-28 11:07:59,NONE,21.0
TKT000005289,BKG000005289,PAY000005289,issued,2014-08-13 20:57:15,NONE,37.0
TKT000005290,BKG000005290,PAY000005290,not_issued_payment_failed,,NONE,
TKT000005291,BKG000005291,PAY000005291,issued,2014-09-18 11:12:09,NONE,35.0
TKT000005292,BKG000005292,PAY000005292,issued,2014-05-16 18:06:15,NONE,15.0
TKT000005293,BKG000005293,PAY000005293,issued,2014-09-05 13:04:21,NONE,25.0
TKT000005294,BKG000005294,PAY000005294,issued,2014-08-08 21:00:05,NONE,21.0
TKT000005295,BKG000005295,PAY000005295,issued,2014-08-09 18:39:05,NONE,11.0
TKT000005296,BKG000005296,PAY000005296,issued,2014-11-22 18:43:49,NONE,8.0
TKT000005297,BKG000005297,PAY000005297,issued,2013-02-18 14:01:09,NONE,11.0
TKT000005298,BKG000005298,PAY000005298,not_issued_payment_failed,,NONE,
TKT000005299,BKG000005299,PAY000005299,issued,2014-11-12 16:57:36,NONE,19.0
TKT000005300,BKG000005300,PAY000005300,issued,2014-08-20 18:45:49,NONE,16.0
TKT000005301,BKG000005301,PAY000005301,issued,2014-06-25 09:47:49,NONE,15.0
TKT000005302,BKG000005302,PAY000005302,issued,2013-08-18 02:40:01,NONE,12.0
TKT000005303,BKG000005303,PAY000005303,issued,2014-03-20 09:34:10,NONE,35.0
TKT000005304,BKG000005304,PAY000005304,issued,2013-06-25 17:02:15,NONE,17.0
TKT000005305,BKG000005305,PAY000005305,issued,2014-04-23 22:44:56,NONE,15.0
TKT000005306,BKG000005306,PAY000005306,issued,2013-07-04 23:14:39,NONE,40.0
TKT000005307,BKG000005307,PAY000005307,issued,2014-09-23 17:48:51,NONE,35.0
TKT000005308,BKG000005308,PAY000005308,issued,2013-07-26 16:56:19,NONE,43.0
TKT000005309,BKG000005309,PAY000005309,issued,2014-08-12 13:51:22,NONE,7.0
TKT000005310,BKG000005310,PAY000005310,not_issued_payment_failed,,NONE,
TKT000005311,BKG000005311,PAY000005311,issued,2013-11-07 14:34:43,NONE,10.0
TKT000005312,BKG000005312,PAY000005312,issued,2013-08-07 12:02:52,NONE,16.0
TKT000005313,BKG000005313,PAY000005313,issued,2014-09-21 18:28:05,NONE,40.0
TKT000005314,BKG000005314,PAY000005314,issued,2013-09-06 20:14:36,NONE,24.0
TKT000005315,BKG000005315,PAY000005315,issued,2013-01-15 20:09:10,NONE,43.0
TKT000005316,BKG000005316,PAY000005316,not_issued_payment_failed,,NONE,
TKT000005317,BKG000005317,PAY000005317,issued,2014-12-24 17:54:46,NONE,31.0
TKT000005318,BKG000005318,PAY000005318,issued,2014-06-16 13:54:12,NONE,9.0
TKT000005319,BKG000005319,PAY000005319,issued,2013-09-09 08:08:06,NONE,32.0
TKT000005320,BKG000005320,PAY000005320,issued,2014-03-26 03:19:26,NONE,25.0
TKT000005321,BKG000005321,PAY000005321,issued,2013-03-13 17:53:20,NONE,44.0
TKT000005322,BKG000005322,PAY000005322,issued,2014-07-26 04:14:44,NONE,40.0
TKT000005323,BKG000005323,PAY000005323,issued,2013-08-14 14:28:41,NONE,15.0
TKT000005324,BKG000005324,PAY000005324,issued,2014-03-07 15:17:20,NONE,31.0
TKT000005325,BKG000005325,PAY000005325,issued,2014-06-29 22:36:45,NONE,44.0
TKT000005326,BKG000005326,PAY000005326,issued,2013-06-27 14:34:02,NONE,31.0
TKT000005327,BKG000005327,PAY000005327,issued,2014-08-15 11:13:58,NONE,43.0
TKT000005328,BKG000005328,PAY000005328,issued,2014-11-28 21:54:28,NONE,7.0
TKT000005329,BKG000005329,PAY000005329,issued,2014-09-02 14:17:29,NONE,20.0
TKT000005330,BKG000005330,PAY000005330,issued,2014-08-10 21:38:46,NONE,13.0
TKT000005331,BKG000005331,PAY000005331,issued,2013-03-23 14:37:12,NONE,16.0
TKT000005332,BKG000005332,PAY000005332,issued,2014-06-22 22:03:24,NONE,14.0
TKT000005333,BKG000005333,PAY000005333,pending,2014-12-04 03:19:23,TICKETING_TIMEOUT,7.0
TKT000005334,BKG000005334,PAY000005334,issued,2014-03-13 12:24:43,NONE,174.0
TKT000005335,BKG000005335,PAY000005335,issued,2014-03-19 17:27:36,NONE,32.0
TKT000005336,BKG000005336,PAY000005336,not_issued_payment_failed,,NONE,
TKT000005337,BKG000005337,PAY000005337,issued,2014-11-20 11:09:16,NONE,10.0
TKT000005338,BKG000005338,PAY000005338,failed,2014-01-24 19:38:56,INVENTORY_MISMATCH,184.0
TKT000005339,BKG000005339,PAY000005339,issued,2014-09-15 16:42:59,NONE,6.0
TKT000005340,BKG000005340,PAY000005340,issued,2014-07-21 23:38:49,NONE,16.0
TKT000005341,BKG000005341,PAY000005341,issued,2014-09-29 19:56:08,NONE,28.0
TKT000005342,BKG000005342,PAY000005342,issued,2014-09-29 20:03:08,NONE,28.0
TKT000005343,BKG000005343,PAY000005343,issued,2014-11-29 08:29:17,NONE,16.0
TKT000005344,BKG000005344,PAY000005344,issued,2014-08-12 15:09:47,NONE,15.0
TKT000005345,BKG000005345,PAY000005345,not_issued_payment_failed,,NONE,
TKT000005346,BKG000005346,PAY000005346,not_issued_payment_failed,,NONE,
TKT000005347,BKG000005347,PAY000005347,issued,2014-11-03 09:11:37,NONE,42.0
TKT000005348,BKG000005348,PAY000005348,issued,2014-10-19 14:47:41,NONE,29.0
TKT000005349,BKG000005349,PAY000005349,issued,2014-11-27 20:02:26,NONE,18.0
TKT000005350,BKG000005350,PAY000005350,issued,2014-04-16 09:54:21,NONE,11.0
TKT000005351,BKG000005351,PAY000005351,issued,2014-07-24 15:23:40,NONE,10.0
TKT000005352,BKG000005352,PAY000005352,issued,2014-01-19 00:13:53,NONE,42.0
TKT000005353,BKG000005353,PAY000005353,issued,2014-07-02 03:37:46,NONE,4.0
TKT000005354,BKG000005354,PAY000005354,issued,2014-07-10 13:47:25,NONE,19.0
TKT000005355,BKG000005355,PAY000005355,issued,2014-04-04 22:16:12,NONE,23.0
TKT000005356,BKG000005356,PAY000005356,issued,2014-10-15 17:19:08,NONE,8.0
TKT000005357,BKG000005357,PAY000005357,issued,2014-11-11 21:11:22,NONE,42.0
TKT000005358,BKG000005358,PAY000005358,issued,2014-06-18 21:09:58,NONE,42.0
TKT000005359,BKG000005359,PAY000005359,issued,2014-07-20 15:37:37,NONE,39.0
TKT000005360,BKG000005360,PAY000005360,issued,2014-12-15 15:58:59,NONE,43.0
TKT000005361,BKG000005361,PAY000005361,issued,2014-03-10 09:32:27,NONE,33.0
TKT000005362,BKG000005362,PAY000005362,issued,2014-12-18 18:38:48,NONE,16.0
TKT000005363,BKG000005363,PAY000005363,issued,2013-09-02 17:15:02,NONE,21.0
TKT000005364,BKG000005364,PAY000005364,issued,2014-04-12 12:06:15,NONE,33.0
TKT000005365,BKG000005365,PAY000005365,issued,2014-05-30 14:03:29,NONE,40.0
TKT000005366,BKG000005366,PAY000005366,issued,2014-09-27 03:14:47,NONE,24.0
TKT000005367,BKG000005367,PAY000005367,issued,2014-10-10 07:17:06,NONE,43.0
TKT000005368,BKG000005368,PAY000005368,issued,2014-06-07 20:44:27,NONE,20.0
TKT000005369,BKG000005369,PAY000005369,issued,2014-08-06 11:41:47,NONE,15.0
TKT000005370,BKG000005370,PAY000005370,issued,2013-04-03 23:04:38,NONE,25.0
TKT000005371,BKG000005371,PAY000005371,issued,2013-08-27 11:46:07,NONE,10.0
TKT000005372,BKG000005372,PAY000005372,issued,2014-12-04 19:43:01,NONE,23.0
TKT000005373,BKG000005373,PAY000005373,not_issued_payment_failed,,NONE,
TKT000005374,BKG000005374,PAY000005374,issued,2014-11-03 21:53:09,NONE,14.0
TKT000005375,BKG000005375,PAY000005375,issued,2013-09-04 19:21:13,NONE,10.0
TKT000005376,BKG000005376,PAY000005376,not_issued_payment_failed,,NONE,
TKT000005377,BKG000005377,PAY000005377,issued,2014-12-30 01:23:49,NONE,4.0
TKT000005378,BKG000005378,PAY000005378,issued,2014-04-14 14:46:58,NONE,39.0
TKT000005379,BKG000005379,PAY000005379,issued,2014-05-13 01:09:21,NONE,346.0
TKT000005380,BKG000005380,PAY000005380,issued,2014-10-23 08:29:58,NONE,5.0
TKT000005381,BKG000005381,PAY000005381,issued,2014-01-28 17:34:30,NONE,15.0
TKT000005382,BKG000005382,PAY000005382,issued,2014-10-06 12:49:59,NONE,6.0
TKT000005383,BKG000005383,PAY000005383,issued,2014-06-15 19:30:07,NONE,12.0
TKT000005384,BKG000005384,PAY000005384,issued,2014-11-22 13:46:49,NONE,39.0
TKT000005385,BKG000005385,PAY000005385,issued,2013-04-08 23:34:42,NONE,9.0
TKT000005386,BKG000005386,PAY000005386,issued,2014-08-13 16:57:04,NONE,13.0
TKT000005387,BKG000005387,PAY000005387,not_issued_payment_failed,,NONE,
TKT000005388,BKG000005388,PAY000005388,issued,2013-02-27 19:52:12,NONE,11.0
TKT000005389,BKG000005389,PAY000005389,issued,2013-06-17 06:06:13,NONE,28.0
TKT000005390,BKG000005390,PAY000005390,issued,2014-06-23 11:43:11,NONE,12.0
TKT000005391,BKG000005391,PAY000005391,issued,2014-12-31 13:17:39,NONE,13.0
TKT000005392,BKG000005392,PAY000005392,pending,2014-08-30 02:29:44,INVENTORY_MISMATCH,43.0
TKT000005393,BKG000005393,PAY000005393,issued,2013-03-17 17:06:32,NONE,5.0
TKT000005394,BKG000005394,PAY000005394,issued,2013-02-27 22:24:43,NONE,556.0
TKT000005395,BKG000005395,PAY000005395,issued,2013-06-19 09:08:34,NONE,28.0
TKT000005396,BKG000005396,PAY000005396,issued,2013-08-30 14:54:43,NONE,30.0
TKT000005397,BKG000005397,PAY000005397,issued,2014-07-01 20:53:33,NONE,19.0
TKT000005398,BKG000005398,PAY000005398,issued,2013-11-25 20:45:06,NONE,6.0
TKT000005399,BKG000005399,PAY000005399,not_issued_payment_failed,,NONE,
TKT000005400,BKG000005400,PAY000005400,issued,2014-11-16 19:55:57,NONE,7.0
TKT000005401,BKG000005401,PAY000005401,issued,2013-07-31 19:48:38,NONE,8.0
TKT000005402,BKG000005402,PAY000005402,issued,2014-12-10 03:15:38,NONE,13.0
TKT000005403,BKG000005403,PAY000005403,issued,2014-12-11 12:37:18,NONE,21.0
TKT000005404,BKG000005404,PAY000005404,issued,2014-08-06 14:32:01,NONE,42.0
TKT000005405,BKG000005405,PAY000005405,not_issued_payment_failed,,NONE,
TKT000005406,BKG000005406,PAY000005406,issued,2013-09-03 13:11:32,NONE,45.0
TKT000005407,BKG000005407,PAY000005407,issued,2014-05-11 03:48:07,NONE,21.0
TKT000005408,BKG000005408,PAY000005408,issued,2014-11-05 17:33:22,NONE,35.0
TKT000005409,BKG000005409,PAY000005409,not_issued_payment_failed,,NONE,
TKT000005410,BKG000005410,PAY000005410,not_issued_payment_failed,,NONE,
TKT000005411,BKG000005411,PAY000005411,issued,2014-06-24 09:42:23,NONE,30.0
TKT000005412,BKG000005412,PAY000005412,issued,2013-07-26 18:49:28,NONE,31.0
TKT000005413,BKG000005413,PAY000005413,issued,2013-02-28 10:50:14,NONE,29.0
TKT000005414,BKG000005414,PAY000005414,issued,2014-07-16 23:10:30,NONE,18.0
TKT000005415,BKG000005415,PAY000005415,issued,2014-08-20 13:01:31,NONE,38.0
TKT000005416,BKG000005416,PAY000005416,issued,2014-12-28 02:12:37,NONE,22.0
TKT000005417,BKG000005417,PAY000005417,issued,2014-06-10 07:02:46,NONE,43.0
TKT000005418,BKG000005418,PAY000005418,issued,2014-07-10 16:13:59,NONE,6.0
TKT000005419,BKG000005419,PAY000005419,issued,2014-07-29 05:00:51,NONE,24.0
TKT000005420,BKG000005420,PAY000005420,issued,2013-07-05 11:49:36,NONE,20.0
TKT000005421,BKG000005421,PAY000005421,issued,2014-08-15 23:55:00,NONE,3.0
TKT000005422,BKG000005422,PAY000005422,issued,2013-08-10 15:40:40,NONE,33.0
TKT000005423,BKG000005423,PAY000005423,not_issued_payment_failed,,NONE,
TKT000005424,BKG000005424,PAY000005424,not_issued_payment_failed,,NONE,
TKT000005425,BKG000005425,PAY000005425,issued,2014-04-19 14:23:28,NONE,8.0
TKT000005426,BKG000005426,PAY000005426,issued,2013-04-02 13:04:54,NONE,13.0
TKT000005427,BKG000005427,PAY000005427,issued,2014-10-26 13:12:51,NONE,44.0
TKT000005428,BKG000005428,PAY000005428,issued,2014-11-10 19:42:41,NONE,15.0
TKT000005429,BKG000005429,PAY000005429,issued,2014-05-02 11:53:14,NONE,34.0
TKT000005430,BKG000005430,PAY000005430,issued,2013-06-23 23:14:24,NONE,6.0
TKT000005431,BKG000005431,PAY000005431,issued,2013-06-12 19:50:30,NONE,10.0
TKT000005432,BKG000005432,PAY000005432,issued,2014-12-21 16:58:44,NONE,35.0
TKT000005433,BKG000005433,PAY000005433,not_issued_payment_failed,,NONE,
TKT000005434,BKG000005434,PAY000005434,not_issued_payment_failed,,NONE,
TKT000005435,BKG000005435,PAY000005435,issued,2013-04-29 22:53:37,NONE,3.0
TKT000005436,BKG000005436,PAY000005436,issued,2014-09-24 15:57:43,NONE,44.0
TKT000005437,BKG000005437,PAY000005437,issued,2014-03-17 10:20:06,NONE,13.0
TKT000005438,BKG000005438,PAY000005438,issued,2013-09-22 10:40:57,NONE,27.0
TKT000005439,BKG000005439,PAY000005439,issued,2014-06-28 16:00:45,NONE,5.0
TKT000005440,BKG000005440,PAY000005440,issued,2014-09-20 14:44:08,NONE,24.0
TKT000005441,BKG000005441,PAY000005441,issued,2014-09-20 12:29:08,NONE,16.0
TKT000005442,BKG000005442,PAY000005442,issued,2014-06-25 17:03:16,NONE,41.0
TKT000005443,BKG000005443,PAY000005443,issued,2014-07-11 22:48:52,NONE,7.0
TKT000005444,BKG000005444,PAY000005444,issued,2014-11-22 09:44:44,NONE,44.0
TKT000005445,BKG000005445,PAY000005445,issued,2013-04-11 00:35:14,NONE,21.0
TKT000005446,BKG000005446,PAY000005446,issued,2014-04-09 18:40:56,NONE,33.0
TKT000005447,BKG000005447,PAY000005447,not_issued_payment_failed,,NONE,
TKT000005448,BKG000005448,PAY000005448,issued,2014-06-25 10:46:11,NONE,29.0
TKT000005449,BKG000005449,PAY000005449,issued,2013-12-29 15:02:25,NONE,36.0
TKT000005450,BKG000005450,PAY000005450,issued,2014-10-24 09:30:08,NONE,45.0
TKT000005451,BKG000005451,PAY000005451,issued,2013-02-26 21:54:18,NONE,30.0
TKT000005452,BKG000005452,PAY000005452,not_issued_payment_failed,,NONE,
TKT000005453,BKG000005453,PAY000005453,issued,2013-12-14 11:13:20,NONE,34.0
TKT000005454,BKG000005454,PAY000005454,issued,2014-01-22 14:21:50,NONE,38.0
TKT000005455,BKG000005455,PAY000005455,issued,2014-03-14 22:25:12,NONE,28.0
TKT000005456,BKG000005456,PAY000005456,issued,2014-04-06 21:13:09,NONE,44.0
TKT000005457,BKG000005457,PAY000005457,issued,2014-05-22 20:14:21,NONE,12.0
TKT000005458,BKG000005458,PAY000005458,issued,2014-07-07 02:28:26,NONE,33.0
TKT000005459,BKG000005459,PAY000005459,pending,2014-11-21 22:01:35,AIRLINE_CONFIRMATION_FAILED,24.0
TKT000005460,BKG000005460,PAY000005460,issued,2014-10-14 04:07:30,NONE,6.0
TKT000005461,BKG000005461,PAY000005461,issued,2014-01-18 07:25:45,NONE,17.0
TKT000005462,BKG000005462,PAY000005462,issued,2014-02-11 00:32:39,NONE,21.0
TKT000005463,BKG000005463,PAY000005463,issued,2014-10-21 20:11:23,NONE,43.0
TKT000005464,BKG000005464,PAY000005464,issued,2014-03-15 14:58:01,NONE,22.0
TKT000005465,BKG000005465,PAY000005465,issued,2014-12-25 08:34:56,NONE,24.0
TKT000005466,BKG000005466,PAY000005466,not_issued_payment_failed,,NONE,
TKT000005467,BKG000005467,PAY000005467,issued,2013-03-11 19:32:37,NONE,23.0
TKT000005468,BKG000005468,PAY000005468,issued,2013-06-10 16:31:03,NONE,9.0
TKT000005469,BKG000005469,PAY000005469,issued,2013-05-13 16:43:25,NONE,39.0
TKT000005470,BKG000005470,PAY000005470,issued,2013-10-17 11:08:09,NONE,17.0
TKT000005471,BKG000005471,PAY000005471,issued,2013-11-13 12:46:45,NONE,9.0
TKT000005472,BKG000005472,PAY000005472,issued,2013-09-20 11:39:02,NONE,23.0
TKT000005473,BKG000005473,PAY000005473,issued,2013-02-21 23:10:11,NONE,11.0
TKT000005474,BKG000005474,PAY000005474,issued,2014-09-16 00:16:04,NONE,33.0
TKT000005475,BKG000005475,PAY000005475,issued,2014-11-06 12:47:45,NONE,7.0
TKT000005476,BKG000005476,PAY000005476,issued,2013-08-26 12:27:06,NONE,38.0
TKT000005477,BKG000005477,PAY000005477,issued,2013-08-18 10:45:05,NONE,36.0
TKT000005478,BKG000005478,PAY000005478,failed,2013-07-10 10:41:32,AIRLINE_CONFIRMATION_FAILED,25.0
TKT000005479,BKG000005479,PAY000005479,issued,2013-05-08 12:42:50,NONE,5.0
TKT000005480,BKG000005480,PAY000005480,issued,2014-06-16 11:51:46,NONE,19.0
TKT000005481,BKG000005481,PAY000005481,issued,2013-09-29 17:43:01,NONE,11.0
TKT000005482,BKG000005482,PAY000005482,issued,2014-01-05 17:17:31,NONE,43.0
TKT000005483,BKG000005483,PAY000005483,issued,2013-08-28 16:47:35,NONE,31.0
TKT000005484,BKG000005484,PAY000005484,issued,2014-11-12 12:45:57,NONE,34.0
TKT000005485,BKG000005485,PAY000005485,issued,2013-06-15 15:32:01,NONE,33.0
TKT000005486,BKG000005486,PAY000005486,issued,2014-03-28 15:54:22,NONE,29.0
TKT000005487,BKG000005487,PAY000005487,issued,2014-03-22 21:42:50,NONE,25.0
TKT000005488,BKG000005488,PAY000005488,issued,2014-04-21 15:33:39,NONE,44.0
TKT000005489,BKG000005489,PAY000005489,issued,2013-10-23 22:58:32,NONE,9.0
TKT000005490,BKG000005490,PAY000005490,issued,2014-03-17 22:26:36,NONE,34.0
TKT000005491,BKG000005491,PAY000005491,issued,2014-08-28 04:25:21,NONE,34.0
TKT000005492,BKG000005492,PAY000005492,issued,2014-04-07 18:50:51,NONE,3.0
TKT000005493,BKG000005493,PAY000005493,issued,2013-07-31 22:35:11,NONE,36.0
TKT000005494,BKG000005494,PAY000005494,issued,2014-12-09 14:15:23,NONE,20.0
TKT000005495,BKG000005495,PAY000005495,issued,2013-01-07 16:29:43,NONE,44.0
TKT000005496,BKG000005496,PAY000005496,not_issued_payment_failed,,NONE,
TKT000005497,BKG000005497,PAY000005497,issued,2014-07-19 10:30:28,NONE,42.0
TKT000005498,BKG000005498,PAY000005498,issued,2014-07-03 20:49:13,NONE,19.0
TKT000005499,BKG000005499,PAY000005499,issued,2014-05-21 08:22:43,NONE,18.0
TKT000005500,BKG000005500,PAY000005500,issued,2014-03-04 13:28:53,NONE,25.0
TKT000005501,BKG000005501,PAY000005501,failed,2014-07-01 23:19:03,SUPPLIER_ERROR,41.0
TKT000005502,BKG000005502,PAY000005502,issued,2014-08-26 18:52:56,NONE,41.0
TKT000005503,BKG000005503,PAY000005503,failed,2014-03-19 21:06:32,AIRLINE_CONFIRMATION_FAILED,17.0
TKT000005504,BKG000005504,PAY000005504,issued,2014-03-16 20:07:46,NONE,12.0
TKT000005505,BKG000005505,PAY000005505,issued,2014-10-03 21:11:20,NONE,41.0
TKT000005506,BKG000005506,PAY000005506,issued,2014-05-13 17:49:40,NONE,8.0
TKT000005507,BKG000005507,PAY000005507,issued,2014-08-23 13:10:30,NONE,11.0
TKT000005508,BKG000005508,PAY000005508,issued,2013-01-16 06:46:27,NONE,5.0
TKT000005509,BKG000005509,PAY000005509,issued,2013-11-15 13:49:25,NONE,43.0
TKT000005510,BKG000005510,PAY000005510,issued,2013-05-18 19:40:47,NONE,9.0
TKT000005511,BKG000005511,PAY000005511,issued,2014-01-20 17:31:44,NONE,31.0
TKT000005512,BKG000005512,PAY000005512,issued,2013-09-29 08:43:58,NONE,37.0
TKT000005513,BKG000005513,PAY000005513,issued,2013-06-20 14:59:45,NONE,3.0
TKT000005514,BKG000005514,PAY000005514,issued,2014-11-14 22:09:31,NONE,34.0
TKT000005515,BKG000005515,PAY000005515,issued,2014-11-28 10:12:39,NONE,18.0
TKT000005516,BKG000005516,PAY000005516,issued,2013-07-21 15:01:13,NONE,41.0
TKT000005517,BKG000005517,PAY000005517,issued,2014-12-05 09:33:38,NONE,42.0
TKT000005518,BKG000005518,PAY000005518,issued,2014-05-16 18:22:38,NONE,4.0
TKT000005519,BKG000005519,PAY000005519,issued,2014-11-09 10:14:23,NONE,38.0
TKT000005520,BKG000005520,PAY000005520,issued,2014-12-15 18:40:05,NONE,37.0
TKT000005521,BKG000005521,PAY000005521,issued,2013-04-24 11:46:24,NONE,33.0
TKT000005522,BKG000005522,PAY000005522,issued,2013-04-19 17:14:44,NONE,41.0
TKT000005523,BKG000005523,PAY000005523,issued,2014-05-26 19:09:34,NONE,7.0
TKT000005524,BKG000005524,PAY000005524,issued,2014-09-15 14:31:05,NONE,10.0
TKT000005525,BKG000005525,PAY000005525,issued,2013-11-09 11:16:49,NONE,42.0
TKT000005526,BKG000005526,PAY000005526,issued,2013-08-30 08:26:12,NONE,41.0
TKT000005527,BKG000005527,PAY000005527,issued,2014-10-27 18:28:49,NONE,41.0
TKT000005528,BKG000005528,PAY000005528,issued,2014-07-30 03:01:37,NONE,13.0
TKT000005529,BKG000005529,PAY000005529,issued,2014-05-07 23:45:10,NONE,44.0
TKT000005530,BKG000005530,PAY000005530,issued,2013-12-13 15:38:22,NONE,8.0
TKT000005531,BKG000005531,PAY000005531,issued,2013-03-19 22:24:26,NONE,43.0
TKT000005532,BKG000005532,PAY000005532,issued,2013-12-31 18:33:57,NONE,31.0
TKT000005533,BKG000005533,PAY000005533,issued,2013-09-14 21:37:59,NONE,24.0
TKT000005534,BKG000005534,PAY000005534,issued,2014-01-21 15:13:56,NONE,11.0
TKT000005535,BKG000005535,PAY000005535,issued,2013-08-11 12:49:47,NONE,36.0
TKT000005536,BKG000005536,PAY000005536,issued,2014-12-09 19:40:00,NONE,35.0
TKT000005537,BKG000005537,PAY000005537,issued,2014-01-11 19:32:55,NONE,1284.0
TKT000005538,BKG000005538,PAY000005538,issued,2013-07-19 10:54:41,NONE,32.0
TKT000005539,BKG000005539,PAY000005539,issued,2014-10-23 08:15:30,NONE,36.0
TKT000005540,BKG000005540,PAY000005540,issued,2013-04-21 11:15:06,NONE,27.0
TKT000005541,BKG000005541,PAY000005541,issued,2013-11-09 07:34:50,NONE,1052.0
TKT000005542,BKG000005542,PAY000005542,issued,2013-06-25 17:36:26,NONE,40.0
TKT000005543,BKG000005543,PAY000005543,issued,2013-07-15 04:47:02,NONE,42.0
TKT000005544,BKG000005544,PAY000005544,issued,2013-09-24 13:45:15,NONE,32.0
TKT000005545,BKG000005545,PAY000005545,pending,2013-11-29 21:00:56,AIRLINE_CONFIRMATION_FAILED,44.0
TKT000005546,BKG000005546,PAY000005546,issued,2013-08-21 02:42:33,NONE,31.0
TKT000005547,BKG000005547,PAY000005547,issued,2013-03-20 12:00:20,NONE,31.0
TKT000005548,BKG000005548,PAY000005548,issued,2014-11-12 12:06:17,NONE,16.0
TKT000005549,BKG000005549,PAY000005549,issued,2013-08-07 22:39:31,NONE,428.0
TKT000005550,BKG000005550,PAY000005550,issued,2014-12-20 04:43:46,NONE,41.0
TKT000005551,BKG000005551,PAY000005551,not_issued_payment_failed,,NONE,
TKT000005552,BKG000005552,PAY000005552,issued,2014-07-29 20:41:44,NONE,16.0
TKT000005553,BKG000005553,PAY000005553,not_issued_payment_failed,,NONE,
TKT000005554,BKG000005554,PAY000005554,issued,2014-11-22 18:56:06,NONE,19.0
TKT000005555,BKG000005555,PAY000005555,issued,2014-04-07 22:42:18,NONE,33.0
TKT000005556,BKG000005556,PAY000005556,pending,2013-07-09 12:26:02,SUPPLIER_ERROR,6.0
TKT000005557,BKG000005557,PAY000005557,issued,2014-05-05 20:58:14,NONE,34.0
TKT000005558,BKG000005558,PAY000005558,issued,2014-04-13 21:34:22,NONE,3.0
TKT000005559,BKG000005559,PAY000005559,pending,2013-07-09 14:30:47,TICKETING_TIMEOUT,1251.0
TKT000005560,BKG000005560,PAY000005560,issued,2013-05-31 08:39:32,NONE,43.0
TKT000005561,BKG000005561,PAY000005561,not_issued_payment_failed,,NONE,
TKT000005562,BKG000005562,PAY000005562,issued,2014-12-27 12:52:22,NONE,22.0
TKT000005563,BKG000005563,PAY000005563,issued,2014-08-12 15:32:28,NONE,13.0
TKT000005564,BKG000005564,PAY000005564,issued,2014-08-28 12:28:24,NONE,19.0
TKT000005565,BKG000005565,PAY000005565,issued,2014-07-06 19:57:33,NONE,27.0
TKT000005566,BKG000005566,PAY000005566,issued,2014-05-14 23:25:09,NONE,36.0
TKT000005567,BKG000005567,PAY000005567,issued,2013-01-28 13:29:09,NONE,13.0
TKT000005568,BKG000005568,PAY000005568,issued,2014-09-23 15:06:08,NONE,30.0
TKT000005569,BKG000005569,PAY000005569,issued,2014-09-23 12:45:08,NONE,15.0
TKT000005570,BKG000005570,PAY000005570,issued,2014-10-25 10:31:05,NONE,30.0
TKT000005571,BKG000005571,PAY000005571,issued,2014-06-03 21:52:40,NONE,31.0
TKT000005572,BKG000005572,PAY000005572,not_issued_payment_failed,,NONE,
TKT000005573,BKG000005573,PAY000005573,issued,2013-05-12 23:39:31,NONE,17.0
TKT000005574,BKG000005574,PAY000005574,issued,2014-02-19 16:05:18,NONE,33.0
TKT000005575,BKG000005575,PAY000005575,issued,2014-12-12 02:21:13,NONE,30.0
TKT000005576,BKG000005576,PAY000005576,not_issued_payment_failed,,NONE,
TKT000005577,BKG000005577,PAY000005577,issued,2013-04-16 01:36:02,NONE,36.0
TKT000005578,BKG000005578,PAY000005578,issued,2014-09-13 06:42:41,NONE,31.0
TKT000005579,BKG000005579,PAY000005579,issued,2013-12-03 14:50:43,NONE,30.0
TKT000005580,BKG000005580,PAY000005580,issued,2014-08-11 19:48:34,NONE,27.0
TKT000005581,BKG000005581,PAY000005581,issued,2014-03-15 06:25:04,NONE,22.0
TKT000005582,BKG000005582,PAY000005582,issued,2013-10-13 20:44:19,NONE,11.0
TKT000005583,BKG000005583,PAY000005583,issued,2013-09-13 15:06:24,NONE,34.0
TKT000005584,BKG000005584,PAY000005584,issued,2013-10-09 15:13:32,NONE,20.0
TKT000005585,BKG000005585,PAY000005585,not_issued_payment_failed,,NONE,
TKT000005586,BKG000005586,PAY000005586,issued,2014-12-02 18:31:30,NONE,26.0
TKT000005587,BKG000005587,PAY000005587,not_issued_payment_failed,,NONE,
TKT000005588,BKG000005588,PAY000005588,issued,2013-08-21 16:21:45,NONE,18.0
TKT000005589,BKG000005589,PAY000005589,issued,2014-08-22 12:53:54,NONE,22.0
TKT000005590,BKG000005590,PAY000005590,issued,2013-12-02 11:02:29,NONE,28.0
TKT000005591,BKG000005591,PAY000005591,issued,2014-11-26 09:38:39,NONE,1180.0
TKT000005592,BKG000005592,PAY000005592,issued,2013-06-09 01:48:39,NONE,3.0
TKT000005593,BKG000005593,PAY000005593,issued,2014-12-13 19:49:41,NONE,10.0
TKT000005594,BKG000005594,PAY000005594,issued,2013-03-31 20:55:19,NONE,44.0
TKT000005595,BKG000005595,PAY000005595,issued,2014-05-11 22:14:29,NONE,26.0
TKT000005596,BKG000005596,PAY000005596,issued,2014-12-03 15:09:47,NONE,35.0
TKT000005597,BKG000005597,PAY000005597,issued,2014-06-25 21:15:13,NONE,25.0
TKT000005598,BKG000005598,PAY000005598,issued,2014-07-02 14:20:03,NONE,26.0
TKT000005599,BKG000005599,PAY000005599,issued,2014-06-07 03:02:36,NONE,24.0
TKT000005600,BKG000005600,PAY000005600,issued,2014-12-06 05:55:53,NONE,33.0
TKT000005601,BKG000005601,PAY000005601,issued,2014-08-18 13:53:48,NONE,32.0
TKT000005602,BKG000005602,PAY000005602,issued,2014-07-14 22:15:03,NONE,7.0
TKT000005603,BKG000005603,PAY000005603,issued,2013-04-10 12:07:09,NONE,15.0
TKT000005604,BKG000005604,PAY000005604,issued,2013-06-27 13:52:34,NONE,27.0
TKT000005605,BKG000005605,PAY000005605,issued,2013-02-15 10:40:04,NONE,19.0
TKT000005606,BKG000005606,PAY000005606,issued,2014-11-04 19:27:47,NONE,31.0
TKT000005607,BKG000005607,PAY000005607,issued,2014-01-21 20:25:20,NONE,9.0
TKT000005608,BKG000005608,PAY000005608,issued,2014-08-09 20:17:00,NONE,26.0
TKT000005609,BKG000005609,PAY000005609,issued,2014-01-06 14:53:24,NONE,19.0
TKT000005610,BKG000005610,PAY000005610,issued,2013-01-08 21:37:13,NONE,20.0
TKT000005611,BKG000005611,PAY000005611,issued,2014-04-02 13:03:31,NONE,4.0
TKT000005612,BKG000005612,PAY000005612,issued,2014-02-10 01:10:27,NONE,39.0
TKT000005613,BKG000005613,PAY000005613,issued,2013-12-29 06:18:27,NONE,17.0
TKT000005614,BKG000005614,PAY000005614,issued,2014-08-20 02:01:21,NONE,961.0
TKT000005615,BKG000005615,PAY000005615,issued,2013-06-12 23:42:20,NONE,40.0
TKT000005616,BKG000005616,PAY000005616,issued,2013-11-13 19:57:01,NONE,35.0
TKT000005617,BKG000005617,PAY000005617,issued,2014-06-30 08:05:47,NONE,12.0
TKT000005618,BKG000005618,PAY000005618,not_issued_payment_failed,,NONE,
TKT000005619,BKG000005619,PAY000005619,not_issued_payment_failed,,NONE,
TKT000005620,BKG000005620,PAY000005620,issued,2014-10-29 13:38:35,NONE,17.0
TKT000005621,BKG000005621,PAY000005621,issued,2013-02-13 12:10:02,NONE,18.0
TKT000005622,BKG000005622,PAY000005622,issued,2014-11-11 14:35:23,NONE,16.0
TKT000005623,BKG000005623,PAY000005623,issued,2013-02-28 15:08:51,NONE,39.0
TKT000005624,BKG000005624,PAY000005624,issued,2014-07-06 00:16:20,NONE,15.0
TKT000005625,BKG000005625,PAY000005625,issued,2014-09-12 11:54:42,NONE,4.0
TKT000005626,BKG000005626,PAY000005626,issued,2014-09-30 10:26:12,NONE,13.0
TKT000005627,BKG000005627,PAY000005627,issued,2014-06-28 00:22:24,NONE,23.0
TKT000005628,BKG000005628,PAY000005628,issued,2014-05-16 16:59:33,NONE,11.0
TKT000005629,BKG000005629,PAY000005629,issued,2014-06-23 07:04:01,NONE,45.0
TKT000005630,BKG000005630,PAY000005630,issued,2013-06-05 00:16:25,NONE,3.0
TKT000005631,BKG000005631,PAY000005631,issued,2013-03-02 20:44:00,NONE,28.0
TKT000005632,BKG000005632,PAY000005632,issued,2014-07-08 10:21:32,NONE,40.0
TKT000005633,BKG000005633,PAY000005633,issued,2013-04-05 12:52:14,NONE,17.0
TKT000005634,BKG000005634,PAY000005634,issued,2013-08-14 03:18:19,NONE,30.0
TKT000005635,BKG000005635,PAY000005635,issued,2014-12-15 16:25:39,NONE,19.0
TKT000005636,BKG000005636,PAY000005636,issued,2014-05-14 20:12:41,NONE,18.0
TKT000005637,BKG000005637,PAY000005637,issued,2014-08-20 20:46:04,NONE,4.0
TKT000005638,BKG000005638,PAY000005638,pending,2014-01-25 11:20:28,SUPPLIER_ERROR,19.0
TKT000005639,BKG000005639,PAY000005639,issued,2013-04-16 17:38:25,NONE,36.0
TKT000005640,BKG000005640,PAY000005640,issued,2014-05-09 13:45:52,NONE,17.0
TKT000005641,BKG000005641,PAY000005641,issued,2014-09-13 11:43:57,NONE,25.0
TKT000005642,BKG000005642,PAY000005642,issued,2014-07-01 02:55:10,NONE,497.0
TKT000005643,BKG000005643,PAY000005643,failed,2013-05-31 03:05:56,AIRLINE_CONFIRMATION_FAILED,42.0
TKT000005644,BKG000005644,PAY000005644,issued,2014-07-23 01:32:52,NONE,44.0
TKT000005645,BKG000005645,PAY000005645,issued,2014-12-09 14:26:57,NONE,28.0
TKT000005646,BKG000005646,PAY000005646,issued,2013-04-11 12:25:45,NONE,4.0
TKT000005647,BKG000005647,PAY000005647,issued,2014-07-30 08:58:50,NONE,25.0
TKT000005648,BKG000005648,PAY000005648,issued,2013-07-28 05:18:57,NONE,37.0
TKT000005649,BKG000005649,PAY000005649,issued,2013-06-11 13:57:27,NONE,34.0
TKT000005650,BKG000005650,PAY000005650,issued,2014-03-18 19:26:06,NONE,24.0
TKT000005651,BKG000005651,PAY000005651,not_issued_payment_failed,,NONE,
TKT000005652,BKG000005652,PAY000005652,issued,2013-04-23 15:38:49,NONE,34.0
TKT000005653,BKG000005653,PAY000005653,issued,2014-12-01 11:47:46,NONE,27.0
TKT000005654,BKG000005654,PAY000005654,issued,2014-07-14 08:02:03,NONE,17.0
TKT000005655,BKG000005655,PAY000005655,issued,2013-08-22 19:15:31,NONE,33.0
TKT000005656,BKG000005656,PAY000005656,issued,2014-03-14 09:13:24,NONE,35.0
TKT000005657,BKG000005657,PAY000005657,issued,2014-12-18 23:01:53,NONE,33.0
TKT000005658,BKG000005658,PAY000005658,issued,2014-01-21 03:25:49,NONE,23.0
TKT000005659,BKG000005659,PAY000005659,issued,2014-06-18 17:28:24,NONE,7.0
TKT000005660,BKG000005660,PAY000005660,issued,2014-06-11 19:42:04,NONE,8.0
TKT000005661,BKG000005661,PAY000005661,issued,2014-07-10 19:07:31,NONE,17.0
TKT000005662,BKG000005662,PAY000005662,issued,2014-05-13 23:25:45,NONE,21.0
TKT000005663,BKG000005663,PAY000005663,not_issued_payment_failed,,NONE,
TKT000005664,BKG000005664,PAY000005664,issued,2014-01-06 20:17:10,NONE,32.0
TKT000005665,BKG000005665,PAY000005665,issued,2013-01-31 13:28:01,NONE,9.0
TKT000005666,BKG000005666,PAY000005666,issued,2014-09-17 11:40:00,NONE,26.0
TKT000005667,BKG000005667,PAY000005667,issued,2014-10-17 03:21:22,NONE,18.0
TKT000005668,BKG000005668,PAY000005668,issued,2014-05-01 13:44:29,NONE,35.0
TKT000005669,BKG000005669,PAY000005669,issued,2013-10-17 17:16:02,NONE,10.0
TKT000005670,BKG000005670,PAY000005670,issued,2013-11-11 13:47:08,NONE,24.0
TKT000005671,BKG000005671,PAY000005671,issued,2014-04-23 08:41:38,NONE,29.0
TKT000005672,BKG000005672,PAY000005672,issued,2014-09-12 21:42:19,NONE,18.0
TKT000005673,BKG000005673,PAY000005673,issued,2013-02-10 23:24:47,NONE,6.0
TKT000005674,BKG000005674,PAY000005674,issued,2014-08-10 17:33:03,NONE,20.0
TKT000005675,BKG000005675,PAY000005675,issued,2013-01-23 12:19:19,NONE,16.0
TKT000005676,BKG000005676,PAY000005676,issued,2014-12-01 02:42:55,NONE,13.0
TKT000005677,BKG000005677,PAY000005677,issued,2014-02-22 12:58:03,NONE,22.0
TKT000005678,BKG000005678,PAY000005678,issued,2013-12-27 17:31:13,NONE,22.0
TKT000005679,BKG000005679,PAY000005679,issued,2013-10-07 02:13:06,NONE,44.0
TKT000005680,BKG000005680,PAY000005680,issued,2013-06-14 11:45:29,NONE,643.0
TKT000005681,BKG000005681,PAY000005681,not_issued_payment_failed,,NONE,
TKT000005682,BKG000005682,PAY000005682,issued,2013-09-13 13:06:52,NONE,9.0
TKT000005683,BKG000005683,PAY000005683,issued,2014-11-15 18:21:23,NONE,23.0
TKT000005684,BKG000005684,PAY000005684,issued,2013-08-22 18:59:53,NONE,21.0
TKT000005685,BKG000005685,PAY000005685,issued,2014-02-17 16:23:09,NONE,24.0
TKT000005686,BKG000005686,PAY000005686,issued,2014-09-02 23:40:29,NONE,42.0
TKT000005687,BKG000005687,PAY000005687,issued,2014-05-14 09:42:52,NONE,23.0
TKT000005688,BKG000005688,PAY000005688,issued,2013-03-13 01:05:17,NONE,26.0
TKT000005689,BKG000005689,PAY000005689,issued,2014-06-17 13:13:14,NONE,31.0
TKT000005690,BKG000005690,PAY000005690,issued,2013-05-27 20:10:45,NONE,32.0
TKT000005691,BKG000005691,PAY000005691,issued,2013-07-30 22:09:02,NONE,40.0
TKT000005692,BKG000005692,PAY000005692,issued,2014-05-17 01:51:54,NONE,13.0
TKT000005693,BKG000005693,PAY000005693,not_issued_payment_failed,,NONE,
TKT000005694,BKG000005694,PAY000005694,issued,2013-09-03 15:00:12,NONE,40.0
TKT000005695,BKG000005695,PAY000005695,issued,2013-06-14 16:49:00,NONE,38.0
TKT000005696,BKG000005696,PAY000005696,issued,2014-04-08 10:02:07,NONE,42.0
TKT000005697,BKG000005697,PAY000005697,issued,2013-10-24 15:42:07,NONE,20.0
TKT000005698,BKG000005698,PAY000005698,issued,2014-10-13 01:35:13,NONE,4.0
TKT000005699,BKG000005699,PAY000005699,issued,2014-04-28 22:44:39,NONE,36.0
TKT000005700,BKG000005700,PAY000005700,issued,2014-07-09 16:27:04,NONE,38.0
TKT000005701,BKG000005701,PAY000005701,not_issued_payment_failed,,NONE,
TKT000005702,BKG000005702,PAY000005702,issued,2013-07-21 22:41:03,NONE,29.0
TKT000005703,BKG000005703,PAY000005703,issued,2014-04-16 18:32:09,NONE,8.0
TKT000005704,BKG000005704,PAY000005704,issued,2014-12-06 16:50:13,NONE,33.0
TKT000005705,BKG000005705,PAY000005705,issued,2013-09-10 14:51:48,NONE,14.0
TKT000005706,BKG000005706,PAY000005706,issued,2014-11-18 16:59:30,NONE,32.0
TKT000005707,BKG000005707,PAY000005707,issued,2013-09-02 03:57:05,NONE,24.0
TKT000005708,BKG000005708,PAY000005708,issued,2014-09-15 12:17:28,NONE,21.0
TKT000005709,BKG000005709,PAY000005709,issued,2014-08-20 01:48:01,NONE,39.0
TKT000005710,BKG000005710,PAY000005710,issued,2013-05-30 16:00:35,NONE,44.0
TKT000005711,BKG000005711,PAY000005711,issued,2014-12-16 19:28:38,NONE,5.0
TKT000005712,BKG000005712,PAY000005712,not_issued_payment_failed,,NONE,
TKT000005713,BKG000005713,PAY000005713,issued,2014-02-15 19:42:55,NONE,20.0
TKT000005714,BKG000005714,PAY000005714,issued,2013-07-25 17:06:55,NONE,39.0
TKT000005715,BKG000005715,PAY000005715,failed,2014-01-14 04:01:21,AIRLINE_CONFIRMATION_FAILED,26.0
TKT000005716,BKG000005716,PAY000005716,issued,2014-09-18 12:54:36,NONE,34.0
TKT000005717,BKG000005717,PAY000005717,issued,2014-03-09 18:10:31,NONE,16.0
TKT000005718,BKG000005718,PAY000005718,issued,2014-05-14 13:01:07,NONE,25.0
TKT000005719,BKG000005719,PAY000005719,issued,2014-10-28 19:24:38,NONE,31.0
TKT000005720,BKG000005720,PAY000005720,issued,2014-05-29 10:23:11,NONE,19.0
TKT000005721,BKG000005721,PAY000005721,issued,2013-09-26 08:52:15,NONE,14.0
TKT000005722,BKG000005722,PAY000005722,issued,2014-07-08 10:47:03,NONE,9.0
TKT000005723,BKG000005723,PAY000005723,issued,2014-03-22 00:09:02,NONE,18.0
TKT000005724,BKG000005724,PAY000005724,issued,2014-07-27 04:45:21,NONE,39.0
TKT000005725,BKG000005725,PAY000005725,issued,2014-10-21 20:14:39,NONE,3.0
TKT000005726,BKG000005726,PAY000005726,issued,2013-09-24 18:33:20,NONE,16.0
TKT000005727,BKG000005727,PAY000005727,issued,2013-11-23 18:56:36,NONE,42.0
TKT000005728,BKG000005728,PAY000005728,issued,2014-07-29 11:07:59,NONE,26.0
TKT000005729,BKG000005729,PAY000005729,issued,2013-02-28 17:59:48,NONE,33.0
TKT000005730,BKG000005730,PAY000005730,issued,2014-09-01 01:49:43,NONE,26.0
TKT000005731,BKG000005731,PAY000005731,issued,2013-09-22 08:53:02,NONE,39.0
TKT000005732,BKG000005732,PAY000005732,issued,2014-08-26 18:30:29,NONE,39.0
TKT000005733,BKG000005733,PAY000005733,failed,2013-10-18 18:45:27,SUPPLIER_ERROR,31.0
TKT000005734,BKG000005734,PAY000005734,issued,2014-11-28 06:04:47,NONE,19.0
TKT000005735,BKG000005735,PAY000005735,issued,2014-09-26 00:33:23,NONE,45.0
TKT000005736,BKG000005736,PAY000005736,issued,2014-09-25 23:28:23,NONE,12.0
TKT000005737,BKG000005737,PAY000005737,not_issued_payment_failed,,NONE,
TKT000005738,BKG000005738,PAY000005738,issued,2014-06-28 15:09:32,NONE,21.0
TKT000005739,BKG000005739,PAY000005739,issued,2013-02-06 00:28:18,NONE,25.0
TKT000005740,BKG000005740,PAY000005740,issued,2014-11-13 18:02:05,NONE,18.0
TKT000005741,BKG000005741,PAY000005741,issued,2013-10-01 14:32:25,NONE,18.0
TKT000005742,BKG000005742,PAY000005742,issued,2014-12-22 16:15:30,NONE,16.0
TKT000005743,BKG000005743,PAY000005743,issued,2013-04-19 14:26:24,NONE,45.0
TKT000005744,BKG000005744,PAY000005744,issued,2014-08-26 20:57:00,NONE,9.0
TKT000005745,BKG000005745,PAY000005745,not_issued_payment_failed,,NONE,
TKT000005746,BKG000005746,PAY000005746,issued,2014-01-10 10:31:00,NONE,5.0
TKT000005747,BKG000005747,PAY000005747,issued,2013-02-13 18:44:07,NONE,15.0
TKT000005748,BKG000005748,PAY000005748,issued,2014-07-19 01:15:19,NONE,38.0
TKT000005749,BKG000005749,PAY000005749,not_issued_payment_failed,,NONE,
TKT000005750,BKG000005750,PAY000005750,issued,2013-01-31 05:07:42,NONE,34.0
TKT000005751,BKG000005751,PAY000005751,issued,2014-01-08 05:57:53,NONE,1103.0
TKT000005752,BKG000005752,PAY000005752,issued,2014-12-12 13:59:13,NONE,11.0
TKT000005753,BKG000005753,PAY000005753,issued,2014-10-17 21:56:10,NONE,25.0
TKT000005754,BKG000005754,PAY000005754,issued,2013-01-29 20:37:21,NONE,38.0
TKT000005755,BKG000005755,PAY000005755,not_issued_payment_failed,,NONE,
TKT000005756,BKG000005756,PAY000005756,issued,2014-11-03 15:14:02,NONE,31.0
TKT000005757,BKG000005757,PAY000005757,issued,2014-11-21 14:08:20,NONE,18.0
TKT000005758,BKG000005758,PAY000005758,issued,2014-12-04 11:13:07,NONE,17.0
TKT000005759,BKG000005759,PAY000005759,not_issued_payment_failed,,NONE,
TKT000005760,BKG000005760,PAY000005760,not_issued_payment_failed,,NONE,
TKT000005761,BKG000005761,PAY000005761,issued,2014-08-16 20:44:01,NONE,21.0
TKT000005762,BKG000005762,PAY000005762,issued,2014-12-15 12:12:02,NONE,10.0
TKT000005763,BKG000005763,PAY000005763,issued,2013-06-10 21:41:32,NONE,40.0
TKT000005764,BKG000005764,PAY000005764,issued,2013-10-30 17:41:00,NONE,37.0
TKT000005765,BKG000005765,PAY000005765,issued,2014-12-13 00:42:48,NONE,4.0
TKT000005766,BKG000005766,PAY000005766,issued,2014-06-16 20:29:35,NONE,31.0
TKT000005767,BKG000005767,PAY000005767,not_issued_payment_failed,,NONE,
TKT000005768,BKG000005768,PAY000005768,issued,2014-12-17 23:31:47,NONE,36.0
TKT000005769,BKG000005769,PAY000005769,issued,2013-07-23 01:39:34,NONE,34.0
TKT000005770,BKG000005770,PAY000005770,issued,2014-07-02 14:42:09,NONE,31.0
TKT000005771,BKG000005771,PAY000005771,issued,2014-06-08 10:26:44,NONE,42.0
TKT000005772,BKG000005772,PAY000005772,issued,2014-07-30 06:00:55,NONE,837.0
TKT000005773,BKG000005773,PAY000005773,issued,2014-11-07 15:26:21,NONE,12.0
TKT000005774,BKG000005774,PAY000005774,issued,2014-07-22 21:26:15,NONE,19.0
TKT000005775,BKG000005775,PAY000005775,issued,2014-07-23 21:55:23,NONE,35.0
TKT000005776,BKG000005776,PAY000005776,failed,2014-07-13 13:10:38,AIRLINE_CONFIRMATION_FAILED,25.0
TKT000005777,BKG000005777,PAY000005777,not_issued_payment_failed,,NONE,
TKT000005778,BKG000005778,PAY000005778,issued,2014-10-17 16:38:33,NONE,43.0
TKT000005779,BKG000005779,PAY000005779,issued,2013-01-23 11:15:11,NONE,7.0
TKT000005780,BKG000005780,PAY000005780,issued,2014-09-26 00:05:38,NONE,728.0
TKT000005781,BKG000005781,PAY000005781,not_issued_payment_failed,,NONE,
TKT000005782,BKG000005782,PAY000005782,issued,2014-08-31 19:12:09,NONE,14.0
TKT000005783,BKG000005783,PAY000005783,issued,2014-07-26 14:23:28,NONE,22.0
TKT000005784,BKG000005784,PAY000005784,issued,2014-04-18 18:09:17,NONE,12.0
TKT000005785,BKG000005785,PAY000005785,issued,2013-12-02 11:04:32,NONE,27.0
TKT000005786,BKG000005786,PAY000005786,issued,2014-03-31 22:01:25,NONE,42.0
TKT000005787,BKG000005787,PAY000005787,issued,2014-02-01 17:13:37,NONE,22.0
TKT000005788,BKG000005788,PAY000005788,issued,2014-03-14 11:03:37,NONE,9.0
TKT000005789,BKG000005789,PAY000005789,issued,2014-07-02 12:29:17,NONE,28.0
TKT000005790,BKG000005790,PAY000005790,issued,2013-10-15 10:54:00,NONE,8.0
TKT000005791,BKG000005791,PAY000005791,issued,2014-07-19 03:36:22,NONE,644.0
TKT000005792,BKG000005792,PAY000005792,issued,2014-07-30 02:39:47,NONE,159.0
TKT000005793,BKG000005793,PAY000005793,issued,2013-05-29 22:31:31,NONE,12.0
TKT000005794,BKG000005794,PAY000005794,issued,2014-10-16 16:28:37,NONE,19.0
TKT000005795,BKG000005795,PAY000005795,issued,2013-10-17 18:45:27,NONE,10.0
TKT000005796,BKG000005796,PAY000005796,issued,2014-07-07 14:27:28,NONE,10.0
TKT000005797,BKG000005797,PAY000005797,issued,2013-08-22 09:07:54,NONE,3.0
TKT000005798,BKG000005798,PAY000005798,pending,2013-09-29 14:42:24,SUPPLIER_ERROR,36.0
TKT000005799,BKG000005799,PAY000005799,issued,2014-03-21 08:51:50,NONE,43.0
TKT000005800,BKG000005800,PAY000005800,issued,2013-08-12 15:41:01,NONE,28.0
TKT000005801,BKG000005801,PAY000005801,not_issued_payment_failed,,NONE,
TKT000005802,BKG000005802,PAY000005802,issued,2013-08-27 02:55:11,NONE,43.0
TKT000005803,BKG000005803,PAY000005803,issued,2014-03-30 16:23:48,NONE,44.0
TKT000005804,BKG000005804,PAY000005804,failed,2014-03-26 20:56:29,AIRLINE_CONFIRMATION_FAILED,35.0
TKT000005805,BKG000005805,PAY000005805,issued,2013-06-14 13:45:36,NONE,22.0
TKT000005806,BKG000005806,PAY000005806,issued,2013-03-19 16:11:15,NONE,21.0
TKT000005807,BKG000005807,PAY000005807,issued,2013-01-10 14:00:49,NONE,44.0
TKT000005808,BKG000005808,PAY000005808,issued,2014-11-18 13:51:17,NONE,25.0
TKT000005809,BKG000005809,PAY000005809,issued,2014-06-07 16:18:08,NONE,17.0
TKT000005810,BKG000005810,PAY000005810,not_issued_payment_failed,,NONE,
TKT000005811,BKG000005811,PAY000005811,issued,2014-02-27 21:16:52,NONE,40.0
TKT000005812,BKG000005812,PAY000005812,issued,2014-11-22 23:11:35,NONE,14.0
TKT000005813,BKG000005813,PAY000005813,not_issued_payment_failed,,NONE,
TKT000005814,BKG000005814,PAY000005814,not_issued_payment_failed,,NONE,
TKT000005815,BKG000005815,PAY000005815,issued,2013-10-24 23:06:05,NONE,12.0
TKT000005816,BKG000005816,PAY000005816,issued,2013-08-06 00:22:40,NONE,33.0
TKT000005817,BKG000005817,PAY000005817,issued,2014-03-06 19:49:07,NONE,35.0
TKT000005818,BKG000005818,PAY000005818,pending,2014-07-04 19:07:08,AIRLINE_CONFIRMATION_FAILED,39.0
TKT000005819,BKG000005819,PAY000005819,issued,2014-10-04 03:58:59,NONE,34.0
TKT000005820,BKG000005820,PAY000005820,issued,2014-08-20 12:46:09,NONE,36.0
TKT000005821,BKG000005821,PAY000005821,issued,2014-09-20 15:29:25,NONE,4.0
TKT000005822,BKG000005822,PAY000005822,issued,2014-05-08 14:46:01,NONE,19.0
TKT000005823,BKG000005823,PAY000005823,issued,2014-11-30 00:03:29,NONE,10.0
TKT000005824,BKG000005824,PAY000005824,issued,2014-02-24 18:12:20,NONE,29.0
TKT000005825,BKG000005825,PAY000005825,issued,2014-09-29 12:56:44,NONE,16.0
TKT000005826,BKG000005826,PAY000005826,issued,2014-03-23 19:49:04,NONE,21.0
TKT000005827,BKG000005827,PAY000005827,issued,2014-10-23 21:27:11,NONE,8.0
TKT000005828,BKG000005828,PAY000005828,issued,2014-07-08 08:13:29,NONE,34.0
TKT000005829,BKG000005829,PAY000005829,issued,2014-01-17 08:25:06,NONE,21.0
TKT000005830,BKG000005830,PAY000005830,issued,2014-02-12 13:09:03,NONE,10.0
TKT000005831,BKG000005831,PAY000005831,issued,2013-06-28 23:23:37,NONE,20.0
TKT000005832,BKG000005832,PAY000005832,issued,2013-08-20 16:13:34,NONE,24.0
TKT000005833,BKG000005833,PAY000005833,not_issued_payment_failed,,NONE,
TKT000005834,BKG000005834,PAY000005834,issued,2014-08-20 21:53:41,NONE,13.0
TKT000005835,BKG000005835,PAY000005835,issued,2014-02-21 19:45:42,NONE,31.0
TKT000005836,BKG000005836,PAY000005836,not_issued_payment_failed,,NONE,
TKT000005837,BKG000005837,PAY000005837,issued,2014-09-10 20:12:16,NONE,5.0
TKT000005838,BKG000005838,PAY000005838,issued,2014-10-19 21:23:29,NONE,26.0
TKT000005839,BKG000005839,PAY000005839,issued,2014-09-14 14:51:50,NONE,24.0
TKT000005840,BKG000005840,PAY000005840,issued,2014-08-17 00:58:57,NONE,35.0
TKT000005841,BKG000005841,PAY000005841,issued,2013-12-28 16:09:17,NONE,20.0
TKT000005842,BKG000005842,PAY000005842,issued,2014-01-30 05:42:55,NONE,7.0
TKT000005843,BKG000005843,PAY000005843,issued,2013-06-05 18:50:19,NONE,8.0
TKT000005844,BKG000005844,PAY000005844,issued,2014-02-06 22:36:12,NONE,18.0
TKT000005845,BKG000005845,PAY000005845,issued,2014-07-24 17:23:53,NONE,28.0
TKT000005846,BKG000005846,PAY000005846,issued,2014-09-10 12:04:23,NONE,28.0
TKT000005847,BKG000005847,PAY000005847,not_issued_payment_failed,,NONE,
TKT000005848,BKG000005848,PAY000005848,issued,2013-06-11 19:15:59,NONE,38.0
TKT000005849,BKG000005849,PAY000005849,issued,2014-12-08 17:35:15,NONE,19.0
TKT000005850,BKG000005850,PAY000005850,issued,2014-07-23 10:58:12,NONE,35.0
TKT000005851,BKG000005851,PAY000005851,issued,2013-06-05 19:53:38,NONE,11.0
TKT000005852,BKG000005852,PAY000005852,issued,2014-05-30 20:34:00,NONE,34.0
TKT000005853,BKG000005853,PAY000005853,issued,2014-10-17 21:07:09,NONE,26.0
TKT000005854,BKG000005854,PAY000005854,issued,2014-09-28 02:37:01,NONE,26.0
TKT000005855,BKG000005855,PAY000005855,issued,2014-10-17 07:31:34,NONE,1348.0
TKT000005856,BKG000005856,PAY000005856,issued,2013-04-01 11:36:30,NONE,34.0
TKT000005857,BKG000005857,PAY000005857,issued,2014-05-16 14:20:58,NONE,7.0
TKT000005858,BKG000005858,PAY000005858,not_issued_payment_failed,,NONE,
TKT000005859,BKG000005859,PAY000005859,issued,2013-06-23 17:26:38,NONE,12.0
TKT000005860,BKG000005860,PAY000005860,issued,2014-07-05 11:46:08,NONE,6.0
TKT000005861,BKG000005861,PAY000005861,issued,2014-12-27 12:50:06,NONE,37.0
TKT000005862,BKG000005862,PAY000005862,issued,2013-07-16 16:11:55,NONE,8.0
TKT000005863,BKG000005863,PAY000005863,issued,2013-08-24 23:51:10,NONE,15.0
TKT000005864,BKG000005864,PAY000005864,issued,2014-04-17 10:41:53,NONE,15.0
TKT000005865,BKG000005865,PAY000005865,issued,2014-05-28 19:39:24,NONE,6.0
TKT000005866,BKG000005866,PAY000005866,issued,2014-07-17 17:32:51,NONE,41.0
TKT000005867,BKG000005867,PAY000005867,issued,2014-11-24 17:16:40,NONE,18.0
TKT000005868,BKG000005868,PAY000005868,issued,2014-08-27 09:57:11,NONE,1064.0
TKT000005869,BKG000005869,PAY000005869,issued,2014-11-23 23:30:30,NONE,7.0
TKT000005870,BKG000005870,PAY000005870,issued,2014-09-29 12:16:41,NONE,8.0
TKT000005871,BKG000005871,PAY000005871,issued,2014-08-11 03:06:52,NONE,41.0
TKT000005872,BKG000005872,PAY000005872,issued,2014-10-10 15:28:36,NONE,18.0
TKT000005873,BKG000005873,PAY000005873,issued,2014-03-20 03:52:55,NONE,22.0
TKT000005874,BKG000005874,PAY000005874,issued,2014-11-26 13:54:35,NONE,37.0
TKT000005875,BKG000005875,PAY000005875,issued,2013-06-07 20:53:25,NONE,10.0
TKT000005876,BKG000005876,PAY000005876,issued,2014-09-02 09:53:11,NONE,31.0
TKT000005877,BKG000005877,PAY000005877,issued,2013-01-26 14:26:46,NONE,32.0
TKT000005878,BKG000005878,PAY000005878,issued,2014-09-26 06:27:21,NONE,31.0
TKT000005879,BKG000005879,PAY000005879,issued,2013-12-12 18:45:31,NONE,34.0
TKT000005880,BKG000005880,PAY000005880,issued,2014-05-15 20:43:50,NONE,11.0
TKT000005881,BKG000005881,PAY000005881,not_issued_payment_failed,,NONE,
TKT000005882,BKG000005882,PAY000005882,issued,2014-09-22 12:10:59,NONE,13.0
TKT000005883,BKG000005883,PAY000005883,not_issued_payment_failed,,NONE,
TKT000005884,BKG000005884,PAY000005884,issued,2013-03-14 13:32:42,NONE,15.0
TKT000005885,BKG000005885,PAY000005885,issued,2013-12-23 11:39:56,NONE,15.0
TKT000005886,BKG000005886,PAY000005886,issued,2013-03-16 09:12:32,NONE,3.0
TKT000005887,BKG000005887,PAY000005887,issued,2014-09-24 19:03:57,NONE,373.0
TKT000005888,BKG000005888,PAY000005888,issued,2014-11-21 01:39:00,NONE,37.0
TKT000005889,BKG000005889,PAY000005889,not_issued_payment_failed,,NONE,
TKT000005890,BKG000005890,PAY000005890,issued,2014-07-31 15:03:55,NONE,19.0
TKT000005891,BKG000005891,PAY000005891,issued,2014-12-17 18:41:24,NONE,28.0
TKT000005892,BKG000005892,PAY000005892,issued,2014-12-05 15:04:29,NONE,7.0
TKT000005893,BKG000005893,PAY000005893,issued,2014-10-15 23:54:39,NONE,27.0
TKT000005894,BKG000005894,PAY000005894,issued,2013-09-12 06:41:04,NONE,37.0
TKT000005895,BKG000005895,PAY000005895,issued,2013-11-04 16:47:46,NONE,42.0
TKT000005896,BKG000005896,PAY000005896,issued,2014-05-20 13:08:05,NONE,16.0
TKT000005897,BKG000005897,PAY000005897,issued,2013-11-27 21:40:49,NONE,24.0
TKT000005898,BKG000005898,PAY000005898,issued,2014-12-29 14:30:07,NONE,45.0
TKT000005899,BKG000005899,PAY000005899,issued,2013-03-29 15:26:14,NONE,25.0
TKT000005900,BKG000005900,PAY000005900,issued,2014-10-07 14:25:07,NONE,38.0
TKT000005901,BKG000005901,PAY000005901,issued,2014-06-06 15:42:42,NONE,27.0
TKT000005902,BKG000005902,PAY000005902,issued,2014-01-23 14:33:01,NONE,7.0
TKT000005903,BKG000005903,PAY000005903,issued,2014-12-03 09:22:05,NONE,20.0
TKT000005904,BKG000005904,PAY000005904,issued,2014-06-25 16:59:18,NONE,30.0
TKT000005905,BKG000005905,PAY000005905,issued,2014-12-08 18:39:32,NONE,12.0
TKT000005906,BKG000005906,PAY000005906,issued,2014-11-19 17:59:43,NONE,15.0
TKT000005907,BKG000005907,PAY000005907,issued,2014-07-24 15:26:23,NONE,33.0
TKT000005908,BKG000005908,PAY000005908,issued,2013-04-06 12:02:16,NONE,32.0
TKT000005909,BKG000005909,PAY000005909,issued,2014-05-12 19:05:22,NONE,5.0
TKT000005910,BKG000005910,PAY000005910,issued,2014-04-30 12:00:50,NONE,21.0
TKT000005911,BKG000005911,PAY000005911,issued,2014-09-15 16:29:05,NONE,256.0
TKT000005912,BKG000005912,PAY000005912,not_issued_payment_failed,,NONE,
TKT000005913,BKG000005913,PAY000005913,issued,2014-07-29 01:48:26,NONE,40.0
TKT000005914,BKG000005914,PAY000005914,issued,2014-04-20 21:17:53,NONE,10.0
TKT000005915,BKG000005915,PAY000005915,issued,2013-05-04 20:17:36,NONE,20.0
TKT000005916,BKG000005916,PAY000005916,failed,2014-04-30 00:01:51,AIRLINE_CONFIRMATION_FAILED,13.0
TKT000005917,BKG000005917,PAY000005917,issued,2014-04-03 03:02:18,NONE,36.0
TKT000005918,BKG000005918,PAY000005918,issued,2014-04-26 18:53:49,NONE,5.0
TKT000005919,BKG000005919,PAY000005919,not_issued_payment_failed,,NONE,
TKT000005920,BKG000005920,PAY000005920,issued,2014-11-19 13:11:43,NONE,40.0
TKT000005921,BKG000005921,PAY000005921,issued,2014-10-29 15:11:50,NONE,37.0
TKT000005922,BKG000005922,PAY000005922,not_issued_payment_failed,,NONE,
TKT000005923,BKG000005923,PAY000005923,issued,2013-12-23 17:00:09,NONE,22.0
TKT000005924,BKG000005924,PAY000005924,issued,2014-10-17 21:37:31,NONE,44.0
TKT000005925,BKG000005925,PAY000005925,issued,2014-11-19 05:00:46,NONE,19.0
TKT000005926,BKG000005926,PAY000005926,issued,2014-10-18 11:36:24,NONE,33.0
TKT000005927,BKG000005927,PAY000005927,issued,2014-10-07 23:07:03,NONE,41.0
TKT000005928,BKG000005928,PAY000005928,issued,2014-09-08 11:30:37,NONE,19.0
TKT000005929,BKG000005929,PAY000005929,pending,2013-07-09 17:37:56,TICKETING_TIMEOUT,27.0
TKT000005930,BKG000005930,PAY000005930,issued,2013-08-06 15:57:59,NONE,30.0
TKT000005931,BKG000005931,PAY000005931,issued,2014-11-07 19:11:59,NONE,14.0
TKT000005932,BKG000005932,PAY000005932,issued,2014-08-06 13:09:29,NONE,15.0
TKT000005933,BKG000005933,PAY000005933,issued,2014-08-06 12:39:29,NONE,23.0
TKT000005934,BKG000005934,PAY000005934,issued,2013-11-24 11:47:18,NONE,766.0
TKT000005935,BKG000005935,PAY000005935,not_issued_payment_failed,,NONE,
TKT000005936,BKG000005936,PAY000005936,issued,2014-11-13 11:04:12,NONE,11.0
TKT000005937,BKG000005937,PAY000005937,issued,2014-07-25 16:10:59,NONE,41.0
TKT000005938,BKG000005938,PAY000005938,issued,2014-09-18 22:35:39,NONE,6.0
TKT000005939,BKG000005939,PAY000005939,issued,2014-06-12 06:21:37,NONE,39.0
TKT000005940,BKG000005940,PAY000005940,issued,2014-12-16 18:30:52,NONE,35.0
TKT000005941,BKG000005941,PAY000005941,issued,2013-08-05 12:36:31,NONE,17.0
TKT000005942,BKG000005942,PAY000005942,not_issued_payment_failed,,NONE,
TKT000005943,BKG000005943,PAY000005943,not_issued_payment_failed,,NONE,
TKT000005944,BKG000005944,PAY000005944,failed,2014-08-21 01:07:48,TICKETING_TIMEOUT,39.0
TKT000005945,BKG000005945,PAY000005945,issued,2013-01-15 16:05:59,NONE,25.0
TKT000005946,BKG000005946,PAY000005946,issued,2013-09-30 18:46:23,NONE,717.0
TKT000005947,BKG000005947,PAY000005947,failed,2014-01-10 16:27:25,SUPPLIER_ERROR,14.0
TKT000005948,BKG000005948,PAY000005948,issued,2013-01-20 04:10:53,NONE,1189.0
TKT000005949,BKG000005949,PAY000005949,issued,2014-06-13 06:53:26,NONE,44.0
TKT000005950,BKG000005950,PAY000005950,issued,2013-07-30 00:09:36,NONE,8.0
TKT000005951,BKG000005951,PAY000005951,issued,2014-07-31 20:26:08,NONE,13.0
TKT000005952,BKG000005952,PAY000005952,issued,2014-07-31 22:19:08,NONE,24.0
TKT000005953,BKG000005953,PAY000005953,issued,2014-07-31 23:11:08,NONE,37.0
TKT000005954,BKG000005954,PAY000005954,issued,2014-08-01 15:50:08,NONE,1096.0
TKT000005955,BKG000005955,PAY000005955,issued,2014-07-31 21:40:08,NONE,45.0
TKT000005956,BKG000005956,PAY000005956,issued,2014-07-31 21:09:08,NONE,4.0
TKT000005957,BKG000005957,PAY000005957,issued,2013-02-28 16:55:51,NONE,12.0
TKT000005958,BKG000005958,PAY000005958,issued,2014-05-05 18:43:25,NONE,25.0
TKT000005959,BKG000005959,PAY000005959,issued,2013-09-26 22:16:30,NONE,10.0
TKT000005960,BKG000005960,PAY000005960,issued,2014-04-08 12:45:59,NONE,32.0
TKT000005961,BKG000005961,PAY000005961,issued,2013-05-21 12:46:38,NONE,16.0
TKT000005962,BKG000005962,PAY000005962,failed,2013-10-09 18:52:31,TICKETING_TIMEOUT,6.0
TKT000005963,BKG000005963,PAY000005963,issued,2014-09-09 15:12:59,NONE,4.0
TKT000005964,BKG000005964,PAY000005964,issued,2013-11-01 10:32:15,NONE,8.0
TKT000005965,BKG000005965,PAY000005965,issued,2014-01-09 18:40:14,NONE,18.0
TKT000005966,BKG000005966,PAY000005966,issued,2014-06-09 16:16:29,NONE,24.0
TKT000005967,BKG000005967,PAY000005967,issued,2013-08-14 18:18:41,NONE,31.0
TKT000005968,BKG000005968,PAY000005968,issued,2014-08-01 16:29:16,NONE,45.0
TKT000005969,BKG000005969,PAY000005969,issued,2014-05-15 10:51:41,NONE,25.0
TKT000005970,BKG000005970,PAY000005970,issued,2014-11-20 18:22:23,NONE,38.0
TKT000005971,BKG000005971,PAY000005971,not_issued_payment_failed,,NONE,
TKT000005972,BKG000005972,PAY000005972,issued,2013-09-29 11:40:40,NONE,25.0
TKT000005973,BKG000005973,PAY000005973,issued,2013-03-17 13:58:08,NONE,33.0
TKT000005974,BKG000005974,PAY000005974,issued,2013-05-27 12:28:25,NONE,42.0
TKT000005975,BKG000005975,PAY000005975,not_issued_payment_failed,,NONE,
TKT000005976,BKG000005976,PAY000005976,issued,2014-05-08 23:09:37,NONE,13.0
TKT000005977,BKG000005977,PAY000005977,issued,2013-09-19 08:45:40,NONE,10.0
TKT000005978,BKG000005978,PAY000005978,issued,2013-09-05 16:08:31,NONE,23.0
TKT000005979,BKG000005979,PAY000005979,issued,2014-10-28 12:25:31,NONE,5.0
TKT000005980,BKG000005980,PAY000005980,issued,2014-03-14 10:34:09,NONE,27.0
TKT000005981,BKG000005981,PAY000005981,issued,2014-12-14 20:33:21,NONE,9.0
TKT000005982,BKG000005982,PAY000005982,issued,2014-02-12 00:35:13,NONE,7.0
TKT000005983,BKG000005983,PAY000005983,issued,2014-12-05 18:49:46,NONE,36.0
TKT000005984,BKG000005984,PAY000005984,issued,2014-03-18 19:52:16,NONE,33.0
TKT000005985,BKG000005985,PAY000005985,issued,2014-04-16 21:30:51,NONE,20.0
TKT000005986,BKG000005986,PAY000005986,issued,2013-09-24 06:46:58,NONE,11.0
TKT000005987,BKG000005987,PAY000005987,issued,2014-03-11 03:23:18,NONE,8.0
TKT000005988,BKG000005988,PAY000005988,issued,2014-09-12 14:25:26,NONE,7.0
TKT000005989,BKG000005989,PAY000005989,issued,2014-02-11 01:00:41,NONE,45.0
TKT000005990,BKG000005990,PAY000005990,issued,2013-02-27 20:09:50,NONE,42.0
TKT000005991,BKG000005991,PAY000005991,issued,2013-04-07 23:18:05,NONE,4.0
TKT000005992,BKG000005992,PAY000005992,issued,2014-02-03 19:13:16,NONE,42.0
TKT000005993,BKG000005993,PAY000005993,issued,2014-12-02 21:45:56,NONE,23.0
TKT000005994,BKG000005994,PAY000005994,issued,2014-02-05 19:39:08,NONE,36.0
TKT000005995,BKG000005995,PAY000005995,issued,2014-04-18 04:24:42,NONE,7.0
TKT000005996,BKG000005996,PAY000005996,issued,2013-07-02 18:43:12,NONE,4.0
TKT000005997,BKG000005997,PAY000005997,issued,2013-03-12 16:56:59,NONE,31.0
TKT000005998,BKG000005998,PAY000005998,issued,2014-03-04 16:07:26,NONE,7.0
TKT000005999,BKG000005999,PAY000005999,issued,2013-01-23 09:47:20,NONE,3.0
TKT000006000,BKG000006000,PAY000006000,issued,2014-09-27 10:47:57,NONE,27.0
TKT000006001,BKG000006001,PAY000006001,issued,2014-10-29 11:08:36,NONE,22.0
TKT000006002,BKG000006002,PAY000006002,issued,2014-07-10 19:44:29,NONE,5.0
TKT000006003,BKG000006003,PAY000006003,issued,2014-06-28 20:55:07,NONE,8.0
TKT000006004,BKG000006004,PAY000006004,pending,2014-05-10 15:22:21,TICKETING_TIMEOUT,35.0
TKT000006005,BKG000006005,PAY000006005,issued,2014-12-17 14:38:09,NONE,43.0
TKT000006006,BKG000006006,PAY000006006,issued,2013-08-21 12:32:55,NONE,12.0
TKT000006007,BKG000006007,PAY000006007,issued,2014-08-12 20:27:16,NONE,13.0
TKT000006008,BKG000006008,PAY000006008,issued,2013-12-16 20:37:34,NONE,28.0
TKT000006009,BKG000006009,PAY000006009,not_issued_payment_failed,,NONE,
TKT000006010,BKG000006010,PAY000006010,not_issued_payment_failed,,NONE,
TKT000006011,BKG000006011,PAY000006011,issued,2013-08-19 14:24:34,NONE,17.0
TKT000006012,BKG000006012,PAY000006012,issued,2014-07-25 18:55:03,NONE,27.0
TKT000006013,BKG000006013,PAY000006013,issued,2013-06-24 20:00:24,NONE,9.0
TKT000006014,BKG000006014,PAY000006014,issued,2013-02-16 18:12:12,NONE,6.0
TKT000006015,BKG000006015,PAY000006015,issued,2014-10-21 14:14:10,NONE,14.0
TKT000006016,BKG000006016,PAY000006016,issued,2014-04-12 18:42:08,NONE,32.0
TKT000006017,BKG000006017,PAY000006017,issued,2014-12-19 09:57:43,NONE,4.0
TKT000006018,BKG000006018,PAY000006018,issued,2014-10-20 17:52:41,NONE,39.0
TKT000006019,BKG000006019,PAY000006019,issued,2014-03-01 09:33:13,NONE,21.0
TKT000006020,BKG000006020,PAY000006020,issued,2013-02-09 08:53:05,NONE,14.0
TKT000006021,BKG000006021,PAY000006021,issued,2014-10-12 14:14:14,NONE,4.0
TKT000006022,BKG000006022,PAY000006022,not_issued_payment_failed,,NONE,
TKT000006023,BKG000006023,PAY000006023,issued,2014-11-12 12:44:58,NONE,34.0
TKT000006024,BKG000006024,PAY000006024,issued,2013-11-11 15:19:38,NONE,32.0
TKT000006025,BKG000006025,PAY000006025,issued,2014-11-11 15:54:57,NONE,28.0
TKT000006026,BKG000006026,PAY000006026,issued,2013-05-30 11:23:57,NONE,11.0
TKT000006027,BKG000006027,PAY000006027,issued,2013-02-12 17:45:10,NONE,19.0
TKT000006028,BKG000006028,PAY000006028,issued,2014-02-07 09:23:20,NONE,27.0
TKT000006029,BKG000006029,PAY000006029,issued,2013-05-02 16:18:27,NONE,23.0
TKT000006030,BKG000006030,PAY000006030,issued,2013-12-11 22:28:27,NONE,20.0
TKT000006031,BKG000006031,PAY000006031,issued,2014-08-27 23:50:02,NONE,44.0
TKT000006032,BKG000006032,PAY000006032,pending,2014-08-19 18:36:42,SUPPLIER_ERROR,21.0
TKT000006033,BKG000006033,PAY000006033,issued,2014-02-16 18:38:51,NONE,173.0
TKT000006034,BKG000006034,PAY000006034,issued,2013-08-04 20:56:33,NONE,33.0
TKT000006035,BKG000006035,PAY000006035,issued,2013-11-07 06:44:21,NONE,16.0
TKT000006036,BKG000006036,PAY000006036,issued,2014-11-12 21:23:01,NONE,38.0
TKT000006037,BKG000006037,PAY000006037,issued,2014-10-03 13:27:30,NONE,30.0
TKT000006038,BKG000006038,PAY000006038,issued,2014-03-24 17:20:52,NONE,43.0
TKT000006039,BKG000006039,PAY000006039,issued,2014-06-12 06:10:03,NONE,43.0
TKT000006040,BKG000006040,PAY000006040,issued,2014-09-19 17:37:14,NONE,11.0
TKT000006041,BKG000006041,PAY000006041,issued,2013-05-03 14:22:51,NONE,12.0
TKT000006042,BKG000006042,PAY000006042,not_issued_payment_failed,,NONE,
TKT000006043,BKG000006043,PAY000006043,issued,2014-08-24 14:37:00,NONE,4.0
TKT000006044,BKG000006044,PAY000006044,issued,2014-01-09 08:43:54,NONE,40.0
TKT000006045,BKG000006045,PAY000006045,not_issued_payment_failed,,NONE,
TKT000006046,BKG000006046,PAY000006046,issued,2013-07-20 14:20:22,NONE,1384.0
TKT000006047,BKG000006047,PAY000006047,issued,2014-03-26 21:24:40,NONE,36.0
TKT000006048,BKG000006048,PAY000006048,issued,2014-09-12 16:22:03,NONE,28.0
TKT000006049,BKG000006049,PAY000006049,issued,2013-05-09 14:04:33,NONE,26.0
TKT000006050,BKG000006050,PAY000006050,issued,2014-10-18 11:36:20,NONE,10.0
TKT000006051,BKG000006051,PAY000006051,issued,2014-08-26 11:02:34,NONE,33.0
TKT000006052,BKG000006052,PAY000006052,issued,2014-07-26 04:10:31,NONE,36.0
TKT000006053,BKG000006053,PAY000006053,issued,2013-04-07 18:35:57,NONE,15.0
TKT000006054,BKG000006054,PAY000006054,issued,2014-06-07 02:58:04,NONE,13.0
TKT000006055,BKG000006055,PAY000006055,issued,2014-11-05 16:30:36,NONE,34.0
TKT000006056,BKG000006056,PAY000006056,issued,2014-09-24 16:11:07,NONE,39.0
TKT000006057,BKG000006057,PAY000006057,issued,2013-08-30 11:04:03,NONE,44.0
TKT000006058,BKG000006058,PAY000006058,pending,2013-08-30 13:15:03,INVENTORY_MISMATCH,39.0
TKT000006059,BKG000006059,PAY000006059,issued,2014-12-22 20:54:34,NONE,13.0
TKT000006060,BKG000006060,PAY000006060,issued,2014-04-09 18:39:04,NONE,37.0
TKT000006061,BKG000006061,PAY000006061,issued,2013-07-31 10:51:30,NONE,6.0
TKT000006062,BKG000006062,PAY000006062,issued,2013-09-12 04:10:12,NONE,44.0
TKT000006063,BKG000006063,PAY000006063,issued,2013-01-18 12:53:21,NONE,45.0
TKT000006064,BKG000006064,PAY000006064,issued,2013-05-19 07:59:03,NONE,25.0
TKT000006065,BKG000006065,PAY000006065,issued,2014-10-14 23:50:59,NONE,23.0
TKT000006066,BKG000006066,PAY000006066,issued,2013-03-25 02:36:55,NONE,33.0
TKT000006067,BKG000006067,PAY000006067,issued,2013-09-01 23:27:37,NONE,36.0
TKT000006068,BKG000006068,PAY000006068,issued,2014-11-29 14:01:12,NONE,44.0
TKT000006069,BKG000006069,PAY000006069,issued,2013-05-13 11:37:46,NONE,12.0
TKT000006070,BKG000006070,PAY000006070,issued,2014-11-17 08:45:35,NONE,38.0
TKT000006071,BKG000006071,PAY000006071,issued,2013-02-04 22:34:16,NONE,10.0
TKT000006072,BKG000006072,PAY000006072,issued,2014-11-14 19:01:20,NONE,39.0
TKT000006073,BKG000006073,PAY000006073,issued,2014-06-08 22:38:06,NONE,20.0
TKT000006074,BKG000006074,PAY000006074,issued,2014-03-19 14:30:53,NONE,34.0
TKT000006075,BKG000006075,PAY000006075,issued,2013-01-17 12:22:23,NONE,33.0
TKT000006076,BKG000006076,PAY000006076,issued,2013-09-12 19:12:40,NONE,19.0
TKT000006077,BKG000006077,PAY000006077,issued,2014-12-02 15:59:49,NONE,16.0
TKT000006078,BKG000006078,PAY000006078,issued,2014-11-26 18:19:17,NONE,7.0
TKT000006079,BKG000006079,PAY000006079,issued,2014-09-28 08:08:59,NONE,44.0
TKT000006080,BKG000006080,PAY000006080,pending,2013-10-05 19:31:06,TICKETING_TIMEOUT,41.0
TKT000006081,BKG000006081,PAY000006081,issued,2013-09-24 14:30:51,NONE,27.0
TKT000006082,BKG000006082,PAY000006082,issued,2014-06-13 11:41:35,NONE,32.0
TKT000006083,BKG000006083,PAY000006083,issued,2014-09-10 14:19:34,NONE,11.0
TKT000006084,BKG000006084,PAY000006084,issued,2014-10-27 22:47:46,NONE,12.0
TKT000006085,BKG000006085,PAY000006085,issued,2013-05-29 02:51:23,NONE,30.0
TKT000006086,BKG000006086,PAY000006086,issued,2014-09-24 08:04:11,NONE,1089.0
TKT000006087,BKG000006087,PAY000006087,issued,2014-04-03 02:53:24,NONE,493.0
TKT000006088,BKG000006088,PAY000006088,issued,2013-03-16 17:04:37,NONE,24.0
TKT000006089,BKG000006089,PAY000006089,issued,2014-02-22 12:02:58,NONE,28.0
TKT000006090,BKG000006090,PAY000006090,issued,2013-04-30 13:42:10,NONE,39.0
TKT000006091,BKG000006091,PAY000006091,issued,2013-01-30 07:58:05,NONE,5.0
TKT000006092,BKG000006092,PAY000006092,issued,2013-01-22 11:54:31,NONE,24.0
TKT000006093,BKG000006093,PAY000006093,issued,2014-08-21 11:26:09,NONE,1294.0
TKT000006094,BKG000006094,PAY000006094,issued,2014-12-18 18:43:35,NONE,446.0
TKT000006095,BKG000006095,PAY000006095,issued,2014-06-13 12:47:50,NONE,35.0
TKT000006096,BKG000006096,PAY000006096,issued,2014-10-09 20:11:29,NONE,21.0
TKT000006097,BKG000006097,PAY000006097,issued,2014-10-12 05:35:32,NONE,12.0
TKT000006098,BKG000006098,PAY000006098,issued,2013-07-14 15:52:12,NONE,27.0
TKT000006099,BKG000006099,PAY000006099,issued,2013-05-20 07:01:58,NONE,754.0
TKT000006100,BKG000006100,PAY000006100,issued,2013-08-31 12:47:35,NONE,44.0
TKT000006101,BKG000006101,PAY000006101,issued,2014-10-23 21:00:28,NONE,44.0
TKT000006102,BKG000006102,PAY000006102,issued,2014-10-24 00:06:28,NONE,42.0
TKT000006103,BKG000006103,PAY000006103,issued,2013-01-30 18:05:23,NONE,40.0
TKT000006104,BKG000006104,PAY000006104,pending,2013-08-05 19:28:09,AIRLINE_CONFIRMATION_FAILED,16.0
TKT000006105,BKG000006105,PAY000006105,issued,2014-11-30 20:22:34,NONE,21.0
TKT000006106,BKG000006106,PAY000006106,issued,2013-04-13 18:08:48,NONE,40.0
TKT000006107,BKG000006107,PAY000006107,issued,2013-01-11 00:01:42,NONE,25.0
TKT000006108,BKG000006108,PAY000006108,issued,2014-02-06 22:58:06,NONE,26.0
TKT000006109,BKG000006109,PAY000006109,issued,2014-10-02 02:23:45,NONE,36.0
TKT000006110,BKG000006110,PAY000006110,issued,2013-06-22 15:18:23,NONE,24.0
TKT000006111,BKG000006111,PAY000006111,issued,2014-06-15 04:28:27,NONE,31.0
TKT000006112,BKG000006112,PAY000006112,issued,2014-08-19 20:41:22,NONE,27.0
TKT000006113,BKG000006113,PAY000006113,issued,2014-03-07 20:29:23,NONE,10.0
TKT000006114,BKG000006114,PAY000006114,issued,2013-09-08 18:22:15,NONE,19.0
TKT000006115,BKG000006115,PAY000006115,pending,2013-07-12 23:44:52,TICKETING_TIMEOUT,26.0
TKT000006116,BKG000006116,PAY000006116,not_issued_payment_failed,,NONE,
TKT000006117,BKG000006117,PAY000006117,issued,2013-02-25 14:38:11,NONE,6.0
TKT000006118,BKG000006118,PAY000006118,issued,2014-03-18 17:11:34,NONE,22.0
TKT000006119,BKG000006119,PAY000006119,issued,2013-01-26 09:58:43,NONE,4.0
TKT000006120,BKG000006120,PAY000006120,issued,2013-05-03 18:54:25,NONE,27.0
TKT000006121,BKG000006121,PAY000006121,issued,2014-03-06 10:12:08,NONE,36.0
TKT000006122,BKG000006122,PAY000006122,issued,2014-10-06 18:19:50,NONE,38.0
TKT000006123,BKG000006123,PAY000006123,issued,2014-06-14 18:03:26,NONE,15.0
TKT000006124,BKG000006124,PAY000006124,not_issued_payment_failed,,NONE,
TKT000006125,BKG000006125,PAY000006125,issued,2014-10-31 00:07:35,NONE,6.0
TKT000006126,BKG000006126,PAY000006126,issued,2014-08-29 17:59:08,NONE,13.0
TKT000006127,BKG000006127,PAY000006127,issued,2013-03-18 06:47:20,NONE,22.0
TKT000006128,BKG000006128,PAY000006128,issued,2014-09-19 13:47:40,NONE,37.0
TKT000006129,BKG000006129,PAY000006129,issued,2014-01-24 14:40:41,NONE,45.0
TKT000006130,BKG000006130,PAY000006130,issued,2013-03-23 16:37:26,NONE,10.0
TKT000006131,BKG000006131,PAY000006131,issued,2013-09-04 20:30:18,NONE,708.0
TKT000006132,BKG000006132,PAY000006132,issued,2014-03-07 13:02:45,NONE,34.0
TKT000006133,BKG000006133,PAY000006133,issued,2013-07-31 18:54:01,NONE,7.0
TKT000006134,BKG000006134,PAY000006134,issued,2014-01-28 20:44:01,NONE,45.0
TKT000006135,BKG000006135,PAY000006135,issued,2013-01-31 15:35:05,NONE,9.0
TKT000006136,BKG000006136,PAY000006136,issued,2013-10-21 01:56:32,NONE,44.0
TKT000006137,BKG000006137,PAY000006137,issued,2014-12-04 01:54:49,NONE,33.0
TKT000006138,BKG000006138,PAY000006138,issued,2014-05-16 06:23:56,NONE,23.0
TKT000006139,BKG000006139,PAY000006139,issued,2014-10-06 12:31:48,NONE,6.0
TKT000006140,BKG000006140,PAY000006140,issued,2014-08-15 23:57:34,NONE,29.0
TKT000006141,BKG000006141,PAY000006141,issued,2014-10-16 19:43:39,NONE,44.0
TKT000006142,BKG000006142,PAY000006142,issued,2014-04-12 21:04:16,NONE,24.0
TKT000006143,BKG000006143,PAY000006143,issued,2014-10-08 15:17:50,NONE,43.0
TKT000006144,BKG000006144,PAY000006144,not_issued_payment_failed,,NONE,
TKT000006145,BKG000006145,PAY000006145,issued,2013-11-11 13:08:14,NONE,16.0
TKT000006146,BKG000006146,PAY000006146,issued,2013-01-19 05:38:30,NONE,44.0
TKT000006147,BKG000006147,PAY000006147,issued,2013-07-28 18:52:15,NONE,172.0
TKT000006148,BKG000006148,PAY000006148,issued,2014-07-25 08:10:00,NONE,4.0
TKT000006149,BKG000006149,PAY000006149,issued,2013-05-24 14:18:39,NONE,13.0
TKT000006150,BKG000006150,PAY000006150,issued,2014-04-30 04:47:18,NONE,24.0
TKT000006151,BKG000006151,PAY000006151,not_issued_payment_failed,,NONE,
TKT000006152,BKG000006152,PAY000006152,issued,2013-05-06 12:25:33,NONE,35.0
TKT000006153,BKG000006153,PAY000006153,issued,2013-06-27 22:16:42,NONE,554.0
TKT000006154,BKG000006154,PAY000006154,issued,2014-06-18 09:00:40,NONE,43.0
TKT000006155,BKG000006155,PAY000006155,issued,2014-06-16 12:04:08,NONE,43.0
TKT000006156,BKG000006156,PAY000006156,issued,2014-09-10 20:22:40,NONE,45.0
TKT000006157,BKG000006157,PAY000006157,issued,2013-05-07 14:56:00,NONE,45.0
TKT000006158,BKG000006158,PAY000006158,issued,2014-12-24 23:35:00,NONE,5.0
TKT000006159,BKG000006159,PAY000006159,not_issued_payment_failed,,NONE,
TKT000006160,BKG000006160,PAY000006160,issued,2014-08-18 21:46:52,NONE,9.0
TKT000006161,BKG000006161,PAY000006161,issued,2013-12-11 19:38:18,NONE,12.0
TKT000006162,BKG000006162,PAY000006162,issued,2014-12-29 15:09:30,NONE,768.0
TKT000006163,BKG000006163,PAY000006163,issued,2013-12-22 12:25:34,NONE,21.0
TKT000006164,BKG000006164,PAY000006164,issued,2013-09-03 17:18:07,NONE,28.0
TKT000006165,BKG000006165,PAY000006165,issued,2014-07-22 14:57:42,NONE,6.0
TKT000006166,BKG000006166,PAY000006166,issued,2014-08-06 10:38:30,NONE,34.0
TKT000006167,BKG000006167,PAY000006167,issued,2014-03-14 14:57:49,NONE,43.0
TKT000006168,BKG000006168,PAY000006168,not_issued_payment_failed,,NONE,
TKT000006169,BKG000006169,PAY000006169,not_issued_payment_failed,,NONE,
TKT000006170,BKG000006170,PAY000006170,not_issued_payment_failed,,NONE,
TKT000006171,BKG000006171,PAY000006171,issued,2014-08-15 11:09:20,NONE,19.0
TKT000006172,BKG000006172,PAY000006172,issued,2014-05-20 18:19:28,NONE,23.0
TKT000006173,BKG000006173,PAY000006173,not_issued_payment_failed,,NONE,
TKT000006174,BKG000006174,PAY000006174,issued,2014-01-04 13:58:49,NONE,34.0
TKT000006175,BKG000006175,PAY000006175,issued,2014-05-26 09:53:49,NONE,18.0
TKT000006176,BKG000006176,PAY000006176,issued,2014-02-19 21:10:29,NONE,20.0
TKT000006177,BKG000006177,PAY000006177,issued,2014-10-09 14:44:33,NONE,1081.0
TKT000006178,BKG000006178,PAY000006178,not_issued_payment_failed,,NONE,
TKT000006179,BKG000006179,PAY000006179,issued,2014-09-03 17:08:39,NONE,27.0
TKT000006180,BKG000006180,PAY000006180,issued,2014-12-09 16:05:19,NONE,7.0
TKT000006181,BKG000006181,PAY000006181,issued,2013-09-20 21:12:48,NONE,13.0
TKT000006182,BKG000006182,PAY000006182,pending,2014-08-01 01:18:40,TICKETING_TIMEOUT,18.0
TKT000006183,BKG000006183,PAY000006183,issued,2013-09-03 05:16:08,NONE,29.0
TKT000006184,BKG000006184,PAY000006184,issued,2013-06-27 12:56:07,NONE,41.0
TKT000006185,BKG000006185,PAY000006185,issued,2014-10-05 19:09:15,NONE,437.0
TKT000006186,BKG000006186,PAY000006186,issued,2014-06-08 17:42:05,NONE,28.0
TKT000006187,BKG000006187,PAY000006187,issued,2013-06-21 11:46:35,NONE,23.0
TKT000006188,BKG000006188,PAY000006188,issued,2013-04-03 22:11:34,NONE,30.0
TKT000006189,BKG000006189,PAY000006189,issued,2014-09-09 00:40:10,NONE,40.0
TKT000006190,BKG000006190,PAY000006190,issued,2013-08-01 15:03:01,NONE,37.0
TKT000006191,BKG000006191,PAY000006191,not_issued_payment_failed,,NONE,
TKT000006192,BKG000006192,PAY000006192,issued,2013-09-20 12:23:20,NONE,8.0
TKT000006193,BKG000006193,PAY000006193,not_issued_payment_failed,,NONE,
TKT000006194,BKG000006194,PAY000006194,issued,2014-06-09 12:15:25,NONE,42.0
TKT000006195,BKG000006195,PAY000006195,issued,2013-03-21 19:13:33,NONE,9.0
TKT000006196,BKG000006196,PAY000006196,issued,2014-05-02 00:46:05,NONE,31.0
TKT000006197,BKG000006197,PAY000006197,issued,2013-03-22 13:37:46,NONE,13.0
TKT000006198,BKG000006198,PAY000006198,issued,2013-08-25 15:56:04,NONE,7.0
TKT000006199,BKG000006199,PAY000006199,issued,2013-04-18 19:26:32,NONE,27.0
TKT000006200,BKG000006200,PAY000006200,issued,2014-03-27 14:03:30,NONE,16.0
TKT000006201,BKG000006201,PAY000006201,issued,2013-03-07 09:30:14,NONE,802.0
TKT000006202,BKG000006202,PAY000006202,issued,2014-12-19 17:53:13,NONE,15.0
TKT000006203,BKG000006203,PAY000006203,issued,2014-01-24 10:20:50,NONE,39.0
TKT000006204,BKG000006204,PAY000006204,issued,2014-01-02 19:14:04,NONE,37.0
TKT000006205,BKG000006205,PAY000006205,issued,2013-08-14 19:42:07,NONE,12.0
TKT000006206,BKG000006206,PAY000006206,issued,2014-09-15 08:36:34,NONE,573.0
TKT000006207,BKG000006207,PAY000006207,issued,2014-06-24 10:13:06,NONE,24.0
TKT000006208,BKG000006208,PAY000006208,issued,2013-06-06 14:07:00,NONE,45.0
TKT000006209,BKG000006209,PAY000006209,issued,2013-08-03 15:45:49,NONE,45.0
TKT000006210,BKG000006210,PAY000006210,issued,2013-07-20 14:28:30,NONE,42.0
TKT000006211,BKG000006211,PAY000006211,issued,2014-10-05 12:27:36,NONE,10.0
TKT000006212,BKG000006212,PAY000006212,issued,2013-05-06 18:27:24,NONE,7.0
TKT000006213,BKG000006213,PAY000006213,issued,2014-01-23 15:40:34,NONE,39.0
TKT000006214,BKG000006214,PAY000006214,issued,2014-11-11 17:44:19,NONE,34.0
TKT000006215,BKG000006215,PAY000006215,issued,2014-09-21 22:13:27,NONE,30.0
TKT000006216,BKG000006216,PAY000006216,not_issued_payment_failed,,NONE,
TKT000006217,BKG000006217,PAY000006217,issued,2014-10-16 18:05:02,NONE,39.0
TKT000006218,BKG000006218,PAY000006218,issued,2014-07-15 19:36:51,NONE,13.0
TKT000006219,BKG000006219,PAY000006219,issued,2013-10-06 03:02:30,NONE,34.0
TKT000006220,BKG000006220,PAY000006220,issued,2013-02-16 14:53:37,NONE,19.0
TKT000006221,BKG000006221,PAY000006221,issued,2013-08-19 14:05:43,NONE,39.0
TKT000006222,BKG000006222,PAY000006222,pending,2014-11-16 15:48:08,AIRLINE_CONFIRMATION_FAILED,39.0
TKT000006223,BKG000006223,PAY000006223,issued,2013-05-04 15:47:20,NONE,27.0
TKT000006224,BKG000006224,PAY000006224,pending,2014-07-31 11:54:15,TICKETING_TIMEOUT,14.0
TKT000006225,BKG000006225,PAY000006225,issued,2014-07-31 11:23:15,NONE,26.0
TKT000006226,BKG000006226,PAY000006226,issued,2013-02-07 13:55:04,NONE,25.0
TKT000006227,BKG000006227,PAY000006227,issued,2014-10-11 18:46:19,NONE,28.0
TKT000006228,BKG000006228,PAY000006228,issued,2014-10-13 21:49:00,NONE,30.0
TKT000006229,BKG000006229,PAY000006229,issued,2014-11-22 01:33:41,NONE,38.0
TKT000006230,BKG000006230,PAY000006230,issued,2014-06-22 11:37:12,NONE,44.0
TKT000006231,BKG000006231,PAY000006231,issued,2014-02-04 19:53:30,NONE,43.0
TKT000006232,BKG000006232,PAY000006232,issued,2014-10-02 11:08:33,NONE,21.0
TKT000006233,BKG000006233,PAY000006233,issued,2013-06-29 10:47:36,NONE,13.0
TKT000006234,BKG000006234,PAY000006234,issued,2014-12-08 09:54:52,NONE,34.0
TKT000006235,BKG000006235,PAY000006235,issued,2013-05-14 00:29:27,NONE,43.0
TKT000006236,BKG000006236,PAY000006236,issued,2014-06-06 23:57:59,NONE,43.0
TKT000006237,BKG000006237,PAY000006237,not_issued_payment_failed,,NONE,
TKT000006238,BKG000006238,PAY000006238,issued,2014-12-31 00:05:22,NONE,3.0
TKT000006239,BKG000006239,PAY000006239,issued,2014-03-10 02:28:23,NONE,15.0
TKT000006240,BKG000006240,PAY000006240,issued,2014-11-04 14:11:57,NONE,10.0
TKT000006241,BKG000006241,PAY000006241,issued,2014-08-03 13:50:16,NONE,22.0
TKT000006242,BKG000006242,PAY000006242,issued,2014-09-05 11:10:08,NONE,1334.0
TKT000006243,BKG000006243,PAY000006243,issued,2014-12-25 19:10:04,NONE,16.0
TKT000006244,BKG000006244,PAY000006244,not_issued_payment_failed,,NONE,
TKT000006245,BKG000006245,PAY000006245,issued,2013-02-23 21:31:12,NONE,38.0
TKT000006246,BKG000006246,PAY000006246,issued,2014-09-06 17:02:49,NONE,16.0
TKT000006247,BKG000006247,PAY000006247,issued,2013-05-01 20:10:31,NONE,14.0
TKT000006248,BKG000006248,PAY000006248,issued,2014-04-03 15:35:58,NONE,36.0
TKT000006249,BKG000006249,PAY000006249,issued,2013-06-21 15:12:30,NONE,28.0
TKT000006250,BKG000006250,PAY000006250,issued,2013-09-13 08:54:42,NONE,701.0
TKT000006251,BKG000006251,PAY000006251,issued,2014-05-17 18:58:02,NONE,23.0
TKT000006252,BKG000006252,PAY000006252,issued,2014-02-24 00:38:30,NONE,17.0
TKT000006253,BKG000006253,PAY000006253,issued,2014-12-02 07:20:28,NONE,23.0
TKT000006254,BKG000006254,PAY000006254,issued,2013-08-29 19:04:35,NONE,43.0
TKT000006255,BKG000006255,PAY000006255,issued,2013-03-11 09:51:13,NONE,4.0
TKT000006256,BKG000006256,PAY000006256,issued,2013-04-15 13:43:41,NONE,44.0
TKT000006257,BKG000006257,PAY000006257,issued,2014-04-11 06:27:38,NONE,19.0
TKT000006258,BKG000006258,PAY000006258,issued,2014-12-03 22:41:52,NONE,28.0
TKT000006259,BKG000006259,PAY000006259,issued,2014-01-26 12:19:23,NONE,28.0
TKT000006260,BKG000006260,PAY000006260,issued,2014-05-03 10:39:19,NONE,22.0
TKT000006261,BKG000006261,PAY000006261,not_issued_payment_failed,,NONE,
TKT000006262,BKG000006262,PAY000006262,not_issued_payment_failed,,NONE,
TKT000006263,BKG000006263,PAY000006263,issued,2014-10-25 07:01:25,NONE,25.0
TKT000006264,BKG000006264,PAY000006264,issued,2014-11-07 14:03:46,NONE,39.0
TKT000006265,BKG000006265,PAY000006265,issued,2013-12-26 13:07:05,NONE,6.0
TKT000006266,BKG000006266,PAY000006266,issued,2013-07-07 14:26:12,NONE,1274.0
TKT000006267,BKG000006267,PAY000006267,issued,2013-12-14 18:34:57,NONE,36.0
TKT000006268,BKG000006268,PAY000006268,issued,2014-08-17 20:09:09,NONE,11.0
TKT000006269,BKG000006269,PAY000006269,issued,2014-04-27 21:23:48,NONE,39.0
TKT000006270,BKG000006270,PAY000006270,issued,2014-10-13 19:26:45,NONE,534.0
TKT000006271,BKG000006271,PAY000006271,issued,2014-08-02 17:27:34,NONE,23.0
TKT000006272,BKG000006272,PAY000006272,issued,2013-02-09 08:17:54,NONE,13.0
TKT000006273,BKG000006273,PAY000006273,issued,2014-10-28 13:03:13,NONE,13.0
TKT000006274,BKG000006274,PAY000006274,not_issued_payment_failed,,NONE,
TKT000006275,BKG000006275,PAY000006275,issued,2014-04-28 14:58:55,NONE,17.0
TKT000006276,BKG000006276,PAY000006276,issued,2014-04-16 09:22:52,NONE,796.0
TKT000006277,BKG000006277,PAY000006277,not_issued_payment_failed,,NONE,
TKT000006278,BKG000006278,PAY000006278,issued,2014-07-03 10:47:03,NONE,32.0
TKT000006279,BKG000006279,PAY000006279,issued,2013-09-04 10:05:25,NONE,11.0
TKT000006280,BKG000006280,PAY000006280,issued,2013-04-21 13:59:35,NONE,38.0
TKT000006281,BKG000006281,PAY000006281,issued,2014-10-26 23:55:31,NONE,43.0
TKT000006282,BKG000006282,PAY000006282,issued,2014-11-17 07:44:12,NONE,622.0
TKT000006283,BKG000006283,PAY000006283,issued,2014-07-18 18:08:03,NONE,40.0
TKT000006284,BKG000006284,PAY000006284,issued,2014-11-19 11:19:22,NONE,36.0
TKT000006285,BKG000006285,PAY000006285,issued,2014-01-29 14:09:16,NONE,3.0
TKT000006286,BKG000006286,PAY000006286,issued,2014-11-12 14:11:11,NONE,20.0
TKT000006287,BKG000006287,PAY000006287,issued,2013-05-23 20:27:31,NONE,39.0
TKT000006288,BKG000006288,PAY000006288,issued,2014-04-09 13:49:59,NONE,6.0
TKT000006289,BKG000006289,PAY000006289,issued,2014-12-05 16:55:47,NONE,44.0
TKT000006290,BKG000006290,PAY000006290,issued,2014-03-22 01:31:51,NONE,427.0
TKT000006291,BKG000006291,PAY000006291,issued,2014-04-02 19:36:00,NONE,38.0
TKT000006292,BKG000006292,PAY000006292,issued,2014-05-21 04:15:35,NONE,1150.0
TKT000006293,BKG000006293,PAY000006293,issued,2013-01-14 19:33:39,NONE,10.0
TKT000006294,BKG000006294,PAY000006294,issued,2014-07-09 23:59:39,NONE,45.0
TKT000006295,BKG000006295,PAY000006295,issued,2014-06-14 04:05:17,NONE,26.0
TKT000006296,BKG000006296,PAY000006296,issued,2014-10-21 21:55:52,NONE,33.0
TKT000006297,BKG000006297,PAY000006297,issued,2013-09-07 21:18:34,NONE,23.0
TKT000006298,BKG000006298,PAY000006298,issued,2013-08-29 23:41:16,NONE,33.0
TKT000006299,BKG000006299,PAY000006299,issued,2014-09-17 14:48:32,NONE,45.0
TKT000006300,BKG000006300,PAY000006300,not_issued_payment_failed,,NONE,
TKT000006301,BKG000006301,PAY000006301,issued,2014-12-30 09:07:02,NONE,24.0
TKT000006302,BKG000006302,PAY000006302,pending,2014-03-10 11:33:19,SUPPLIER_ERROR,13.0
TKT000006303,BKG000006303,PAY000006303,issued,2013-06-19 04:26:17,NONE,41.0
TKT000006304,BKG000006304,PAY000006304,issued,2013-06-06 08:34:06,NONE,921.0
TKT000006305,BKG000006305,PAY000006305,issued,2013-09-04 21:10:58,NONE,35.0
TKT000006306,BKG000006306,PAY000006306,issued,2013-12-19 07:38:20,NONE,1072.0
TKT000006307,BKG000006307,PAY000006307,issued,2013-07-11 00:06:20,NONE,26.0
TKT000006308,BKG000006308,PAY000006308,issued,2014-12-28 12:01:02,NONE,16.0
TKT000006309,BKG000006309,PAY000006309,issued,2014-12-11 19:46:04,NONE,16.0
TKT000006310,BKG000006310,PAY000006310,issued,2013-10-14 12:40:35,NONE,14.0
TKT000006311,BKG000006311,PAY000006311,issued,2014-01-11 08:36:27,NONE,40.0
TKT000006312,BKG000006312,PAY000006312,issued,2014-07-23 18:53:19,NONE,7.0
TKT000006313,BKG000006313,PAY000006313,issued,2014-09-15 19:40:51,NONE,1174.0
TKT000006314,BKG000006314,PAY000006314,issued,2013-04-25 09:35:54,NONE,30.0
TKT000006315,BKG000006315,PAY000006315,issued,2014-05-18 09:43:30,NONE,20.0
TKT000006316,BKG000006316,PAY000006316,issued,2014-03-26 20:22:22,NONE,13.0
TKT000006317,BKG000006317,PAY000006317,issued,2013-02-09 10:19:55,NONE,33.0
TKT000006318,BKG000006318,PAY000006318,issued,2014-05-25 03:47:32,NONE,10.0
TKT000006319,BKG000006319,PAY000006319,issued,2014-10-10 12:20:30,NONE,37.0
TKT000006320,BKG000006320,PAY000006320,issued,2014-09-10 23:25:18,NONE,20.0
TKT000006321,BKG000006321,PAY000006321,issued,2014-10-23 20:20:47,NONE,43.0
TKT000006322,BKG000006322,PAY000006322,issued,2014-05-14 05:55:28,NONE,1124.0
TKT000006323,BKG000006323,PAY000006323,issued,2014-11-01 03:52:30,NONE,506.0
TKT000006324,BKG000006324,PAY000006324,issued,2014-09-19 15:11:11,NONE,25.0
TKT000006325,BKG000006325,PAY000006325,failed,2013-11-28 01:48:26,AIRLINE_CONFIRMATION_FAILED,15.0
TKT000006326,BKG000006326,PAY000006326,issued,2014-11-20 07:48:35,NONE,34.0
TKT000006327,BKG000006327,PAY000006327,not_issued_payment_failed,,NONE,
TKT000006328,BKG000006328,PAY000006328,issued,2013-06-27 14:40:36,NONE,44.0
TKT000006329,BKG000006329,PAY000006329,issued,2013-10-05 05:40:48,NONE,41.0
TKT000006330,BKG000006330,PAY000006330,issued,2014-10-03 13:50:50,NONE,6.0
TKT000006331,BKG000006331,PAY000006331,issued,2013-05-20 23:55:47,NONE,37.0
TKT000006332,BKG000006332,PAY000006332,issued,2014-12-31 13:20:31,NONE,5.0
TKT000006333,BKG000006333,PAY000006333,not_issued_payment_failed,,NONE,
TKT000006334,BKG000006334,PAY000006334,issued,2014-09-11 13:01:22,NONE,29.0
TKT000006335,BKG000006335,PAY000006335,issued,2014-11-17 23:16:44,NONE,11.0
TKT000006336,BKG000006336,PAY000006336,not_issued_payment_failed,,NONE,
TKT000006337,BKG000006337,PAY000006337,issued,2013-06-27 01:33:05,NONE,13.0
TKT000006338,BKG000006338,PAY000006338,issued,2013-10-24 20:37:38,NONE,3.0
TKT000006339,BKG000006339,PAY000006339,issued,2014-11-14 12:10:31,NONE,22.0
TKT000006340,BKG000006340,PAY000006340,issued,2013-09-19 03:58:22,NONE,37.0
TKT000006341,BKG000006341,PAY000006341,issued,2014-06-03 14:36:57,NONE,25.0
TKT000006342,BKG000006342,PAY000006342,issued,2014-05-11 06:36:01,NONE,24.0
TKT000006343,BKG000006343,PAY000006343,issued,2014-02-09 21:37:52,NONE,20.0
TKT000006344,BKG000006344,PAY000006344,issued,2014-05-17 13:02:05,NONE,4.0
TKT000006345,BKG000006345,PAY000006345,issued,2014-04-06 12:19:24,NONE,37.0
TKT000006346,BKG000006346,PAY000006346,issued,2014-12-04 04:38:52,NONE,45.0
TKT000006347,BKG000006347,PAY000006347,issued,2013-03-14 20:09:40,NONE,15.0
TKT000006348,BKG000006348,PAY000006348,issued,2014-07-11 09:51:36,NONE,20.0
TKT000006349,BKG000006349,PAY000006349,issued,2014-03-25 12:49:21,NONE,27.0
TKT000006350,BKG000006350,PAY000006350,issued,2014-08-29 07:12:48,NONE,43.0
TKT000006351,BKG000006351,PAY000006351,issued,2014-03-08 20:18:31,NONE,23.0
TKT000006352,BKG000006352,PAY000006352,issued,2014-06-10 01:01:57,NONE,16.0
TKT000006353,BKG000006353,PAY000006353,issued,2013-09-11 13:40:15,NONE,197.0
TKT000006354,BKG000006354,PAY000006354,issued,2013-03-12 23:06:44,NONE,44.0
TKT000006355,BKG000006355,PAY000006355,not_issued_payment_failed,,NONE,
TKT000006356,BKG000006356,PAY000006356,issued,2014-11-12 06:33:42,NONE,41.0
TKT000006357,BKG000006357,PAY000006357,issued,2014-12-25 15:12:26,NONE,3.0
TKT000006358,BKG000006358,PAY000006358,not_issued_payment_failed,,NONE,
TKT000006359,BKG000006359,PAY000006359,issued,2014-05-12 20:28:33,NONE,37.0
TKT000006360,BKG000006360,PAY000006360,issued,2014-03-31 10:42:11,NONE,36.0
TKT000006361,BKG000006361,PAY000006361,issued,2013-10-17 11:13:08,NONE,45.0
TKT000006362,BKG000006362,PAY000006362,issued,2014-09-30 08:59:10,NONE,22.0
TKT000006363,BKG000006363,PAY000006363,issued,2014-03-29 13:59:31,NONE,15.0
TKT000006364,BKG000006364,PAY000006364,issued,2013-07-14 21:16:14,NONE,5.0
TKT000006365,BKG000006365,PAY000006365,issued,2013-11-11 00:18:06,NONE,21.0
TKT000006366,BKG000006366,PAY000006366,issued,2013-01-23 13:16:50,NONE,38.0
TKT000006367,BKG000006367,PAY000006367,issued,2014-05-11 15:45:23,NONE,45.0
TKT000006368,BKG000006368,PAY000006368,issued,2014-12-30 15:02:07,NONE,45.0
TKT000006369,BKG000006369,PAY000006369,issued,2013-12-31 02:39:14,NONE,28.0
TKT000006370,BKG000006370,PAY000006370,issued,2014-06-19 14:44:03,NONE,19.0
TKT000006371,BKG000006371,PAY000006371,issued,2013-06-06 11:16:14,NONE,42.0
TKT000006372,BKG000006372,PAY000006372,issued,2014-03-24 16:10:43,NONE,21.0
TKT000006373,BKG000006373,PAY000006373,issued,2014-01-18 22:24:43,NONE,22.0
TKT000006374,BKG000006374,PAY000006374,not_issued_payment_failed,,NONE,
TKT000006375,BKG000006375,PAY000006375,issued,2014-04-29 16:03:25,NONE,23.0
TKT000006376,BKG000006376,PAY000006376,issued,2014-03-06 10:06:05,NONE,25.0
TKT000006377,BKG000006377,PAY000006377,issued,2013-02-14 17:14:35,NONE,6.0
TKT000006378,BKG000006378,PAY000006378,issued,2013-02-14 17:37:35,NONE,13.0
TKT000006379,BKG000006379,PAY000006379,not_issued_payment_failed,,NONE,
TKT000006380,BKG000006380,PAY000006380,issued,2013-02-14 17:12:35,NONE,9.0
TKT000006381,BKG000006381,PAY000006381,issued,2013-02-14 18:05:35,NONE,17.0
TKT000006382,BKG000006382,PAY000006382,issued,2013-02-15 10:00:35,NONE,980.0
TKT000006383,BKG000006383,PAY000006383,issued,2013-02-15 12:18:35,NONE,1101.0
TKT000006384,BKG000006384,PAY000006384,issued,2013-02-14 18:37:35,NONE,37.0
TKT000006385,BKG000006385,PAY000006385,not_issued_payment_failed,,NONE,
TKT000006386,BKG000006386,PAY000006386,issued,2014-06-22 00:49:51,NONE,45.0
TKT000006387,BKG000006387,PAY000006387,issued,2014-04-25 16:52:19,NONE,29.0
TKT000006388,BKG000006388,PAY000006388,issued,2013-05-11 09:00:36,NONE,29.0
TKT000006389,BKG000006389,PAY000006389,issued,2014-02-08 16:18:22,NONE,9.0
TKT000006390,BKG000006390,PAY000006390,issued,2014-03-24 14:41:40,NONE,36.0
TKT000006391,BKG000006391,PAY000006391,issued,2014-03-03 02:00:29,NONE,38.0
TKT000006392,BKG000006392,PAY000006392,issued,2014-07-20 11:48:05,NONE,28.0
TKT000006393,BKG000006393,PAY000006393,issued,2013-08-19 23:00:25,NONE,8.0
TKT000006394,BKG000006394,PAY000006394,issued,2014-10-21 14:01:12,NONE,12.0
TKT000006395,BKG000006395,PAY000006395,issued,2013-07-09 18:51:01,NONE,19.0
TKT000006396,BKG000006396,PAY000006396,issued,2014-07-08 05:20:30,NONE,4.0
TKT000006397,BKG000006397,PAY000006397,issued,2013-07-29 02:36:05,NONE,42.0
TKT000006398,BKG000006398,PAY000006398,issued,2014-11-05 11:34:29,NONE,14.0
TKT000006399,BKG000006399,PAY000006399,issued,2014-08-26 22:16:29,NONE,25.0
TKT000006400,BKG000006400,PAY000006400,failed,2014-02-12 18:51:32,AIRLINE_CONFIRMATION_FAILED,8.0
TKT000006401,BKG000006401,PAY000006401,issued,2014-02-12 19:39:32,NONE,18.0
TKT000006402,BKG000006402,PAY000006402,issued,2013-11-15 12:52:43,NONE,30.0
TKT000006403,BKG000006403,PAY000006403,issued,2013-10-14 02:39:20,NONE,18.0
TKT000006404,BKG000006404,PAY000006404,issued,2014-10-12 19:08:59,NONE,18.0
TKT000006405,BKG000006405,PAY000006405,issued,2014-11-19 11:13:58,NONE,21.0
TKT000006406,BKG000006406,PAY000006406,not_issued_payment_failed,,NONE,
TKT000006407,BKG000006407,PAY000006407,issued,2014-10-08 12:22:14,NONE,45.0
TKT000006408,BKG000006408,PAY000006408,issued,2013-06-24 12:45:59,NONE,9.0
TKT000006409,BKG000006409,PAY000006409,issued,2014-05-23 15:56:54,NONE,1187.0
TKT000006410,BKG000006410,PAY000006410,pending,2014-03-26 21:03:09,AIRLINE_CONFIRMATION_FAILED,13.0
TKT000006411,BKG000006411,PAY000006411,issued,2014-04-24 18:26:59,NONE,18.0
TKT000006412,BKG000006412,PAY000006412,issued,2014-08-08 10:04:01,NONE,20.0
TKT000006413,BKG000006413,PAY000006413,issued,2014-06-25 10:30:37,NONE,21.0
TKT000006414,BKG000006414,PAY000006414,issued,2013-07-22 15:08:32,NONE,39.0
TKT000006415,BKG000006415,PAY000006415,issued,2013-07-12 16:39:02,NONE,10.0
TKT000006416,BKG000006416,PAY000006416,issued,2013-04-15 22:03:05,NONE,44.0
TKT000006417,BKG000006417,PAY000006417,issued,2013-08-06 14:15:19,NONE,14.0
TKT000006418,BKG000006418,PAY000006418,issued,2013-05-21 20:23:02,NONE,18.0
TKT000006419,BKG000006419,PAY000006419,not_issued_payment_failed,,NONE,
TKT000006420,BKG000006420,PAY000006420,issued,2014-04-06 10:31:01,NONE,12.0
TKT000006421,BKG000006421,PAY000006421,issued,2014-08-16 20:02:44,NONE,32.0
TKT000006422,BKG000006422,PAY000006422,issued,2013-09-08 21:20:30,NONE,13.0
TKT000006423,BKG000006423,PAY000006423,issued,2013-12-02 00:05:43,NONE,28.0
TKT000006424,BKG000006424,PAY000006424,issued,2014-06-05 06:27:22,NONE,32.0
TKT000006425,BKG000006425,PAY000006425,issued,2013-09-30 13:56:06,NONE,8.0
TKT000006426,BKG000006426,PAY000006426,issued,2014-12-05 17:14:53,NONE,42.0
TKT000006427,BKG000006427,PAY000006427,issued,2014-05-04 19:23:50,NONE,3.0
TKT000006428,BKG000006428,PAY000006428,issued,2013-03-12 11:06:43,NONE,35.0
TKT000006429,BKG000006429,PAY000006429,issued,2013-05-14 10:50:42,NONE,26.0
TKT000006430,BKG000006430,PAY000006430,issued,2014-03-11 23:08:23,NONE,34.0
TKT000006431,BKG000006431,PAY000006431,issued,2013-09-05 20:08:36,NONE,36.0
TKT000006432,BKG000006432,PAY000006432,issued,2014-03-14 21:15:35,NONE,26.0
TKT000006433,BKG000006433,PAY000006433,issued,2014-10-02 15:00:38,NONE,40.0
TKT000006434,BKG000006434,PAY000006434,issued,2014-11-24 14:49:50,NONE,44.0
TKT000006435,BKG000006435,PAY000006435,issued,2013-12-24 02:39:01,NONE,850.0
TKT000006436,BKG000006436,PAY000006436,issued,2014-02-13 21:07:11,NONE,17.0
TKT000006437,BKG000006437,PAY000006437,issued,2014-09-14 18:49:47,NONE,26.0
TKT000006438,BKG000006438,PAY000006438,issued,2013-01-12 00:35:00,NONE,1351.0
TKT000006439,BKG000006439,PAY000006439,issued,2014-12-16 10:40:54,NONE,41.0
TKT000006440,BKG000006440,PAY000006440,issued,2014-06-06 07:58:48,NONE,3.0
TKT000006441,BKG000006441,PAY000006441,issued,2014-06-30 14:22:48,NONE,11.0
TKT000006442,BKG000006442,PAY000006442,issued,2014-09-23 19:49:42,NONE,18.0
TKT000006443,BKG000006443,PAY000006443,issued,2013-04-15 20:15:15,NONE,26.0
TKT000006444,BKG000006444,PAY000006444,issued,2014-11-03 16:37:42,NONE,42.0
TKT000006445,BKG000006445,PAY000006445,issued,2014-12-15 08:21:03,NONE,22.0
TKT000006446,BKG000006446,PAY000006446,issued,2014-11-19 02:58:39,NONE,16.0
TKT000006447,BKG000006447,PAY000006447,issued,2014-05-26 02:18:29,NONE,30.0
TKT000006448,BKG000006448,PAY000006448,issued,2014-03-22 22:47:02,NONE,45.0
TKT000006449,BKG000006449,PAY000006449,issued,2014-05-21 10:08:15,NONE,43.0
TKT000006450,BKG000006450,PAY000006450,issued,2014-05-16 00:47:27,NONE,34.0
TKT000006451,BKG000006451,PAY000006451,issued,2013-11-01 18:39:30,NONE,4.0
TKT000006452,BKG000006452,PAY000006452,issued,2014-10-26 05:48:07,NONE,883.0
TKT000006453,BKG000006453,PAY000006453,not_issued_payment_failed,,NONE,
TKT000006454,BKG000006454,PAY000006454,issued,2013-08-02 23:22:30,NONE,17.0
TKT000006455,BKG000006455,PAY000006455,issued,2014-11-18 01:18:41,NONE,25.0
TKT000006456,BKG000006456,PAY000006456,issued,2014-09-23 20:27:09,NONE,29.0
TKT000006457,BKG000006457,PAY000006457,issued,2013-08-06 08:56:43,NONE,6.0
TKT000006458,BKG000006458,PAY000006458,issued,2014-10-10 17:04:57,NONE,24.0
TKT000006459,BKG000006459,PAY000006459,issued,2014-09-04 08:20:00,NONE,802.0
TKT000006460,BKG000006460,PAY000006460,issued,2013-02-09 18:53:09,NONE,31.0
TKT000006461,BKG000006461,PAY000006461,issued,2014-10-03 09:34:19,NONE,28.0
TKT000006462,BKG000006462,PAY000006462,issued,2013-12-08 21:53:40,NONE,43.0
TKT000006463,BKG000006463,PAY000006463,issued,2013-04-02 21:13:55,NONE,8.0
TKT000006464,BKG000006464,PAY000006464,issued,2014-07-29 07:43:11,NONE,1007.0
TKT000006465,BKG000006465,PAY000006465,issued,2013-05-10 16:21:58,NONE,9.0
TKT000006466,BKG000006466,PAY000006466,issued,2014-10-30 08:39:55,NONE,28.0
TKT000006467,BKG000006467,PAY000006467,issued,2014-01-12 12:59:44,NONE,16.0
TKT000006468,BKG000006468,PAY000006468,issued,2014-06-29 21:01:09,NONE,11.0
TKT000006469,BKG000006469,PAY000006469,not_issued_payment_failed,,NONE,
TKT000006470,BKG000006470,PAY000006470,issued,2014-08-22 01:13:01,NONE,18.0
TKT000006471,BKG000006471,PAY000006471,issued,2014-07-14 22:03:44,NONE,16.0
TKT000006472,BKG000006472,PAY000006472,issued,2014-09-10 10:20:05,NONE,24.0
TKT000006473,BKG000006473,PAY000006473,issued,2014-09-10 20:54:59,NONE,12.0
TKT000006474,BKG000006474,PAY000006474,failed,2014-04-16 17:57:02,TICKETING_TIMEOUT,42.0
TKT000006475,BKG000006475,PAY000006475,issued,2014-12-13 05:24:10,NONE,24.0
TKT000006476,BKG000006476,PAY000006476,issued,2013-01-27 23:00:20,NONE,43.0
TKT000006477,BKG000006477,PAY000006477,not_issued_payment_failed,,NONE,
TKT000006478,BKG000006478,PAY000006478,issued,2013-01-18 13:59:04,NONE,24.0
TKT000006479,BKG000006479,PAY000006479,issued,2013-05-19 12:32:32,NONE,42.0
TKT000006480,BKG000006480,PAY000006480,issued,2014-06-16 22:29:31,NONE,23.0
TKT000006481,BKG000006481,PAY000006481,issued,2014-09-05 05:23:54,NONE,42.0
TKT000006482,BKG000006482,PAY000006482,issued,2014-06-16 09:28:00,NONE,3.0
TKT000006483,BKG000006483,PAY000006483,issued,2013-07-05 11:54:35,NONE,39.0
TKT000006484,BKG000006484,PAY000006484,issued,2014-03-29 12:18:37,NONE,32.0
TKT000006485,BKG000006485,PAY000006485,issued,2014-07-24 19:44:05,NONE,23.0
TKT000006486,BKG000006486,PAY000006486,issued,2014-08-14 16:55:52,NONE,9.0
TKT000006487,BKG000006487,PAY000006487,issued,2014-05-01 14:44:17,NONE,613.0
TKT000006488,BKG000006488,PAY000006488,issued,2013-05-28 12:01:18,NONE,4.0
TKT000006489,BKG000006489,PAY000006489,issued,2014-05-31 22:02:50,NONE,26.0
TKT000006490,BKG000006490,PAY000006490,issued,2014-10-14 22:50:36,NONE,43.0
TKT000006491,BKG000006491,PAY000006491,issued,2013-06-27 18:17:08,NONE,4.0
TKT000006492,BKG000006492,PAY000006492,issued,2013-07-17 14:03:57,NONE,4.0
TKT000006493,BKG000006493,PAY000006493,issued,2014-12-17 21:21:11,NONE,36.0
TKT000006494,BKG000006494,PAY000006494,issued,2014-05-06 15:48:24,NONE,13.0
TKT000006495,BKG000006495,PAY000006495,issued,2014-09-11 07:40:16,NONE,3.0
TKT000006496,BKG000006496,PAY000006496,issued,2014-11-06 15:11:42,NONE,11.0
TKT000006497,BKG000006497,PAY000006497,issued,2013-10-05 15:09:43,NONE,22.0
TKT000006498,BKG000006498,PAY000006498,issued,2013-10-20 13:32:37,NONE,30.0
TKT000006499,BKG000006499,PAY000006499,not_issued_payment_failed,,NONE,
TKT000006500,BKG000006500,PAY000006500,issued,2014-12-07 19:21:20,NONE,3.0
TKT000006501,BKG000006501,PAY000006501,issued,2014-06-18 11:04:07,NONE,19.0
TKT000006502,BKG000006502,PAY000006502,issued,2014-12-31 13:52:27,NONE,29.0
TKT000006503,BKG000006503,PAY000006503,issued,2013-10-10 05:26:29,NONE,529.0
TKT000006504,BKG000006504,PAY000006504,issued,2014-06-12 04:29:30,NONE,42.0
TKT000006505,BKG000006505,PAY000006505,not_issued_payment_failed,,NONE,
TKT000006506,BKG000006506,PAY000006506,issued,2014-02-26 09:57:59,NONE,7.0
TKT000006507,BKG000006507,PAY000006507,issued,2014-09-13 10:06:58,NONE,3.0
TKT000006508,BKG000006508,PAY000006508,issued,2014-07-29 12:59:33,NONE,7.0
TKT000006509,BKG000006509,PAY000006509,issued,2014-08-17 11:44:34,NONE,43.0
TKT000006510,BKG000006510,PAY000006510,issued,2014-03-02 22:07:22,NONE,21.0
TKT000006511,BKG000006511,PAY000006511,issued,2014-03-20 14:30:22,NONE,41.0
TKT000006512,BKG000006512,PAY000006512,issued,2014-05-23 01:46:55,NONE,7.0
TKT000006513,BKG000006513,PAY000006513,issued,2013-07-07 10:12:18,NONE,30.0
TKT000006514,BKG000006514,PAY000006514,issued,2013-07-07 11:40:18,NONE,15.0
TKT000006515,BKG000006515,PAY000006515,issued,2014-09-13 01:51:32,NONE,45.0
TKT000006516,BKG000006516,PAY000006516,issued,2013-03-28 14:09:41,NONE,20.0
TKT000006517,BKG000006517,PAY000006517,issued,2014-01-04 14:48:06,NONE,17.0
TKT000006518,BKG000006518,PAY000006518,not_issued_payment_failed,,NONE,
TKT000006519,BKG000006519,PAY000006519,issued,2014-11-13 23:23:11,NONE,35.0
TKT000006520,BKG000006520,PAY000006520,issued,2014-10-02 18:31:44,NONE,19.0
TKT000006521,BKG000006521,PAY000006521,issued,2013-09-15 11:46:08,NONE,19.0
TKT000006522,BKG000006522,PAY000006522,issued,2013-03-24 17:37:51,NONE,29.0
TKT000006523,BKG000006523,PAY000006523,issued,2014-11-09 08:08:12,NONE,45.0
TKT000006524,BKG000006524,PAY000006524,issued,2013-04-26 14:01:49,NONE,40.0
TKT000006525,BKG000006525,PAY000006525,issued,2014-10-05 12:32:56,NONE,43.0
TKT000006526,BKG000006526,PAY000006526,issued,2014-11-19 11:22:10,NONE,43.0
TKT000006527,BKG000006527,PAY000006527,issued,2014-02-25 23:53:49,NONE,596.0
TKT000006528,BKG000006528,PAY000006528,issued,2013-07-08 03:32:06,NONE,36.0
TKT000006529,BKG000006529,PAY000006529,issued,2014-02-02 23:22:19,NONE,553.0
TKT000006530,BKG000006530,PAY000006530,not_issued_payment_failed,,NONE,
TKT000006531,BKG000006531,PAY000006531,issued,2014-06-20 23:19:54,NONE,6.0
TKT000006532,BKG000006532,PAY000006532,issued,2014-10-09 12:15:39,NONE,19.0
TKT000006533,BKG000006533,PAY000006533,issued,2014-08-23 14:22:50,NONE,12.0
TKT000006534,BKG000006534,PAY000006534,not_issued_payment_failed,,NONE,
TKT000006535,BKG000006535,PAY000006535,issued,2013-03-16 16:35:23,NONE,229.0
TKT000006536,BKG000006536,PAY000006536,issued,2013-03-17 17:13:59,NONE,17.0
TKT000006537,BKG000006537,PAY000006537,issued,2013-12-17 14:16:27,NONE,32.0
TKT000006538,BKG000006538,PAY000006538,issued,2014-02-21 22:57:01,NONE,35.0
TKT000006539,BKG000006539,PAY000006539,issued,2014-12-16 22:31:35,NONE,39.0
TKT000006540,BKG000006540,PAY000006540,issued,2014-03-27 16:48:26,NONE,13.0
TKT000006541,BKG000006541,PAY000006541,not_issued_payment_failed,,NONE,
TKT000006542,BKG000006542,PAY000006542,issued,2014-11-19 16:34:24,NONE,41.0
TKT000006543,BKG000006543,PAY000006543,issued,2014-09-02 20:54:36,NONE,23.0
TKT000006544,BKG000006544,PAY000006544,issued,2014-11-13 17:45:10,NONE,5.0
TKT000006545,BKG000006545,PAY000006545,issued,2014-11-12 23:14:17,NONE,42.0
TKT000006546,BKG000006546,PAY000006546,issued,2014-08-01 13:39:11,NONE,25.0
TKT000006547,BKG000006547,PAY000006547,issued,2014-08-01 13:15:11,NONE,38.0
TKT000006548,BKG000006548,PAY000006548,issued,2014-07-09 17:11:45,NONE,6.0
TKT000006549,BKG000006549,PAY000006549,issued,2014-09-09 09:37:29,NONE,37.0
TKT000006550,BKG000006550,PAY000006550,issued,2014-09-22 16:23:09,NONE,16.0
TKT000006551,BKG000006551,PAY000006551,issued,2014-06-07 21:28:49,NONE,41.0
TKT000006552,BKG000006552,PAY000006552,issued,2013-04-08 09:30:48,NONE,44.0
TKT000006553,BKG000006553,PAY000006553,issued,2013-07-23 15:06:38,NONE,1285.0
TKT000006554,BKG000006554,PAY000006554,issued,2014-12-28 21:34:18,NONE,28.0
TKT000006555,BKG000006555,PAY000006555,issued,2014-02-18 01:10:51,NONE,45.0
TKT000006556,BKG000006556,PAY000006556,issued,2013-09-22 19:50:48,NONE,19.0
TKT000006557,BKG000006557,PAY000006557,issued,2013-12-12 01:04:31,NONE,19.0
TKT000006558,BKG000006558,PAY000006558,issued,2014-12-12 15:44:33,NONE,30.0
TKT000006559,BKG000006559,PAY000006559,not_issued_payment_failed,,NONE,
TKT000006560,BKG000006560,PAY000006560,issued,2014-09-14 16:23:06,NONE,24.0
TKT000006561,BKG000006561,PAY000006561,issued,2014-08-06 14:20:59,NONE,44.0
TKT000006562,BKG000006562,PAY000006562,issued,2014-01-04 18:36:19,NONE,29.0
TKT000006563,BKG000006563,PAY000006563,issued,2014-05-25 17:35:17,NONE,33.0
TKT000006564,BKG000006564,PAY000006564,issued,2014-06-11 13:27:25,NONE,1289.0
TKT000006565,BKG000006565,PAY000006565,issued,2013-11-17 20:07:49,NONE,21.0
TKT000006566,BKG000006566,PAY000006566,issued,2014-09-05 20:57:55,NONE,4.0
TKT000006567,BKG000006567,PAY000006567,issued,2014-03-16 20:05:39,NONE,26.0
TKT000006568,BKG000006568,PAY000006568,issued,2014-08-12 20:27:41,NONE,29.0
TKT000006569,BKG000006569,PAY000006569,issued,2014-01-29 15:28:18,NONE,34.0
TKT000006570,BKG000006570,PAY000006570,issued,2014-05-14 06:41:17,NONE,3.0
TKT000006571,BKG000006571,PAY000006571,not_issued_payment_failed,,NONE,
TKT000006572,BKG000006572,PAY000006572,issued,2014-08-18 09:13:54,NONE,11.0
TKT000006573,BKG000006573,PAY000006573,issued,2014-07-17 18:38:44,NONE,10.0
TKT000006574,BKG000006574,PAY000006574,issued,2014-08-14 12:42:17,NONE,40.0
TKT000006575,BKG000006575,PAY000006575,issued,2014-03-11 13:02:48,NONE,45.0
TKT000006576,BKG000006576,PAY000006576,issued,2014-03-10 22:09:15,NONE,39.0
TKT000006577,BKG000006577,PAY000006577,issued,2013-06-27 16:27:05,NONE,33.0
TKT000006578,BKG000006578,PAY000006578,issued,2014-02-19 12:57:55,NONE,43.0
TKT000006579,BKG000006579,PAY000006579,not_issued_payment_failed,,NONE,
TKT000006580,BKG000006580,PAY000006580,issued,2014-10-23 04:17:48,NONE,928.0
TKT000006581,BKG000006581,PAY000006581,issued,2014-07-08 03:39:28,NONE,42.0
TKT000006582,BKG000006582,PAY000006582,issued,2014-11-29 01:32:56,NONE,33.0
TKT000006583,BKG000006583,PAY000006583,not_issued_payment_failed,,NONE,
TKT000006584,BKG000006584,PAY000006584,issued,2014-01-03 16:59:27,NONE,14.0
TKT000006585,BKG000006585,PAY000006585,issued,2014-04-26 20:30:31,NONE,22.0
TKT000006586,BKG000006586,PAY000006586,issued,2014-07-03 07:42:53,NONE,13.0
TKT000006587,BKG000006587,PAY000006587,issued,2014-05-30 02:33:38,NONE,12.0
TKT000006588,BKG000006588,PAY000006588,issued,2013-11-21 19:08:56,NONE,6.0
TKT000006589,BKG000006589,PAY000006589,issued,2014-10-14 22:41:04,NONE,18.0
TKT000006590,BKG000006590,PAY000006590,issued,2014-12-08 17:44:37,NONE,6.0
TKT000006591,BKG000006591,PAY000006591,issued,2014-04-12 20:03:22,NONE,21.0
TKT000006592,BKG000006592,PAY000006592,pending,2014-02-01 08:15:43,INVENTORY_MISMATCH,36.0
TKT000006593,BKG000006593,PAY000006593,issued,2014-08-04 22:14:53,NONE,20.0
TKT000006594,BKG000006594,PAY000006594,issued,2013-06-10 10:56:44,NONE,3.0
TKT000006595,BKG000006595,PAY000006595,issued,2013-08-15 12:57:48,NONE,17.0
TKT000006596,BKG000006596,PAY000006596,issued,2013-02-01 22:20:54,NONE,29.0
TKT000006597,BKG000006597,PAY000006597,issued,2013-12-21 14:49:11,NONE,36.0
TKT000006598,BKG000006598,PAY000006598,not_issued_payment_failed,,NONE,
TKT000006599,BKG000006599,PAY000006599,issued,2014-04-07 03:21:28,NONE,12.0
TKT000006600,BKG000006600,PAY000006600,issued,2013-11-09 22:18:12,NONE,45.0
TKT000006601,BKG000006601,PAY000006601,issued,2014-12-13 02:56:48,NONE,17.0
TKT000006602,BKG000006602,PAY000006602,issued,2014-08-22 03:38:20,NONE,45.0
TKT000006603,BKG000006603,PAY000006603,issued,2014-09-10 18:26:56,NONE,18.0
TKT000006604,BKG000006604,PAY000006604,issued,2014-12-05 10:03:11,NONE,604.0
TKT000006605,BKG000006605,PAY000006605,issued,2014-09-29 15:13:58,NONE,25.0
TKT000006606,BKG000006606,PAY000006606,issued,2014-01-14 04:10:23,NONE,38.0
TKT000006607,BKG000006607,PAY000006607,not_issued_payment_failed,,NONE,
TKT000006608,BKG000006608,PAY000006608,issued,2013-01-12 13:48:57,NONE,33.0
TKT000006609,BKG000006609,PAY000006609,issued,2014-08-05 13:01:45,NONE,17.0
TKT000006610,BKG000006610,PAY000006610,issued,2014-10-10 10:08:04,NONE,42.0
TKT000006611,BKG000006611,PAY000006611,issued,2014-08-14 04:06:47,NONE,44.0
TKT000006612,BKG000006612,PAY000006612,issued,2014-09-26 16:14:45,NONE,24.0
TKT000006613,BKG000006613,PAY000006613,issued,2013-04-17 15:34:50,NONE,4.0
TKT000006614,BKG000006614,PAY000006614,issued,2014-08-14 19:17:58,NONE,45.0
TKT000006615,BKG000006615,PAY000006615,issued,2013-02-27 16:58:21,NONE,14.0
TKT000006616,BKG000006616,PAY000006616,issued,2014-08-18 12:25:46,NONE,22.0
TKT000006617,BKG000006617,PAY000006617,issued,2013-08-04 03:24:39,NONE,19.0
TKT000006618,BKG000006618,PAY000006618,issued,2014-07-22 00:25:45,NONE,22.0
TKT000006619,BKG000006619,PAY000006619,issued,2014-12-01 11:51:58,NONE,9.0
TKT000006620,BKG000006620,PAY000006620,issued,2014-09-07 15:12:19,NONE,5.0
TKT000006621,BKG000006621,PAY000006621,issued,2013-02-24 13:02:30,NONE,29.0
TKT000006622,BKG000006622,PAY000006622,issued,2014-12-08 08:06:57,NONE,4.0
TKT000006623,BKG000006623,PAY000006623,issued,2014-07-24 18:15:43,NONE,34.0
TKT000006624,BKG000006624,PAY000006624,issued,2013-09-06 00:18:50,NONE,37.0
TKT000006625,BKG000006625,PAY000006625,not_issued_payment_failed,,NONE,
TKT000006626,BKG000006626,PAY000006626,issued,2014-12-20 20:28:47,NONE,7.0
TKT000006627,BKG000006627,PAY000006627,not_issued_payment_failed,,NONE,
TKT000006628,BKG000006628,PAY000006628,issued,2013-09-08 12:22:31,NONE,14.0
TKT000006629,BKG000006629,PAY000006629,issued,2014-04-23 19:16:13,NONE,42.0
TKT000006630,BKG000006630,PAY000006630,issued,2014-09-04 14:32:54,NONE,21.0
TKT000006631,BKG000006631,PAY000006631,issued,2014-08-18 16:56:16,NONE,34.0
TKT000006632,BKG000006632,PAY000006632,issued,2013-10-24 23:30:33,NONE,20.0
TKT000006633,BKG000006633,PAY000006633,issued,2014-02-11 21:40:47,NONE,15.0
TKT000006634,BKG000006634,PAY000006634,failed,2014-06-07 20:59:33,INVENTORY_MISMATCH,35.0
TKT000006635,BKG000006635,PAY000006635,issued,2013-06-20 23:35:56,NONE,20.0
TKT000006636,BKG000006636,PAY000006636,issued,2013-02-05 22:34:56,NONE,26.0
TKT000006637,BKG000006637,PAY000006637,issued,2014-02-02 03:09:14,NONE,21.0
TKT000006638,BKG000006638,PAY000006638,not_issued_payment_failed,,NONE,
TKT000006639,BKG000006639,PAY000006639,issued,2014-08-20 00:49:21,NONE,12.0
TKT000006640,BKG000006640,PAY000006640,issued,2013-09-30 07:53:07,NONE,10.0
TKT000006641,BKG000006641,PAY000006641,issued,2013-03-12 17:36:24,NONE,14.0
TKT000006642,BKG000006642,PAY000006642,issued,2014-06-21 10:46:58,NONE,22.0
TKT000006643,BKG000006643,PAY000006643,failed,2014-03-10 09:22:58,SUPPLIER_ERROR,38.0
TKT000006644,BKG000006644,PAY000006644,issued,2014-07-18 07:50:04,NONE,16.0
TKT000006645,BKG000006645,PAY000006645,issued,2014-10-15 06:28:17,NONE,6.0
TKT000006646,BKG000006646,PAY000006646,not_issued_payment_failed,,NONE,
TKT000006647,BKG000006647,PAY000006647,issued,2014-08-05 16:04:36,NONE,16.0
TKT000006648,BKG000006648,PAY000006648,issued,2014-08-05 16:32:36,NONE,16.0
TKT000006649,BKG000006649,PAY000006649,not_issued_payment_failed,,NONE,
TKT000006650,BKG000006650,PAY000006650,issued,2014-05-01 12:36:58,NONE,19.0
TKT000006651,BKG000006651,PAY000006651,issued,2014-07-26 17:55:16,NONE,22.0
TKT000006652,BKG000006652,PAY000006652,issued,2014-10-09 10:15:39,NONE,22.0
TKT000006653,BKG000006653,PAY000006653,issued,2014-12-04 08:37:55,NONE,3.0
TKT000006654,BKG000006654,PAY000006654,issued,2013-05-30 02:54:08,NONE,859.0
TKT000006655,BKG000006655,PAY000006655,issued,2014-01-23 11:03:30,NONE,16.0
TKT000006656,BKG000006656,PAY000006656,issued,2014-07-15 08:54:26,NONE,14.0
TKT000006657,BKG000006657,PAY000006657,issued,2014-08-09 12:38:37,NONE,561.0
TKT000006658,BKG000006658,PAY000006658,issued,2014-06-23 19:05:58,NONE,30.0
TKT000006659,BKG000006659,PAY000006659,issued,2014-11-27 03:34:04,NONE,31.0
TKT000006660,BKG000006660,PAY000006660,issued,2014-11-27 04:13:04,NONE,4.0
TKT000006661,BKG000006661,PAY000006661,issued,2014-07-22 13:01:51,NONE,32.0
TKT000006662,BKG000006662,PAY000006662,issued,2014-01-22 19:58:09,NONE,4.0
TKT000006663,BKG000006663,PAY000006663,issued,2014-08-09 09:31:33,NONE,35.0
TKT000006664,BKG000006664,PAY000006664,issued,2013-08-23 20:09:55,NONE,40.0
TKT000006665,BKG000006665,PAY000006665,issued,2013-08-28 09:59:13,NONE,7.0
TKT000006666,BKG000006666,PAY000006666,issued,2013-06-10 22:33:43,NONE,23.0
TKT000006667,BKG000006667,PAY000006667,issued,2013-09-26 20:08:33,NONE,665.0
TKT000006668,BKG000006668,PAY000006668,issued,2014-11-07 07:52:48,NONE,702.0
TKT000006669,BKG000006669,PAY000006669,pending,2014-05-13 20:00:51,SUPPLIER_ERROR,3.0
TKT000006670,BKG000006670,PAY000006670,issued,2013-03-29 06:38:15,NONE,15.0
TKT000006671,BKG000006671,PAY000006671,issued,2014-06-17 20:45:04,NONE,382.0
TKT000006672,BKG000006672,PAY000006672,issued,2014-06-17 14:45:04,NONE,20.0
TKT000006673,BKG000006673,PAY000006673,issued,2014-10-14 12:40:27,NONE,11.0
TKT000006674,BKG000006674,PAY000006674,issued,2013-04-05 23:33:06,NONE,491.0
TKT000006675,BKG000006675,PAY000006675,issued,2013-07-03 05:35:25,NONE,34.0
TKT000006676,BKG000006676,PAY000006676,pending,2014-02-05 22:50:43,INVENTORY_MISMATCH,34.0
TKT000006677,BKG000006677,PAY000006677,issued,2014-11-11 04:33:21,NONE,13.0
TKT000006678,BKG000006678,PAY000006678,issued,2013-12-02 19:24:04,NONE,3.0
TKT000006679,BKG000006679,PAY000006679,issued,2014-04-15 22:11:36,NONE,44.0
TKT000006680,BKG000006680,PAY000006680,issued,2014-10-03 15:29:49,NONE,10.0
TKT000006681,BKG000006681,PAY000006681,issued,2013-09-26 00:16:35,NONE,8.0
TKT000006682,BKG000006682,PAY000006682,issued,2014-12-12 12:32:52,NONE,40.0
TKT000006683,BKG000006683,PAY000006683,issued,2014-02-04 06:28:44,NONE,19.0
TKT000006684,BKG000006684,PAY000006684,issued,2014-03-10 15:26:15,NONE,22.0
TKT000006685,BKG000006685,PAY000006685,issued,2014-05-15 23:03:38,NONE,32.0
TKT000006686,BKG000006686,PAY000006686,issued,2014-11-27 23:58:52,NONE,21.0
TKT000006687,BKG000006687,PAY000006687,issued,2013-06-25 11:56:06,NONE,12.0
TKT000006688,BKG000006688,PAY000006688,issued,2014-06-30 00:21:09,NONE,835.0
TKT000006689,BKG000006689,PAY000006689,issued,2014-03-06 01:46:07,NONE,6.0
TKT000006690,BKG000006690,PAY000006690,issued,2013-09-18 18:15:00,NONE,5.0
TKT000006691,BKG000006691,PAY000006691,pending,2014-10-14 22:10:01,INVENTORY_MISMATCH,7.0
TKT000006692,BKG000006692,PAY000006692,issued,2013-09-20 13:04:29,NONE,37.0
TKT000006693,BKG000006693,PAY000006693,issued,2013-09-20 12:51:29,NONE,45.0
TKT000006694,BKG000006694,PAY000006694,issued,2014-12-01 13:44:03,NONE,26.0
TKT000006695,BKG000006695,PAY000006695,issued,2013-08-15 18:03:00,NONE,3.0
TKT000006696,BKG000006696,PAY000006696,issued,2014-06-11 16:43:19,NONE,44.0
TKT000006697,BKG000006697,PAY000006697,issued,2013-04-02 19:59:10,NONE,32.0
TKT000006698,BKG000006698,PAY000006698,issued,2013-09-01 09:53:47,NONE,24.0
TKT000006699,BKG000006699,PAY000006699,issued,2013-09-25 19:45:09,NONE,36.0
TKT000006700,BKG000006700,PAY000006700,issued,2014-07-08 21:36:20,NONE,31.0
TKT000006701,BKG000006701,PAY000006701,issued,2014-08-15 11:42:48,NONE,7.0
TKT000006702,BKG000006702,PAY000006702,issued,2014-04-01 00:17:03,NONE,41.0
TKT000006703,BKG000006703,PAY000006703,issued,2014-07-05 21:42:29,NONE,35.0
TKT000006704,BKG000006704,PAY000006704,issued,2014-06-11 10:02:09,NONE,44.0
TKT000006705,BKG000006705,PAY000006705,issued,2014-06-11 10:11:09,NONE,32.0
TKT000006706,BKG000006706,PAY000006706,issued,2014-10-02 03:45:17,NONE,707.0
TKT000006707,BKG000006707,PAY000006707,issued,2014-05-08 03:20:38,NONE,3.0
TKT000006708,BKG000006708,PAY000006708,issued,2013-05-26 10:23:05,NONE,30.0
TKT000006709,BKG000006709,PAY000006709,issued,2014-11-01 01:03:55,NONE,24.0
TKT000006710,BKG000006710,PAY000006710,issued,2014-03-26 20:49:22,NONE,34.0
TKT000006711,BKG000006711,PAY000006711,issued,2014-11-19 08:45:58,NONE,718.0
TKT000006712,BKG000006712,PAY000006712,issued,2013-05-29 03:42:02,NONE,786.0
TKT000006713,BKG000006713,PAY000006713,issued,2014-08-16 04:43:49,NONE,43.0
TKT000006714,BKG000006714,PAY000006714,issued,2014-08-03 12:11:55,NONE,6.0
TKT000006715,BKG000006715,PAY000006715,issued,2014-08-08 13:41:59,NONE,35.0
TKT000006716,BKG000006716,PAY000006716,issued,2014-06-27 07:54:15,NONE,3.0
TKT000006717,BKG000006717,PAY000006717,issued,2014-12-11 23:50:33,NONE,35.0
TKT000006718,BKG000006718,PAY000006718,failed,2014-07-19 11:14:35,AIRLINE_CONFIRMATION_FAILED,24.0
TKT000006719,BKG000006719,PAY000006719,issued,2014-07-31 08:15:10,NONE,38.0
TKT000006720,BKG000006720,PAY000006720,issued,2013-11-15 12:26:00,NONE,25.0
TKT000006721,BKG000006721,PAY000006721,issued,2013-05-08 14:55:45,NONE,10.0
TKT000006722,BKG000006722,PAY000006722,not_issued_payment_failed,,NONE,
TKT000006723,BKG000006723,PAY000006723,not_issued_payment_failed,,NONE,
TKT000006724,BKG000006724,PAY000006724,issued,2013-08-20 07:47:16,NONE,43.0
TKT000006725,BKG000006725,PAY000006725,issued,2014-03-07 16:51:34,NONE,7.0
TKT000006726,BKG000006726,PAY000006726,not_issued_payment_failed,,NONE,
TKT000006727,BKG000006727,PAY000006727,issued,2014-03-06 15:01:26,NONE,26.0
TKT000006728,BKG000006728,PAY000006728,not_issued_payment_failed,,NONE,
TKT000006729,BKG000006729,PAY000006729,issued,2013-06-20 10:53:04,NONE,6.0
TKT000006730,BKG000006730,PAY000006730,issued,2013-12-14 15:54:40,NONE,36.0
TKT000006731,BKG000006731,PAY000006731,issued,2014-04-30 08:52:59,NONE,42.0
TKT000006732,BKG000006732,PAY000006732,issued,2014-09-06 01:27:27,NONE,40.0
TKT000006733,BKG000006733,PAY000006733,issued,2014-09-16 19:07:56,NONE,16.0
TKT000006734,BKG000006734,PAY000006734,issued,2014-12-15 03:14:50,NONE,40.0
TKT000006735,BKG000006735,PAY000006735,issued,2014-01-18 16:19:33,NONE,19.0
TKT000006736,BKG000006736,PAY000006736,not_issued_payment_failed,,NONE,
TKT000006737,BKG000006737,PAY000006737,issued,2014-11-20 19:05:06,NONE,18.0
TKT000006738,BKG000006738,PAY000006738,issued,2014-04-28 18:49:52,NONE,24.0
TKT000006739,BKG000006739,PAY000006739,issued,2014-10-19 23:44:09,NONE,33.0
TKT000006740,BKG000006740,PAY000006740,issued,2013-11-29 07:03:32,NONE,16.0
TKT000006741,BKG000006741,PAY000006741,issued,2014-08-10 20:50:12,NONE,43.0
TKT000006742,BKG000006742,PAY000006742,issued,2013-10-16 18:40:59,NONE,38.0
TKT000006743,BKG000006743,PAY000006743,failed,2014-04-16 18:31:48,AIRLINE_CONFIRMATION_FAILED,40.0
TKT000006744,BKG000006744,PAY000006744,issued,2014-08-04 21:51:10,NONE,8.0
TKT000006745,BKG000006745,PAY000006745,issued,2014-12-22 20:55:58,NONE,30.0
TKT000006746,BKG000006746,PAY000006746,issued,2014-04-12 20:16:30,NONE,13.0
TKT000006747,BKG000006747,PAY000006747,issued,2014-11-06 21:39:10,NONE,26.0
TKT000006748,BKG000006748,PAY000006748,issued,2014-07-20 17:17:42,NONE,33.0
TKT000006749,BKG000006749,PAY000006749,issued,2014-05-30 13:49:03,NONE,28.0
TKT000006750,BKG000006750,PAY000006750,issued,2013-12-06 12:02:19,NONE,21.0
TKT000006751,BKG000006751,PAY000006751,issued,2014-03-08 10:32:04,NONE,3.0
TKT000006752,BKG000006752,PAY000006752,issued,2013-01-08 21:56:36,NONE,24.0
TKT000006753,BKG000006753,PAY000006753,issued,2013-07-21 15:22:58,NONE,36.0
TKT000006754,BKG000006754,PAY000006754,issued,2014-07-02 18:20:56,NONE,36.0
TKT000006755,BKG000006755,PAY000006755,issued,2013-05-05 07:14:38,NONE,33.0
TKT000006756,BKG000006756,PAY000006756,issued,2014-10-21 18:39:06,NONE,28.0
TKT000006757,BKG000006757,PAY000006757,issued,2013-03-31 16:47:27,NONE,18.0
TKT000006758,BKG000006758,PAY000006758,issued,2013-08-22 21:17:22,NONE,23.0
TKT000006759,BKG000006759,PAY000006759,issued,2014-03-16 23:12:19,NONE,38.0
TKT000006760,BKG000006760,PAY000006760,issued,2014-01-22 21:27:34,NONE,23.0
TKT000006761,BKG000006761,PAY000006761,not_issued_payment_failed,,NONE,
TKT000006762,BKG000006762,PAY000006762,issued,2013-10-28 18:47:13,NONE,43.0
TKT000006763,BKG000006763,PAY000006763,issued,2013-02-01 09:32:24,NONE,35.0
TKT000006764,BKG000006764,PAY000006764,issued,2014-03-27 19:57:29,NONE,44.0
TKT000006765,BKG000006765,PAY000006765,issued,2014-10-20 15:51:14,NONE,37.0
TKT000006766,BKG000006766,PAY000006766,issued,2013-12-11 15:18:08,NONE,39.0
TKT000006767,BKG000006767,PAY000006767,issued,2014-08-12 11:46:40,NONE,7.0
TKT000006768,BKG000006768,PAY000006768,issued,2014-09-07 17:18:37,NONE,13.0
TKT000006769,BKG000006769,PAY000006769,issued,2013-08-24 22:15:10,NONE,42.0
TKT000006770,BKG000006770,PAY000006770,issued,2014-07-02 00:39:59,NONE,29.0
TKT000006771,BKG000006771,PAY000006771,issued,2014-09-18 14:29:33,NONE,5.0
TKT000006772,BKG000006772,PAY000006772,issued,2013-02-17 10:21:30,NONE,35.0
TKT000006773,BKG000006773,PAY000006773,issued,2013-07-03 16:19:14,NONE,33.0
TKT000006774,BKG000006774,PAY000006774,issued,2014-10-04 17:26:19,NONE,37.0
TKT000006775,BKG000006775,PAY000006775,issued,2013-12-27 08:59:16,NONE,20.0
TKT000006776,BKG000006776,PAY000006776,not_issued_payment_failed,,NONE,
TKT000006777,BKG000006777,PAY000006777,issued,2013-12-28 09:01:41,NONE,38.0
TKT000006778,BKG000006778,PAY000006778,issued,2014-07-23 18:05:44,NONE,10.0
TKT000006779,BKG000006779,PAY000006779,issued,2013-03-08 23:36:52,NONE,12.0
TKT000006780,BKG000006780,PAY000006780,not_issued_payment_failed,,NONE,
TKT000006781,BKG000006781,PAY000006781,issued,2014-08-15 07:19:02,NONE,4.0
TKT000006782,BKG000006782,PAY000006782,issued,2013-05-24 00:41:03,NONE,37.0
TKT000006783,BKG000006783,PAY000006783,issued,2014-05-09 13:00:25,NONE,3.0
TKT000006784,BKG000006784,PAY000006784,issued,2014-08-14 16:35:53,NONE,22.0
TKT000006785,BKG000006785,PAY000006785,issued,2014-05-15 23:26:39,NONE,23.0
TKT000006786,BKG000006786,PAY000006786,issued,2013-10-21 02:50:16,NONE,19.0
TKT000006787,BKG000006787,PAY000006787,issued,2014-12-25 10:13:52,NONE,22.0
TKT000006788,BKG000006788,PAY000006788,issued,2014-04-06 18:38:04,NONE,22.0
TKT000006789,BKG000006789,PAY000006789,issued,2013-12-27 20:31:03,NONE,11.0
TKT000006790,BKG000006790,PAY000006790,issued,2014-11-06 12:06:25,NONE,18.0
TKT000006791,BKG000006791,PAY000006791,issued,2013-02-17 15:01:26,NONE,17.0
TKT000006792,BKG000006792,PAY000006792,issued,2013-02-17 14:58:26,NONE,33.0
TKT000006793,BKG000006793,PAY000006793,issued,2014-04-29 16:33:00,NONE,25.0
TKT000006794,BKG000006794,PAY000006794,issued,2014-08-14 03:31:21,NONE,994.0
TKT000006795,BKG000006795,PAY000006795,issued,2014-08-31 01:04:48,NONE,7.0
TKT000006796,BKG000006796,PAY000006796,issued,2013-06-15 09:06:55,NONE,816.0
TKT000006797,BKG000006797,PAY000006797,issued,2013-03-17 23:26:44,NONE,44.0
TKT000006798,BKG000006798,PAY000006798,issued,2013-03-02 20:33:09,NONE,42.0
TKT000006799,BKG000006799,PAY000006799,not_issued_payment_failed,,NONE,
TKT000006800,BKG000006800,PAY000006800,issued,2014-07-25 16:03:39,NONE,27.0
TKT000006801,BKG000006801,PAY000006801,failed,2014-05-24 12:37:52,TICKETING_TIMEOUT,45.0
TKT000006802,BKG000006802,PAY000006802,issued,2014-09-05 11:19:40,NONE,30.0
TKT000006803,BKG000006803,PAY000006803,not_issued_payment_failed,,NONE,
TKT000006804,BKG000006804,PAY000006804,issued,2014-02-25 12:36:14,NONE,12.0
TKT000006805,BKG000006805,PAY000006805,pending,2014-09-07 10:16:36,SUPPLIER_ERROR,23.0
TKT000006806,BKG000006806,PAY000006806,issued,2014-01-06 06:12:18,NONE,5.0
TKT000006807,BKG000006807,PAY000006807,issued,2014-12-31 11:26:41,NONE,18.0
TKT000006808,BKG000006808,PAY000006808,not_issued_payment_failed,,NONE,
TKT000006809,BKG000006809,PAY000006809,issued,2013-04-17 22:23:31,NONE,13.0
TKT000006810,BKG000006810,PAY000006810,not_issued_payment_failed,,NONE,
TKT000006811,BKG000006811,PAY000006811,issued,2014-11-26 19:58:47,NONE,14.0
TKT000006812,BKG000006812,PAY000006812,not_issued_payment_failed,,NONE,
TKT000006813,BKG000006813,PAY000006813,issued,2014-08-14 11:58:42,NONE,16.0
TKT000006814,BKG000006814,PAY000006814,issued,2014-04-11 01:44:32,NONE,36.0
TKT000006815,BKG000006815,PAY000006815,pending,2014-01-10 19:26:00,SUPPLIER_ERROR,41.0
TKT000006816,BKG000006816,PAY000006816,issued,2013-03-14 08:44:43,NONE,26.0
TKT000006817,BKG000006817,PAY000006817,not_issued_payment_failed,,NONE,
TKT000006818,BKG000006818,PAY000006818,issued,2014-11-17 14:18:33,NONE,11.0
TKT000006819,BKG000006819,PAY000006819,issued,2013-06-17 14:59:39,NONE,10.0
TKT000006820,BKG000006820,PAY000006820,issued,2014-09-29 20:54:54,NONE,41.0
TKT000006821,BKG000006821,PAY000006821,issued,2014-02-25 19:57:49,NONE,13.0
TKT000006822,BKG000006822,PAY000006822,issued,2014-10-31 21:28:01,NONE,24.0
TKT000006823,BKG000006823,PAY000006823,issued,2013-11-10 17:58:23,NONE,38.0
TKT000006824,BKG000006824,PAY000006824,issued,2014-08-26 13:27:33,NONE,10.0
TKT000006825,BKG000006825,PAY000006825,issued,2014-11-04 22:43:08,NONE,38.0
TKT000006826,BKG000006826,PAY000006826,issued,2014-08-10 20:51:39,NONE,32.0
TKT000006827,BKG000006827,PAY000006827,issued,2014-01-28 19:05:38,NONE,33.0
TKT000006828,BKG000006828,PAY000006828,issued,2014-09-01 22:46:51,NONE,30.0
TKT000006829,BKG000006829,PAY000006829,issued,2014-02-05 02:34:31,NONE,42.0
TKT000006830,BKG000006830,PAY000006830,issued,2014-07-14 18:45:21,NONE,33.0
TKT000006831,BKG000006831,PAY000006831,issued,2013-11-14 12:31:43,NONE,22.0
TKT000006832,BKG000006832,PAY000006832,issued,2014-11-18 19:37:36,NONE,22.0
TKT000006833,BKG000006833,PAY000006833,not_issued_payment_failed,,NONE,
TKT000006834,BKG000006834,PAY000006834,issued,2013-08-25 00:58:41,NONE,30.0
TKT000006835,BKG000006835,PAY000006835,issued,2014-05-12 18:33:05,NONE,22.0
TKT000006836,BKG000006836,PAY000006836,issued,2014-07-20 21:29:22,NONE,21.0
TKT000006837,BKG000006837,PAY000006837,issued,2014-11-02 00:08:42,NONE,29.0
TKT000006838,BKG000006838,PAY000006838,issued,2014-03-09 20:05:57,NONE,12.0
TKT000006839,BKG000006839,PAY000006839,not_issued_payment_failed,,NONE,
TKT000006840,BKG000006840,PAY000006840,issued,2014-12-18 09:50:20,NONE,23.0
TKT000006841,BKG000006841,PAY000006841,issued,2014-05-12 21:00:21,NONE,40.0
TKT000006842,BKG000006842,PAY000006842,issued,2014-10-28 08:00:34,NONE,15.0
TKT000006843,BKG000006843,PAY000006843,issued,2014-03-26 04:12:50,NONE,43.0
TKT000006844,BKG000006844,PAY000006844,issued,2014-05-06 22:38:27,NONE,16.0
TKT000006845,BKG000006845,PAY000006845,issued,2014-10-29 15:02:36,NONE,23.0
TKT000006846,BKG000006846,PAY000006846,issued,2014-06-24 20:13:19,NONE,11.0
TKT000006847,BKG000006847,PAY000006847,issued,2013-04-05 15:26:37,NONE,17.0
TKT000006848,BKG000006848,PAY000006848,issued,2014-12-31 15:19:06,NONE,36.0
TKT000006849,BKG000006849,PAY000006849,issued,2013-12-28 22:39:36,NONE,43.0
TKT000006850,BKG000006850,PAY000006850,not_issued_payment_failed,,NONE,
TKT000006851,BKG000006851,PAY000006851,issued,2013-04-16 12:29:37,NONE,16.0
TKT000006852,BKG000006852,PAY000006852,issued,2013-04-16 11:50:37,NONE,41.0
TKT000006853,BKG000006853,PAY000006853,issued,2013-02-18 10:21:36,NONE,37.0
TKT000006854,BKG000006854,PAY000006854,issued,2014-10-06 16:51:16,NONE,36.0
TKT000006855,BKG000006855,PAY000006855,issued,2014-10-28 14:53:59,NONE,8.0
TKT000006856,BKG000006856,PAY000006856,issued,2013-04-17 20:28:12,NONE,9.0
TKT000006857,BKG000006857,PAY000006857,pending,2014-04-18 00:31:37,TICKETING_TIMEOUT,28.0
TKT000006858,BKG000006858,PAY000006858,issued,2014-12-05 13:47:18,NONE,41.0
TKT000006859,BKG000006859,PAY000006859,not_issued_payment_failed,,NONE,
TKT000006860,BKG000006860,PAY000006860,issued,2014-04-09 21:48:57,NONE,22.0
TKT000006861,BKG000006861,PAY000006861,issued,2013-10-22 08:34:11,NONE,23.0
TKT000006862,BKG000006862,PAY000006862,issued,2014-10-31 14:54:48,NONE,37.0
TKT000006863,BKG000006863,PAY000006863,issued,2013-03-05 22:17:59,NONE,28.0
TKT000006864,BKG000006864,PAY000006864,issued,2014-01-05 14:24:09,NONE,34.0
TKT000006865,BKG000006865,PAY000006865,issued,2013-08-17 19:32:01,NONE,3.0
TKT000006866,BKG000006866,PAY000006866,issued,2014-08-08 14:04:29,NONE,4.0
TKT000006867,BKG000006867,PAY000006867,issued,2014-04-14 12:52:39,NONE,45.0
TKT000006868,BKG000006868,PAY000006868,issued,2013-06-30 22:02:42,NONE,467.0
TKT000006869,BKG000006869,PAY000006869,issued,2013-08-26 17:19:41,NONE,26.0
TKT000006870,BKG000006870,PAY000006870,issued,2014-05-21 19:53:32,NONE,8.0
TKT000006871,BKG000006871,PAY000006871,issued,2013-07-13 22:07:54,NONE,33.0
TKT000006872,BKG000006872,PAY000006872,issued,2014-12-06 22:31:35,NONE,26.0
TKT000006873,BKG000006873,PAY000006873,not_issued_payment_failed,,NONE,
TKT000006874,BKG000006874,PAY000006874,issued,2014-01-24 18:07:58,NONE,44.0
TKT000006875,BKG000006875,PAY000006875,not_issued_payment_failed,,NONE,
TKT000006876,BKG000006876,PAY000006876,not_issued_payment_failed,,NONE,
TKT000006877,BKG000006877,PAY000006877,issued,2013-12-09 19:06:17,NONE,9.0
TKT000006878,BKG000006878,PAY000006878,issued,2013-07-22 13:37:48,NONE,36.0
TKT000006879,BKG000006879,PAY000006879,issued,2013-10-19 11:30:30,NONE,36.0
TKT000006880,BKG000006880,PAY000006880,issued,2014-12-15 15:39:11,NONE,6.0
TKT000006881,BKG000006881,PAY000006881,issued,2014-05-28 11:17:36,NONE,30.0
TKT000006882,BKG000006882,PAY000006882,issued,2013-02-26 22:45:30,NONE,27.0
TKT000006883,BKG000006883,PAY000006883,not_issued_payment_failed,,NONE,
TKT000006884,BKG000006884,PAY000006884,issued,2014-10-21 18:33:19,NONE,20.0
TKT000006885,BKG000006885,PAY000006885,issued,2014-08-18 00:32:32,NONE,28.0
TKT000006886,BKG000006886,PAY000006886,issued,2013-06-22 13:47:53,NONE,20.0
TKT000006887,BKG000006887,PAY000006887,issued,2013-04-26 19:50:02,NONE,43.0
TKT000006888,BKG000006888,PAY000006888,issued,2013-10-03 12:13:11,NONE,30.0
TKT000006889,BKG000006889,PAY000006889,issued,2014-02-16 14:07:33,NONE,24.0
TKT000006890,BKG000006890,PAY000006890,issued,2014-04-18 12:54:09,NONE,9.0
TKT000006891,BKG000006891,PAY000006891,issued,2014-05-22 17:17:36,NONE,37.0
TKT000006892,BKG000006892,PAY000006892,issued,2014-03-05 18:23:31,NONE,20.0
TKT000006893,BKG000006893,PAY000006893,issued,2014-09-13 02:20:31,NONE,16.0
TKT000006894,BKG000006894,PAY000006894,issued,2013-02-09 14:52:29,NONE,10.0
TKT000006895,BKG000006895,PAY000006895,issued,2014-05-24 06:04:16,NONE,20.0
TKT000006896,BKG000006896,PAY000006896,issued,2014-01-26 17:57:15,NONE,34.0
TKT000006897,BKG000006897,PAY000006897,issued,2014-05-01 18:11:01,NONE,37.0
TKT000006898,BKG000006898,PAY000006898,issued,2013-11-02 08:47:15,NONE,39.0
TKT000006899,BKG000006899,PAY000006899,issued,2014-09-25 17:03:55,NONE,24.0
TKT000006900,BKG000006900,PAY000006900,issued,2014-04-14 02:00:37,NONE,41.0
TKT000006901,BKG000006901,PAY000006901,issued,2014-07-02 17:21:56,NONE,43.0
TKT000006902,BKG000006902,PAY000006902,issued,2014-06-19 12:21:22,NONE,39.0
TKT000006903,BKG000006903,PAY000006903,issued,2014-08-14 12:02:20,NONE,33.0
TKT000006904,BKG000006904,PAY000006904,issued,2014-07-28 12:43:11,NONE,6.0
TKT000006905,BKG000006905,PAY000006905,issued,2014-11-11 18:11:56,NONE,13.0
TKT000006906,BKG000006906,PAY000006906,issued,2014-10-10 12:03:43,NONE,8.0
TKT000006907,BKG000006907,PAY000006907,issued,2014-08-26 17:49:00,NONE,29.0
TKT000006908,BKG000006908,PAY000006908,issued,2014-07-28 00:30:47,NONE,15.0
TKT000006909,BKG000006909,PAY000006909,issued,2014-05-27 14:14:52,NONE,20.0
TKT000006910,BKG000006910,PAY000006910,issued,2013-03-16 15:05:39,NONE,13.0
TKT000006911,BKG000006911,PAY000006911,issued,2014-05-11 17:27:45,NONE,9.0
TKT000006912,BKG000006912,PAY000006912,issued,2013-04-23 19:09:34,NONE,23.0
TKT000006913,BKG000006913,PAY000006913,issued,2013-11-11 12:33:18,NONE,8.0
TKT000006914,BKG000006914,PAY000006914,not_issued_payment_failed,,NONE,
TKT000006915,BKG000006915,PAY000006915,issued,2014-09-04 03:43:04,NONE,1018.0
TKT000006916,BKG000006916,PAY000006916,issued,2014-11-02 22:30:36,NONE,19.0
TKT000006917,BKG000006917,PAY000006917,not_issued_payment_failed,,NONE,
TKT000006918,BKG000006918,PAY000006918,issued,2014-08-11 14:20:18,NONE,44.0
TKT000006919,BKG000006919,PAY000006919,issued,2014-10-27 15:39:23,NONE,10.0
TKT000006920,BKG000006920,PAY000006920,issued,2014-09-15 13:29:12,NONE,25.0
TKT000006921,BKG000006921,PAY000006921,issued,2014-06-04 15:00:51,NONE,23.0
TKT000006922,BKG000006922,PAY000006922,issued,2014-05-08 13:06:29,NONE,20.0
TKT000006923,BKG000006923,PAY000006923,issued,2014-12-05 22:50:15,NONE,39.0
TKT000006924,BKG000006924,PAY000006924,issued,2013-03-07 15:21:37,NONE,6.0
TKT000006925,BKG000006925,PAY000006925,issued,2014-09-12 10:49:28,NONE,19.0
TKT000006926,BKG000006926,PAY000006926,issued,2014-08-01 08:38:49,NONE,1178.0
TKT000006927,BKG000006927,PAY000006927,issued,2014-01-09 00:17:23,NONE,7.0
TKT000006928,BKG000006928,PAY000006928,issued,2014-08-13 14:50:10,NONE,1202.0
TKT000006929,BKG000006929,PAY000006929,issued,2013-03-30 22:08:50,NONE,3.0
TKT000006930,BKG000006930,PAY000006930,issued,2014-11-22 14:18:54,NONE,16.0
TKT000006931,BKG000006931,PAY000006931,issued,2013-12-31 11:32:51,NONE,36.0
TKT000006932,BKG000006932,PAY000006932,issued,2013-09-12 23:08:54,NONE,12.0
TKT000006933,BKG000006933,PAY000006933,issued,2014-05-20 16:58:06,NONE,11.0
TKT000006934,BKG000006934,PAY000006934,issued,2013-01-30 22:57:43,NONE,21.0
TKT000006935,BKG000006935,PAY000006935,issued,2013-11-08 18:27:26,NONE,11.0
TKT000006936,BKG000006936,PAY000006936,issued,2014-12-19 17:56:25,NONE,34.0
TKT000006937,BKG000006937,PAY000006937,issued,2014-04-27 09:26:55,NONE,37.0
TKT000006938,BKG000006938,PAY000006938,issued,2014-07-13 16:33:48,NONE,121.0
TKT000006939,BKG000006939,PAY000006939,issued,2013-02-26 17:13:22,NONE,17.0
TKT000006940,BKG000006940,PAY000006940,issued,2014-08-27 18:20:42,NONE,23.0
TKT000006941,BKG000006941,PAY000006941,issued,2013-09-29 19:33:46,NONE,38.0
TKT000006942,BKG000006942,PAY000006942,issued,2014-06-10 02:22:58,NONE,564.0
TKT000006943,BKG000006943,PAY000006943,issued,2014-11-21 17:35:55,NONE,8.0
TKT000006944,BKG000006944,PAY000006944,issued,2013-04-12 18:49:07,NONE,20.0
TKT000006945,BKG000006945,PAY000006945,issued,2014-09-04 23:35:02,NONE,29.0
TKT000006946,BKG000006946,PAY000006946,not_issued_payment_failed,,NONE,
TKT000006947,BKG000006947,PAY000006947,issued,2013-06-04 21:59:43,NONE,5.0
TKT000006948,BKG000006948,PAY000006948,issued,2014-12-31 14:04:23,NONE,22.0
TKT000006949,BKG000006949,PAY000006949,issued,2013-04-29 15:21:17,NONE,30.0
TKT000006950,BKG000006950,PAY000006950,issued,2014-04-17 16:21:54,NONE,19.0
TKT000006951,BKG000006951,PAY000006951,issued,2014-03-01 18:35:50,NONE,39.0
TKT000006952,BKG000006952,PAY000006952,issued,2014-10-20 22:30:06,NONE,20.0
TKT000006953,BKG000006953,PAY000006953,issued,2014-03-27 10:25:11,NONE,11.0
TKT000006954,BKG000006954,PAY000006954,issued,2013-07-27 11:56:23,NONE,22.0
TKT000006955,BKG000006955,PAY000006955,failed,2014-11-16 22:52:43,AIRLINE_CONFIRMATION_FAILED,36.0
TKT000006956,BKG000006956,PAY000006956,issued,2013-04-13 23:28:21,NONE,16.0
TKT000006957,BKG000006957,PAY000006957,issued,2014-05-27 03:56:27,NONE,3.0
TKT000006958,BKG000006958,PAY000006958,issued,2014-04-07 11:08:54,NONE,28.0
TKT000006959,BKG000006959,PAY000006959,issued,2014-12-01 00:32:47,NONE,442.0
TKT000006960,BKG000006960,PAY000006960,issued,2013-08-14 16:12:43,NONE,40.0
TKT000006961,BKG000006961,PAY000006961,issued,2013-03-24 15:40:35,NONE,30.0
TKT000006962,BKG000006962,PAY000006962,issued,2014-08-02 23:36:59,NONE,4.0
TKT000006963,BKG000006963,PAY000006963,issued,2014-12-15 22:30:43,NONE,508.0
TKT000006964,BKG000006964,PAY000006964,issued,2014-10-23 12:04:31,NONE,41.0
TKT000006965,BKG000006965,PAY000006965,issued,2014-12-04 15:04:57,NONE,6.0
TKT000006966,BKG000006966,PAY000006966,not_issued_payment_failed,,NONE,
TKT000006967,BKG000006967,PAY000006967,issued,2013-05-29 16:04:19,NONE,10.0
TKT000006968,BKG000006968,PAY000006968,not_issued_payment_failed,,NONE,
TKT000006969,BKG000006969,PAY000006969,issued,2014-05-30 18:10:36,NONE,43.0
TKT000006970,BKG000006970,PAY000006970,issued,2013-02-25 14:42:56,NONE,42.0
TKT000006971,BKG000006971,PAY000006971,issued,2014-07-28 16:38:32,NONE,21.0
TKT000006972,BKG000006972,PAY000006972,issued,2014-08-05 22:00:26,NONE,24.0
TKT000006973,BKG000006973,PAY000006973,issued,2014-02-28 19:55:00,NONE,22.0
TKT000006974,BKG000006974,PAY000006974,issued,2014-05-20 06:20:21,NONE,18.0
TKT000006975,BKG000006975,PAY000006975,not_issued_payment_failed,,NONE,
TKT000006976,BKG000006976,PAY000006976,issued,2014-02-16 17:54:55,NONE,5.0
TKT000006977,BKG000006977,PAY000006977,issued,2014-10-08 12:55:15,NONE,37.0
TKT000006978,BKG000006978,PAY000006978,issued,2013-09-17 02:36:04,NONE,26.0
TKT000006979,BKG000006979,PAY000006979,issued,2013-02-19 23:36:46,NONE,18.0
TKT000006980,BKG000006980,PAY000006980,issued,2013-10-12 02:14:09,NONE,4.0
TKT000006981,BKG000006981,PAY000006981,issued,2014-10-08 14:09:44,NONE,25.0
TKT000006982,BKG000006982,PAY000006982,issued,2014-08-23 19:40:12,NONE,6.0
TKT000006983,BKG000006983,PAY000006983,issued,2013-02-04 16:05:29,NONE,4.0
TKT000006984,BKG000006984,PAY000006984,issued,2013-08-26 23:46:32,NONE,38.0
TKT000006985,BKG000006985,PAY000006985,not_issued_payment_failed,,NONE,
TKT000006986,BKG000006986,PAY000006986,issued,2014-07-21 11:11:00,NONE,23.0
TKT000006987,BKG000006987,PAY000006987,issued,2014-12-02 11:05:13,NONE,22.0
TKT000006988,BKG000006988,PAY000006988,issued,2014-11-09 02:42:29,NONE,798.0
TKT000006989,BKG000006989,PAY000006989,issued,2014-10-19 15:26:10,NONE,17.0
TKT000006990,BKG000006990,PAY000006990,issued,2013-03-21 19:25:59,NONE,15.0
TKT000006991,BKG000006991,PAY000006991,issued,2014-05-12 17:09:12,NONE,25.0
TKT000006992,BKG000006992,PAY000006992,issued,2014-08-29 02:49:07,NONE,21.0
TKT000006993,BKG000006993,PAY000006993,issued,2013-03-12 17:55:50,NONE,9.0
TKT000006994,BKG000006994,PAY000006994,issued,2014-08-08 15:09:14,NONE,22.0
TKT000006995,BKG000006995,PAY000006995,issued,2013-10-12 03:07:40,NONE,36.0
TKT000006996,BKG000006996,PAY000006996,issued,2013-12-29 22:57:29,NONE,8.0
TKT000006997,BKG000006997,PAY000006997,not_issued_payment_failed,,NONE,
TKT000006998,BKG000006998,PAY000006998,issued,2014-10-27 16:20:06,NONE,3.0
TKT000006999,BKG000006999,PAY000006999,issued,2014-10-23 09:55:28,NONE,25.0
TKT000007000,BKG000007000,PAY000007000,issued,2013-06-10 06:22:31,NONE,44.0
TKT000007001,BKG000007001,PAY000007001,issued,2013-05-19 13:23:48,NONE,22.0
TKT000007002,BKG000007002,PAY000007002,not_issued_payment_failed,,NONE,
TKT000007003,BKG000007003,PAY000007003,not_issued_payment_failed,,NONE,
TKT000007004,BKG000007004,PAY000007004,issued,2014-12-23 10:56:49,NONE,8.0
TKT000007005,BKG000007005,PAY000007005,issued,2014-09-20 01:15:52,NONE,31.0
TKT000007006,BKG000007006,PAY000007006,not_issued_payment_failed,,NONE,
TKT000007007,BKG000007007,PAY000007007,issued,2013-10-15 17:17:18,NONE,21.0
TKT000007008,BKG000007008,PAY000007008,issued,2014-03-24 14:03:11,NONE,38.0
TKT000007009,BKG000007009,PAY000007009,issued,2013-08-26 06:51:33,NONE,13.0
TKT000007010,BKG000007010,PAY000007010,issued,2014-05-30 20:41:35,NONE,36.0
TKT000007011,BKG000007011,PAY000007011,issued,2013-04-26 12:26:37,NONE,19.0
TKT000007012,BKG000007012,PAY000007012,issued,2014-12-17 19:45:46,NONE,31.0
TKT000007013,BKG000007013,PAY000007013,issued,2014-12-19 13:30:03,NONE,15.0
TKT000007014,BKG000007014,PAY000007014,issued,2013-04-17 10:18:25,NONE,21.0
TKT000007015,BKG000007015,PAY000007015,issued,2013-02-05 21:52:01,NONE,40.0
TKT000007016,BKG000007016,PAY000007016,issued,2014-01-21 03:27:47,NONE,23.0
TKT000007017,BKG000007017,PAY000007017,issued,2013-10-10 16:55:44,NONE,9.0
TKT000007018,BKG000007018,PAY000007018,issued,2014-09-23 23:29:15,NONE,984.0
TKT000007019,BKG000007019,PAY000007019,issued,2014-11-18 00:32:00,NONE,36.0
TKT000007020,BKG000007020,PAY000007020,issued,2014-04-05 14:53:10,NONE,13.0
TKT000007021,BKG000007021,PAY000007021,issued,2014-09-15 18:57:36,NONE,16.0
TKT000007022,BKG000007022,PAY000007022,issued,2014-10-16 20:43:55,NONE,9.0
TKT000007023,BKG000007023,PAY000007023,issued,2014-05-07 00:26:05,NONE,21.0
TKT000007024,BKG000007024,PAY000007024,issued,2013-05-28 09:16:39,NONE,6.0
TKT000007025,BKG000007025,PAY000007025,not_issued_payment_failed,,NONE,
TKT000007026,BKG000007026,PAY000007026,issued,2014-06-02 14:07:44,NONE,24.0
TKT000007027,BKG000007027,PAY000007027,issued,2013-10-21 21:22:47,NONE,22.0
TKT000007028,BKG000007028,PAY000007028,issued,2014-11-21 13:25:23,NONE,33.0
TKT000007029,BKG000007029,PAY000007029,issued,2014-06-24 22:39:10,NONE,24.0
TKT000007030,BKG000007030,PAY000007030,issued,2013-09-22 19:45:48,NONE,42.0
TKT000007031,BKG000007031,PAY000007031,issued,2014-08-07 22:13:19,NONE,1342.0
TKT000007032,BKG000007032,PAY000007032,issued,2014-10-28 02:49:04,NONE,42.0
TKT000007033,BKG000007033,PAY000007033,issued,2013-09-28 09:18:46,NONE,33.0
TKT000007034,BKG000007034,PAY000007034,issued,2014-06-23 20:24:00,NONE,5.0
TKT000007035,BKG000007035,PAY000007035,issued,2013-04-12 16:35:54,NONE,41.0
TKT000007036,BKG000007036,PAY000007036,issued,2013-07-15 12:50:35,NONE,31.0
TKT000007037,BKG000007037,PAY000007037,issued,2013-02-23 02:48:28,NONE,22.0
TKT000007038,BKG000007038,PAY000007038,issued,2014-06-27 11:34:27,NONE,15.0
TKT000007039,BKG000007039,PAY000007039,issued,2014-08-07 20:36:29,NONE,20.0
TKT000007040,BKG000007040,PAY000007040,issued,2013-05-03 07:21:07,NONE,8.0
TKT000007041,BKG000007041,PAY000007041,issued,2014-10-30 23:40:48,NONE,20.0
TKT000007042,BKG000007042,PAY000007042,not_issued_payment_failed,,NONE,
TKT000007043,BKG000007043,PAY000007043,issued,2014-04-20 06:57:37,NONE,34.0
TKT000007044,BKG000007044,PAY000007044,issued,2014-02-04 17:49:34,NONE,32.0
TKT000007045,BKG000007045,PAY000007045,issued,2013-05-06 14:13:54,NONE,18.0
TKT000007046,BKG000007046,PAY000007046,issued,2013-08-18 04:04:55,NONE,44.0
TKT000007047,BKG000007047,PAY000007047,issued,2013-12-03 12:55:52,NONE,32.0
TKT000007048,BKG000007048,PAY000007048,issued,2014-07-05 18:57:37,NONE,4.0
TKT000007049,BKG000007049,PAY000007049,issued,2013-12-03 10:02:19,NONE,39.0
TKT000007050,BKG000007050,PAY000007050,issued,2013-08-30 15:48:26,NONE,14.0
TKT000007051,BKG000007051,PAY000007051,issued,2014-12-21 19:18:46,NONE,13.0
TKT000007052,BKG000007052,PAY000007052,not_issued_payment_failed,,NONE,
TKT000007053,BKG000007053,PAY000007053,issued,2014-11-18 13:26:40,NONE,31.0
TKT000007054,BKG000007054,PAY000007054,issued,2014-12-22 22:52:44,NONE,45.0
TKT000007055,BKG000007055,PAY000007055,issued,2013-11-06 17:24:35,NONE,4.0
TKT000007056,BKG000007056,PAY000007056,issued,2014-07-09 17:35:15,NONE,17.0
TKT000007057,BKG000007057,PAY000007057,issued,2014-09-14 07:11:39,NONE,9.0
TKT000007058,BKG000007058,PAY000007058,issued,2014-03-13 11:47:35,NONE,17.0
TKT000007059,BKG000007059,PAY000007059,issued,2013-06-19 08:28:50,NONE,13.0
TKT000007060,BKG000007060,PAY000007060,not_issued_payment_failed,,NONE,
TKT000007061,BKG000007061,PAY000007061,issued,2014-08-13 21:52:31,NONE,18.0
TKT000007062,BKG000007062,PAY000007062,issued,2013-03-28 18:00:36,NONE,27.0
TKT000007063,BKG000007063,PAY000007063,issued,2014-04-12 11:58:31,NONE,40.0
TKT000007064,BKG000007064,PAY000007064,issued,2014-09-06 22:34:32,NONE,42.0
TKT000007065,BKG000007065,PAY000007065,issued,2014-09-27 23:21:36,NONE,4.0
TKT000007066,BKG000007066,PAY000007066,issued,2013-04-14 20:09:17,NONE,16.0
TKT000007067,BKG000007067,PAY000007067,not_issued_payment_failed,,NONE,
TKT000007068,BKG000007068,PAY000007068,issued,2013-03-25 14:39:38,NONE,4.0
TKT000007069,BKG000007069,PAY000007069,issued,2014-10-18 21:31:10,NONE,30.0
TKT000007070,BKG000007070,PAY000007070,issued,2014-08-16 10:17:22,NONE,15.0
TKT000007071,BKG000007071,PAY000007071,issued,2014-09-28 15:13:14,NONE,5.0
TKT000007072,BKG000007072,PAY000007072,issued,2014-03-13 18:38:29,NONE,34.0
TKT000007073,BKG000007073,PAY000007073,not_issued_payment_failed,,NONE,
TKT000007074,BKG000007074,PAY000007074,issued,2014-06-03 21:56:38,NONE,44.0
TKT000007075,BKG000007075,PAY000007075,issued,2013-03-05 19:41:47,NONE,9.0
TKT000007076,BKG000007076,PAY000007076,issued,2014-03-24 14:24:37,NONE,14.0
TKT000007077,BKG000007077,PAY000007077,issued,2013-07-02 10:08:45,NONE,4.0
TKT000007078,BKG000007078,PAY000007078,issued,2014-07-06 21:31:31,NONE,41.0
TKT000007079,BKG000007079,PAY000007079,issued,2013-03-21 06:36:48,NONE,21.0
TKT000007080,BKG000007080,PAY000007080,issued,2014-12-27 18:01:11,NONE,25.0
TKT000007081,BKG000007081,PAY000007081,issued,2014-08-16 14:06:40,NONE,982.0
TKT000007082,BKG000007082,PAY000007082,issued,2014-10-09 22:02:25,NONE,14.0
TKT000007083,BKG000007083,PAY000007083,issued,2014-07-18 17:13:03,NONE,20.0
TKT000007084,BKG000007084,PAY000007084,issued,2014-10-02 21:41:24,NONE,5.0
TKT000007085,BKG000007085,PAY000007085,issued,2013-09-13 06:46:32,NONE,40.0
TKT000007086,BKG000007086,PAY000007086,not_issued_payment_failed,,NONE,
TKT000007087,BKG000007087,PAY000007087,issued,2013-10-21 08:44:38,NONE,40.0
TKT000007088,BKG000007088,PAY000007088,issued,2014-04-20 16:15:47,NONE,42.0
TKT000007089,BKG000007089,PAY000007089,issued,2014-08-06 14:23:16,NONE,40.0
TKT000007090,BKG000007090,PAY000007090,issued,2014-06-27 17:08:13,NONE,38.0
TKT000007091,BKG000007091,PAY000007091,issued,2013-08-16 13:42:03,NONE,8.0
TKT000007092,BKG000007092,PAY000007092,issued,2013-07-03 12:11:07,NONE,39.0
TKT000007093,BKG000007093,PAY000007093,issued,2014-08-25 21:00:48,NONE,31.0
TKT000007094,BKG000007094,PAY000007094,issued,2013-05-03 16:47:17,NONE,19.0
TKT000007095,BKG000007095,PAY000007095,issued,2013-08-15 18:34:22,NONE,239.0
TKT000007096,BKG000007096,PAY000007096,issued,2014-07-13 08:47:19,NONE,25.0
TKT000007097,BKG000007097,PAY000007097,issued,2014-05-17 22:55:46,NONE,24.0
TKT000007098,BKG000007098,PAY000007098,issued,2014-07-22 20:26:31,NONE,23.0
TKT000007099,BKG000007099,PAY000007099,issued,2014-01-17 13:50:07,NONE,1215.0
TKT000007100,BKG000007100,PAY000007100,issued,2013-09-12 20:07:39,NONE,5.0
TKT000007101,BKG000007101,PAY000007101,pending,2014-10-17 14:17:21,INVENTORY_MISMATCH,40.0
TKT000007102,BKG000007102,PAY000007102,issued,2013-01-10 21:41:47,NONE,35.0
TKT000007103,BKG000007103,PAY000007103,issued,2014-10-17 14:01:21,NONE,16.0
TKT000007104,BKG000007104,PAY000007104,not_issued_payment_failed,,NONE,
TKT000007105,BKG000007105,PAY000007105,issued,2014-06-29 14:33:40,NONE,26.0
TKT000007106,BKG000007106,PAY000007106,issued,2014-05-13 10:54:57,NONE,17.0
TKT000007107,BKG000007107,PAY000007107,issued,2013-04-02 14:51:06,NONE,40.0
TKT000007108,BKG000007108,PAY000007108,issued,2013-02-01 16:55:52,NONE,21.0
TKT000007109,BKG000007109,PAY000007109,issued,2014-01-18 18:40:35,NONE,31.0
TKT000007110,BKG000007110,PAY000007110,issued,2014-07-03 18:11:11,NONE,23.0
TKT000007111,BKG000007111,PAY000007111,issued,2014-04-29 15:47:21,NONE,11.0
TKT000007112,BKG000007112,PAY000007112,issued,2013-03-20 22:52:48,NONE,12.0
TKT000007113,BKG000007113,PAY000007113,issued,2013-09-06 12:14:24,NONE,38.0
TKT000007114,BKG000007114,PAY000007114,issued,2013-09-06 09:16:24,NONE,36.0
TKT000007115,BKG000007115,PAY000007115,issued,2014-10-31 05:16:40,NONE,23.0
TKT000007116,BKG000007116,PAY000007116,issued,2014-05-07 14:50:31,NONE,35.0
TKT000007117,BKG000007117,PAY000007117,issued,2013-03-12 23:55:21,NONE,44.0
TKT000007118,BKG000007118,PAY000007118,issued,2013-11-01 14:21:10,NONE,148.0
TKT000007119,BKG000007119,PAY000007119,issued,2013-08-15 09:37:37,NONE,14.0
TKT000007120,BKG000007120,PAY000007120,issued,2014-11-21 08:40:31,NONE,11.0
TKT000007121,BKG000007121,PAY000007121,issued,2014-12-29 00:36:49,NONE,7.0
TKT000007122,BKG000007122,PAY000007122,issued,2014-08-01 15:59:00,NONE,28.0
TKT000007123,BKG000007123,PAY000007123,issued,2014-12-02 23:39:48,NONE,27.0
TKT000007124,BKG000007124,PAY000007124,issued,2014-05-25 07:59:12,NONE,14.0
TKT000007125,BKG000007125,PAY000007125,issued,2014-12-28 20:58:03,NONE,3.0
TKT000007126,BKG000007126,PAY000007126,issued,2014-08-07 18:51:55,NONE,8.0
TKT000007127,BKG000007127,PAY000007127,issued,2014-08-15 13:22:35,NONE,11.0
TKT000007128,BKG000007128,PAY000007128,issued,2013-08-14 17:50:00,NONE,43.0
TKT000007129,BKG000007129,PAY000007129,issued,2014-12-10 21:38:15,NONE,5.0
TKT000007130,BKG000007130,PAY000007130,issued,2014-11-25 01:16:43,NONE,41.0
TKT000007131,BKG000007131,PAY000007131,not_issued_payment_failed,,NONE,
TKT000007132,BKG000007132,PAY000007132,issued,2014-10-22 08:19:15,NONE,16.0
TKT000007133,BKG000007133,PAY000007133,issued,2014-03-01 10:41:04,NONE,1254.0
TKT000007134,BKG000007134,PAY000007134,issued,2014-12-11 11:06:39,NONE,23.0
TKT000007135,BKG000007135,PAY000007135,issued,2014-09-29 20:10:58,NONE,13.0
TKT000007136,BKG000007136,PAY000007136,issued,2014-07-12 22:47:23,NONE,17.0
TKT000007137,BKG000007137,PAY000007137,issued,2013-09-30 14:46:41,NONE,40.0
TKT000007138,BKG000007138,PAY000007138,issued,2013-05-06 17:11:24,NONE,12.0
TKT000007139,BKG000007139,PAY000007139,issued,2014-05-11 14:05:26,NONE,24.0
TKT000007140,BKG000007140,PAY000007140,issued,2014-12-14 18:48:11,NONE,3.0
TKT000007141,BKG000007141,PAY000007141,issued,2014-10-20 12:30:23,NONE,24.0
TKT000007142,BKG000007142,PAY000007142,issued,2014-10-19 00:04:46,NONE,17.0
TKT000007143,BKG000007143,PAY000007143,issued,2014-06-24 20:27:02,NONE,23.0
TKT000007144,BKG000007144,PAY000007144,issued,2014-12-29 20:34:21,NONE,25.0
TKT000007145,BKG000007145,PAY000007145,issued,2014-10-08 12:51:09,NONE,12.0
TKT000007146,BKG000007146,PAY000007146,issued,2014-03-14 16:40:54,NONE,36.0
TKT000007147,BKG000007147,PAY000007147,issued,2013-12-27 15:46:26,NONE,20.0
TKT000007148,BKG000007148,PAY000007148,issued,2014-06-09 02:18:24,NONE,19.0
TKT000007149,BKG000007149,PAY000007149,issued,2013-08-06 01:37:35,NONE,15.0
TKT000007150,BKG000007150,PAY000007150,issued,2013-08-13 15:58:24,NONE,4.0
TKT000007151,BKG000007151,PAY000007151,failed,2013-05-29 20:09:55,AIRLINE_CONFIRMATION_FAILED,25.0
TKT000007152,BKG000007152,PAY000007152,issued,2014-10-21 17:12:38,NONE,45.0
TKT000007153,BKG000007153,PAY000007153,issued,2014-12-11 12:55:35,NONE,1250.0
TKT000007154,BKG000007154,PAY000007154,not_issued_payment_failed,,NONE,
TKT000007155,BKG000007155,PAY000007155,issued,2013-08-08 20:40:51,NONE,20.0
TKT000007156,BKG000007156,PAY000007156,issued,2013-01-07 12:32:50,NONE,30.0
TKT000007157,BKG000007157,PAY000007157,issued,2013-01-16 19:15:43,NONE,3.0
TKT000007158,BKG000007158,PAY000007158,issued,2013-12-24 21:02:41,NONE,20.0
TKT000007159,BKG000007159,PAY000007159,issued,2014-08-02 16:07:24,NONE,18.0
TKT000007160,BKG000007160,PAY000007160,issued,2014-09-24 18:02:40,NONE,38.0
TKT000007161,BKG000007161,PAY000007161,not_issued_payment_failed,,NONE,
TKT000007162,BKG000007162,PAY000007162,issued,2013-09-16 19:09:51,NONE,6.0
TKT000007163,BKG000007163,PAY000007163,issued,2013-05-10 11:32:58,NONE,36.0
TKT000007164,BKG000007164,PAY000007164,issued,2013-06-03 19:40:38,NONE,41.0
TKT000007165,BKG000007165,PAY000007165,issued,2014-11-14 15:13:26,NONE,36.0
TKT000007166,BKG000007166,PAY000007166,issued,2013-12-23 01:12:06,NONE,831.0
TKT000007167,BKG000007167,PAY000007167,issued,2014-01-15 15:49:31,NONE,32.0
TKT000007168,BKG000007168,PAY000007168,issued,2014-12-06 19:19:52,NONE,22.0
TKT000007169,BKG000007169,PAY000007169,issued,2014-08-27 23:53:31,NONE,8.0
TKT000007170,BKG000007170,PAY000007170,issued,2014-05-12 09:12:58,NONE,8.0
TKT000007171,BKG000007171,PAY000007171,issued,2014-10-03 00:51:35,NONE,3.0
TKT000007172,BKG000007172,PAY000007172,issued,2013-02-17 00:44:33,NONE,25.0
TKT000007173,BKG000007173,PAY000007173,issued,2014-08-08 00:34:33,NONE,34.0
TKT000007174,BKG000007174,PAY000007174,issued,2014-08-08 13:06:29,NONE,33.0
TKT000007175,BKG000007175,PAY000007175,issued,2014-10-09 17:16:29,NONE,24.0
TKT000007176,BKG000007176,PAY000007176,issued,2013-06-21 16:25:23,NONE,26.0
TKT000007177,BKG000007177,PAY000007177,issued,2013-03-14 10:06:45,NONE,44.0
TKT000007178,BKG000007178,PAY000007178,issued,2014-10-24 23:26:36,NONE,41.0
TKT000007179,BKG000007179,PAY000007179,issued,2014-09-12 20:32:15,NONE,24.0
TKT000007180,BKG000007180,PAY000007180,issued,2014-04-19 13:56:42,NONE,21.0
TKT000007181,BKG000007181,PAY000007181,issued,2013-01-14 12:12:29,NONE,45.0
TKT000007182,BKG000007182,PAY000007182,issued,2014-04-23 13:30:04,NONE,13.0
TKT000007183,BKG000007183,PAY000007183,issued,2014-04-23 12:22:04,NONE,39.0
TKT000007184,BKG000007184,PAY000007184,not_issued_payment_failed,,NONE,
TKT000007185,BKG000007185,PAY000007185,issued,2014-05-14 19:30:26,NONE,34.0
TKT000007186,BKG000007186,PAY000007186,issued,2013-08-30 21:44:36,NONE,37.0
TKT000007187,BKG000007187,PAY000007187,pending,2013-12-02 07:05:29,TICKETING_TIMEOUT,14.0
TKT000007188,BKG000007188,PAY000007188,issued,2014-04-09 23:09:52,NONE,9.0
TKT000007189,BKG000007189,PAY000007189,issued,2014-09-23 17:11:34,NONE,19.0
TKT000007190,BKG000007190,PAY000007190,issued,2014-05-19 14:13:09,NONE,20.0
TKT000007191,BKG000007191,PAY000007191,issued,2014-05-31 18:48:13,NONE,38.0
TKT000007192,BKG000007192,PAY000007192,failed,2013-09-04 20:31:02,TICKETING_TIMEOUT,30.0
TKT000007193,BKG000007193,PAY000007193,issued,2014-07-13 22:48:17,NONE,33.0
TKT000007194,BKG000007194,PAY000007194,issued,2014-09-07 22:03:46,NONE,26.0
TKT000007195,BKG000007195,PAY000007195,issued,2013-02-20 22:37:25,NONE,10.0
TKT000007196,BKG000007196,PAY000007196,issued,2013-07-16 22:19:27,NONE,30.0
TKT000007197,BKG000007197,PAY000007197,issued,2014-04-25 17:11:14,NONE,3.0
TKT000007198,BKG000007198,PAY000007198,issued,2013-12-27 17:52:47,NONE,1131.0
TKT000007199,BKG000007199,PAY000007199,issued,2013-01-10 19:55:59,NONE,5.0
TKT000007200,BKG000007200,PAY000007200,issued,2014-05-28 15:34:19,NONE,32.0
TKT000007201,BKG000007201,PAY000007201,issued,2013-02-01 05:08:36,NONE,6.0
TKT000007202,BKG000007202,PAY000007202,issued,2014-03-20 00:30:31,NONE,16.0
TKT000007203,BKG000007203,PAY000007203,pending,2013-08-21 08:53:26,SUPPLIER_ERROR,22.0
TKT000007204,BKG000007204,PAY000007204,issued,2013-12-09 15:56:58,NONE,23.0
TKT000007205,BKG000007205,PAY000007205,issued,2014-11-19 00:20:44,NONE,22.0
TKT000007206,BKG000007206,PAY000007206,issued,2013-01-23 16:47:59,NONE,27.0
TKT000007207,BKG000007207,PAY000007207,issued,2014-07-31 15:59:51,NONE,3.0
TKT000007208,BKG000007208,PAY000007208,issued,2013-04-16 17:42:32,NONE,28.0
TKT000007209,BKG000007209,PAY000007209,issued,2014-01-08 11:43:09,NONE,39.0
TKT000007210,BKG000007210,PAY000007210,issued,2014-11-22 20:39:58,NONE,5.0
TKT000007211,BKG000007211,PAY000007211,issued,2014-10-22 10:25:23,NONE,10.0
TKT000007212,BKG000007212,PAY000007212,issued,2013-11-12 16:00:00,NONE,42.0
TKT000007213,BKG000007213,PAY000007213,issued,2014-02-07 03:45:16,NONE,40.0
TKT000007214,BKG000007214,PAY000007214,issued,2014-05-04 07:54:26,NONE,41.0
TKT000007215,BKG000007215,PAY000007215,issued,2014-07-07 12:51:58,NONE,31.0
TKT000007216,BKG000007216,PAY000007216,issued,2014-03-09 17:54:22,NONE,43.0
TKT000007217,BKG000007217,PAY000007217,issued,2013-05-13 20:01:51,NONE,45.0
TKT000007218,BKG000007218,PAY000007218,issued,2014-01-25 11:19:36,NONE,21.0
TKT000007219,BKG000007219,PAY000007219,issued,2014-04-01 22:46:22,NONE,408.0
TKT000007220,BKG000007220,PAY000007220,issued,2013-09-21 07:32:07,NONE,29.0
TKT000007221,BKG000007221,PAY000007221,issued,2014-03-18 22:19:39,NONE,11.0
TKT000007222,BKG000007222,PAY000007222,not_issued_payment_failed,,NONE,
TKT000007223,BKG000007223,PAY000007223,issued,2014-12-06 19:11:17,NONE,29.0
TKT000007224,BKG000007224,PAY000007224,issued,2013-04-06 18:19:31,NONE,45.0
TKT000007225,BKG000007225,PAY000007225,issued,2014-10-28 18:39:35,NONE,41.0
TKT000007226,BKG000007226,PAY000007226,issued,2014-02-27 09:12:18,NONE,19.0
TKT000007227,BKG000007227,PAY000007227,issued,2014-03-29 09:37:35,NONE,38.0
TKT000007228,BKG000007228,PAY000007228,issued,2013-12-20 18:19:18,NONE,4.0
TKT000007229,BKG000007229,PAY000007229,issued,2013-12-01 20:23:56,NONE,27.0
TKT000007230,BKG000007230,PAY000007230,not_issued_payment_failed,,NONE,
TKT000007231,BKG000007231,PAY000007231,issued,2014-09-24 12:48:35,NONE,17.0
TKT000007232,BKG000007232,PAY000007232,issued,2014-02-19 10:04:34,NONE,33.0
TKT000007233,BKG000007233,PAY000007233,issued,2014-12-18 16:00:06,NONE,514.0
TKT000007234,BKG000007234,PAY000007234,issued,2013-02-26 13:00:25,NONE,10.0
TKT000007235,BKG000007235,PAY000007235,issued,2014-10-01 23:38:19,NONE,39.0
TKT000007236,BKG000007236,PAY000007236,issued,2014-02-27 03:38:22,NONE,44.0
TKT000007237,BKG000007237,PAY000007237,issued,2013-04-25 16:27:56,NONE,26.0
TKT000007238,BKG000007238,PAY000007238,issued,2013-12-08 15:47:01,NONE,43.0
TKT000007239,BKG000007239,PAY000007239,issued,2013-06-14 19:12:42,NONE,43.0
TKT000007240,BKG000007240,PAY000007240,issued,2014-06-25 19:42:37,NONE,10.0
TKT000007241,BKG000007241,PAY000007241,issued,2013-01-07 11:42:57,NONE,14.0
TKT000007242,BKG000007242,PAY000007242,issued,2013-08-27 17:12:23,NONE,15.0
TKT000007243,BKG000007243,PAY000007243,issued,2014-05-03 16:06:40,NONE,8.0
TKT000007244,BKG000007244,PAY000007244,issued,2014-09-25 14:02:52,NONE,30.0
TKT000007245,BKG000007245,PAY000007245,issued,2014-09-25 10:48:52,NONE,10.0
TKT000007246,BKG000007246,PAY000007246,issued,2014-11-14 12:13:57,NONE,38.0
TKT000007247,BKG000007247,PAY000007247,issued,2013-09-29 12:04:49,NONE,38.0
TKT000007248,BKG000007248,PAY000007248,issued,2014-11-05 13:14:29,NONE,24.0
TKT000007249,BKG000007249,PAY000007249,issued,2014-02-02 19:01:20,NONE,21.0
TKT000007250,BKG000007250,PAY000007250,issued,2014-12-19 11:32:41,NONE,16.0
TKT000007251,BKG000007251,PAY000007251,not_issued_payment_failed,,NONE,
TKT000007252,BKG000007252,PAY000007252,not_issued_payment_failed,,NONE,
TKT000007253,BKG000007253,PAY000007253,issued,2014-01-06 16:18:50,NONE,34.0
TKT000007254,BKG000007254,PAY000007254,issued,2014-11-23 00:36:58,NONE,16.0
TKT000007255,BKG000007255,PAY000007255,issued,2014-08-11 13:37:39,NONE,28.0
TKT000007256,BKG000007256,PAY000007256,not_issued_payment_failed,,NONE,
TKT000007257,BKG000007257,PAY000007257,issued,2014-04-26 14:37:01,NONE,15.0
TKT000007258,BKG000007258,PAY000007258,issued,2014-04-16 14:06:15,NONE,7.0
TKT000007259,BKG000007259,PAY000007259,not_issued_payment_failed,,NONE,
TKT000007260,BKG000007260,PAY000007260,issued,2013-03-14 11:01:59,NONE,34.0
TKT000007261,BKG000007261,PAY000007261,issued,2013-03-13 12:05:36,NONE,28.0
TKT000007262,BKG000007262,PAY000007262,issued,2013-07-12 19:05:56,NONE,23.0
TKT000007263,BKG000007263,PAY000007263,issued,2013-05-02 12:16:18,NONE,30.0
TKT000007264,BKG000007264,PAY000007264,not_issued_payment_failed,,NONE,
TKT000007265,BKG000007265,PAY000007265,issued,2013-02-05 14:03:03,NONE,31.0
TKT000007266,BKG000007266,PAY000007266,issued,2013-08-24 17:57:22,NONE,29.0
TKT000007267,BKG000007267,PAY000007267,issued,2014-12-03 13:38:27,NONE,13.0
TKT000007268,BKG000007268,PAY000007268,issued,2014-06-13 05:32:19,NONE,34.0
TKT000007269,BKG000007269,PAY000007269,issued,2014-09-18 23:39:55,NONE,17.0
TKT000007270,BKG000007270,PAY000007270,issued,2014-05-16 17:07:01,NONE,38.0
TKT000007271,BKG000007271,PAY000007271,not_issued_payment_failed,,NONE,
TKT000007272,BKG000007272,PAY000007272,issued,2014-08-16 23:46:07,NONE,14.0
TKT000007273,BKG000007273,PAY000007273,issued,2014-09-14 18:29:33,NONE,36.0
TKT000007274,BKG000007274,PAY000007274,issued,2014-08-13 12:44:53,NONE,8.0
TKT000007275,BKG000007275,PAY000007275,issued,2013-07-01 21:15:04,NONE,33.0
TKT000007276,BKG000007276,PAY000007276,issued,2014-08-16 18:18:00,NONE,37.0
TKT000007277,BKG000007277,PAY000007277,issued,2013-03-21 19:17:56,NONE,9.0
TKT000007278,BKG000007278,PAY000007278,issued,2014-08-24 10:15:23,NONE,18.0
TKT000007279,BKG000007279,PAY000007279,issued,2014-09-24 10:46:34,NONE,18.0
TKT000007280,BKG000007280,PAY000007280,not_issued_payment_failed,,NONE,
TKT000007281,BKG000007281,PAY000007281,issued,2013-06-12 23:53:27,NONE,13.0
TKT000007282,BKG000007282,PAY000007282,issued,2013-11-25 19:14:44,NONE,13.0
TKT000007283,BKG000007283,PAY000007283,issued,2013-07-05 18:55:44,NONE,21.0
TKT000007284,BKG000007284,PAY000007284,issued,2014-12-02 17:29:08,NONE,4.0
TKT000007285,BKG000007285,PAY000007285,issued,2014-11-23 14:51:31,NONE,27.0
TKT000007286,BKG000007286,PAY000007286,issued,2014-04-29 13:58:19,NONE,37.0
TKT000007287,BKG000007287,PAY000007287,not_issued_payment_failed,,NONE,
TKT000007288,BKG000007288,PAY000007288,issued,2014-09-02 16:34:27,NONE,18.0
TKT000007289,BKG000007289,PAY000007289,issued,2014-07-23 10:38:27,NONE,39.0
TKT000007290,BKG000007290,PAY000007290,issued,2013-10-29 19:14:13,NONE,23.0
TKT000007291,BKG000007291,PAY000007291,issued,2013-08-27 15:12:55,NONE,31.0
TKT000007292,BKG000007292,PAY000007292,issued,2014-06-16 18:58:58,NONE,28.0
TKT000007293,BKG000007293,PAY000007293,issued,2014-11-02 11:14:28,NONE,38.0
TKT000007294,BKG000007294,PAY000007294,issued,2014-09-11 12:19:47,NONE,44.0
TKT000007295,BKG000007295,PAY000007295,issued,2014-11-06 14:02:24,NONE,12.0
TKT000007296,BKG000007296,PAY000007296,issued,2014-12-04 21:34:29,NONE,23.0
TKT000007297,BKG000007297,PAY000007297,issued,2014-11-17 11:14:33,NONE,24.0
TKT000007298,BKG000007298,PAY000007298,issued,2014-03-04 18:34:22,NONE,14.0
TKT000007299,BKG000007299,PAY000007299,issued,2014-08-25 20:33:48,NONE,23.0
TKT000007300,BKG000007300,PAY000007300,issued,2013-09-14 01:42:12,NONE,39.0
TKT000007301,BKG000007301,PAY000007301,issued,2014-07-15 19:16:03,NONE,180.0
TKT000007302,BKG000007302,PAY000007302,issued,2014-11-28 11:25:46,NONE,41.0
TKT000007303,BKG000007303,PAY000007303,issued,2014-08-27 15:13:00,NONE,4.0
TKT000007304,BKG000007304,PAY000007304,issued,2014-08-19 12:28:21,NONE,8.0
TKT000007305,BKG000007305,PAY000007305,issued,2013-12-12 19:21:16,NONE,756.0
TKT000007306,BKG000007306,PAY000007306,issued,2014-11-12 23:33:20,NONE,44.0
TKT000007307,BKG000007307,PAY000007307,issued,2014-06-19 01:52:57,NONE,20.0
TKT000007308,BKG000007308,PAY000007308,issued,2014-12-11 11:11:29,NONE,16.0
TKT000007309,BKG000007309,PAY000007309,failed,2014-01-08 07:17:37,SUPPLIER_ERROR,609.0
TKT000007310,BKG000007310,PAY000007310,issued,2013-12-16 16:11:27,NONE,5.0
TKT000007311,BKG000007311,PAY000007311,issued,2013-07-31 00:11:38,NONE,6.0
TKT000007312,BKG000007312,PAY000007312,issued,2013-12-06 12:24:24,NONE,29.0
TKT000007313,BKG000007313,PAY000007313,issued,2013-02-15 15:12:37,NONE,33.0
TKT000007314,BKG000007314,PAY000007314,issued,2014-12-10 02:06:27,NONE,25.0
TKT000007315,BKG000007315,PAY000007315,issued,2014-11-14 19:14:13,NONE,20.0
TKT000007316,BKG000007316,PAY000007316,issued,2014-03-24 16:34:30,NONE,20.0
TKT000007317,BKG000007317,PAY000007317,issued,2014-06-19 02:00:19,NONE,40.0
TKT000007318,BKG000007318,PAY000007318,issued,2013-12-28 12:52:31,NONE,30.0
TKT000007319,BKG000007319,PAY000007319,issued,2014-02-18 20:37:32,NONE,31.0
TKT000007320,BKG000007320,PAY000007320,issued,2013-04-29 22:11:46,NONE,18.0
TKT000007321,BKG000007321,PAY000007321,issued,2014-02-17 01:22:58,NONE,6.0
TKT000007322,BKG000007322,PAY000007322,issued,2013-05-30 23:05:03,NONE,36.0
TKT000007323,BKG000007323,PAY000007323,issued,2013-05-27 19:15:21,NONE,6.0
TKT000007324,BKG000007324,PAY000007324,issued,2014-05-06 13:33:33,NONE,41.0
TKT000007325,BKG000007325,PAY000007325,issued,2013-08-12 08:41:48,NONE,15.0
TKT000007326,BKG000007326,PAY000007326,issued,2013-06-13 09:01:31,NONE,37.0
TKT000007327,BKG000007327,PAY000007327,issued,2014-06-06 18:14:13,NONE,14.0
TKT000007328,BKG000007328,PAY000007328,issued,2013-10-16 16:04:27,NONE,22.0
TKT000007329,BKG000007329,PAY000007329,issued,2013-10-16 13:59:27,NONE,4.0
TKT000007330,BKG000007330,PAY000007330,issued,2014-11-12 20:08:47,NONE,40.0
TKT000007331,BKG000007331,PAY000007331,issued,2014-10-11 01:17:23,NONE,38.0
TKT000007332,BKG000007332,PAY000007332,issued,2013-11-13 20:12:08,NONE,26.0
TKT000007333,BKG000007333,PAY000007333,issued,2014-04-14 15:47:38,NONE,40.0
TKT000007334,BKG000007334,PAY000007334,issued,2014-07-11 17:36:50,NONE,31.0
TKT000007335,BKG000007335,PAY000007335,issued,2013-07-21 15:17:09,NONE,10.0
TKT000007336,BKG000007336,PAY000007336,issued,2013-10-11 19:09:59,NONE,12.0
TKT000007337,BKG000007337,PAY000007337,issued,2014-09-30 04:55:43,NONE,245.0
TKT000007338,BKG000007338,PAY000007338,issued,2014-08-30 10:47:16,NONE,34.0
TKT000007339,BKG000007339,PAY000007339,issued,2014-02-01 23:05:39,NONE,40.0
TKT000007340,BKG000007340,PAY000007340,issued,2014-01-23 01:49:21,NONE,20.0
TKT000007341,BKG000007341,PAY000007341,issued,2013-09-15 00:24:10,NONE,38.0
TKT000007342,BKG000007342,PAY000007342,issued,2013-10-09 11:42:44,NONE,43.0
TKT000007343,BKG000007343,PAY000007343,issued,2014-11-23 19:19:51,NONE,16.0
TKT000007344,BKG000007344,PAY000007344,issued,2013-08-27 12:06:29,NONE,13.0
TKT000007345,BKG000007345,PAY000007345,issued,2013-08-01 17:08:47,NONE,23.0
TKT000007346,BKG000007346,PAY000007346,issued,2014-04-05 00:35:40,NONE,42.0
TKT000007347,BKG000007347,PAY000007347,not_issued_payment_failed,,NONE,
TKT000007348,BKG000007348,PAY000007348,issued,2014-11-22 11:55:19,NONE,20.0
TKT000007349,BKG000007349,PAY000007349,issued,2014-11-11 00:36:36,NONE,41.0
TKT000007350,BKG000007350,PAY000007350,issued,2013-12-16 17:49:56,NONE,14.0
TKT000007351,BKG000007351,PAY000007351,not_issued_payment_failed,,NONE,
TKT000007352,BKG000007352,PAY000007352,issued,2014-03-15 15:52:54,NONE,23.0
TKT000007353,BKG000007353,PAY000007353,issued,2014-12-24 21:23:48,NONE,38.0
TKT000007354,BKG000007354,PAY000007354,issued,2014-12-25 09:29:48,NONE,820.0
TKT000007355,BKG000007355,PAY000007355,issued,2014-12-12 23:36:07,NONE,21.0
TKT000007356,BKG000007356,PAY000007356,issued,2013-04-10 11:36:52,NONE,35.0
TKT000007357,BKG000007357,PAY000007357,issued,2013-04-04 17:14:46,NONE,32.0
TKT000007358,BKG000007358,PAY000007358,issued,2014-08-06 06:46:11,NONE,14.0
TKT000007359,BKG000007359,PAY000007359,issued,2014-02-20 21:10:03,NONE,40.0
TKT000007360,BKG000007360,PAY000007360,issued,2014-04-05 16:19:58,NONE,15.0
TKT000007361,BKG000007361,PAY000007361,issued,2014-09-25 21:51:09,NONE,36.0
TKT000007362,BKG000007362,PAY000007362,issued,2014-12-22 02:59:52,NONE,12.0
TKT000007363,BKG000007363,PAY000007363,issued,2014-11-09 09:03:17,NONE,28.0
TKT000007364,BKG000007364,PAY000007364,issued,2014-10-21 19:13:05,NONE,19.0
TKT000007365,BKG000007365,PAY000007365,issued,2014-09-09 01:05:03,NONE,28.0
TKT000007366,BKG000007366,PAY000007366,issued,2014-05-21 09:51:02,NONE,5.0
TKT000007367,BKG000007367,PAY000007367,issued,2014-08-17 11:58:23,NONE,43.0
TKT000007368,BKG000007368,PAY000007368,issued,2013-03-11 11:02:29,NONE,896.0
TKT000007369,BKG000007369,PAY000007369,issued,2014-08-22 14:01:56,NONE,30.0
TKT000007370,BKG000007370,PAY000007370,issued,2013-05-30 10:52:40,NONE,27.0
TKT000007371,BKG000007371,PAY000007371,issued,2014-12-19 01:26:24,NONE,420.0
TKT000007372,BKG000007372,PAY000007372,issued,2013-11-28 14:53:07,NONE,20.0
TKT000007373,BKG000007373,PAY000007373,issued,2014-08-29 17:52:50,NONE,3.0
TKT000007374,BKG000007374,PAY000007374,issued,2014-02-24 19:17:12,NONE,21.0
TKT000007375,BKG000007375,PAY000007375,not_issued_payment_failed,,NONE,
TKT000007376,BKG000007376,PAY000007376,issued,2014-04-01 20:11:05,NONE,15.0
TKT000007377,BKG000007377,PAY000007377,issued,2013-01-16 08:11:17,NONE,27.0
TKT000007378,BKG000007378,PAY000007378,issued,2014-01-09 15:59:33,NONE,43.0
TKT000007379,BKG000007379,PAY000007379,failed,2014-07-03 21:19:13,AIRLINE_CONFIRMATION_FAILED,3.0
TKT000007380,BKG000007380,PAY000007380,issued,2013-04-15 21:10:14,NONE,22.0
TKT000007381,BKG000007381,PAY000007381,issued,2014-04-18 19:32:05,NONE,36.0
TKT000007382,BKG000007382,PAY000007382,issued,2013-12-26 09:17:29,NONE,563.0
TKT000007383,BKG000007383,PAY000007383,issued,2013-08-15 17:56:49,NONE,5.0
TKT000007384,BKG000007384,PAY000007384,not_issued_payment_failed,,NONE,
TKT000007385,BKG000007385,PAY000007385,issued,2013-04-10 18:44:27,NONE,3.0
TKT000007386,BKG000007386,PAY000007386,issued,2014-10-14 22:58:52,NONE,40.0
TKT000007387,BKG000007387,PAY000007387,issued,2013-09-25 22:30:29,NONE,26.0
TKT000007388,BKG000007388,PAY000007388,not_issued_payment_failed,,NONE,
TKT000007389,BKG000007389,PAY000007389,not_issued_payment_failed,,NONE,
TKT000007390,BKG000007390,PAY000007390,issued,2014-01-05 08:03:45,NONE,6.0
TKT000007391,BKG000007391,PAY000007391,issued,2014-06-16 12:18:59,NONE,931.0
TKT000007392,BKG000007392,PAY000007392,issued,2014-02-01 10:26:04,NONE,19.0
TKT000007393,BKG000007393,PAY000007393,issued,2013-03-21 12:50:25,NONE,10.0
TKT000007394,BKG000007394,PAY000007394,issued,2014-10-27 20:53:48,NONE,28.0
TKT000007395,BKG000007395,PAY000007395,issued,2013-04-26 16:18:09,NONE,43.0
TKT000007396,BKG000007396,PAY000007396,issued,2014-11-14 10:38:31,NONE,31.0
TKT000007397,BKG000007397,PAY000007397,issued,2014-11-14 10:23:31,NONE,34.0
TKT000007398,BKG000007398,PAY000007398,issued,2013-04-17 13:57:05,NONE,32.0
TKT000007399,BKG000007399,PAY000007399,issued,2014-03-28 21:31:16,NONE,9.0
TKT000007400,BKG000007400,PAY000007400,issued,2013-11-26 22:53:09,NONE,42.0
TKT000007401,BKG000007401,PAY000007401,issued,2014-07-25 12:38:40,NONE,30.0
TKT000007402,BKG000007402,PAY000007402,issued,2014-10-08 12:39:29,NONE,27.0
TKT000007403,BKG000007403,PAY000007403,issued,2014-10-28 02:49:18,NONE,12.0
TKT000007404,BKG000007404,PAY000007404,issued,2013-05-18 19:17:12,NONE,33.0
TKT000007405,BKG000007405,PAY000007405,issued,2013-08-01 23:10:47,NONE,4.0
TKT000007406,BKG000007406,PAY000007406,issued,2014-06-16 16:19:17,NONE,30.0
TKT000007407,BKG000007407,PAY000007407,issued,2014-08-07 20:18:09,NONE,7.0
TKT000007408,BKG000007408,PAY000007408,issued,2014-11-21 04:38:12,NONE,10.0
TKT000007409,BKG000007409,PAY000007409,issued,2013-03-03 10:15:13,NONE,45.0
TKT000007410,BKG000007410,PAY000007410,issued,2014-01-08 15:55:02,NONE,34.0
TKT000007411,BKG000007411,PAY000007411,issued,2013-10-24 22:19:42,NONE,16.0
TKT000007412,BKG000007412,PAY000007412,issued,2014-07-28 11:28:53,NONE,12.0
TKT000007413,BKG000007413,PAY000007413,issued,2014-04-23 14:31:29,NONE,14.0
TKT000007414,BKG000007414,PAY000007414,not_issued_payment_failed,,NONE,
TKT000007415,BKG000007415,PAY000007415,issued,2013-07-20 06:07:52,NONE,43.0
TKT000007416,BKG000007416,PAY000007416,issued,2014-10-24 09:23:17,NONE,25.0
TKT000007417,BKG000007417,PAY000007417,issued,2014-09-02 10:03:35,NONE,16.0
TKT000007418,BKG000007418,PAY000007418,issued,2014-06-03 23:42:02,NONE,44.0
TKT000007419,BKG000007419,PAY000007419,pending,2014-04-29 14:06:15,TICKETING_TIMEOUT,26.0
TKT000007420,BKG000007420,PAY000007420,issued,2014-10-31 11:24:45,NONE,20.0
TKT000007421,BKG000007421,PAY000007421,issued,2014-07-24 06:42:15,NONE,1061.0
TKT000007422,BKG000007422,PAY000007422,issued,2013-05-09 19:51:24,NONE,295.0
TKT000007423,BKG000007423,PAY000007423,issued,2013-02-19 11:52:54,NONE,13.0
TKT000007424,BKG000007424,PAY000007424,issued,2014-10-03 12:27:56,NONE,5.0
TKT000007425,BKG000007425,PAY000007425,issued,2014-06-10 14:40:22,NONE,11.0
TKT000007426,BKG000007426,PAY000007426,issued,2014-12-06 12:41:32,NONE,16.0
TKT000007427,BKG000007427,PAY000007427,issued,2014-02-28 13:02:12,NONE,7.0
TKT000007428,BKG000007428,PAY000007428,issued,2014-07-09 05:20:13,NONE,44.0
TKT000007429,BKG000007429,PAY000007429,not_issued_payment_failed,,NONE,
TKT000007430,BKG000007430,PAY000007430,issued,2014-05-26 14:55:43,NONE,41.0
TKT000007431,BKG000007431,PAY000007431,issued,2013-03-21 10:48:13,NONE,30.0
TKT000007432,BKG000007432,PAY000007432,issued,2013-04-14 21:59:13,NONE,29.0
TKT000007433,BKG000007433,PAY000007433,not_issued_payment_failed,,NONE,
TKT000007434,BKG000007434,PAY000007434,issued,2013-07-25 11:21:44,NONE,10.0
TKT000007435,BKG000007435,PAY000007435,not_issued_payment_failed,,NONE,
TKT000007436,BKG000007436,PAY000007436,issued,2013-04-30 00:27:08,NONE,29.0
TKT000007437,BKG000007437,PAY000007437,issued,2014-03-04 21:50:54,NONE,22.0
TKT000007438,BKG000007438,PAY000007438,issued,2014-02-03 13:17:21,NONE,34.0
TKT000007439,BKG000007439,PAY000007439,issued,2014-05-15 14:19:38,NONE,39.0
TKT000007440,BKG000007440,PAY000007440,not_issued_payment_failed,,NONE,
TKT000007441,BKG000007441,PAY000007441,issued,2013-09-05 00:34:43,NONE,20.0
TKT000007442,BKG000007442,PAY000007442,issued,2014-11-17 20:04:04,NONE,38.0
TKT000007443,BKG000007443,PAY000007443,issued,2014-12-04 18:59:24,NONE,33.0
TKT000007444,BKG000007444,PAY000007444,issued,2014-05-04 00:08:35,NONE,5.0
TKT000007445,BKG000007445,PAY000007445,issued,2014-09-27 05:23:44,NONE,37.0
TKT000007446,BKG000007446,PAY000007446,issued,2014-08-04 20:15:45,NONE,44.0
TKT000007447,BKG000007447,PAY000007447,not_issued_payment_failed,,NONE,
TKT000007448,BKG000007448,PAY000007448,issued,2014-06-22 21:19:54,NONE,39.0
TKT000007449,BKG000007449,PAY000007449,issued,2014-05-22 15:50:44,NONE,6.0
TKT000007450,BKG000007450,PAY000007450,issued,2014-09-02 15:40:53,NONE,10.0
TKT000007451,BKG000007451,PAY000007451,issued,2014-11-09 02:11:44,NONE,33.0
TKT000007452,BKG000007452,PAY000007452,issued,2014-05-21 07:48:08,NONE,17.0
TKT000007453,BKG000007453,PAY000007453,issued,2014-07-08 00:08:59,NONE,28.0
TKT000007454,BKG000007454,PAY000007454,issued,2013-11-02 11:55:43,NONE,20.0
TKT000007455,BKG000007455,PAY000007455,issued,2014-07-07 14:31:02,NONE,33.0
TKT000007456,BKG000007456,PAY000007456,not_issued_payment_failed,,NONE,
TKT000007457,BKG000007457,PAY000007457,not_issued_payment_failed,,NONE,
TKT000007458,BKG000007458,PAY000007458,not_issued_payment_failed,,NONE,
TKT000007459,BKG000007459,PAY000007459,issued,2014-10-28 17:56:39,NONE,6.0
TKT000007460,BKG000007460,PAY000007460,not_issued_payment_failed,,NONE,
TKT000007461,BKG000007461,PAY000007461,issued,2014-10-20 12:25:24,NONE,11.0
TKT000007462,BKG000007462,PAY000007462,issued,2013-12-28 23:16:54,NONE,10.0
TKT000007463,BKG000007463,PAY000007463,issued,2014-04-12 19:19:55,NONE,45.0
TKT000007464,BKG000007464,PAY000007464,issued,2014-10-25 13:30:09,NONE,8.0
TKT000007465,BKG000007465,PAY000007465,issued,2013-07-02 17:42:08,NONE,6.0
TKT000007466,BKG000007466,PAY000007466,issued,2014-06-09 15:36:19,NONE,38.0
TKT000007467,BKG000007467,PAY000007467,issued,2014-07-06 04:49:43,NONE,24.0
TKT000007468,BKG000007468,PAY000007468,issued,2014-07-20 21:35:50,NONE,1223.0
TKT000007469,BKG000007469,PAY000007469,issued,2014-05-28 20:07:18,NONE,18.0
TKT000007470,BKG000007470,PAY000007470,issued,2014-08-13 20:11:17,NONE,42.0
TKT000007471,BKG000007471,PAY000007471,issued,2014-11-26 12:14:10,NONE,19.0
TKT000007472,BKG000007472,PAY000007472,not_issued_payment_failed,,NONE,
TKT000007473,BKG000007473,PAY000007473,issued,2014-08-06 13:13:31,NONE,36.0
TKT000007474,BKG000007474,PAY000007474,issued,2013-07-19 20:09:50,NONE,10.0
TKT000007475,BKG000007475,PAY000007475,issued,2013-04-20 07:28:26,NONE,25.0
TKT000007476,BKG000007476,PAY000007476,issued,2014-03-12 14:51:46,NONE,10.0
TKT000007477,BKG000007477,PAY000007477,issued,2013-04-13 17:48:23,NONE,19.0
TKT000007478,BKG000007478,PAY000007478,issued,2014-11-30 23:47:42,NONE,35.0
TKT000007479,BKG000007479,PAY000007479,issued,2013-07-29 03:43:56,NONE,44.0
TKT000007480,BKG000007480,PAY000007480,issued,2014-01-28 21:11:35,NONE,31.0
TKT000007481,BKG000007481,PAY000007481,issued,2013-05-25 02:01:46,NONE,16.0
TKT000007482,BKG000007482,PAY000007482,issued,2014-05-16 13:52:32,NONE,7.0
TKT000007483,BKG000007483,PAY000007483,issued,2013-07-09 21:55:14,NONE,5.0
TKT000007484,BKG000007484,PAY000007484,issued,2014-04-18 12:18:52,NONE,12.0
TKT000007485,BKG000007485,PAY000007485,issued,2014-11-24 11:08:45,NONE,43.0
TKT000007486,BKG000007486,PAY000007486,issued,2013-10-05 19:41:33,NONE,13.0
TKT000007487,BKG000007487,PAY000007487,issued,2013-06-06 22:11:40,NONE,25.0
TKT000007488,BKG000007488,PAY000007488,issued,2014-12-16 16:58:39,NONE,38.0
TKT000007489,BKG000007489,PAY000007489,issued,2014-11-21 00:48:25,NONE,16.0
TKT000007490,BKG000007490,PAY000007490,issued,2014-07-11 09:08:41,NONE,23.0
TKT000007491,BKG000007491,PAY000007491,issued,2014-07-19 20:58:29,NONE,40.0
TKT000007492,BKG000007492,PAY000007492,issued,2014-06-23 07:29:30,NONE,40.0
TKT000007493,BKG000007493,PAY000007493,pending,2014-10-24 18:11:22,TICKETING_TIMEOUT,18.0
TKT000007494,BKG000007494,PAY000007494,issued,2014-08-18 09:04:22,NONE,35.0
TKT000007495,BKG000007495,PAY000007495,issued,2013-10-14 11:33:28,NONE,29.0
TKT000007496,BKG000007496,PAY000007496,issued,2013-01-19 13:05:28,NONE,29.0
TKT000007497,BKG000007497,PAY000007497,not_issued_payment_failed,,NONE,
TKT000007498,BKG000007498,PAY000007498,issued,2014-08-26 09:29:09,NONE,42.0
TKT000007499,BKG000007499,PAY000007499,issued,2014-07-18 02:36:02,NONE,44.0
TKT000007500,BKG000007500,PAY000007500,issued,2013-03-01 19:38:08,NONE,38.0
TKT000007501,BKG000007501,PAY000007501,issued,2014-04-17 20:00:45,NONE,37.0
TKT000007502,BKG000007502,PAY000007502,issued,2013-03-12 15:26:04,NONE,37.0
TKT000007503,BKG000007503,PAY000007503,not_issued_payment_failed,,NONE,
TKT000007504,BKG000007504,PAY000007504,issued,2014-11-06 20:29:57,NONE,35.0
TKT000007505,BKG000007505,PAY000007505,issued,2014-09-18 17:46:41,NONE,16.0
TKT000007506,BKG000007506,PAY000007506,issued,2013-08-30 07:18:41,NONE,41.0
TKT000007507,BKG000007507,PAY000007507,issued,2013-05-24 13:58:28,NONE,6.0
TKT000007508,BKG000007508,PAY000007508,issued,2013-12-10 22:20:33,NONE,563.0
TKT000007509,BKG000007509,PAY000007509,issued,2013-12-25 23:01:04,NONE,45.0
TKT000007510,BKG000007510,PAY000007510,issued,2014-09-23 14:45:22,NONE,39.0
TKT000007511,BKG000007511,PAY000007511,issued,2013-04-25 13:39:33,NONE,18.0
TKT000007512,BKG000007512,PAY000007512,issued,2014-11-29 14:13:40,NONE,38.0
TKT000007513,BKG000007513,PAY000007513,issued,2014-12-02 23:43:32,NONE,37.0
TKT000007514,BKG000007514,PAY000007514,not_issued_payment_failed,,NONE,
TKT000007515,BKG000007515,PAY000007515,not_issued_payment_failed,,NONE,
TKT000007516,BKG000007516,PAY000007516,issued,2014-06-23 06:47:39,NONE,9.0
TKT000007517,BKG000007517,PAY000007517,not_issued_payment_failed,,NONE,
TKT000007518,BKG000007518,PAY000007518,issued,2014-12-16 17:32:47,NONE,15.0
TKT000007519,BKG000007519,PAY000007519,issued,2013-09-19 09:01:57,NONE,33.0
TKT000007520,BKG000007520,PAY000007520,issued,2014-02-11 00:06:58,NONE,20.0
TKT000007521,BKG000007521,PAY000007521,not_issued_payment_failed,,NONE,
TKT000007522,BKG000007522,PAY000007522,issued,2013-06-15 16:22:19,NONE,30.0
TKT000007523,BKG000007523,PAY000007523,issued,2014-02-09 22:57:36,NONE,38.0
TKT000007524,BKG000007524,PAY000007524,issued,2013-03-23 20:22:56,NONE,564.0
TKT000007525,BKG000007525,PAY000007525,issued,2013-09-25 17:16:28,NONE,11.0
TKT000007526,BKG000007526,PAY000007526,issued,2014-10-14 17:42:13,NONE,33.0
TKT000007527,BKG000007527,PAY000007527,not_issued_payment_failed,,NONE,
TKT000007528,BKG000007528,PAY000007528,issued,2013-09-30 03:22:33,NONE,891.0
TKT000007529,BKG000007529,PAY000007529,issued,2014-09-22 13:27:43,NONE,21.0
TKT000007530,BKG000007530,PAY000007530,issued,2014-07-13 22:24:29,NONE,39.0
TKT000007531,BKG000007531,PAY000007531,issued,2013-01-11 02:03:22,NONE,32.0
TKT000007532,BKG000007532,PAY000007532,issued,2014-12-24 11:02:57,NONE,13.0
TKT000007533,BKG000007533,PAY000007533,issued,2013-07-08 15:46:13,NONE,29.0
TKT000007534,BKG000007534,PAY000007534,issued,2014-12-14 20:29:17,NONE,39.0
TKT000007535,BKG000007535,PAY000007535,issued,2014-10-07 18:54:58,NONE,24.0
TKT000007536,BKG000007536,PAY000007536,issued,2014-05-30 14:08:11,NONE,35.0
TKT000007537,BKG000007537,PAY000007537,not_issued_payment_failed,,NONE,
TKT000007538,BKG000007538,PAY000007538,issued,2014-10-11 21:52:01,NONE,594.0
TKT000007539,BKG000007539,PAY000007539,issued,2013-09-03 13:59:09,NONE,42.0
TKT000007540,BKG000007540,PAY000007540,issued,2013-12-30 15:01:33,NONE,10.0
TKT000007541,BKG000007541,PAY000007541,issued,2013-11-09 14:09:13,NONE,4.0
TKT000007542,BKG000007542,PAY000007542,not_issued_payment_failed,,NONE,
TKT000007543,BKG000007543,PAY000007543,issued,2014-02-23 08:28:30,NONE,10.0
TKT000007544,BKG000007544,PAY000007544,issued,2014-07-30 11:10:20,NONE,27.0
TKT000007545,BKG000007545,PAY000007545,issued,2013-11-24 00:34:40,NONE,963.0
TKT000007546,BKG000007546,PAY000007546,pending,2014-05-30 17:17:14,AIRLINE_CONFIRMATION_FAILED,44.0
TKT000007547,BKG000007547,PAY000007547,issued,2014-07-09 19:12:09,NONE,29.0
TKT000007548,BKG000007548,PAY000007548,issued,2013-04-14 01:35:44,NONE,24.0
TKT000007549,BKG000007549,PAY000007549,issued,2013-05-06 19:05:04,NONE,38.0
TKT000007550,BKG000007550,PAY000007550,issued,2014-09-14 22:24:11,NONE,41.0
TKT000007551,BKG000007551,PAY000007551,issued,2014-07-11 14:05:35,NONE,31.0
TKT000007552,BKG000007552,PAY000007552,issued,2014-03-02 12:12:37,NONE,4.0
TKT000007553,BKG000007553,PAY000007553,issued,2014-02-28 18:05:38,NONE,36.0
TKT000007554,BKG000007554,PAY000007554,issued,2014-08-29 20:38:37,NONE,320.0
TKT000007555,BKG000007555,PAY000007555,issued,2013-10-07 07:45:11,NONE,36.0
TKT000007556,BKG000007556,PAY000007556,issued,2014-10-10 12:51:27,NONE,27.0
TKT000007557,BKG000007557,PAY000007557,issued,2013-10-02 15:51:18,NONE,25.0
TKT000007558,BKG000007558,PAY000007558,issued,2014-10-03 21:53:43,NONE,13.0
TKT000007559,BKG000007559,PAY000007559,issued,2014-10-03 18:47:43,NONE,9.0
TKT000007560,BKG000007560,PAY000007560,issued,2014-10-04 18:51:43,NONE,1371.0
TKT000007561,BKG000007561,PAY000007561,issued,2014-10-03 21:41:43,NONE,17.0
TKT000007562,BKG000007562,PAY000007562,issued,2014-05-01 08:26:21,NONE,7.0
TKT000007563,BKG000007563,PAY000007563,issued,2014-08-28 11:16:29,NONE,42.0
TKT000007564,BKG000007564,PAY000007564,issued,2013-04-05 19:12:12,NONE,35.0
TKT000007565,BKG000007565,PAY000007565,failed,2014-09-29 15:56:53,SUPPLIER_ERROR,28.0
TKT000007566,BKG000007566,PAY000007566,issued,2014-08-25 18:22:31,NONE,23.0
TKT000007567,BKG000007567,PAY000007567,issued,2013-06-10 11:37:28,NONE,22.0
TKT000007568,BKG000007568,PAY000007568,issued,2014-12-23 08:29:28,NONE,20.0
TKT000007569,BKG000007569,PAY000007569,not_issued_payment_failed,,NONE,
TKT000007570,BKG000007570,PAY000007570,issued,2014-09-04 20:04:39,NONE,17.0
TKT000007571,BKG000007571,PAY000007571,issued,2014-01-20 00:03:38,NONE,12.0
TKT000007572,BKG000007572,PAY000007572,issued,2014-10-14 00:02:31,NONE,705.0
TKT000007573,BKG000007573,PAY000007573,issued,2014-07-26 12:08:59,NONE,44.0
TKT000007574,BKG000007574,PAY000007574,not_issued_payment_failed,,NONE,
TKT000007575,BKG000007575,PAY000007575,issued,2014-12-10 17:18:05,NONE,45.0
TKT000007576,BKG000007576,PAY000007576,issued,2014-11-10 06:12:05,NONE,45.0
TKT000007577,BKG000007577,PAY000007577,issued,2014-08-13 03:56:17,NONE,14.0
TKT000007578,BKG000007578,PAY000007578,not_issued_payment_failed,,NONE,
TKT000007579,BKG000007579,PAY000007579,issued,2014-01-08 21:47:11,NONE,43.0
TKT000007580,BKG000007580,PAY000007580,issued,2014-05-22 15:24:47,NONE,19.0
TKT000007581,BKG000007581,PAY000007581,issued,2014-10-21 09:03:58,NONE,9.0
TKT000007582,BKG000007582,PAY000007582,issued,2014-10-21 17:30:14,NONE,21.0
TKT000007583,BKG000007583,PAY000007583,issued,2013-08-01 16:51:11,NONE,209.0
TKT000007584,BKG000007584,PAY000007584,issued,2014-01-14 12:58:16,NONE,13.0
TKT000007585,BKG000007585,PAY000007585,issued,2014-10-14 13:41:02,NONE,41.0
TKT000007586,BKG000007586,PAY000007586,issued,2014-07-25 14:26:15,NONE,11.0
TKT000007587,BKG000007587,PAY000007587,issued,2014-05-11 19:16:01,NONE,38.0
TKT000007588,BKG000007588,PAY000007588,issued,2014-04-29 16:59:38,NONE,12.0
TKT000007589,BKG000007589,PAY000007589,issued,2014-06-11 17:30:59,NONE,21.0
TKT000007590,BKG000007590,PAY000007590,issued,2014-06-01 20:04:25,NONE,20.0
TKT000007591,BKG000007591,PAY000007591,issued,2014-10-10 21:12:53,NONE,25.0
TKT000007592,BKG000007592,PAY000007592,issued,2013-05-20 11:57:10,NONE,36.0
TKT000007593,BKG000007593,PAY000007593,issued,2014-01-13 16:54:57,NONE,33.0
TKT000007594,BKG000007594,PAY000007594,issued,2014-07-20 22:16:41,NONE,41.0
TKT000007595,BKG000007595,PAY000007595,issued,2014-11-04 13:36:03,NONE,17.0
TKT000007596,BKG000007596,PAY000007596,issued,2014-03-17 00:45:43,NONE,26.0
TKT000007597,BKG000007597,PAY000007597,issued,2014-05-29 07:27:54,NONE,12.0
TKT000007598,BKG000007598,PAY000007598,issued,2013-03-27 10:21:35,NONE,40.0
TKT000007599,BKG000007599,PAY000007599,not_issued_payment_failed,,NONE,
TKT000007600,BKG000007600,PAY000007600,issued,2014-04-15 14:24:58,NONE,17.0
TKT000007601,BKG000007601,PAY000007601,pending,2014-09-30 11:52:22,TICKETING_TIMEOUT,43.0
TKT000007602,BKG000007602,PAY000007602,issued,2014-08-10 19:31:57,NONE,16.0
TKT000007603,BKG000007603,PAY000007603,issued,2013-02-16 15:25:28,NONE,6.0
TKT000007604,BKG000007604,PAY000007604,issued,2014-02-19 22:52:32,NONE,14.0
TKT000007605,BKG000007605,PAY000007605,issued,2013-11-03 17:41:21,NONE,35.0
TKT000007606,BKG000007606,PAY000007606,issued,2014-06-15 21:14:41,NONE,16.0
TKT000007607,BKG000007607,PAY000007607,issued,2014-02-07 19:29:03,NONE,15.0
TKT000007608,BKG000007608,PAY000007608,issued,2014-08-03 20:01:59,NONE,18.0
TKT000007609,BKG000007609,PAY000007609,issued,2013-11-10 01:45:21,NONE,31.0
TKT000007610,BKG000007610,PAY000007610,issued,2013-05-30 12:30:57,NONE,1074.0
TKT000007611,BKG000007611,PAY000007611,issued,2014-02-18 08:00:36,NONE,19.0
TKT000007612,BKG000007612,PAY000007612,issued,2014-07-17 10:55:48,NONE,7.0
TKT000007613,BKG000007613,PAY000007613,issued,2014-11-12 13:29:34,NONE,15.0
TKT000007614,BKG000007614,PAY000007614,issued,2014-10-28 05:36:16,NONE,34.0
TKT000007615,BKG000007615,PAY000007615,not_issued_payment_failed,,NONE,
TKT000007616,BKG000007616,PAY000007616,not_issued_payment_failed,,NONE,
TKT000007617,BKG000007617,PAY000007617,issued,2014-06-19 00:06:47,NONE,4.0
TKT000007618,BKG000007618,PAY000007618,issued,2013-07-18 10:16:32,NONE,17.0
TKT000007619,BKG000007619,PAY000007619,issued,2014-08-29 05:10:08,NONE,9.0
TKT000007620,BKG000007620,PAY000007620,issued,2014-09-15 03:41:17,NONE,23.0
TKT000007621,BKG000007621,PAY000007621,issued,2014-12-12 19:48:12,NONE,30.0
TKT000007622,BKG000007622,PAY000007622,issued,2014-06-24 16:04:17,NONE,30.0
TKT000007623,BKG000007623,PAY000007623,issued,2013-10-04 23:23:33,NONE,5.0
TKT000007624,BKG000007624,PAY000007624,issued,2013-09-09 15:20:54,NONE,33.0
TKT000007625,BKG000007625,PAY000007625,issued,2013-07-30 06:02:04,NONE,25.0
TKT000007626,BKG000007626,PAY000007626,issued,2013-07-26 11:20:38,NONE,38.0
TKT000007627,BKG000007627,PAY000007627,issued,2013-07-31 12:54:21,NONE,43.0
TKT000007628,BKG000007628,PAY000007628,issued,2014-07-10 00:08:15,NONE,10.0
TKT000007629,BKG000007629,PAY000007629,issued,2014-06-30 20:51:21,NONE,23.0
TKT000007630,BKG000007630,PAY000007630,issued,2013-10-31 09:39:58,NONE,24.0
TKT000007631,BKG000007631,PAY000007631,issued,2013-05-19 19:44:32,NONE,30.0
TKT000007632,BKG000007632,PAY000007632,issued,2014-06-25 20:14:46,NONE,15.0
TKT000007633,BKG000007633,PAY000007633,issued,2014-05-19 09:54:46,NONE,43.0
TKT000007634,BKG000007634,PAY000007634,issued,2013-03-13 19:58:47,NONE,9.0
TKT000007635,BKG000007635,PAY000007635,issued,2014-10-27 10:46:42,NONE,21.0
TKT000007636,BKG000007636,PAY000007636,issued,2014-06-25 15:19:49,NONE,26.0
TKT000007637,BKG000007637,PAY000007637,issued,2014-07-04 22:25:39,NONE,41.0
TKT000007638,BKG000007638,PAY000007638,issued,2013-10-16 14:06:32,NONE,17.0
TKT000007639,BKG000007639,PAY000007639,issued,2014-06-02 16:33:16,NONE,6.0
TKT000007640,BKG000007640,PAY000007640,issued,2014-05-22 10:21:49,NONE,6.0
TKT000007641,BKG000007641,PAY000007641,issued,2014-12-13 14:03:05,NONE,17.0
TKT000007642,BKG000007642,PAY000007642,not_issued_payment_failed,,NONE,
TKT000007643,BKG000007643,PAY000007643,issued,2014-07-17 21:35:37,NONE,32.0
TKT000007644,BKG000007644,PAY000007644,issued,2013-08-21 17:33:49,NONE,18.0
TKT000007645,BKG000007645,PAY000007645,issued,2014-02-05 11:24:02,NONE,17.0
TKT000007646,BKG000007646,PAY000007646,issued,2014-04-07 16:47:40,NONE,13.0
TKT000007647,BKG000007647,PAY000007647,issued,2013-07-24 13:43:38,NONE,17.0
TKT000007648,BKG000007648,PAY000007648,issued,2014-05-27 11:03:25,NONE,45.0
TKT000007649,BKG000007649,PAY000007649,issued,2013-02-06 21:11:54,NONE,32.0
TKT000007650,BKG000007650,PAY000007650,issued,2014-11-03 21:17:46,NONE,22.0
TKT000007651,BKG000007651,PAY000007651,issued,2014-11-10 12:40:45,NONE,22.0
TKT000007652,BKG000007652,PAY000007652,issued,2013-06-24 11:29:54,NONE,29.0
TKT000007653,BKG000007653,PAY000007653,issued,2013-01-19 15:37:16,NONE,21.0
TKT000007654,BKG000007654,PAY000007654,issued,2014-07-07 09:32:31,NONE,13.0
TKT000007655,BKG000007655,PAY000007655,issued,2013-10-31 13:54:26,NONE,9.0
TKT000007656,BKG000007656,PAY000007656,issued,2013-01-09 06:36:41,NONE,10.0
TKT000007657,BKG000007657,PAY000007657,issued,2014-04-25 19:04:35,NONE,3.0
TKT000007658,BKG000007658,PAY000007658,issued,2014-10-22 16:03:11,NONE,38.0
TKT000007659,BKG000007659,PAY000007659,issued,2014-10-09 20:49:41,NONE,16.0
TKT000007660,BKG000007660,PAY000007660,issued,2013-09-18 18:43:34,NONE,17.0
TKT000007661,BKG000007661,PAY000007661,issued,2013-07-05 18:35:19,NONE,43.0
TKT000007662,BKG000007662,PAY000007662,issued,2014-07-15 12:07:48,NONE,28.0
TKT000007663,BKG000007663,PAY000007663,issued,2014-11-21 16:44:24,NONE,37.0
TKT000007664,BKG000007664,PAY000007664,issued,2014-06-03 03:42:36,NONE,37.0
TKT000007665,BKG000007665,PAY000007665,failed,2013-10-07 12:42:20,INVENTORY_MISMATCH,12.0
TKT000007666,BKG000007666,PAY000007666,issued,2013-08-31 16:02:19,NONE,37.0
TKT000007667,BKG000007667,PAY000007667,issued,2014-02-13 13:55:53,NONE,9.0
TKT000007668,BKG000007668,PAY000007668,issued,2014-04-16 15:52:27,NONE,14.0
TKT000007669,BKG000007669,PAY000007669,issued,2014-11-03 12:50:58,NONE,18.0
TKT000007670,BKG000007670,PAY000007670,issued,2013-06-06 17:30:17,NONE,44.0
TKT000007671,BKG000007671,PAY000007671,issued,2013-04-29 12:38:04,NONE,33.0
TKT000007672,BKG000007672,PAY000007672,issued,2014-12-20 19:02:45,NONE,39.0
TKT000007673,BKG000007673,PAY000007673,issued,2013-04-08 00:23:13,NONE,15.0
TKT000007674,BKG000007674,PAY000007674,issued,2014-03-08 22:20:55,NONE,44.0
TKT000007675,BKG000007675,PAY000007675,issued,2014-12-24 12:09:51,NONE,7.0
TKT000007676,BKG000007676,PAY000007676,issued,2014-03-17 11:21:56,NONE,11.0
TKT000007677,BKG000007677,PAY000007677,issued,2014-07-01 00:49:34,NONE,7.0
TKT000007678,BKG000007678,PAY000007678,not_issued_payment_failed,,NONE,
TKT000007679,BKG000007679,PAY000007679,issued,2014-09-05 14:02:39,NONE,16.0
TKT000007680,BKG000007680,PAY000007680,issued,2014-07-02 11:12:39,NONE,16.0
TKT000007681,BKG000007681,PAY000007681,issued,2014-05-23 00:56:27,NONE,36.0
TKT000007682,BKG000007682,PAY000007682,issued,2014-05-23 02:45:27,NONE,18.0
TKT000007683,BKG000007683,PAY000007683,issued,2014-12-16 03:41:56,NONE,42.0
TKT000007684,BKG000007684,PAY000007684,issued,2014-09-08 07:15:03,NONE,27.0
TKT000007685,BKG000007685,PAY000007685,issued,2014-05-23 15:43:59,NONE,25.0
TKT000007686,BKG000007686,PAY000007686,issued,2014-05-11 11:09:36,NONE,17.0
TKT000007687,BKG000007687,PAY000007687,issued,2014-12-21 08:16:45,NONE,541.0
TKT000007688,BKG000007688,PAY000007688,issued,2013-09-01 09:15:27,NONE,20.0
TKT000007689,BKG000007689,PAY000007689,issued,2013-11-26 02:47:47,NONE,38.0
TKT000007690,BKG000007690,PAY000007690,issued,2014-01-08 20:15:04,NONE,22.0
TKT000007691,BKG000007691,PAY000007691,not_issued_payment_failed,,NONE,
TKT000007692,BKG000007692,PAY000007692,issued,2014-05-20 17:38:43,NONE,201.0
TKT000007693,BKG000007693,PAY000007693,issued,2013-02-01 15:53:37,NONE,19.0
TKT000007694,BKG000007694,PAY000007694,issued,2014-05-13 11:41:20,NONE,33.0
TKT000007695,BKG000007695,PAY000007695,not_issued_payment_failed,,NONE,
TKT000007696,BKG000007696,PAY000007696,issued,2014-06-13 16:03:02,NONE,36.0
TKT000007697,BKG000007697,PAY000007697,issued,2014-08-07 19:30:01,NONE,4.0
TKT000007698,BKG000007698,PAY000007698,issued,2014-05-23 14:22:23,NONE,24.0
TKT000007699,BKG000007699,PAY000007699,issued,2014-04-06 14:06:24,NONE,33.0
TKT000007700,BKG000007700,PAY000007700,issued,2014-11-22 10:34:26,NONE,22.0
TKT000007701,BKG000007701,PAY000007701,issued,2014-06-20 12:35:48,NONE,20.0
TKT000007702,BKG000007702,PAY000007702,issued,2013-10-25 05:48:01,NONE,870.0
TKT000007703,BKG000007703,PAY000007703,issued,2014-11-26 17:21:22,NONE,7.0
TKT000007704,BKG000007704,PAY000007704,issued,2014-06-10 09:15:57,NONE,15.0
TKT000007705,BKG000007705,PAY000007705,issued,2014-05-06 19:16:01,NONE,42.0
TKT000007706,BKG000007706,PAY000007706,issued,2014-10-05 19:03:09,NONE,36.0
TKT000007707,BKG000007707,PAY000007707,issued,2013-03-09 21:22:55,NONE,35.0
TKT000007708,BKG000007708,PAY000007708,issued,2013-02-14 17:28:24,NONE,9.0
TKT000007709,BKG000007709,PAY000007709,issued,2014-08-04 20:30:17,NONE,39.0
TKT000007710,BKG000007710,PAY000007710,issued,2014-08-04 20:51:17,NONE,14.0
TKT000007711,BKG000007711,PAY000007711,issued,2014-08-28 08:17:50,NONE,26.0
TKT000007712,BKG000007712,PAY000007712,pending,2013-04-27 13:15:16,AIRLINE_CONFIRMATION_FAILED,23.0
TKT000007713,BKG000007713,PAY000007713,issued,2014-08-18 22:18:25,NONE,28.0
TKT000007714,BKG000007714,PAY000007714,not_issued_payment_failed,,NONE,
TKT000007715,BKG000007715,PAY000007715,issued,2014-02-28 19:41:57,NONE,36.0
TKT000007716,BKG000007716,PAY000007716,issued,2014-11-20 16:37:42,NONE,5.0
TKT000007717,BKG000007717,PAY000007717,issued,2013-05-27 20:32:33,NONE,33.0
TKT000007718,BKG000007718,PAY000007718,issued,2014-10-09 05:19:28,NONE,1054.0
TKT000007719,BKG000007719,PAY000007719,issued,2014-10-03 18:45:45,NONE,18.0
TKT000007720,BKG000007720,PAY000007720,issued,2014-08-01 04:35:12,NONE,540.0
TKT000007721,BKG000007721,PAY000007721,issued,2014-08-01 18:12:43,NONE,147.0
TKT000007722,BKG000007722,PAY000007722,issued,2013-08-19 15:21:46,NONE,24.0
TKT000007723,BKG000007723,PAY000007723,not_issued_payment_failed,,NONE,
TKT000007724,BKG000007724,PAY000007724,issued,2014-07-19 18:42:28,NONE,19.0
TKT000007725,BKG000007725,PAY000007725,issued,2014-09-03 20:34:15,NONE,36.0
TKT000007726,BKG000007726,PAY000007726,issued,2014-09-08 16:04:36,NONE,34.0
TKT000007727,BKG000007727,PAY000007727,issued,2014-10-13 19:43:32,NONE,45.0
TKT000007728,BKG000007728,PAY000007728,issued,2014-10-13 18:45:32,NONE,21.0
TKT000007729,BKG000007729,PAY000007729,issued,2014-07-15 13:11:07,NONE,18.0
TKT000007730,BKG000007730,PAY000007730,issued,2013-10-08 09:10:23,NONE,8.0
TKT000007731,BKG000007731,PAY000007731,issued,2013-05-06 08:01:34,NONE,11.0
TKT000007732,BKG000007732,PAY000007732,issued,2013-02-27 00:16:43,NONE,39.0
TKT000007733,BKG000007733,PAY000007733,issued,2013-02-27 02:03:43,NONE,17.0
TKT000007734,BKG000007734,PAY000007734,issued,2014-01-17 05:33:14,NONE,14.0
TKT000007735,BKG000007735,PAY000007735,not_issued_payment_failed,,NONE,
TKT000007736,BKG000007736,PAY000007736,issued,2013-09-04 23:45:07,NONE,39.0
TKT000007737,BKG000007737,PAY000007737,issued,2013-08-08 01:27:23,NONE,3.0
TKT000007738,BKG000007738,PAY000007738,issued,2014-04-11 04:22:52,NONE,35.0
TKT000007739,BKG000007739,PAY000007739,issued,2014-03-08 09:51:39,NONE,1188.0
TKT000007740,BKG000007740,PAY000007740,issued,2014-05-25 17:25:27,NONE,14.0
TKT000007741,BKG000007741,PAY000007741,issued,2014-01-13 19:19:36,NONE,9.0
TKT000007742,BKG000007742,PAY000007742,issued,2014-11-16 14:07:40,NONE,25.0
TKT000007743,BKG000007743,PAY000007743,issued,2014-12-04 17:26:53,NONE,26.0
TKT000007744,BKG000007744,PAY000007744,failed,2014-11-16 04:03:02,TICKETING_TIMEOUT,7.0
TKT000007745,BKG000007745,PAY000007745,issued,2013-03-05 16:05:31,NONE,23.0
TKT000007746,BKG000007746,PAY000007746,issued,2014-09-22 23:39:34,NONE,35.0
TKT000007747,BKG000007747,PAY000007747,issued,2014-08-07 14:04:51,NONE,11.0
TKT000007748,BKG000007748,PAY000007748,issued,2013-03-15 18:26:59,NONE,44.0
TKT000007749,BKG000007749,PAY000007749,issued,2013-07-29 06:01:23,NONE,545.0
TKT000007750,BKG000007750,PAY000007750,issued,2014-08-08 02:07:09,NONE,44.0
TKT000007751,BKG000007751,PAY000007751,issued,2014-03-20 12:04:53,NONE,8.0
TKT000007752,BKG000007752,PAY000007752,issued,2014-10-01 16:21:25,NONE,39.0
TKT000007753,BKG000007753,PAY000007753,issued,2014-09-17 23:31:11,NONE,33.0
TKT000007754,BKG000007754,PAY000007754,issued,2014-08-13 22:31:14,NONE,36.0
TKT000007755,BKG000007755,PAY000007755,issued,2013-06-25 01:44:52,NONE,33.0
TKT000007756,BKG000007756,PAY000007756,issued,2014-10-19 15:00:43,NONE,39.0
TKT000007757,BKG000007757,PAY000007757,issued,2014-01-01 21:59:14,NONE,16.0
TKT000007758,BKG000007758,PAY000007758,issued,2014-02-24 13:38:47,NONE,15.0
TKT000007759,BKG000007759,PAY000007759,issued,2013-02-22 17:10:41,NONE,36.0
TKT000007760,BKG000007760,PAY000007760,issued,2014-01-23 11:29:23,NONE,15.0
TKT000007761,BKG000007761,PAY000007761,issued,2013-12-30 20:56:52,NONE,16.0
TKT000007762,BKG000007762,PAY000007762,issued,2013-07-22 17:10:56,NONE,3.0
TKT000007763,BKG000007763,PAY000007763,issued,2014-07-22 14:39:09,NONE,26.0
TKT000007764,BKG000007764,PAY000007764,issued,2013-03-28 16:16:27,NONE,12.0
TKT000007765,BKG000007765,PAY000007765,issued,2014-06-07 11:39:55,NONE,24.0
TKT000007766,BKG000007766,PAY000007766,issued,2014-08-08 17:34:53,NONE,14.0
TKT000007767,BKG000007767,PAY000007767,issued,2014-06-25 13:14:25,NONE,34.0
TKT000007768,BKG000007768,PAY000007768,issued,2014-12-03 13:44:25,NONE,38.0
TKT000007769,BKG000007769,PAY000007769,issued,2013-05-20 04:12:57,NONE,21.0
TKT000007770,BKG000007770,PAY000007770,issued,2014-10-13 01:09:28,NONE,43.0
TKT000007771,BKG000007771,PAY000007771,issued,2014-10-30 21:24:21,NONE,43.0
TKT000007772,BKG000007772,PAY000007772,issued,2014-06-24 23:47:43,NONE,18.0
TKT000007773,BKG000007773,PAY000007773,issued,2013-05-19 16:11:28,NONE,21.0
TKT000007774,BKG000007774,PAY000007774,issued,2014-09-18 07:02:50,NONE,17.0
TKT000007775,BKG000007775,PAY000007775,issued,2014-10-19 16:50:16,NONE,27.0
TKT000007776,BKG000007776,PAY000007776,issued,2014-10-25 17:19:02,NONE,38.0
TKT000007777,BKG000007777,PAY000007777,issued,2014-12-30 20:45:46,NONE,8.0
TKT000007778,BKG000007778,PAY000007778,issued,2013-12-12 22:36:43,NONE,10.0
TKT000007779,BKG000007779,PAY000007779,issued,2014-06-03 13:24:36,NONE,36.0
TKT000007780,BKG000007780,PAY000007780,issued,2013-10-24 04:28:46,NONE,37.0
TKT000007781,BKG000007781,PAY000007781,issued,2014-11-02 12:39:13,NONE,1055.0
TKT000007782,BKG000007782,PAY000007782,issued,2013-09-06 14:50:41,NONE,16.0
TKT000007783,BKG000007783,PAY000007783,issued,2013-09-06 16:28:41,NONE,8.0
TKT000007784,BKG000007784,PAY000007784,issued,2014-10-25 14:52:22,NONE,10.0
TKT000007785,BKG000007785,PAY000007785,issued,2013-07-18 20:19:33,NONE,238.0
TKT000007786,BKG000007786,PAY000007786,issued,2014-04-07 17:12:03,NONE,21.0
TKT000007787,BKG000007787,PAY000007787,pending,2014-08-30 11:30:32,INVENTORY_MISMATCH,3.0
TKT000007788,BKG000007788,PAY000007788,issued,2013-08-27 15:33:18,NONE,32.0
TKT000007789,BKG000007789,PAY000007789,issued,2013-12-28 20:31:51,NONE,9.0
TKT000007790,BKG000007790,PAY000007790,issued,2014-09-01 13:20:02,NONE,28.0
TKT000007791,BKG000007791,PAY000007791,issued,2014-06-29 00:57:38,NONE,5.0
TKT000007792,BKG000007792,PAY000007792,issued,2014-06-05 07:12:32,NONE,40.0
TKT000007793,BKG000007793,PAY000007793,issued,2013-08-10 14:55:49,NONE,23.0
TKT000007794,BKG000007794,PAY000007794,issued,2013-08-10 17:00:49,NONE,37.0
TKT000007795,BKG000007795,PAY000007795,issued,2013-01-31 22:40:09,NONE,27.0
TKT000007796,BKG000007796,PAY000007796,issued,2013-03-25 17:40:52,NONE,30.0
TKT000007797,BKG000007797,PAY000007797,issued,2013-08-16 09:25:49,NONE,33.0
TKT000007798,BKG000007798,PAY000007798,issued,2014-10-08 20:18:01,NONE,16.0
TKT000007799,BKG000007799,PAY000007799,issued,2014-03-05 23:56:42,NONE,38.0
TKT000007800,BKG000007800,PAY000007800,issued,2013-12-20 12:16:08,NONE,41.0
TKT000007801,BKG000007801,PAY000007801,issued,2013-03-23 10:01:32,NONE,3.0
TKT000007802,BKG000007802,PAY000007802,issued,2013-05-13 19:29:14,NONE,3.0
TKT000007803,BKG000007803,PAY000007803,issued,2014-03-23 15:27:38,NONE,27.0
TKT000007804,BKG000007804,PAY000007804,issued,2014-04-28 18:14:53,NONE,38.0
TKT000007805,BKG000007805,PAY000007805,issued,2014-01-31 13:44:25,NONE,16.0
TKT000007806,BKG000007806,PAY000007806,issued,2014-08-09 07:17:45,NONE,39.0
TKT000007807,BKG000007807,PAY000007807,issued,2014-11-28 18:32:51,NONE,1054.0
TKT000007808,BKG000007808,PAY000007808,issued,2014-08-09 13:26:14,NONE,15.0
TKT000007809,BKG000007809,PAY000007809,not_issued_payment_failed,,NONE,
TKT000007810,BKG000007810,PAY000007810,issued,2014-10-26 20:08:18,NONE,24.0
TKT000007811,BKG000007811,PAY000007811,issued,2014-03-20 01:50:36,NONE,199.0
TKT000007812,BKG000007812,PAY000007812,issued,2013-05-29 11:22:19,NONE,15.0
TKT000007813,BKG000007813,PAY000007813,issued,2013-10-07 11:19:00,NONE,13.0
TKT000007814,BKG000007814,PAY000007814,issued,2013-11-24 14:00:56,NONE,19.0
TKT000007815,BKG000007815,PAY000007815,issued,2014-11-17 19:57:26,NONE,38.0
TKT000007816,BKG000007816,PAY000007816,issued,2014-12-09 05:45:00,NONE,32.0
TKT000007817,BKG000007817,PAY000007817,issued,2014-01-04 11:51:28,NONE,19.0
TKT000007818,BKG000007818,PAY000007818,issued,2014-08-01 17:12:23,NONE,41.0
TKT000007819,BKG000007819,PAY000007819,issued,2014-08-01 18:26:23,NONE,45.0
TKT000007820,BKG000007820,PAY000007820,issued,2014-05-14 16:11:21,NONE,9.0
TKT000007821,BKG000007821,PAY000007821,issued,2014-09-15 17:28:19,NONE,45.0
TKT000007822,BKG000007822,PAY000007822,issued,2014-10-08 09:39:39,NONE,36.0
TKT000007823,BKG000007823,PAY000007823,issued,2014-05-07 14:19:03,NONE,6.0
TKT000007824,BKG000007824,PAY000007824,issued,2014-09-07 21:33:34,NONE,22.0
TKT000007825,BKG000007825,PAY000007825,not_issued_payment_failed,,NONE,
TKT000007826,BKG000007826,PAY000007826,issued,2013-02-04 09:29:43,NONE,1018.0
TKT000007827,BKG000007827,PAY000007827,issued,2014-10-28 13:07:22,NONE,4.0
TKT000007828,BKG000007828,PAY000007828,issued,2014-08-12 18:05:21,NONE,34.0
TKT000007829,BKG000007829,PAY000007829,issued,2013-05-22 06:55:30,NONE,5.0
TKT000007830,BKG000007830,PAY000007830,issued,2014-10-30 18:12:04,NONE,247.0
TKT000007831,BKG000007831,PAY000007831,issued,2014-03-07 14:25:10,NONE,21.0
TKT000007832,BKG000007832,PAY000007832,issued,2014-08-07 09:37:24,NONE,27.0
TKT000007833,BKG000007833,PAY000007833,issued,2014-08-07 07:20:24,NONE,10.0
TKT000007834,BKG000007834,PAY000007834,issued,2013-03-05 09:10:29,NONE,1197.0
TKT000007835,BKG000007835,PAY000007835,issued,2013-10-10 10:56:56,NONE,17.0
TKT000007836,BKG000007836,PAY000007836,issued,2014-05-22 00:59:52,NONE,33.0
TKT000007837,BKG000007837,PAY000007837,not_issued_payment_failed,,NONE,
TKT000007838,BKG000007838,PAY000007838,issued,2014-01-20 06:05:06,NONE,20.0
TKT000007839,BKG000007839,PAY000007839,not_issued_payment_failed,,NONE,
TKT000007840,BKG000007840,PAY000007840,issued,2014-09-09 10:13:50,NONE,13.0
TKT000007841,BKG000007841,PAY000007841,issued,2014-04-15 23:45:08,NONE,44.0
TKT000007842,BKG000007842,PAY000007842,issued,2014-07-19 07:25:58,NONE,12.0
TKT000007843,BKG000007843,PAY000007843,issued,2013-01-15 19:10:50,NONE,42.0
TKT000007844,BKG000007844,PAY000007844,issued,2014-10-13 17:23:06,NONE,5.0
TKT000007845,BKG000007845,PAY000007845,issued,2014-11-17 19:23:11,NONE,45.0
TKT000007846,BKG000007846,PAY000007846,issued,2014-01-02 18:06:39,NONE,28.0
TKT000007847,BKG000007847,PAY000007847,issued,2014-03-22 17:27:59,NONE,30.0
TKT000007848,BKG000007848,PAY000007848,issued,2014-09-15 22:28:02,NONE,40.0
TKT000007849,BKG000007849,PAY000007849,issued,2014-06-09 22:32:56,NONE,17.0
TKT000007850,BKG000007850,PAY000007850,issued,2014-08-18 22:40:35,NONE,16.0
TKT000007851,BKG000007851,PAY000007851,issued,2013-08-21 22:31:22,NONE,17.0
TKT000007852,BKG000007852,PAY000007852,issued,2014-07-24 22:00:56,NONE,29.0
TKT000007853,BKG000007853,PAY000007853,issued,2014-06-26 09:53:29,NONE,37.0
TKT000007854,BKG000007854,PAY000007854,issued,2013-11-01 00:16:30,NONE,8.0
TKT000007855,BKG000007855,PAY000007855,issued,2014-07-24 13:12:27,NONE,22.0
TKT000007856,BKG000007856,PAY000007856,issued,2014-06-02 10:32:03,NONE,33.0
TKT000007857,BKG000007857,PAY000007857,issued,2014-05-22 21:43:13,NONE,27.0
TKT000007858,BKG000007858,PAY000007858,issued,2014-06-19 21:19:50,NONE,23.0
TKT000007859,BKG000007859,PAY000007859,issued,2013-01-07 12:08:14,NONE,45.0
TKT000007860,BKG000007860,PAY000007860,issued,2013-02-18 18:10:24,NONE,30.0
TKT000007861,BKG000007861,PAY000007861,issued,2014-10-07 20:12:22,NONE,17.0
TKT000007862,BKG000007862,PAY000007862,not_issued_payment_failed,,NONE,
TKT000007863,BKG000007863,PAY000007863,issued,2013-03-11 20:49:38,NONE,1339.0
TKT000007864,BKG000007864,PAY000007864,issued,2013-01-07 23:03:44,NONE,31.0
TKT000007865,BKG000007865,PAY000007865,issued,2013-05-07 13:39:24,NONE,192.0
TKT000007866,BKG000007866,PAY000007866,issued,2013-03-11 13:10:29,NONE,38.0
TKT000007867,BKG000007867,PAY000007867,issued,2014-07-09 16:02:16,NONE,9.0
TKT000007868,BKG000007868,PAY000007868,issued,2014-09-05 15:12:19,NONE,23.0
TKT000007869,BKG000007869,PAY000007869,issued,2014-04-09 02:26:55,NONE,19.0
TKT000007870,BKG000007870,PAY000007870,pending,2014-10-24 05:23:19,AIRLINE_CONFIRMATION_FAILED,22.0
TKT000007871,BKG000007871,PAY000007871,issued,2014-07-03 21:06:59,NONE,8.0
TKT000007872,BKG000007872,PAY000007872,issued,2013-08-01 11:46:50,NONE,42.0
TKT000007873,BKG000007873,PAY000007873,issued,2014-07-04 18:08:25,NONE,22.0
TKT000007874,BKG000007874,PAY000007874,issued,2014-03-13 12:05:02,NONE,33.0
TKT000007875,BKG000007875,PAY000007875,issued,2014-09-30 23:17:33,NONE,10.0
TKT000007876,BKG000007876,PAY000007876,issued,2014-12-20 14:02:15,NONE,28.0
TKT000007877,BKG000007877,PAY000007877,issued,2014-10-01 15:41:56,NONE,4.0
TKT000007878,BKG000007878,PAY000007878,issued,2013-10-11 13:13:02,NONE,36.0
TKT000007879,BKG000007879,PAY000007879,issued,2014-11-23 14:49:13,NONE,38.0
TKT000007880,BKG000007880,PAY000007880,issued,2014-11-18 20:25:56,NONE,13.0
TKT000007881,BKG000007881,PAY000007881,issued,2014-06-21 08:51:32,NONE,17.0
TKT000007882,BKG000007882,PAY000007882,not_issued_payment_failed,,NONE,
TKT000007883,BKG000007883,PAY000007883,issued,2013-11-15 08:26:59,NONE,30.0
TKT000007884,BKG000007884,PAY000007884,issued,2014-04-18 14:51:42,NONE,12.0
TKT000007885,BKG000007885,PAY000007885,issued,2014-12-22 12:26:35,NONE,41.0
TKT000007886,BKG000007886,PAY000007886,issued,2014-11-24 21:33:46,NONE,17.0
TKT000007887,BKG000007887,PAY000007887,issued,2014-12-08 15:03:13,NONE,39.0
TKT000007888,BKG000007888,PAY000007888,issued,2014-07-30 00:30:51,NONE,8.0
TKT000007889,BKG000007889,PAY000007889,issued,2014-08-28 15:17:37,NONE,20.0
TKT000007890,BKG000007890,PAY000007890,issued,2014-12-01 14:01:48,NONE,40.0
TKT000007891,BKG000007891,PAY000007891,issued,2013-08-30 16:21:36,NONE,34.0
TKT000007892,BKG000007892,PAY000007892,issued,2013-01-30 22:42:42,NONE,19.0
TKT000007893,BKG000007893,PAY000007893,issued,2014-06-06 00:13:32,NONE,7.0
TKT000007894,BKG000007894,PAY000007894,not_issued_payment_failed,,NONE,
TKT000007895,BKG000007895,PAY000007895,issued,2013-09-10 16:26:33,NONE,14.0
TKT000007896,BKG000007896,PAY000007896,issued,2013-09-03 08:54:16,NONE,37.0
TKT000007897,BKG000007897,PAY000007897,issued,2013-03-19 13:42:31,NONE,28.0
TKT000007898,BKG000007898,PAY000007898,issued,2014-08-02 20:27:06,NONE,8.0
TKT000007899,BKG000007899,PAY000007899,issued,2013-08-07 22:44:19,NONE,27.0
TKT000007900,BKG000007900,PAY000007900,issued,2013-10-10 23:42:47,NONE,17.0
TKT000007901,BKG000007901,PAY000007901,issued,2014-02-03 13:24:16,NONE,24.0
TKT000007902,BKG000007902,PAY000007902,issued,2014-06-05 20:42:19,NONE,32.0
TKT000007903,BKG000007903,PAY000007903,issued,2014-11-21 17:31:04,NONE,20.0
TKT000007904,BKG000007904,PAY000007904,issued,2013-05-26 18:48:04,NONE,26.0
TKT000007905,BKG000007905,PAY000007905,issued,2014-11-07 03:51:19,NONE,20.0
TKT000007906,BKG000007906,PAY000007906,issued,2014-07-15 23:29:37,NONE,26.0
TKT000007907,BKG000007907,PAY000007907,issued,2014-09-02 07:41:06,NONE,44.0
TKT000007908,BKG000007908,PAY000007908,issued,2013-07-31 21:19:20,NONE,20.0
TKT000007909,BKG000007909,PAY000007909,not_issued_payment_failed,,NONE,
TKT000007910,BKG000007910,PAY000007910,issued,2014-10-04 07:56:52,NONE,17.0
TKT000007911,BKG000007911,PAY000007911,issued,2013-12-02 14:59:38,NONE,15.0
TKT000007912,BKG000007912,PAY000007912,issued,2014-08-07 19:02:39,NONE,12.0
TKT000007913,BKG000007913,PAY000007913,failed,2014-07-08 16:15:10,TICKETING_TIMEOUT,15.0
TKT000007914,BKG000007914,PAY000007914,issued,2013-03-19 13:23:46,NONE,29.0
TKT000007915,BKG000007915,PAY000007915,issued,2013-11-30 15:59:29,NONE,40.0
TKT000007916,BKG000007916,PAY000007916,issued,2014-06-21 15:38:40,NONE,12.0
TKT000007917,BKG000007917,PAY000007917,issued,2013-12-03 23:49:55,NONE,6.0
TKT000007918,BKG000007918,PAY000007918,issued,2014-09-11 22:35:09,NONE,13.0
TKT000007919,BKG000007919,PAY000007919,issued,2014-08-01 14:10:59,NONE,18.0
TKT000007920,BKG000007920,PAY000007920,issued,2014-03-25 14:24:50,NONE,13.0
TKT000007921,BKG000007921,PAY000007921,issued,2014-04-08 09:51:45,NONE,39.0
TKT000007922,BKG000007922,PAY000007922,issued,2014-11-30 16:30:58,NONE,3.0
TKT000007923,BKG000007923,PAY000007923,issued,2014-11-15 14:07:25,NONE,26.0
TKT000007924,BKG000007924,PAY000007924,issued,2013-09-17 21:59:44,NONE,5.0
TKT000007925,BKG000007925,PAY000007925,issued,2014-01-10 09:45:16,NONE,40.0
TKT000007926,BKG000007926,PAY000007926,issued,2014-07-12 20:52:08,NONE,37.0
TKT000007927,BKG000007927,PAY000007927,issued,2014-03-30 15:32:05,NONE,19.0
TKT000007928,BKG000007928,PAY000007928,issued,2013-02-23 12:14:30,NONE,6.0
TKT000007929,BKG000007929,PAY000007929,issued,2014-11-26 16:10:23,NONE,25.0
TKT000007930,BKG000007930,PAY000007930,issued,2014-11-20 16:37:49,NONE,32.0
TKT000007931,BKG000007931,PAY000007931,issued,2013-05-06 13:14:16,NONE,32.0
TKT000007932,BKG000007932,PAY000007932,not_issued_payment_failed,,NONE,
TKT000007933,BKG000007933,PAY000007933,issued,2014-01-10 20:42:40,NONE,32.0
TKT000007934,BKG000007934,PAY000007934,issued,2014-12-12 16:36:35,NONE,38.0
TKT000007935,BKG000007935,PAY000007935,issued,2014-07-15 23:11:21,NONE,30.0
TKT000007936,BKG000007936,PAY000007936,issued,2013-09-02 09:27:48,NONE,5.0
TKT000007937,BKG000007937,PAY000007937,issued,2014-06-06 22:45:00,NONE,32.0
TKT000007938,BKG000007938,PAY000007938,issued,2013-07-29 10:03:20,NONE,43.0
TKT000007939,BKG000007939,PAY000007939,pending,2013-06-03 03:46:39,SUPPLIER_ERROR,22.0
TKT000007940,BKG000007940,PAY000007940,issued,2014-08-03 23:55:52,NONE,20.0
TKT000007941,BKG000007941,PAY000007941,issued,2013-12-17 15:03:01,NONE,12.0
TKT000007942,BKG000007942,PAY000007942,issued,2014-04-19 16:37:35,NONE,13.0
TKT000007943,BKG000007943,PAY000007943,issued,2014-07-09 13:27:13,NONE,13.0
TKT000007944,BKG000007944,PAY000007944,issued,2013-10-28 17:05:15,NONE,28.0
TKT000007945,BKG000007945,PAY000007945,issued,2013-04-29 12:54:48,NONE,16.0
TKT000007946,BKG000007946,PAY000007946,not_issued_payment_failed,,NONE,
TKT000007947,BKG000007947,PAY000007947,issued,2014-09-29 23:14:14,NONE,23.0
TKT000007948,BKG000007948,PAY000007948,issued,2014-11-17 21:00:26,NONE,11.0
TKT000007949,BKG000007949,PAY000007949,issued,2013-10-03 07:34:44,NONE,21.0
TKT000007950,BKG000007950,PAY000007950,issued,2014-12-12 08:37:07,NONE,33.0
TKT000007951,BKG000007951,PAY000007951,issued,2014-02-06 18:38:26,NONE,31.0
TKT000007952,BKG000007952,PAY000007952,issued,2014-02-06 17:18:26,NONE,34.0
TKT000007953,BKG000007953,PAY000007953,issued,2013-04-28 12:19:26,NONE,40.0
TKT000007954,BKG000007954,PAY000007954,issued,2014-12-15 23:57:26,NONE,25.0
TKT000007955,BKG000007955,PAY000007955,issued,2014-11-14 00:42:07,NONE,6.0
TKT000007956,BKG000007956,PAY000007956,issued,2014-09-28 13:19:53,NONE,29.0
TKT000007957,BKG000007957,PAY000007957,issued,2014-05-06 13:47:09,NONE,28.0
TKT000007958,BKG000007958,PAY000007958,issued,2014-10-28 15:20:50,NONE,26.0
TKT000007959,BKG000007959,PAY000007959,issued,2013-10-24 16:28:48,NONE,17.0
TKT000007960,BKG000007960,PAY000007960,not_issued_payment_failed,,NONE,
TKT000007961,BKG000007961,PAY000007961,issued,2014-04-14 13:20:02,NONE,40.0
TKT000007962,BKG000007962,PAY000007962,issued,2013-10-21 05:16:26,NONE,31.0
TKT000007963,BKG000007963,PAY000007963,pending,2014-06-04 09:37:19,INVENTORY_MISMATCH,30.0
TKT000007964,BKG000007964,PAY000007964,issued,2014-12-26 15:43:34,NONE,43.0
TKT000007965,BKG000007965,PAY000007965,issued,2014-12-04 14:34:34,NONE,41.0
TKT000007966,BKG000007966,PAY000007966,issued,2014-02-22 06:54:54,NONE,40.0
TKT000007967,BKG000007967,PAY000007967,not_issued_payment_failed,,NONE,
TKT000007968,BKG000007968,PAY000007968,issued,2013-10-08 01:07:16,NONE,11.0
TKT000007969,BKG000007969,PAY000007969,issued,2014-11-12 20:49:42,NONE,5.0
TKT000007970,BKG000007970,PAY000007970,issued,2014-11-08 18:35:09,NONE,12.0
TKT000007971,BKG000007971,PAY000007971,issued,2014-08-31 13:56:19,NONE,342.0
TKT000007972,BKG000007972,PAY000007972,issued,2014-08-31 08:17:19,NONE,4.0
TKT000007973,BKG000007973,PAY000007973,issued,2014-07-20 22:54:43,NONE,35.0
TKT000007974,BKG000007974,PAY000007974,not_issued_payment_failed,,NONE,
TKT000007975,BKG000007975,PAY000007975,issued,2014-01-14 11:50:40,NONE,14.0
TKT000007976,BKG000007976,PAY000007976,not_issued_payment_failed,,NONE,
TKT000007977,BKG000007977,PAY000007977,issued,2013-07-04 04:10:24,NONE,33.0
TKT000007978,BKG000007978,PAY000007978,issued,2014-03-24 17:36:29,NONE,38.0
TKT000007979,BKG000007979,PAY000007979,issued,2013-05-29 01:04:56,NONE,23.0
TKT000007980,BKG000007980,PAY000007980,issued,2013-04-28 23:44:34,NONE,11.0
TKT000007981,BKG000007981,PAY000007981,issued,2013-07-27 17:00:39,NONE,27.0
TKT000007982,BKG000007982,PAY000007982,issued,2014-09-24 22:05:01,NONE,8.0
TKT000007983,BKG000007983,PAY000007983,issued,2013-07-26 19:20:15,NONE,12.0
TKT000007984,BKG000007984,PAY000007984,issued,2014-08-15 22:42:58,NONE,705.0
TKT000007985,BKG000007985,PAY000007985,not_issued_payment_failed,,NONE,
TKT000007986,BKG000007986,PAY000007986,pending,2013-05-01 14:11:52,SUPPLIER_ERROR,17.0
TKT000007987,BKG000007987,PAY000007987,not_issued_payment_failed,,NONE,
TKT000007988,BKG000007988,PAY000007988,issued,2014-07-30 10:36:30,NONE,27.0
TKT000007989,BKG000007989,PAY000007989,not_issued_payment_failed,,NONE,
TKT000007990,BKG000007990,PAY000007990,issued,2014-08-15 15:02:36,NONE,20.0
TKT000007991,BKG000007991,PAY000007991,not_issued_payment_failed,,NONE,
TKT000007992,BKG000007992,PAY000007992,issued,2014-12-02 04:06:45,NONE,36.0
TKT000007993,BKG000007993,PAY000007993,issued,2014-07-31 18:05:24,NONE,3.0
TKT000007994,BKG000007994,PAY000007994,issued,2014-01-20 14:25:36,NONE,43.0
TKT000007995,BKG000007995,PAY000007995,issued,2014-11-24 23:42:41,NONE,20.0
TKT000007996,BKG000007996,PAY000007996,issued,2014-08-25 11:08:41,NONE,9.0
TKT000007997,BKG000007997,PAY000007997,issued,2013-06-22 13:51:39,NONE,44.0
TKT000007998,BKG000007998,PAY000007998,issued,2014-08-06 07:05:13,NONE,40.0
TKT000007999,BKG000007999,PAY000007999,issued,2013-11-21 00:56:37,NONE,39.0
TKT000008000,BKG000008000,PAY000008000,issued,2013-08-09 15:27:00,NONE,22.0
TKT000008001,BKG000008001,PAY000008001,issued,2013-05-26 15:46:22,NONE,24.0
TKT000008002,BKG000008002,PAY000008002,issued,2014-01-17 02:02:32,NONE,14.0
TKT000008003,BKG000008003,PAY000008003,issued,2014-09-04 18:39:44,NONE,29.0
TKT000008004,BKG000008004,PAY000008004,issued,2014-06-16 18:53:42,NONE,18.0
TKT000008005,BKG000008005,PAY000008005,issued,2013-07-08 21:05:08,NONE,35.0
TKT000008006,BKG000008006,PAY000008006,issued,2014-07-31 16:35:55,NONE,38.0
TKT000008007,BKG000008007,PAY000008007,issued,2013-07-19 14:46:07,NONE,39.0
TKT000008008,BKG000008008,PAY000008008,issued,2014-12-24 01:52:18,NONE,1372.0
TKT000008009,BKG000008009,PAY000008009,issued,2013-04-26 17:38:32,NONE,26.0
TKT000008010,BKG000008010,PAY000008010,issued,2014-08-29 19:17:25,NONE,4.0
TKT000008011,BKG000008011,PAY000008011,issued,2014-08-23 18:47:44,NONE,8.0
TKT000008012,BKG000008012,PAY000008012,not_issued_payment_failed,,NONE,
TKT000008013,BKG000008013,PAY000008013,issued,2014-11-30 02:24:28,NONE,32.0
TKT000008014,BKG000008014,PAY000008014,issued,2013-05-04 12:17:26,NONE,30.0
TKT000008015,BKG000008015,PAY000008015,issued,2014-05-16 23:00:53,NONE,20.0
TKT000008016,BKG000008016,PAY000008016,issued,2014-02-10 15:37:39,NONE,45.0
TKT000008017,BKG000008017,PAY000008017,not_issued_payment_failed,,NONE,
TKT000008018,BKG000008018,PAY000008018,issued,2014-05-28 13:52:21,NONE,25.0
TKT000008019,BKG000008019,PAY000008019,issued,2013-10-27 10:38:14,NONE,3.0
TKT000008020,BKG000008020,PAY000008020,not_issued_payment_failed,,NONE,
TKT000008021,BKG000008021,PAY000008021,issued,2013-05-10 16:34:11,NONE,17.0
TKT000008022,BKG000008022,PAY000008022,not_issued_payment_failed,,NONE,
TKT000008023,BKG000008023,PAY000008023,issued,2014-04-20 13:52:48,NONE,7.0
TKT000008024,BKG000008024,PAY000008024,issued,2014-10-03 12:38:08,NONE,20.0
TKT000008025,BKG000008025,PAY000008025,issued,2014-09-06 13:34:58,NONE,18.0
TKT000008026,BKG000008026,PAY000008026,issued,2013-09-04 15:27:33,NONE,30.0
TKT000008027,BKG000008027,PAY000008027,issued,2013-12-30 14:54:48,NONE,27.0
TKT000008028,BKG000008028,PAY000008028,issued,2014-08-19 13:24:08,NONE,26.0
TKT000008029,BKG000008029,PAY000008029,issued,2014-10-07 17:34:31,NONE,10.0
TKT000008030,BKG000008030,PAY000008030,issued,2013-08-20 10:46:21,NONE,29.0
TKT000008031,BKG000008031,PAY000008031,issued,2013-02-05 22:28:48,NONE,5.0
TKT000008032,BKG000008032,PAY000008032,issued,2014-04-06 23:34:22,NONE,1256.0
TKT000008033,BKG000008033,PAY000008033,issued,2013-05-13 22:29:09,NONE,39.0
TKT000008034,BKG000008034,PAY000008034,not_issued_payment_failed,,NONE,
TKT000008035,BKG000008035,PAY000008035,issued,2013-03-18 14:38:58,NONE,11.0
TKT000008036,BKG000008036,PAY000008036,issued,2013-06-18 01:22:04,NONE,16.0
TKT000008037,BKG000008037,PAY000008037,issued,2013-07-13 08:22:31,NONE,4.0
TKT000008038,BKG000008038,PAY000008038,issued,2014-04-08 12:19:10,NONE,9.0
TKT000008039,BKG000008039,PAY000008039,issued,2013-10-31 16:54:10,NONE,14.0
TKT000008040,BKG000008040,PAY000008040,issued,2014-07-14 21:13:29,NONE,18.0
TKT000008041,BKG000008041,PAY000008041,issued,2013-07-31 15:50:26,NONE,997.0
TKT000008042,BKG000008042,PAY000008042,issued,2013-07-27 01:14:24,NONE,41.0
TKT000008043,BKG000008043,PAY000008043,issued,2013-12-16 15:53:24,NONE,5.0
TKT000008044,BKG000008044,PAY000008044,issued,2014-05-18 22:42:39,NONE,17.0
TKT000008045,BKG000008045,PAY000008045,issued,2014-11-10 17:29:21,NONE,9.0
TKT000008046,BKG000008046,PAY000008046,issued,2013-08-31 15:48:11,NONE,156.0
TKT000008047,BKG000008047,PAY000008047,issued,2014-05-04 20:51:51,NONE,40.0
TKT000008048,BKG000008048,PAY000008048,issued,2013-07-08 20:54:35,NONE,23.0
TKT000008049,BKG000008049,PAY000008049,issued,2013-11-18 09:34:06,NONE,19.0
TKT000008050,BKG000008050,PAY000008050,issued,2014-11-16 21:08:18,NONE,17.0
TKT000008051,BKG000008051,PAY000008051,failed,2014-10-21 09:21:54,TICKETING_TIMEOUT,24.0
TKT000008052,BKG000008052,PAY000008052,issued,2014-12-01 11:02:09,NONE,42.0
TKT000008053,BKG000008053,PAY000008053,issued,2014-08-03 19:54:31,NONE,25.0
TKT000008054,BKG000008054,PAY000008054,issued,2014-11-08 13:42:37,NONE,34.0
TKT000008055,BKG000008055,PAY000008055,issued,2014-12-10 09:22:10,NONE,12.0
TKT000008056,BKG000008056,PAY000008056,issued,2014-06-21 07:56:04,NONE,39.0
TKT000008057,BKG000008057,PAY000008057,issued,2013-12-19 12:08:44,NONE,18.0
TKT000008058,BKG000008058,PAY000008058,issued,2014-11-03 01:19:40,NONE,981.0
TKT000008059,BKG000008059,PAY000008059,failed,2013-05-10 09:04:20,AIRLINE_CONFIRMATION_FAILED,4.0
TKT000008060,BKG000008060,PAY000008060,issued,2014-08-28 15:04:26,NONE,30.0
TKT000008061,BKG000008061,PAY000008061,not_issued_payment_failed,,NONE,
TKT000008062,BKG000008062,PAY000008062,issued,2013-04-24 11:06:50,NONE,8.0
TKT000008063,BKG000008063,PAY000008063,issued,2014-07-05 04:40:37,NONE,22.0
TKT000008064,BKG000008064,PAY000008064,not_issued_payment_failed,,NONE,
TKT000008065,BKG000008065,PAY000008065,issued,2013-02-06 23:18:25,NONE,37.0
TKT000008066,BKG000008066,PAY000008066,issued,2013-06-04 16:46:37,NONE,4.0
TKT000008067,BKG000008067,PAY000008067,issued,2013-08-29 12:27:23,NONE,39.0
TKT000008068,BKG000008068,PAY000008068,issued,2014-08-20 19:55:43,NONE,40.0
TKT000008069,BKG000008069,PAY000008069,failed,2013-10-03 15:25:00,AIRLINE_CONFIRMATION_FAILED,33.0
TKT000008070,BKG000008070,PAY000008070,issued,2014-05-11 17:10:29,NONE,16.0
TKT000008071,BKG000008071,PAY000008071,issued,2013-06-03 11:43:18,NONE,12.0
TKT000008072,BKG000008072,PAY000008072,issued,2014-06-12 19:01:11,NONE,29.0
TKT000008073,BKG000008073,PAY000008073,issued,2014-08-07 02:09:56,NONE,22.0
TKT000008074,BKG000008074,PAY000008074,not_issued_payment_failed,,NONE,
TKT000008075,BKG000008075,PAY000008075,not_issued_payment_failed,,NONE,
TKT000008076,BKG000008076,PAY000008076,issued,2014-09-28 16:37:50,NONE,8.0
TKT000008077,BKG000008077,PAY000008077,failed,2014-06-09 17:39:51,AIRLINE_CONFIRMATION_FAILED,20.0
TKT000008078,BKG000008078,PAY000008078,issued,2013-07-28 23:46:03,NONE,28.0
TKT000008079,BKG000008079,PAY000008079,issued,2013-11-25 18:40:47,NONE,35.0
TKT000008080,BKG000008080,PAY000008080,issued,2013-12-01 00:58:09,NONE,33.0
TKT000008081,BKG000008081,PAY000008081,issued,2013-05-15 14:20:13,NONE,15.0
TKT000008082,BKG000008082,PAY000008082,issued,2013-12-01 06:43:51,NONE,24.0
TKT000008083,BKG000008083,PAY000008083,issued,2013-02-27 22:17:18,NONE,10.0
TKT000008084,BKG000008084,PAY000008084,issued,2014-03-09 16:33:33,NONE,40.0
TKT000008085,BKG000008085,PAY000008085,pending,2014-07-12 13:55:27,INVENTORY_MISMATCH,22.0
TKT000008086,BKG000008086,PAY000008086,issued,2013-11-15 22:02:02,NONE,34.0
TKT000008087,BKG000008087,PAY000008087,issued,2013-07-12 15:27:41,NONE,31.0
TKT000008088,BKG000008088,PAY000008088,issued,2013-08-05 18:22:48,NONE,17.0
TKT000008089,BKG000008089,PAY000008089,issued,2013-09-17 20:24:55,NONE,36.0
TKT000008090,BKG000008090,PAY000008090,issued,2013-07-02 03:46:49,NONE,22.0
TKT000008091,BKG000008091,PAY000008091,issued,2014-12-15 09:46:41,NONE,29.0
TKT000008092,BKG000008092,PAY000008092,issued,2013-01-10 15:11:16,NONE,5.0
TKT000008093,BKG000008093,PAY000008093,issued,2014-01-14 16:19:25,NONE,31.0
TKT000008094,BKG000008094,PAY000008094,not_issued_payment_failed,,NONE,
TKT000008095,BKG000008095,PAY000008095,issued,2014-08-18 12:12:56,NONE,31.0
TKT000008096,BKG000008096,PAY000008096,issued,2014-06-12 19:06:35,NONE,20.0
TKT000008097,BKG000008097,PAY000008097,issued,2013-08-01 21:50:18,NONE,9.0
TKT000008098,BKG000008098,PAY000008098,issued,2013-05-09 14:18:39,NONE,43.0
TKT000008099,BKG000008099,PAY000008099,issued,2013-02-25 14:43:45,NONE,43.0
TKT000008100,BKG000008100,PAY000008100,issued,2013-05-27 06:57:38,NONE,45.0
TKT000008101,BKG000008101,PAY000008101,issued,2014-06-19 15:49:58,NONE,13.0
TKT000008102,BKG000008102,PAY000008102,issued,2014-02-07 13:23:55,NONE,20.0
TKT000008103,BKG000008103,PAY000008103,issued,2013-09-20 16:05:47,NONE,42.0
TKT000008104,BKG000008104,PAY000008104,issued,2014-01-09 12:34:53,NONE,30.0
TKT000008105,BKG000008105,PAY000008105,issued,2014-02-27 03:33:37,NONE,42.0
TKT000008106,BKG000008106,PAY000008106,issued,2014-11-07 04:11:12,NONE,767.0
TKT000008107,BKG000008107,PAY000008107,pending,2014-03-17 23:00:52,INVENTORY_MISMATCH,14.0
TKT000008108,BKG000008108,PAY000008108,issued,2014-01-18 21:55:35,NONE,35.0
TKT000008109,BKG000008109,PAY000008109,issued,2013-12-09 07:59:30,NONE,427.0
TKT000008110,BKG000008110,PAY000008110,issued,2014-12-09 21:49:31,NONE,23.0
TKT000008111,BKG000008111,PAY000008111,issued,2014-05-12 02:12:43,NONE,29.0
TKT000008112,BKG000008112,PAY000008112,issued,2014-07-08 00:57:55,NONE,43.0
TKT000008113,BKG000008113,PAY000008113,issued,2014-06-01 21:56:03,NONE,41.0
TKT000008114,BKG000008114,PAY000008114,issued,2013-03-23 06:54:11,NONE,29.0
TKT000008115,BKG000008115,PAY000008115,issued,2013-07-20 14:56:18,NONE,13.0
TKT000008116,BKG000008116,PAY000008116,issued,2014-10-11 17:24:50,NONE,33.0
TKT000008117,BKG000008117,PAY000008117,issued,2014-11-30 15:02:19,NONE,4.0
TKT000008118,BKG000008118,PAY000008118,issued,2014-11-25 23:27:57,NONE,18.0
TKT000008119,BKG000008119,PAY000008119,issued,2013-07-25 13:06:13,NONE,36.0
TKT000008120,BKG000008120,PAY000008120,issued,2013-05-23 23:07:51,NONE,12.0
TKT000008121,BKG000008121,PAY000008121,issued,2014-09-17 18:24:13,NONE,35.0
TKT000008122,BKG000008122,PAY000008122,issued,2014-11-25 17:32:25,NONE,25.0
